"","HCOOH.O","CCO_OH.O","RCO_OH.O","CCO_OOH.O","RCO_OOH.O","SO2.O","ALK1.O","BACL.O","PAN.O","PAN2.O","MA_PAN.O","H2O2.O","N2O5.O","HONO.O","ALK2.O","ALK3.O","ALK5.O","ARO2.O","HNO4.O","COOH.O","MEOH.O","ALK4.O","ARO1.O","DCB2.O","DCB3.O","CRES.O","NPHE.O","ROOH.O","BALD.O","PHEN.O","CO.O","MGLY.O","ACET.O","HNO3.O","ETHENE.O","GLY.O","ISOPRENE.O","TERP.O","METHACRO.O","OLE1.O","ISOPROD.O","OLE2.O","MVK.O","CCHO.O","HCHO.O","RNO3.O","RCHO.O","MEK.O","PROD2.O","O3.O","HO2.O","RO2_N.O","RO2_R.O","NO.O","NO2.O","NO3.O","CO.S","ACET.S","HCHO.S","NO2.S","UFP.S","To","a","LightFlux"
"H2SO4 median",0.00148965535653911,0.0021305358489625,0,0,0,0.000110228967554839,-0.000850399732288979,0,0.00187646055510846,0.00303874027370137,0.00808405024012964,0.000295666775111757,0,-0.000318021520724011,-0.000465851740474734,-9.12745222426581e-05,-0.000213134783223735,-0.000533989334042998,0,0.000109513891942434,1.66949962925875e-05,-3.0831469594127e-05,-0.00015254392945488,0,0,0,0,-0.00073265643129014,0,0,-1.50514605166068e-07,-5.74114541973614e-05,-0.000310850890532252,0.000508140915906587,-0.000217397478888209,0.000538303990471001,6.16195229394294e-05,-2.91495282055505e-05,-0.000265213676121469,-0.000283856381416578,-0.000228797251232175,-4.09098696841372e-05,-0.000171597938424131,4.16847850021436e-05,3.7228703829447e-05,0.000126742587902271,0,4.54989764892045e-05,-0.000132724225957205,1.64193670291965e-05,0,0,0,-1.80718687740128e-05,-4.10021937779947e-05,0,0,0,0,0,0,2.56130976861271e-08,3.78565445517969e-07,0
"H2SO4 min",-0.463434504497254,-0.188855253834736,-0.640268066586345,-0.0217034712576387,-0.235725585585001,-0.137837017403108,-0.270488906742424,-0.678494640985384,-0.00938409150821375,-0.00625606100547583,-0.388121207532231,-0.0594090929410728,-0.206756808656313,-0.261322273230334,-0.265843834784448,-0.237636371764291,-0.130661136615167,-0.266990072155329,-0.0217034712576387,-0.677656125013799,-0.303233148069818,-0.0792121239214304,-0.258907712735226,-0.182265735485014,-0.612712055695614,-0.678494640985384,-0.189671951318554,-0.62772635243536,-0.678494640985384,-0.678494640985384,-0.00792865644484387,-0.309444430400904,-0.297861668258,-0.24811201991623,-0.225601604220147,-0.678494640985384,-0.426953095061568,-0.678494640985384,-0.51343695193079,-0.266990072155329,-0.525214589440456,-0.595046224991457,-0.288751148845911,-0.297861668258,-0.316179990766606,-0.677656125013799,-0.320915446104796,-0.426953095061568,-0.303233148069818,-0.0369868161050323,0,-0.173462421970983,-0.189671951318554,-0.0187681830164275,-0.0838909417520105,-0.186450260212141,-0.00100262816304186,-0.0394951501485223,-0.0733481359901129,-0.308809474216894,-0.000383133328600245,-4.16867077752854e-05,-0.0384705564223421,-0.000959921185947614
"H2SO4 max",0.525214589440456,0.665838077793012,0.328947664767117,0.678494640985384,0.677656125013799,0.191538310430404,0.250639945771139,0.51343695193079,0.026601460281335,0.0838909417520105,0.612712055695614,0.0835466485903798,0.51343695193079,0.000825451534058048,0.250639945771139,0.0577058346335131,0.124330988786379,0.116864793830849,0.678494640985384,0.665838077793012,0.463434504497254,0.256743187945653,0.256743187945653,0,0.51343695193079,0.040819187149871,0,0.496224039832461,0.0217034712576387,0.040819187149871,0.00160627911915152,0.288751148845911,0.237636371764291,0.551348069612433,0.220041490168946,0.463823526165832,0.39243282117745,0.128359237982698,0.0316170172953204,0.05320292056267,0.307393373040692,0.307393373040692,0.281388462124869,0.167424808896772,0.671815121670565,0.678494640985384,0.279634435756615,0.297861668258,0.288751148845911,0.261322273230334,0.628884557326017,0,0.678494640985384,0.0135091741549258,0.00241831457103046,0.0319957612962275,7.6224259991112e-06,7.49018068445535e-06,1.65998598952794e-05,5.70684250195237e-05,1.18799771010704e-08,0.000364815600002222,0.0339480531091844,0.00404106157691927
"HCOOH median",0,0,0,0,0,-0.0153236334938874,0.131489234830501,0,-0.14919163834519,-0.192262288204928,-0.489128982417647,-0.0756237939339971,0,0.0781544166715712,0.0811628277880744,0.0142483480652889,0.0242068992874452,0,0,-0.590381326216476,-0.0307709370681141,0.0272611389804348,0.0570307397209949,0,0,0,0,0.365946619184184,0,0,-8.46658903480353e-05,0.705046237139353,0.0690406599335708,-0.0665556237854382,0.0711829154869411,0,-0.137932230937897,0,0.286482854593664,0.063406018722485,0.230829209521517,0,0.0302868515734875,0.00742536616526742,0.0452204748751737,0.0962266202554496,0.148094864571106,0,0.222165482021652,-0.00240665848151964,0,0,0,0.00230378458870981,0.000424721749560335,0,0,0,0,0,0,-3.07996413134997e-05,-0.000651815472099003,0
"HCOOH min",-199.192487277665,-647.375583652412,-863.167444869883,-2589.50233460965,-2589.50233460965,-71.8497946920452,-71.4675006658139,-2589.50233460965,-193.899531989775,-225.405541869382,-1294.75116730482,-166.37588003405,-2589.50233460965,-6.55764821012608,-75.1351806231272,-15.0270361246254,-30.6289288567774,-28.1730586800966,-18.5334599589486,-647.375583652412,-63.9220341499014,-22.5405541869382,-225.405541869382,-30.413173923381,-2589.50233460965,-160.184094155121,0,-7.3309704695613,-184.022216073614,-160.184094155121,-0.458964056495591,-1294.75116730482,-44.9516767985876,-60.2209845258058,-22.4758383992938,-863.167444869883,-134.855030395763,-647.375583652412,-30.6850080699588,-3.42981793801569,-23.8438087675465,-96.9497659948877,-1294.75116730482,-143.861240811647,-47.0818606292663,-27.6999331413965,-16.8568787994704,-258.950233460965,-178.455575981625,-0.980500694664766,-18.5334599589486,0,-2589.50233460965,-19.9192487277665,-0.608896565186823,0,-0.000122769810928918,-0.0254197994780729,-0.0563357718162697,-0.000919166647268862,-4.03176703520693e-05,-0.12486674207245,-1.00955256709928,-7.25531281023167
"HCOOH max",16.7292923703286,36.8044432147229,149.983926250359,184.022216073614,184.022216073614,134.855030395763,225.405541869382,145.075030292516,6.07685074376493,9.79048175384351,46.0055540184036,45.4372427376259,225.405541869382,34.5266977947953,89.2931839520568,18.7645096710844,55.0957943533968,107.895930608735,178.455575981625,149.983926250359,43.3521238513163,112.692234720387,136.289596558403,41.9491312104079,183.274261739033,145.075030292516,5.25789427904961,172.633488973977,59.5628502307977,145.075030292516,1.44988932508939,17.1744483963388,83.1879400170251,3.40077326137176,166.37588003405,92.0111080368072,6.54420515721151,214.402501997442,2589.50233460965,29.7643946506856,258.950233460965,2589.50233460965,225.405541869382,4.95335842537926,2.58358715181058,517.90046692193,22.2878741965401,225.384469440773,215.791861217471,1.79147321152178,13.260675262818,5.25789427904961,4.43557101723412,4.43401668813552,5.12121045594668,5.25789427904961,0.00379413341429413,235.409303146332,431.583722434941,0.535519493384342,3.11238261371352,0.0276164594302109,0.126078720871117,16.8596189548226
"CCO_OH median",0,-0.88899689851026,0,0,0,-0.0563568218456287,0.377731866384021,0,-0.466317029373814,-0.618526064022751,-2.74788772539101,-0.207685907590386,0,0.238809391246186,0.232062985625883,0.0440587475863862,0.0930022923126203,0.0896050345236199,0,-1.40348853143863,-0.0764576450260717,0.0955315990299186,0.222865893904264,0,0,0,0,1.21318170570448,0,0,6.70717569573172e-05,1.75744725654712,0.204574534619259,-0.196932119412643,0.233122777754737,0,-0.386572638983159,0,0.778347951318604,0.185769713523306,0.822016736796212,0,0.173540765542784,0.0401434584074296,0.012479272312752,0.0159303085795127,0.399505698188035,-0.00577218394543413,0.619261337141466,-0.00705002881543448,0,0,0,0.00712819339724699,0.00511888499604712,0,0,0,0,0,0,-8.4405626528495e-05,-0.00201246124052902,0
"CCO_OH min",-359.849636735148,-1169.51131938923,-1559.34842585231,-4678.04527755692,-4678.04527755692,-179.375996003354,-186.835042260883,-4678.04527755692,-503.915767035174,-592.339165674743,-2339.02263877846,-429.374844081969,-4678.04527755692,-19.3068469842974,-197.446388558248,-39.4892777116495,-80.07216096895,-74.4018754939126,-46.8622120793623,-1169.51131938923,-170.966678102176,-59.2339165674743,-592.339165674743,-59.7651079923178,-4678.04527755692,-433.535118616564,0,-18.4679407138648,-471.607055834706,-433.535118616564,-1.22596206470699,-2339.02263877846,-115.032418421168,-108.791750640859,-57.516209210584,-1559.34842585231,-345.097255263504,-1169.51131938923,-113.54815697165,-8.66320495077682,-63.5146512258683,-251.957883517587,-2339.02263877846,-259.891404308718,-85.0553686828531,-71.9879667193105,-43.137156907938,-560.50512678265,-465.863345114024,-1.90825527663142,-46.8622120793623,0,-4678.04527755692,-35.9849636735148,-1.52013555935045,-3.99946198776133,-0.000358464756722258,-0.0708474225545669,-0.157013206742554,-0.00268379372833942,-0.000112369219525619,-0.32975900495917,-1.82379932848223,-24.949959720054
"CCO_OH max",42.873368712246,94.3214111669412,408.676381132365,471.607055834706,471.607055834706,345.097255263504,592.339165674743,348.763836378234,15.0629948473899,24.2681583652393,117.901763958676,110.977551399992,592.339165674743,62.3739370340923,198.4050013171,33.8988788228762,118.467833134949,194.918553231538,465.863345114024,408.676381132365,92.4943868960085,297.607501975651,246.212909345101,124.90710206145,461.69851784662,348.763836378234,16.604003462667,433.535118616564,171.007488785446,348.763836378234,2.61928626962874,38.9624123662305,214.687422040984,9.28544756997808,429.374844081969,235.803527917353,19.0528957511731,560.50512678265,4678.04527755692,53.7706353742175,467.804527755692,4678.04527755692,595.215003951301,12.4783383201789,6.93505035753522,935.609055511384,86.3581473414756,595.215003951301,389.837106463077,4.11027968148119,57.4690929905746,16.604003462667,13.9728941905601,16.2211652816643,12.9674821288455,16.604003462667,0.0112862025476347,425.276843414266,779.674212926154,2.73997747220299,5.62265057398669,0.0725727965786257,0.0641263195461928,46.4582039423177
"RCO_OH median",0.0390783641082334,0.0775579698964515,0,0,0,0.0027927587064008,-0.0223889177561182,0,0.0195198543364653,0.0258853192091877,0.138589497845083,0.0131604042601218,0,-0.0178202377245506,-0.0130478479125199,-0.00244687625749925,-0.006715518013981,-0.0129245579225794,0,0.0375510853645655,-0.000624860103841152,-0.00658241386618003,-0.0166580144468498,0,0,0,0,-0.0488479551352917,0,0,-4.12275288235773e-05,-0.0268844859427505,-0.0124143780045828,0.0127829448702562,-0.0109183095601539,-0.00917079324470195,0.0168769835470501,-0.107534830918224,-0.0180303003746988,-0.0119483145464693,-0.00408347281263351,-0.028837453819769,-0.0570895623499302,-0.00122683395542713,-0.000588896126057161,0.000769478024601482,-0.0100607183823587,0,-0.0287843210395892,0.000515542237343871,0,0,0,-0.003209104689059,-0.000582113509049567,0,0,0,0,0,0,4.30868861186301e-06,7.58215941677356e-05,0
"RCO_OH min",-2.76775264569489,-8.99519609850838,-11.9935947980112,-35.9807843940335,-35.9807843940335,-8.41967117418119,-14.8970315249015,-35.9807843940335,-1.43923137576134,-2.57005602814525,-17.9903921970168,-2.31827451510366,-35.9807843940335,-0.643738897330983,-5.01424825681216,-0.716321179544595,-2.9794063049803,-4.8208137487518,-12.4338021098261,-11.2735249698366,-2.38205727347467,-7.52137238521824,-3.0085489540873,-4.89780337491327,-35.9807843940335,-7.96811872850649,-1.33213891676877,-11.3823769175828,-5.81689189659872,-7.96811872850649,-0.0147797065896061,-17.9903921970168,-5.30716155835136,-0.836762427768222,-10.6143231167027,-11.9935947980112,-1.4022162869216,-14.0376689970014,-15.0427447704365,-0.725458210267987,-2.12814736070022,-14.0376689970014,-17.9903921970168,-1.9989324663352,-0.654196079891519,-2.3059877717904,-1.33213891676877,-15.0427447704365,-6.16723859044998,-0.0858620190779135,-1.16918633069029,-1.28795483421287,-35.9807843940335,-0.276775264569489,-0.309302958806353,-1.33213891676877,-0.00167017873042897,0,0,-0.514415048972123,0,-0.00182516926303621,-0.0687337234967249,-1.8493625244664
"RCO_OH max",3.72425788122538,15.0427447704365,14.0376689970014,9.52822909389868,15.0427447704365,4.1025667936309,4.67922299900045,15.0427447704365,12.5559183061117,14.8970315249015,15.0427447704365,10.6143231167027,1.88849203876957,0.540635011178318,4.96567717496717,0.993135434993434,2.00538128528591,1.88034309630456,2.89742878396346,10.0362879732116,4.40359139388525,1.48970315249015,14.8970315249015,0,10.6143231167027,11.3823769175828,0,2.39871895960224,12.4338021098261,11.3823769175828,0.021428634635699,4.8208137487518,2.8065570580604,1.55151241584104,1.4032785290302,14.8970315249015,8.41967117418119,6.18605917612706,35.9807843940335,0.413572234414179,3.59807843940335,35.9807843940335,2.25470499396731,0.78405429078429,2.24326261921909,7.19615687880671,1.06143231167027,14.0376689970014,12.4338021098261,0.263881496487183,2.89742878396346,0,2.57495558932393,0.106220020825249,0.0407483401970935,1.25359431356632,3.11157150447552e-05,3.27098039945759,5.99679739900559,0.000232960589078534,0.0432461350889826,0.00833393062074044,0.0584363194068854,0.978836061555261
"CCO_OOH median",0,0.0261958576312734,0,0,0,0.000717679789732263,-0.00582719452078411,0,0.00582112586188792,0.00714432480852911,0.0231284699643991,0.00285578865266307,0,-0.00269065920875572,-0.00281084640733346,-0.000610009343773543,-0.00102602132858451,-0.00157939752472745,0,0.0192112902055471,0.000864993081792297,-0.00105885745302603,-0.00251876405028267,0,0,0,0,-0.0137335096857116,0,0,-4.23634191627999e-06,-0.0217456874650143,-0.00271551084710011,0.00250255086220672,-0.00232025445004013,0,0.00431018797102713,0,-0.0118090006461579,-0.00218413051220332,-0.0137898524351737,-0.00263916227133129,-0.0132066440620982,-0.000759364053304058,-0.00058220169911505,0,-0.00629576933904826,0,-0.00758531541484507,8.23773604754096e-05,0,0,0,-0.000480179542651338,-6.04767027217422e-05,0,0,0,0,0,0,9.76631220043157e-07,2.51455229217168e-05,0
"CCO_OOH min",-0.487345585404599,-1.58387315256495,-2.5512718810795,-6.33549261025979,-6.33549261025979,-1.91717905235401,-3.35348351618261,-6.33549261025979,-0.253419704410391,-0.452535186447128,-3.16774630512989,-0.605457913172062,-6.33549261025979,-0.198115719241271,-1.13222778764088,-0.161746826805839,-0.670696703236522,-1.09201546744922,-2.85714118276701,-2.5512718810795,-0.540333598542762,-1.69834168146131,-0.679336672584526,-1.02288703499763,-6.33549261025979,-1.92137312049467,-0.223702738319569,-2.58789168325061,-1.25507128810289,-1.92137312049467,-0.00276779859171188,-3.16774630512989,-1.19706356680161,-0.15160431480953,-2.39412713360323,-2.1118308700866,-0.273071354934423,-3.15366389050957,-3.39668336292263,-0.211530620832172,-0.479069073740373,-3.15366389050957,-3.39668336292263,-0.351971811681099,-0.115190774731996,-0.317895657270485,-0.217943395909213,-3.39668336292263,-1.42771916561375,-0.0668374754383171,-0.321354678385842,-0.223702738319569,-6.33549261025979,-0.147031173640732,-0.158037147005034,-0.223702738319569,-0.000273656677237589,-0.0325297045039817,-0.0325297045039817,-0.0842862565891776,-2.37964188032053e-05,-0.000410865414871675,-0.00246997762583228,-0.282639197035881
"CCO_OOH max",0.838370879045653,3.39668336292263,3.15366389050957,2.16133439417105,3.39668336292263,0.987736325940597,1.05122129683652,3.39668336292263,2.82128920547241,3.35348351618261,3.39668336292263,2.39412713360323,0.296267870605803,0.138375018332667,1.11782783872754,0.223565567745507,0.450523412929939,0.424585420365329,0.389928081559141,2.25309372547368,1.0000208362376,0.335348351618261,3.35348351618261,0.00432496540896149,2.39412713360323,2.58789168325061,0,0.422366174017319,2.85714118276701,2.58789168325061,0.00897141091759074,1.09201546744922,0.639059684118004,0.324647467326953,0.319529842059002,3.35348351618261,1.91717905235401,1.43535286098717,6.33549261025979,0.15187725714805,0.633549261025979,6.33549261025979,0.5102543762159,0.176499132430664,0.319121258231441,1.26709852205196,0.239647381544251,3.15366389050957,2.85714118276701,0.0178152282461397,0.389928081559141,0,0.336586311805997,0.0237938811960556,0.00837064683000506,0.178151995252087,1.48116536176666e-06,0.575953873659981,1.0559154350433,1.1089353232075e-05,0.00761477477194686,0.00188181903763027,0.00132585968573722,0.218807429193507
"RCO_OOH median",0,0.000275977353418585,0,0,0,0.000701331481630031,-0.00741617235219248,0,0.00888743872227076,0.00897881408691374,0.0214232179409737,0.00418383214897571,0,-0.00398573541511327,-0.00429798281613104,-0.000796010757682521,-0.00132741489527496,-0.000957531875029617,0,0.0335635288256064,0,-0.00125880009523339,-0.00283013840941311,0,0,0,0,-0.0187475314620953,0,0,5.73709279892606e-06,-0.0392368519243456,-0.00370323731087956,0.00380205643429533,-0.00335739616893112,-0.0273906747420216,0.00647497832579574,0,-0.0142789996037447,-0.00357697886497341,-0.0149679836686474,0,-0.0157998903422711,-0.00299359673372948,-0.0020977205516004,0,-0.00843247956867854,-0.000160203562107065,-0.0139610137465062,0.000137755306710958,0,0,0,-0.000441543936713455,-5.32668457958982e-05,0,0,0,0,0,0,1.49812863564019e-06,3.7571375108768e-05,0
"RCO_OOH min",-0.922196886500697,-2.99713988112726,-5.20024824870634,-11.9885595245091,-11.9885595245091,-3.88917477147591,-6.83824258225743,-11.9885595245091,-0.479542380980362,-0.856325680322076,-5.99427976225453,-1.22580127256257,-11.9885595245091,-0.249257523460435,-2.31212347172624,-0.330303353103749,-1.36764851645149,-2.2331101137827,-5.82358994283264,-5.20024824870634,-1.10801504324127,-3.46818520758936,-1.38727408303575,-2.0933883096059,-11.9885595245091,-3.9272719847594,-0.340512368648247,-5.30364780450851,-2.57196454667768,-3.9272719847594,-0.00567235059305723,-5.99427976225453,-2.43107520980791,-0.278803709872304,-4.86215041961582,-3.99618650816969,-0.34792729200032,-6.42155818324842,-6.93637041517873,-0.266211405948131,-0.976891797465347,-6.42155818324842,-6.93637041517873,-0.666031084694948,-0.217973809536528,-0.425146541880289,-0.369167802415487,-6.93637041517873,-2.91070402679964,-0.113221763431739,-0.691304117690831,-0.340512368648247,-11.9885595245091,-0.19507901860967,-0.203185360593999,-0.340512368648247,-0.000361994675736446,-0.00787129132012655,-0.00787129132012655,-0.111494360126826,-5.75807704471584e-06,-0.000837814577586061,-0.00467390234873647,-0.570150522235215
"RCO_OOH max",1.70956064556436,6.93637041517873,6.42155818324842,4.43206017296507,6.93637041517873,2.00044156011436,2.14051939441614,6.93637041517873,5.73690359078289,6.83824258225743,6.93637041517873,4.86215041961582,0.597831913510555,0.247185945682064,2.27941419408581,0.455882838817162,0.917365454749774,0.867046301897341,0.704397675482979,4.59475749576652,2.04751826193419,0.683824258225743,6.83824258225743,0.0235906221565046,4.86215041961582,5.30364780450851,0,0.799237301633937,5.82358994283264,5.30364780450851,0.0188595496839536,2.2331101137827,1.29639159049197,0.419864070752936,0.648195795245984,6.83824258225743,3.88917477147591,2.90901915764413,11.9885595245091,0.197741666012622,1.19885595245091,11.9885595245091,1.04004964974127,0.359907504329338,0.424645033640702,2.39771190490181,0.486215041961582,6.42155818324842,5.82358994283264,0.0307776924718608,0.704397675482979,0,0.452476351753885,0.047780610851428,0.0169528945772403,0.267845446986517,1.36001017674436e-06,1.08986904768264,1.99809325408484,1.01822751452588e-05,0.0144093263515734,0.00384286449594389,0.000587457063595551,0.380313091583785
"XN median",0,0,0,0,0,9.00949178229332e-06,-0.0003105289849682,0,0.000123155283828174,0.000149598320977658,0,0.000116331520860103,0,0,-0.000170853375351411,-3.0606172371445e-05,0,0.000232917907768296,0,0.000635618590194267,0.00036650433406989,-4.61853166356599e-05,-8.35372512920065e-06,0,0,0,0,-0.000662047513405029,0,0,1.14935645162191e-06,-0.0034757494453764,-0.000177156288071471,6.62901337273664e-05,-0.000119276622654029,0,0.000476594202175973,0,0,-0.000283814807652396,0,0.000107772599254053,0,0.000122327013850448,-1.24627044889876e-05,0,0,0,-0.00127151227950712,2.82466187316278e-06,0,0,0,-1.05272205172049e-05,1.92900814980511e-05,0,0,0,0,0,0,1.90583154066185e-07,7.86123448213536e-07,0
"XN min",-1.84397878092058,-1.84397878092058,-0.107734494215027,-0.32320348264508,-0.32320348264508,-0.110107933619059,-0.569895572161021,-0.32320348264508,-0.220215867238118,-0.342558015703739,-2.05534809422243,-0.147130314404616,-1.294029379695,-0.295139453724656,-0.736909333789083,-0.177240013166056,-0.501067177927154,-0.431056391980231,0,-0.68460133495606,-0.754467572579102,-0.465451566016558,-1.00213435585431,-1.5089351451582,-0.32320348264508,-0.0272463286457673,-1.5089351451582,-0.198213210416862,-1.5089351451582,-0.0272463286457673,-0.00897613007412438,-1.5089351451582,-0.531499520265824,-0.104509225129954,-0.0830300994334822,-1.5089351451582,-0.366363895689235,-1.39673691664235,-1.26150556215993,-0.0180500216159744,-0.513340952122719,-1.36152382377194,-1.43345213169484,-0.754467572579102,-0.213684211581038,-5.88521257618463,-1.39673691664235,-1.43345213169484,-0.138155968097929,-0.0408845784819864,-6.16604428266729,-1.5089351451582,-1.39673691664235,-0.192576574080477,-0.0489949016859535,-1.5089351451582,-0.000215595953939416,0,0,-0.00161414771797573,0,-8.69902694995527e-05,-0.00104033141263157,-0.00905522889362476
"XN max",6.16604428266729,0.624619581403659,6.16604428266729,1.5089351451582,6.16604428266729,0.0234914625867954,0.513340952122719,1.26150556215993,0.0603574058063281,0.0931157944428235,1.50133562675609,0.0267398647931476,4.10106277360863,0.393707927555853,0.682453887629576,0.682453887629576,0.316928600750192,0.828935808587574,0.0299582615746725,2.33760232308354,0.747894740533634,0.298826851198768,0.633857201500384,0.00948154016836919,6.16604428266729,0.0207692657407483,0.255175229673845,1.37797774644549,6.16604428266729,0.0207692657407483,0.00255148373116514,2.05534809422243,0.513340952122719,0.063764292968275,0.0906771218039308,4.10106277360863,0.415150497167411,1.36152382377194,1.54151107066682,0.0980868762697438,2.05534809422243,1.00213435585431,1.294029379695,0.489488906630291,1.46846671989087,2.33760232308354,0.346188975069684,1.39673691664235,0.324528646456173,0.0125074615163705,1.38749247291803,0,1.294029379695,0.227836820756035,0.00905535912723538,1.16689690963617,0.00377738964337619,0.0441377823450425,0.0461719260921542,0.020712264017707,0.0001734854979308,9.50232461641767e-06,0.000911872237740566,0.708960052664224
"XC median",-0.000310232971337476,0,0,0,0,-3.39448539772348e-05,-0.000978918481749436,0,0.000275425100815428,0,0,0.00022414336901207,0,0,-0.000745728270810307,-0.000126901187927042,-0.00022085656457981,-0.00024995427058726,0,0.00329167183162666,0.000556013448047902,-0.000304749808597199,-0.000486591942841735,0,0,0,0,-0.000623911716301102,0,0,-1.73675555816567e-06,-0.0109734574720934,-0.000510903300350115,0,-0.000290770012767269,-0.000565229082612783,0.00057843507361255,0,0,-0.000405953555295194,0,0,0,-8.10986571402892e-05,-0.000360514738429096,-0.000590923427395457,0,-0.000289217536806275,-0.00276632750444879,8.40493170664771e-06,0,0,0,-2.96439854288036e-05,1.16184575638285e-05,0,0,0,0,0,0,3.26046286777675e-07,1.90698200057534e-06,0
"XC min",-5.53091333200021,-5.53091333200021,-0.340360902348378,-1.02108270704513,-1.02108270704513,-0.33030854575001,-1.24059740309154,-1.02108270704513,-0.660617091500019,-1.02762658677781,-6.16575952066685,-0.44137052400361,-3.88374753780144,-0.644259844764671,-1.6357508809538,-0.392381678932888,-1.50390326923356,-0.963168721472448,0,-2.05322354065005,-2.26414735650232,-1.40434396850437,-3.00780653846712,-4.52829471300464,-1.02108270704513,-0.119803693367838,-4.52829471300464,-0.594833393273317,-4.52829471300464,-0.119803693367838,-0.0269407764633536,-4.52829471300464,-1.15052261793621,-0.313513195966111,-0.306118372088051,-4.52829471300464,-1.09889258280423,-4.19187124424771,-3.78617061194325,-0.176871444386864,-1.83690367575821,-4.08623892169016,-4.30198379210268,-2.26414735650232,-0.641271653942139,-17.6548209601444,-4.19187124424771,-4.30198379210268,-0.351085992126093,-0.088501739841247,-18.4972785620005,-4.52829471300464,-4.19187124424771,-0.577664501721578,-0.147825680895197,-4.52829471300464,-0.000646757991678341,-0.0024713944176223,-0.00547714438500078,-0.00484221951884831,-3.9198131962288e-06,-0.000260958756270993,-0.00312085010325638,-0.235180622975059
"XC max",18.4972785620005,1.87451326055818,18.4972785620005,4.52829471300464,18.4972785620005,0.173051726284485,1.10798859313909,3.78617061194325,0.181131788520186,0.280868793700875,4.50545290384073,0.100923112260229,12.3022532852614,1.18106794519331,1.50651862581938,1.50651862581938,0.695608114495596,1.85053273818275,0.0905052812778739,7.01216820949185,2.24445078879749,0.667962172818463,1.39121622899119,0.0432917197461253,18.4972785620005,0.0617043085068331,0.764409145410028,4.13373780817658,18.4972785620005,0.0617043085068331,0.0137340634647789,6.16575952066685,1.10798859313909,0.142348672167904,0.272018802382361,12.3022532852614,1.53059186044025,4.08623892169016,4.62431964050014,0.294247016002407,6.16575952066685,3.00780653846712,3.88374753780144,1.46899389007949,4.40698167023846,7.01216820949185,1.0385188800085,4.19187124424771,0.973540976947397,0.0331725495625884,4.16383375291322,0,3.88374753780144,0.683458515847858,0.0209428481140503,3.50230094023596,0.0113313574470277,0.38382361888831,0.38382361888831,0.0621323425115545,0.000548085188966793,2.85160374042517e-05,0.0027368571833161,1.56952671573155
"SO2 median",2.38304619350751,7.2400725026721,0,0,0,0.200640303213767,-0.232869114268334,0,0.598796947771151,0.870924660442594,5.35485493590462,0.303215075331666,0,-0.278838747583411,-0.0482123128570317,-0.0175751798832075,-0.016235197711268,-0.272470036590282,0,0,0.172672054522478,0,-0.00890962045331371,0,0,0,0,-1.33268972291859,0,0,0.000232395920530889,0,-0.109748285799011,0.407946656146617,-0.21553015827275,2.92981537013291,-0.388458363259876,0,-1.34174133076912,-0.310548373374224,-1.17219444673444,-0.0657334836428811,-0.976605123377638,0.32696075903046,0.290949208330997,0.952369834891941,0,0.588326855745996,-0.773198442095748,0.00870457408268787,0,0,0,-0.00384305922584313,-0.00915057666490435,0,0,0,0,0,0,6.95797926177069e-05,0.00206418627738774,0
"SO2 min",-15.6851568085751,-10.403805516616,-46.0650180804343,-52.0190275830802,-52.0190275830802,-49.6686798585991,-85.7719217328374,-89.5887105756085,-9.52521582490337,-17.9537766866058,-13.0011237832545,-15.7855051205762,-85.7719217328374,-29.4523750097376,-35.960308381745,-10.7097098718092,-23.4975621339209,-43.4520392946085,-52.0190275830802,-69.0410343908459,-14.3729594406154,-42.9584829285357,-61.3918760022414,-21.7202175080163,-50.2121874364833,-89.5887105756085,-21.7202175080163,-69.5232628713737,-89.5887105756085,-89.5887105756085,-0.58390198380213,-21.6900538462551,-31.0161208721449,-9.32150461529159,-62.0322417442897,-88.889643269104,-40.767068550932,-88.889643269104,-1042.8489430706,-20.9744789960941,-104.28489430706,-1042.8489430706,-85.9169658570714,-13.8082068781692,-15.1748737410436,-208.569788614121,-51.3708169817537,-85.9169658570714,-86.9040785892171,-4.14273454363041,-19.0504316498067,-21.7202175080163,-21.4474157415675,-8.7702680003202,-2.3016690582432,-21.7202175080163,-0.0494856026479803,-94.804449370055,-173.808157178434,-15.2415656155779,-1.2534242104214,-0.0105086892591077,-1.82957885933441,-5.35338150159948
"SO2 max",80.2191494669696,260.712235767651,347.616314356868,1042.8489430706,1042.8489430706,25.5816070750914,27.0820769284629,1042.8489430706,72.9814695651857,85.7719217328374,521.424471535302,62.0322417442897,1042.8489430706,17.9537766866058,28.5906405776125,19.2893882290617,21.7503030616312,29.7649288286003,89.5887105756085,260.712235767651,24.3460114310981,26.5942211798053,85.7719217328374,13.7062889564491,1042.8489430706,61.0649278159002,0,18.6430092305832,52.0190275830802,61.0649278159002,0.152587990885078,521.424471535302,16.556226619533,24.252301001642,14.7261875048688,347.616314356868,82.1087767515583,260.712235767651,61.3918760022414,11.2831816883482,37.8717386061763,91.4774140688973,521.424471535302,57.9360523928114,60.8504954960271,76.9924479354908,39.9289780916452,104.28489430706,52.0190275830802,28.0491634838139,89.5887105756085,0,1042.8489430706,20.1798744121879,17.9537766866058,20.0838901608757,0.000535057385921863,0.0873250404336881,0.193531170690876,0.00400592702548829,0.000138503932602755,0.0475994270676296,1.5299585531156,20.8472618176548
"O1D median",0,0,0,0,0,5.54853086097538e-37,-7.88888010863018e-43,0,6.22386867672544e-38,0,0,2.27151509781846e-41,0,0,8.83873052911309e-39,1.48343843122838e-41,0,7.64430748463834e-39,0,-5.65678753863237e-38,2.07420312163837e-38,4.33091461294631e-39,0,0,0,0,0,-1.04790239995143e-37,0,0,4.42996632964943e-41,0,0,1.04790239995143e-37,-4.29733552496046e-38,1.10359343039886e-39,4.73332806517811e-42,0,0,-8.03592661839917e-38,0,0,0,3.84920690774881e-37,4.04056252759455e-38,0,0,3.8443022765627e-38,-9.33580301508815e-38,2.0380314597107e-44,0,0,0,0,1.23404499123329e-39,0,0,0,0,0,0,5.9233644223132e-42,8.83546745547034e-40,0
"O1D min",-0.00276970572337793,-0.00900154360097826,-0.0120020581346377,-0.036006174403913,-0.036006174403913,-0.000318638711539053,-1.27383532683083e-08,-0.036006174403913,-0.00144024697615652,-0.0025718696002795,-0.0180030872019565,-0.000514373920055901,-0.036006174403913,-2.43125457389805e-09,-4.42046286163282e-09,-9.82325080362848e-10,-1.98469761134535e-09,-3.2416727651974e-09,-1.75659844364895e-09,-0.00900154360097826,-0.000782742921824197,-3.05469860992394e-07,-4.63096109313914e-09,-3.03849059159751e-11,-0.036006174403913,-7.4206869231038e-10,-3.03849059159751e-11,-1.32608656930646e-09,-7.4206869231038e-10,-7.4206869231038e-10,-3.07519994287645e-10,-0.0180030872019565,-1.27383532683083e-08,-0.000837352893114257,-4.19744499394735e-10,-0.0120020581346377,-0.000782742921824197,-0.00900154360097826,-4.58204791488592e-07,-3.51577817870532e-10,-9.16409582977183e-07,-1.83281916595437e-07,-0.0180030872019565,-0.00200034302243961,-0.000654657716434783,-1.38928832794174e-08,-9.72501829559219e-08,-0.0036006174403913,-1.05430764061706e-09,-1.36335382067069e-05,-1.24535497358121e-09,-6.25707699359636e-13,-0.036006174403913,-0.000276970572337793,-9.25666245431498e-09,-3.03849059159751e-11,-2.67964120845297e-13,-1.18597784092588e-09,-2.62838332313303e-09,-7.0486214396263e-12,-1.88104802622673e-12,-1.54698923325083e-07,-1.40374948943131e-05,-2.59732336929863e-07
"O1D max",9.37162347215167e-10,2.8114870416455e-09,4.21723056246825e-09,8.4344611249365e-09,8.4344611249365e-09,9.37162347215167e-11,0.00180030872019565,1.75659844364895e-09,4.43919006575605e-10,7.66769193176046e-10,4.21723056246825e-09,1.96150258719454e-10,4.21723056246825e-09,0.000480082325385507,0.00124159222082459,0.000260914307274732,0.000766088817104533,0.00150025726682971,7.4206869231038e-10,4.8625091477961e-08,5.27366726805798e-10,0.000878199375705196,0.00189506181073227,9.47187191618316e-13,1.22466932800307e-09,1.75659844364895e-09,3.23352938296952e-11,0.00240041162692754,1.75659844364895e-09,1.75659844364895e-09,2.01602320290667e-05,4.8625091477961e-08,0.000857289866759834,3.51435880205688e-10,0.000444520671653247,4.21723056246825e-09,8.41504843841299e-10,8.4344611249365e-09,0.036006174403913,0.000413864073608196,0.0036006174403913,0.036006174403913,3.2416727651974e-08,4.21723056246825e-10,2.16268233972731e-10,0.00720123488078261,4.58204791488592e-07,6.02461508924036e-10,0.00300051453365942,4.50232328499639e-10,1.32608656930646e-09,2.0404507243439e-14,8.4344611249365e-09,9.96097372801286e-09,4.07770944551677e-05,6.19405348261718e-13,1.97767917455064e-13,0.00327328858217391,0.00600102906731884,6.09125185761596e-11,4.32766519277801e-05,3.61268448549e-14,1.00183792348772e-10,9.06358071959156e-13
"ALK1 median",0,0,0,0,0,0,1.83301353911419,0,-1.92384192482474,-1.79920386788895,-1.45525932677187,-0.748112845944011,0,0.662088932885558,0.763429335247914,0.125070516737474,0.202401685189937,0,0,-10.7814796468174,0,0.190840809376736,0.418407004269743,0,0,0,0,4.1905364767028,0,0,-0.00158457764041397,5.2285134411496,1.0295840874209,-0.721326784031667,0.803953306629032,0,-1.73627389076307,0,1.02040677267721,0.850567714384197,0.319927242366085,0,0,0.501009733358764,0.53423812023479,1.8538682392925,0.479890863549127,0.80923532822508,3.55822105094018,-0.0196116032177646,0,0,0,0,0.00317808518906707,0,0,0,0,0,0,-0.000395783414596267,-0.00666173405704949,0
"ALK1 min",-134.052252792072,-577.285412163222,-474.832758634702,-451.111014797305,-577.285412163222,-56.7580495174002,-158.277586211567,-577.285412163222,-394.326935949446,-536.20901116829,-577.285412163222,-303.790263208247,-255.095839966675,-38.4415020610174,-178.736337056097,-114.74664963211,-67.8332512335288,-132.916612445263,-21.8006358237697,-152.41335296342,-184.88019685555,-53.620901116829,-536.20901116829,0,-303.790263208247,-508.248413129482,0,-31.3710806468976,-155.060266697149,-508.248413129482,-4.86041892401603,-192.428470721074,-89.2467307577514,-45.8917493139713,-35.4187661921048,-536.20901116829,-212.512597152629,-157.72903537501,-157.72903537501,-32.1688523755925,-141.796514569043,-197.163467974723,-225.098901239515,-41.1012062388997,-49.0502213141534,-137.202523672996,-80.2422873586447,-474.832758634702,-120.586965113037,-5.77397792189311,-42.1092808127101,0,-255.095839966675,-12.9536882938184,-1.78700896690868,-45.2831918298185,-0.000957210804351149,-0.883479259093435,-1.95798106069356,-0.00716655209540389,-0.00140126304150216,-0.316601973618118,-2.5569345381715,-118.088098752522
"ALK1 max",64.0601846827052,46.2052126345198,152.41335296342,152.41335296342,155.060266697149,212.512597152629,536.20901116829,33.5020830126958,15.8619675707195,10.5746450471463,33.5020830126958,44.6614925779857,536.20901116829,50.8421638253703,190.488854126901,29.5220246881306,107.241802233658,192.428470721074,155.060266697149,145.756904864441,112.777753699326,285.733281190351,157.72903537501,245.747030221735,84.8402757645485,22.4537767601031,49.9910325077415,508.248413129482,290.158552451696,22.4537767601031,0.628017878635066,95.3707223503273,151.895131604124,64.0601846827052,303.790263208247,80.2422873586447,67.2739332266283,474.832758634702,571.466562380703,33.5020830126958,89.2467307577514,474.832758634702,571.466562380703,43.7437703161442,12.3807380448674,152.034284265275,152.034284265275,577.285412163222,51.8387227907417,24.248288878773,128.591732031605,49.0502213141534,49.9910325077415,41.1012062388997,41.4695534129837,49.9910325077415,0.0232403813723094,157.72903537501,157.72903537501,3.97253359731335,0.306605576883023,0.0656957867150564,2.08803882092027,91.2473056953567
"BACL median",0.0189846561914267,0.0327941753476067,0,0,0,0.00157168279312657,-0.00201414159379272,0,0.00150556382911215,0.0021394854413699,0.0352832516120295,0.000937781536382725,0,-0.00178528721760659,-0.00146068954167812,-0.000309613470179192,-0.000824762642137604,-0.00305853349729413,0,-0.0137052787001124,0.00197344854396373,-0.000820306421177923,-0.00185190919142933,0,0,0,0,-0.0122978157553525,0,0,-9.72941473544399e-06,0.0052833308300378,0,0.0032852769255179,-0.000702732328877287,0.0135140403649925,-0.000851471217855311,-0.00429467319629403,0,-0.000678742482834266,-0.0122978157553525,-0.00638941498601743,-0.0211699509672177,0.00446921116225953,0.00441264536347954,0.0154141648013393,0,0.00281478326281566,0.00232754556773961,3.37299704216716e-05,0,0,0,-0.000558973356847286,-9.96860948182891e-05,0,0,0,0,0,0,-2.95818487617326e-07,-3.58067817651758e-06,0
"BACL min",-0.45494778499181,-0.505604850947658,-0.725716831349325,-2.02241940379063,-2.02241940379063,-0.612902918806023,-0.381334436187436,-2.02241940379063,-0.181578657603101,-0.231212472020089,-1.01120970189532,-0.164935353759093,-2.02241940379063,-0.266735123917791,-0.546133255514052,-0.546133255514052,-0.263358183873292,-0.689474706296474,0,-0.570991426300821,-0.245161167522409,-0.259393200541206,-0.522505138672213,-1.22580583761205,-2.02241940379063,-0.737119229976359,-0.206636207341753,-0.247678966207421,-1.22580583761205,-0.737119229976359,-0.00720407422096983,-1.20934508679127,-0.381334436187436,-0.0793481681220818,-0.195924494156342,-0.76517582906497,-0.385479961627603,-0.90450083369049,-0.90450083369049,-0.242695494991375,-0.76517582906497,-1.01406169440698,-1.42445644845914,-0.150002845322842,-0.0541956443199872,-0.725716831349325,-0.520898038857098,-0.565990882469286,-0.605319107965388,-0.0369858230534747,-0.242695494991375,-0.157575702029627,-2.02241940379063,-0.0653131423340266,-0.0273045474253901,-0.206636207341753,-1.96667575109554e-05,-0.00352225181654494,-0.00780607159342391,-0.000107837187157386,-5.58655026995522e-06,-7.29129890771069e-05,-0.0318076354655132,-0.570991426300821
"BACL max",0.339861431148391,0.433565154559898,0.565990882469286,1.22580583761205,1.20934508679127,0.137634007378236,0.434851183633041,1.22580583761205,0.125957646148304,0.170696645125744,0.408601945870682,0.0604782707250062,0.349212321742227,0.231212472020089,0.597338767312811,0.384949635598168,0.258749592516221,0.47115226070717,0.770959923255206,0.565990882469286,1.20934508679127,0.404029597037629,0.90450083369049,0,0.842147628673635,1.22580583761205,0,0.134827960252709,0.109439847787083,1.22580583761205,0.00374192507161248,1.21067818908938,0.398196497911171,0.0703336152287043,0.208153985155823,0.770959923255206,0.767790239857913,0.522505138672213,2.02241940379063,0.186087132645328,0.503797647337524,2.02241940379063,0.365207542787848,0.144509965445079,0.474454221979984,0.8545076488513,0.8545076488513,0.27701408058437,0.316746158400617,0.256526191501381,0.770959923255206,0,0.716953717621577,0.251915292296608,0.231212472020089,0.485019087266782,3.21521181907358e-05,0.90450083369049,0.90450083369049,0.00990285240274664,0.00243079255263297,0.000218378550465707,0.0266564115811148,0.400743397480819
"PAN median",0.562139612099377,1.66350979025151,0,0,0,0.067870690178552,-0.185341357114482,0,0.288073175071304,0.39629185718845,1.9195963302983,0.130839129893032,0,-0.0973870907807985,-0.0719408314471602,-0.0183966425445557,-0.0235161699303165,-0.0565929652237945,0,0.232550979587842,0.0336175442308165,-0.0193041119050738,-0.0494187808108777,0,0,0,0,-0.384038139060679,0,0,-7.18043567672144e-05,-0.33283754708253,-0.0893187071690812,0.149298601653598,-0.0905337360697572,0,0.136060128355244,-0.22189169805502,-0.310538940467654,-0.0896936249090862,-0.347250247672942,-0.0685347360698459,-0.661393002002869,0.0742387435097197,0.0462621047719075,0.338720328051493,-0.109327301055149,0.0850044267282467,-0.292738024798317,0.0042757598981303,0,0,0,-0.0215943128512835,-0.00399302525087691,0,0,0,0,0,0,2.86779862806105e-05,0.000679291993967385,0
"PAN min",-17.20187866136,-15.3315232380741,-21.9780146936956,-61.3260929522963,-61.3260929522963,-8.21578516987729,-16.2957253043483,-61.3260929522963,-2.97452226876886,-4.38043521087831,-30.6630464761482,-1.48918994912777,-61.3260929522963,-11.4799239887042,-6.76292240007498,-5.95675979651108,-4.97654642157139,-12.4676198527392,-13.3486200302912,-23.2462872870279,-8.61269249513797,-8.45315270369353,-6.81671549309055,-10.7805392664377,-61.3260929522963,-23.2794819610491,-9.62778452954313,-21.5833702778951,-23.2794819610491,-23.2794819610491,-0.192803477976507,-30.6630464761482,-7.4602782556737,-9.00681621450314,-10.7484921438735,-23.2794819610491,-16.3240826340719,-23.2794819610491,-16.9063054073871,-12.4676198527392,-18.7565960616318,-20.6287560638586,-32.3625559525953,-7.4602782556737,-7.82270649871605,-23.2462872870279,-9.06670921795966,-16.9063054073871,-7.4899839891452,-0.364889660830375,0,-9.62437552184388,-61.3260929522963,-5.94904453753773,-7.711847585642,-9.62437552184388,-0.0257247550992922,0,0,-7.92322457058199,0,-0.00199653581283365,-0.965146723214405,-2.57045430546564
"PAN max",18.7565960616318,22.8640235590654,14.9869799481092,23.2794819610491,23.2462872870279,6.68810374124708,6.28307881388574,16.9063054073871,13.0791724946387,16.2957253043483,21.1344727499634,10.7484921438735,8.14888971013772,3.96932250598455,6.28307881388574,5.6881404001132,3.96932250598455,8.61269249513797,23.2794819610491,22.8640235590654,17.20187866136,2.81069806049688,16.2957253043483,0,10.7484921438735,14.8135894755264,0,18.0136324290063,13.3486200302912,14.8135894755264,0.118067139491926,9.94916917064121,5.95675979651108,19.4402770719738,5.17248984197836,18.0305112380846,15.6284702134271,8.84775160525546,61.3260929522963,6.84687622187858,13.4570117930334,61.3260929522963,8.37528980714867,5.77117145109641,23.072896725643,23.2794819610491,7.15628110066444,14.9869799481092,11.9394523698479,2.42305857729148,22.138297256898,0,23.2794819610491,0.829424403595231,0.311221646449026,7.54187494095928,0.000337420604848723,5.57509935929967,10.2210154920494,0.00252623803630195,0.0737092463368946,0.00936637418691804,0.850965685215869,5.8140730469648
"PAN2 median",0.368138518914705,1.16960246670335,0,0,0,0.0465011304987698,-0.101026133034907,0,0.214108213593967,0.298351604317892,1.33108596318683,0.0897898826621231,0,-0.0655805054062337,-0.0462143842822229,-0.01100011933759,-0.0197499556632779,-0.0358394249945845,0,0.175165279278294,0.0220287454370312,-0.014711262180742,-0.0406254285358921,0,0,0,0,-0.263712330647789,0,0,-7.31242862527067e-05,-0.29280142538767,-0.0511671128377738,0.108066264887162,-0.0631845613256699,0,0.0994968970039742,-0.230466390941516,-0.234677021067009,-0.0656142408617977,-0.244804624252652,-0.0633551576094984,-0.507725187423281,0.0382161138606536,0.0313852082375195,0.235205111150649,-0.0694519732692833,0.0616121946752804,-0.211775472767516,0.00306107061411076,0,0,0,-0.0133722741621983,-0.00276727961942244,0,0,0,0,0,0,2.03244569029486e-05,0.000460272704027793,0
"PAN2 min",-12.5389428408807,-10.7205388055706,-16.6861462622993,-42.8821552222824,-42.8821552222824,-7.08612752934147,-14.042201420878,-42.8821552222824,-2.01881809232156,-3.06301108730589,-21.4410776111412,-1.19288284757048,-42.8821552222824,-8.12620749556607,-5.03208427379003,-4.37266624428561,-3.35265233409851,-8.88152118693553,-9.25306721466851,-18.0920771027159,-5.96779785562963,-7.21629977591591,-4.5851569992384,-7.06261760519922,-42.8821552222824,-18.158283935118,-7.06261760519922,-16.2786181794532,-18.158283935118,-18.158283935118,-0.140738079010897,-21.4410776111412,-5.64252985367315,-6.58277543264545,-9.30911316021157,-18.158283935118,-11.8600723041209,-18.158283935118,-14.4325995518318,-8.88152118693553,-13.7504274707369,-15.3572485927032,-23.7349304991048,-5.64252985367315,-6.06839713941385,-18.0920771027159,-6.55288395812272,-14.4325995518318,-5.68612189704286,-0.260599566117519,0,-7.06261760519922,-42.8821552222824,-4.03763618464312,-5.30411632838222,-7.06261760519922,-0.0198795119342608,0,0,-6.12288967575234,0,-0.00172043634169051,-0.706299059826427,-2.30252007769982
"PAN2 max",13.7504274707369,17.6664670867825,12.9778358802992,18.158283935118,18.0920771027159,4.94958208002803,4.6409598005448,14.4325995518318,11.342725444167,14.042201420878,15.8348599389146,9.30911316021157,5.72904721180397,2.64759807957455,4.68073380695932,3.93719359801696,2.64759807957455,5.96779785562963,18.158283935118,17.6664670867825,12.5389428408807,2.13422418390539,14.042201420878,0,9.30911316021157,11.7196461992607,0,13.1655508652909,9.25306721466851,11.7196461992607,0.104300898252004,6.55288395812272,4.37266624428561,14.3123222272667,3.77873128123711,14.3286218057756,12.3958042967318,6.3604133171608,42.8821552222824,4.67700172944341,9.64234063425853,42.8821552222824,5.93934876461297,4.51191798820542,17.9039605158396,18.158283935118,5.35815715228287,12.9778358802992,8.43568676708013,1.84888014851608,17.3914228065399,0,18.158283935118,0.558775389016419,0.212590987701973,5.16580907889466,0.000248903826504746,3.89837774748022,7.1470258703804,0.00186352079529731,0.0515410519498587,0.00799590002871569,0.624666606326516,4.00851767189439
"PBZN median",0.00056623617542655,0.00333847482379962,0,0,0,0.000141129728630839,-0.000115130286422646,0,0.000560390295297623,0.000761351402887811,0.00181672974038121,0.000118109292482365,0,-0.000244559123338822,-0.000160164789143106,-3.58445510459074e-05,-0.000105427643322023,-0.000368571459302656,0,0,0.000273562300308107,-0.000111466682529504,-0.000204588067501849,0,0,0,0,-0.000808039466970281,0,0,-8.77427568074622e-07,-0.000692156904198297,-3.48407466338397e-05,0.000322462968034613,-7.41308240069648e-05,0.000121146308216075,-0.000677556513791724,-0.000995138171222086,-0.00145055448162832,-0.000165741128058154,-0.0023015451541606,-0.000893314527500993,-0.0024684484457653,0.000369316014008891,0.000156650123892351,0.000662750524159947,0,0.000292949938788426,-6.38266175629666e-05,8.004115344818e-06,0,0,0,-6.18481936862214e-06,-1.48007452313585e-05,0,0,0,0,0,0,3.99820339069472e-08,5.37274088313542e-08,0
"PBZN min",-0.0393664418450551,-0.0216255169884413,-0.0393664418450551,-0.0865020679537653,-0.0865020679537653,-0.0142924670328546,-0.0252382891163022,-0.0865020679537653,-0.0260118124100191,-0.00617871913955467,-0.0432510339768827,-0.0165448844616988,-0.0865020679537653,-0.022449747176746,-0.0159376426077596,-0.0172434901270803,-0.0208831781706568,-0.0177056125910973,0,-0.0352561617468238,-0.0312327717013438,-0.0168413208598971,-0.0417663563413136,-0.0718715848662805,-0.0865020679537653,-0.0711874858601787,-0.0794581708520708,-0.019691314217805,-0.0935928323548357,-0.0711874858601787,-0.000636839015559162,-0.0669664596461032,-0.0130616346461465,-0.029470402346998,-0.0180622581572675,-0.0624655434026876,-0.0444146403928957,-0.0794581708520708,-0.0699588494936417,-0.0174500148570835,-0.0413772547438968,-0.0791586443856392,-0.0794581708520708,-0.0312327717013438,-0.00956663709230046,-0.0669664596461032,-0.0794581708520708,-0.0766003014406344,-0.0258323485269282,-0.00205982775710954,-0.00882376587540034,-0.0718715848662805,-0.0865020679537653,-0.0052207945426642,-0.00259457884024377,-0.0794581708520708,-2.95960870321153e-05,-0.000116993679671072,-0.000259283290081835,-0.000162281900035156,-1.85560575106923e-07,-3.09216970305099e-06,-0.00293251018541387,-0.0105694451821888
"PBZN max",0.0248460376400555,0.0311976107849452,0.0794581708520708,0.0930795496885052,0.0794581708520708,0.00481814081706365,0.0168367358833818,0.0699588494936417,0.0249873157456067,0.0275653979811557,0.0571005798996232,0.0180622581572675,0.0699588494936417,0.00675147333204335,0.0168367358833818,0.00439876527812081,0.00891574621782826,0.0119833970436023,0.0935928323548357,0.0437086845907362,0.0334832298230516,0.0148186215062381,0.0252382891163022,0,0.0791586443856392,0.0358360398571111,0,0.0280557180519404,0.0305140476290805,0.0358360398571111,0.00025005208250226,0.0794581708520708,0.0172434901270803,0.018646440631581,0.0177056125910973,0.0930795496885052,0.0930795496885052,0.0791586443856392,0.0865020679537653,0.00395803051519192,0.0227449086837488,0.0865020679537653,0.0732296769574017,0.0239571949554268,0.0718715848662805,0.0388289215472784,0.0636545108469213,0.0794581708520708,0.0138334715564,0.0146464760231703,0.0935928323548357,0,0.0732296769574017,0.00762643895528832,0.00580817835075217,0.0601838845425457,2.82321668043437e-05,0.00987278504140142,0.0144170113256276,0.00869550737573785,0.000103968831675199,1.73955459253331e-05,0.00246335573244004,0.000273421437321348
"MA_PAN median",0.0512280403466372,0.240844137021382,0,0,0,0.00679533530771143,-0.0237625133682959,0,0.0359143724736733,0.0513437909747538,0.275078973331727,0.018239053080212,0,-0.017350022378958,-0.010728151570882,-0.00262730486117646,-0.00684778855844181,-0.0107732418629662,0,0.0404753951393217,0.00391839799367264,-0.0040766983994295,-0.0130438747508083,0,0,0,0,-0.0683234889404384,0,0,-2.63477457305909e-05,-0.0633949702889879,-0.0110895828527513,0.0173165978659304,-0.0104234890608347,0,0,-0.0657465767275902,-0.0640817638893234,-0.0159637543513931,-0.0554080805699715,-0.0192759396164364,-0.0995797413631361,0.0080853526692546,0.00659620006785375,0.0299538835636693,-0.00341649119658137,0.0135827169113648,-0.0328027369391359,0.000571098214529537,0,0,0,-0.00449850956774954,-0.000574908342297801,0,0,0,0,0,0,4.77995719885792e-06,9.63237642747635e-05,0
"MA_PAN min",-1.2373519450568,-3.29685386923999,-5.44385803111858,-13.18741547696,-13.18741547696,-3.64463776181958,-7.16048100495412,-13.18741547696,-0.527496619078398,-0.941958248354283,-6.59370773847998,-0.791332130391398,-13.18741547696,-0.695342412680337,-2.46681596126055,-0.352402280180078,-1.43209620099082,-2.43119267083573,-5.4775224157722,-5.44385803111858,-1.34187894087489,-3.70022394189082,-1.48008957675633,-3.26497809228428,-13.18741547696,-2.78136965072135,-1.10235994830823,-6.14424670663977,-3.67144994909781,-2.78136965072135,-0.00880031913008844,-6.59370773847998,-2.36953821455531,-0.673783657363533,-4.73907642911061,-4.39580515898665,-1.12985005428085,-6.59275310171869,-7.40044788378164,-0.619506524415771,-1.45386278659362,-6.59275310171869,-7.41785145811157,-0.732634193164442,-0.609099452692255,-2.67334825400461,-1.05663949107346,-7.40044788378164,-2.44956046097624,-0.0682247790115768,-1.13577377088324,-1.05243440487364,-13.18741547696,-0.264643748636023,-0.260099006364522,-1.09279357442748,-0.0020300968299734,0,0,-0.625269823631806,0,-0.000877294903816972,-0.0464036117953195,-0.90495231648916
"MA_PAN max",1.79012025123853,7.40044788378164,6.59275310171869,5.36751576349954,7.40044788378164,1.60037309980852,2.19758436723956,7.40044788378164,5.75597279804007,7.16048100495412,7.40044788378164,4.73907642911061,0.997895172776567,0.342004532624089,2.38682700165137,1.05663949107346,0.941821871674099,0.960372449503122,2.78136965072135,5.16353671168973,2.28644197071242,0.716048100495412,7.16048100495412,0,4.73907642911061,6.14424670663977,0,1.34756731472707,5.4775224157722,6.14424670663977,0.0284807839508104,2.43119267083573,1.21487925393986,1.56508508472881,0.607439626969929,7.16048100495412,3.64463776181958,2.57124731386699,13.18741547696,0.151579488240919,1.318741547696,13.18741547696,1.17098219194085,0.693141178159176,2.5874778015895,2.73745520767753,0.619358063922462,6.59275310171869,5.2875417911954,0.292654252129619,2.76673311356857,0,2.78136965072135,0.130192810732177,0.0182450106542004,0.731920380061323,3.64586725486543e-05,1.19885595245091,2.19790257949333,0.000272962836359035,0.0158502589867307,0.00409997112674883,0.0436933504335599,1.05608306324179
"H2O2 median",0.0846950944150872,1.49719313453996,0,0,0,0.0549668446295159,-0.355108232862382,0,0.259821355672376,0.324293648991375,1.68849587999432,0.155190244705434,0,-0.103518748052281,-0.21174323372112,-0.035869695478678,-0.0164803875721767,-0.0173157511104798,0,0.467334868057688,0.0333563011981344,-0.02456715667925,-0.0411400320398036,0,0,0,0,-0.378951954910545,0,0,-3.53236261143106e-05,-0.459692868793693,-0.176298375517823,0.135634047402074,-0.116576510305703,0,0.206465375401109,0,-0.116903592005014,-0.106679830792973,-0.207323036715346,0,-0.21364466136048,0,0.00450558534052977,0,-0.116834097478049,0.000686467986405526,-0.372690012577943,0.00400097667281531,0,0,0,-0.00283278661567768,-0.000847809775262605,0,0,0,0,0,0,3.12964761619104e-05,0.000992225382372513,0
"H2O2 min",-13.4995369645169,-39.6544661195299,-52.8726214927066,-158.61786447812,-158.61786447812,-25.6815322663106,-43.6163497682957,-158.61786447812,-6.34471457912479,-11.3298474627228,-79.3089322390599,-8.31996924289597,-158.61786447812,-10.4850559100654,-14.6342162553366,-2.09060232219095,-8.72326995365914,-14.0154048475159,-42.94971807849,-39.6544661195299,-9.32578705514124,-21.951324383005,-8.78052975320198,-18.5058914041827,-158.61786447812,-24.1957542133801,-16.450165938776,-32.4113051432783,-19.8748028329004,-24.1957542133801,-0.0692779313888344,-79.3089322390599,-15.8988089316656,-7.0022380898992,-31.7976178633311,-52.8726214927066,-12.9743038885014,-41.2784358525805,-43.9026487660099,-10.9390971082066,-14.4352152206683,-41.2784358525805,-79.3089322390599,-8.81210358211777,-6.03090498662974,-16.450165938776,-14.12091033097,-43.9026487660099,-21.2396233478359,-5.07032917852799,-4.59101158354219,-16.450165938776,-158.61786447812,-8.46105799464807,-9.01689682136647,-16.450165938776,-0.0200051276975199,-6.12271964410444,-6.12271964410444,-6.16157933083613,-0.00447894633804275,-0.00534383114044299,-0.27743249020112,-4.38428529589507
"H2O2 max",14.4352152206683,43.9026487660099,41.2784358525805,27.1335657978016,43.9026487660099,13.4769767833483,13.7594786175268,43.9026487660099,37.1837077632086,43.6163497682957,43.9026487660099,31.7976178633311,10.7016117413955,7.73653377977487,14.5387832560986,5.57152860281603,7.73653377977487,9.32578705514124,15.1223995360095,32.7722468447455,13.4995369645169,4.36163497682957,43.6163497682957,0,31.7976178633311,32.4113051432783,0,14.0044761797984,42.94971807849,32.4113051432783,0.116605134216741,14.12091033097,8.56051075543685,14.7556552341191,4.28025537771843,43.6163497682957,25.6815322663106,19.4051952620899,158.61786447812,8.74968965499946,15.861786447812,158.61786447812,11.429700232497,5.24311657924474,15.7293497377342,31.723572895624,5.81802541847746,41.2784358525805,42.94971807849,0.75934703559828,15.6951389849497,0,15.1223995360095,1.35231386117434,0.397713166136339,9.00613108054847,0.000284587111388523,14.4198058616473,26.4363107463533,0.00213067837322297,0.190646471728509,0.0243227971002825,0.407095182445485,5.74867896098442
"N2O5 median",0,0,0,0,0,-3.38173566920518e-06,-0.000143159321753803,0,0.000461637850096609,2.68797858994945e-05,0,0.000112318727874173,0,0,-1.491831449998e-05,-3.10241134503521e-06,9.4977100202166e-06,0.000115717564039322,0,0.000950157709763895,7.59816801617328e-05,2.46922280767087e-05,1.20136000419755e-05,0,0,0,0,-0.000703654351860879,0,0,4.93683524494163e-07,0,-8.33804328180048e-05,0.000206477580745801,-8.13561987981086e-05,0.000803866447807563,0.000603724326513873,0.000148207148796432,0,-0.000106847487793385,0,0.000275227140995023,0.000274931528844166,0.000159111650554068,2.2438874667982e-05,0,0,0,-0.000387574956069458,3.63555898481387e-06,0,0,0,1.38776544631667e-05,4.54028575915678e-06,0,0,0,0,0,0,6.4687205705357e-08,9.92893946508629e-07,2.33967007531655e-08
"N2O5 min",-375.681648173587,-1220.96535656416,-1627.95380875221,-4883.86142625664,-4883.86142625664,-43.2200126217401,-1.0580572948907,-4883.86142625664,-195.354457050265,-348.847244732617,-2441.93071312832,-69.7694489465234,-4883.86142625664,-1.6149295553595,-0.786760552611037,-0.133989788435941,-0.344760242155398,-0.786760552611037,-0.124812057930547,-1220.96535656416,-106.170900570796,-0.319621474498234,-0.876676044338013,-0.967075214284586,-4883.86142625664,0,-3.55834153715029,-6.13673231036609,-30.6836615518304,0,-0.00453087905318889,-2441.93071312832,-0.557884755487826,-113.578172703643,-0.43216424720888,-1627.95380875221,-106.170900570796,-1220.96535656416,-8.95754788815444,-0.457965097788514,-7.67091538795761,-8.95754788815444,-2441.93071312832,-271.325634792035,-88.7974804773934,-8.49884846819397,-1.70464786399058,-488.386142625664,-1.53418307759152,-1.84924703758297,-14.1808523800692,-0.391929533007491,-4883.86142625664,-37.5681648173587,-0.0324694831236301,-2.31217097360809,-7.88777898083395e-05,-0.689042145242649,-1.27964969830778,-0.000590550991758772,-0.00480813091151607,-0.0209832929162476,-1.90403954240025,-0.0352299782602118
"N2O5 max",8.49884846819397,8.36298559339246,14.1808523800692,8.95754788815444,10.9731211157641,0.529028647445352,244.193071312832,8.95754788815444,1.09584505542252,1.70464786399058,10.2278871839435,0.667036120691966,8.95754788815444,65.1181523500885,168.409014698505,35.3903001902655,103.911945239503,203.494226094027,0.00160773289561513,14.1808523800692,1.50649364510822,119.118571372113,257.045338224033,0,14.1808523800692,0.0964168736999109,0,325.590761750442,14.1808523800692,0.0964168736999109,2.73452487472376,4.7269507933564,116.282414910872,0.511394359197174,60.2945855093412,7.09042619003459,1.6047629740669,2.83617047601384,4883.86142625664,56.1363382328349,488.386142625664,4883.86142625664,4.47877394407722,0.945390158671279,1.41808523800692,976.772285251327,1.1817376983391,0.895754788815444,406.988452188053,0.017453732395808,30.6836615518304,0,8.95754788815444,0.856287472500728,5.53098689270287,0.0278207448511665,0.0165954012313023,443.987402386967,813.976904376106,0.0909962604427783,5.8700257527123,0.000413359309602997,0.005022697913215,0.0423697209455721
"HONO median",-0.0172307754265002,0,0,0,0,-0.000944183721668158,0.0418379949516747,0,-0.00550238694965296,-0.00567781999068299,-0.0221484565147849,-0.0058730126031343,0,0.0704098788781173,0.0316479780077428,0.00570399603627922,0.0141203232961902,0.028985061128525,0,-0.0631194126779713,0.0253011996661926,0.0134643098989644,0.0338703609331114,0,0,0,0,0.0394277184796307,0,0,9.83333919189313e-05,0,0.0177152377557976,-0.00243450787267175,0.0143334968530389,0.0722112778395279,-0.0398718972482266,0.16432537444159,0,0.0152668822917472,0,0.0560592662649086,0.0188153724121203,0.0108072833054376,0.0017574299077601,0.00695331706158765,0.00266646229655028,0.0210999775502457,0.00417199023695259,-0.000598239335093736,0,0,0,0.00419609236009257,0.00117279278303937,0,0,0,0,0,0,-1.2013731175498e-06,-1.26379363858207e-05,0
"HONO min",-4.24421218358839,-12.7326365507652,-10.4309924709427,-39.4611872654583,-35.5588560861565,-40.3604165240032,-57.6042867152631,-39.2744299061677,-2.49976961841884,-6.09909222386209,-13.1537290884861,-15.3904359383833,-57.68852678361,-9.04067810434367,-23.3810640629578,-4.91341201323025,-14.4266139962931,-28.252119076074,-15.4591467850129,-10.4309924709427,-35.5588560861565,-26.8651679754255,-35.6868872539882,0,-26.8519865394561,-39.4611872654583,0,-45.2033905217183,-2.74830402746382,-39.4611872654583,-0.379647736744555,-39.4611872654583,-24.128183780093,-1.24988480920942,-48.2563675601861,-16.2741747506995,-3.93799634187315,-57.68852678361,-678.050857825775,-7.79368802098592,-67.8050857825775,-678.050857825775,-57.68852678361,-2.1659691181487,-6.49790735444611,-135.610171565155,-2.49976961841884,-53.7303359508509,-56.5042381521479,-0.570016145866047,-4.99910140034633,0,-7.16020123745033,-0.616872632819011,-1.58203695552593,-7.29054971999562,-4.91833191052019e-05,-61.6409870750705,-113.008476304296,-0.000368231132567742,-0.814964973348287,-0.00705761905357303,-0.0104304070195285,-2.335749499692
"HONO max",52.1577582942904,169.512714456444,226.016952608592,678.050857825775,678.050857825775,23.0344921537305,19.22950892787,678.050857825775,54.3390767815143,57.68852678361,339.025428912888,48.2563675601861,678.050857825775,1.00372043584736,19.2014289050877,3.84028578101754,8.24121811194428,6.71629199385637,0.419009039160813,169.512714456444,14.7402360396908,5.7604286715263,57.6042867152631,39.4611872654583,678.050857825775,21.5714634349131,6.54742636114789,3.04954611193104,39.4611872654583,21.5714634349131,0.056081151692274,339.025428912888,13.4534721746677,15.7686246005994,6.72673608733387,226.016952608592,40.3604165240032,169.512714456444,7.26309381980234,0.416628269736474,2.96323800717971,27.1695383907572,339.025428912888,37.669492101432,12.3281974150141,7.76272525450205,6.49385139640082,67.8050857825775,15.4591467850129,0.485462238940966,0.419009039160813,6.49790735444611,678.050857825775,5.21577582942904,0.243539259602546,6.54742636114789,0.00173052348560816,4.6812663453596,4.6812663453596,0.533001233567312,0.00342448159865369,0.0297674991417457,0.264347312992505,0.416628269736474
"ALK2 median",0,0,0,0,0,-0.048576787497477,1.40762429533351,0,-2.00775863639,-2.07892246970913,-4.11066704035436,-0.76921698314967,0,0.936540646772942,0.874722388673715,0.163049627098549,0.296953923646072,0.244314951332072,0,-8.27555552519979,0,0.272110109673812,0.684436478486618,0,0,0,0,3.5556409000935,0,0,-0.000221965880376352,4.50944468276527,0.731549484456754,-0.761247590101404,0.584296877308249,0,-1.63540031473925,0,2.02134643123702,0.580994839061084,2.23951023678796,0,0,0.376778523359219,0.360286134500785,1.26859396854122,0.705164886012941,0.826916480242719,2.27969688657353,-0.0243233956492837,0,0,0,0.0189706955373028,0.0172137338840678,0,0,0,0,0,0,-0.000305277471954034,-0.00484150659006026,0
"ALK2 min",-74.3060412924241,-325.765247761408,-260.271424583527,-264.042988872054,-325.765247761408,-16.6307175516071,-86.7571415278422,-325.765247761408,-212.780395077399,-297.224165169697,-325.765247761408,-159.887405583908,-164.010368035636,-30.4814398474757,-99.0747217232322,-78.0217551939602,-37.1816320833609,-91.277649266865,-33.3997075252348,-86.9609904980066,-105.321578887911,-32.4651872677273,-297.224165169697,0,-164.010368035636,-292.8680079239,0,-37.6317555337389,-89.0748781111475,-292.8680079239,-2.61254420588747,-113.794961331608,-58.4152600835516,-36.3233681884737,-17.805864376466,-297.224165169697,-106.835186258796,-107.81424489791,-107.81424489791,-33.0763302754358,-97.395561803182,-115.49106089323,-147.029318361311,-20.1294510145287,-53.8508424858195,-94.2608394351994,-62.2465186636848,-260.271424583527,-62.778629691741,-3.35015773199342,-45.4778812947399,0,-164.010368035636,-8.17617967959204,-1.50346955797435,-50.6765966420865,-0.00103020846851348,-0.544267294724929,-1.20621400452552,-0.00771307910981299,-0.00086324793360627,-0.177111890029474,-2.41043778458813,-80.5214193382628
"ALK2 max",53.0867574792847,38.4591173228217,86.9609904980066,86.9609904980066,89.0748781111475,106.835186258796,297.224165169697,37.7294671507723,16.1430424382408,10.7620282921606,37.6822242249289,29.8137577299528,297.224165169697,36.343755786426,106.562320501067,20.1303548345657,59.4448330339393,108.588415920469,89.0748781111475,81.8458934606648,66.0107472180136,159.8434807516,107.81424489791,163.706384549528,37.7294671507723,32.0697211165029,55.0634077842809,292.8680079239,185.113477198308,32.0697211165029,0.426166276358783,76.9589840178371,79.9437027919538,53.0867574792847,159.887405583908,62.2465186636848,40.1488566736062,260.271424583527,319.6869615032,36.8223730954409,58.4152600835516,260.271424583527,319.6869615032,25.5926639384225,9.18943410454338,104.165089159595,104.165089159595,325.765247761408,25.0330139973976,22.5329796991147,70.0610931017841,53.8508424858195,55.0634077842809,32.2860848764817,33.8089858025398,55.0634077842809,0.0266448087807894,107.81424489791,107.81424489791,6.75191401791066,0.197127846196678,0.0364156046520089,1.96816769860384,67.5216148456629
"ALK3 median",0,0,0,0,0,1.22249389829869,43.7700656718142,0,-38.8793237760101,-33.1500195071814,0,-13.4331833078462,0,12.4712964007792,14.1164809971507,2.39615544601082,1.54117927107766,-3.92965712794769,0,-247.964990028556,14.2442367407554,2.29745753883152,2.45297145884346,0,0,0,0,101.422539293894,0,0,-0.0759772607824314,77.45048144103,23.8571296514707,-12.0708110410427,20.3182006695865,0,-42.7469581065425,0,0,20.7865314259164,0,-8.982073435309,0,3.10776498827834,7.42305239015259,22.9320452416087,5.05383052165799,18.1071217214386,75.9910393875454,-0.374400220478428,0,0,0,-0.280525395770888,-0.106191319965742,0,0,0,0,0,0,-0.00781337917058576,-0.157944452168695,0
"ALK3 min",-4935.11662683027,-21023.7726743977,-17593.6581745689,-16068.922580604,-21023.7726743977,-2608.61664184519,-5864.5527248563,-21023.7726743977,-14735.8805323966,-19740.4665073211,-21023.7726743977,-11498.4385543045,-8679.96932701647,-1318.59721601023,-6580.15550244036,-3702.42908908643,-2513.37973922413,-4297.29710872685,0,-5609.92665303328,-6693.92171548892,-1974.04665073211,-19740.4665073211,0,-11498.4385543045,-18273.9511667216,0,-371.547908433325,-5684.20950250792,-18273.9511667216,-155.226715552083,-7007.92422479922,-2877.35519214477,-1388.48050474818,-1370.11708516538,-19740.4665073211,-8220.70251099229,-5190.24525127878,-5144.65181551012,-534.063370299557,-4595.66498528932,-7367.94026619828,-7585.57761744082,-1364.29184565909,-1280.97097414036,-4440.59490401734,-2358.31360614109,-17593.6581745689,-4665.58610424229,-210.203217672955,-873.23639773147,0,-8679.96932701647,-419.44409510753,-59.3170367677865,-918.97296734445,-0.0191845573188476,-28.7599220261108,-63.7382055713808,-0.143633073120168,-0.0456153502154949,-11.5917989594539,-40.0161649603898,-3810.74708463827
"ALK3 max",1754.90871345444,1421.05237562698,5609.92665303328,5609.92665303328,5684.20950250792,8220.70251099229,19740.4665073211,1654.74214021833,266.767879454116,212.163853421589,1121.98533060666,1269.62914174622,19740.4665073211,1639.22652701414,6974.39904060476,996.342720086395,3948.09330146421,7007.92422479922,5684.20950250792,5414.90287648273,4017.230645151,10461.5985609071,5144.65181551012,8074.39780024079,3587.05143574322,1654.74214021833,1063.87455142564,18273.9511667216,9809.62291783016,1654.74214021833,20.6119454440893,3073.96072992981,5749.21927715227,1754.90871345444,11498.4385543045,2804.96332651664,2803.41224952268,17593.6581745689,20923.1971218143,903.282360456268,2877.35519214477,17593.6581745689,20923.1971218143,1397.04043996875,667.090935718048,4946.5294298452,4946.5294298452,21023.7726743977,2078.7353410136,420.410013493579,4856.34542021174,1041.50046489711,1877.44471022895,1364.29184565909,1365.92097555417,1063.87455142564,0.476067363083739,5144.65181551012,5144.65181551012,69.3530671984948,10.4326554411256,2.41858202736107,32.4282583867425,2753.23237343576
"TBU_O median",-2.87622167574391e-10,0,0,0,0,-6.05570048207671e-11,7.36188102916401e-10,0,-3.43068758762973e-10,0,0,-2.87622167574391e-10,0,7.69638636841873e-10,0,4.97022701158336e-11,0,1.23445953450152e-09,0,0,-2.21139874816569e-10,0,0,0,0,0,0,4.38016510470872e-10,0,0,4.71152415391672e-12,-5.27559108034179e-10,1.98454591806706e-10,-2.74494156917129e-10,6.69574845091705e-10,0,7.30027517451454e-10,0,0,9.26728653674438e-10,-9.35254622905572e-11,5.4672497127417e-10,0,-2.83506559723866e-10,-3.38883594542657e-10,-8.90652491901479e-10,0,-6.94842866251913e-10,-2.2221264022128e-10,-2.00925004803152e-11,0,0,0,4.34852533017514e-10,2.30585267313825e-11,0,0,0,0,0,0,-3.19765178486283e-14,-3.85685519480867e-13,0
"TBU_O min",-0.0430158465332381,-0.139801501233024,-0.186402001644032,-0.559206004932095,-0.559206004932095,-0.00494872570736367,-1.97314556821845e-07,-0.559206004932095,-0.0223682401972838,-0.0399432860665782,-0.279603002466047,-0.00798865721331564,-0.559206004932095,-3.1838766558915e-07,-1.27138244927739e-06,-1.27138244927739e-06,-6.10925666468996e-08,-3.1838766558915e-07,-5.66814040658359e-06,-0.139801501233024,-0.0121566522811325,-2.32330187798937e-07,-2.32330187798937e-06,-3.83872956189471e-07,-0.559206004932095,-5.31177003003984e-07,-4.11821376464783e-07,-5.19320588689143e-07,-3.11592353213486e-06,-5.31177003003984e-07,-2.32315001637748e-09,-0.279603002466047,-4.36753959857975e-07,-0.0130047908123743,-8.73507919715951e-07,-0.186402001644032,-0.0121566522811325,-0.139801501233024,-2.26042496593528e-06,-2.54515452104739e-07,-7.78980883033714e-07,-8.74915306247625e-07,-0.279603002466047,-0.0310670002740053,-0.0101673819078563,-5.65106241483821e-07,-5.91943670465536e-07,-0.0559206004932095,-3.7112482275146e-07,-0.000211740251772849,-9.59870320289585e-07,-3.83872956189471e-07,-0.559206004932095,-0.00430158465332381,-3.58970330099948e-08,-4.11821376464783e-07,-1.9697177421903e-10,-1.73878843533483e-07,-4.52084993187057e-07,-1.08003986266408e-09,-1.84614910644829e-10,-2.40260367317764e-06,-0.000218014037010563,-4.03386043895962e-06
"TBU_O max",8.43213077091542e-07,8.74915306247625e-07,1.13021248296764e-06,2.26042496593528e-06,2.26042496593528e-06,8.25631759229879e-07,0.0279603002466047,9.66908815635869e-07,8.73507919715951e-07,8.74915306247625e-07,1.13021248296764e-06,9.66908815635869e-07,2.32330187798937e-06,0.00745608006576126,0.0192829656873136,0.00405221742704417,0.0118980001049382,0.0233002502055039,1.61782294785529e-06,7.53474988645095e-07,4.1281587961494e-07,0.0136391708520023,0.029431894996426,4.65129033717103e-07,2.26042496593528e-06,9.10444948389905e-07,0,0.0372804003288063,5.66814040658359e-06,9.10444948389905e-07,0.000313105265919426,1.13362808131672e-06,0.0133144286888594,3.26788563359153e-07,0.00690377783866784,1.61782294785529e-06,1.61782294785529e-06,1.16165093899469e-06,0.559206004932095,0.00642765522910454,0.0559206004932095,0.559206004932095,2.32330187798937e-06,3.1838766558915e-07,3.83872956189471e-07,0.111841200986419,1.27138244927739e-06,5.66814040658359e-06,0.0466005004110079,1.47029275697142e-08,3.11592353213486e-06,0,2.26042496593528e-06,8.25631759229879e-07,0.000633302383841557,1.26601052527195e-07,2.5169012012759e-10,0.0508369095392813,0.0932010008220158,7.75205569992978e-08,0.000672122602081845,2.84648600586789e-10,1.50549287687914e-09,4.60684822233314e-08
"ALK5 median",0,0,0,0,0,-0.0185911414499984,4.85352625045305,0,-5.89271320005412,-5.27035479534902,-6.88031401509705,-1.88194358189605,0,2.17194769870008,2.18712362220352,0.367560090362167,0.620728113580077,0.0654731503239073,0,-26.6338615783122,0.74188767220936,0.606742589985842,1.27994114605649,0,0,0,0,14.3506990428097,0,0,-0.00351383408494636,12.5676619933021,2.72943543669135,-2.28818819507931,2.13133158352681,0,-4.50552464842958,0,3.45070964585311,2.30160107188123,1.88951971550053,0,0,1.55305162423119,1.25032733760831,3.45070964585311,1.71771620063592,2.17737565267559,9.07992557490157,-0.0579355896452995,0,0,0,0,0.0188318297956257,0,0,0,0,0,0,-0.000985289971299701,-0.017174832474881,0
"ALK5 min",-393.686522316709,-1694.47541341218,-1395.34733978283,-1325.41199913809,-1694.47541341218,-171.576624752919,-465.115779927609,-1694.47541341218,-1159.87213273156,-1574.74608926684,-1694.47541341218,-894.926004029195,-741.097950346925,-95.7491104324295,-524.915363088946,-324.109952452178,-199.33533425469,-377.521657118765,-51.8561800512527,-447.485346935474,-542.694049079123,-157.474608926684,-1574.74608926684,0,-894.926004029195,-1492.3288493445,0,-77.9657804384322,-455.061294038536,-1492.3288493445,-12.3125201973076,-564.825137804059,-247.700463824601,-121.338156261326,-104.618362582807,-1574.74608926684,-627.710175496845,-454.126450102958,-454.126450102958,-77.1167538116347,-404.472519583666,-579.936066365782,-655.575123357441,-103.352173656241,-155.596797265393,-390.45926231519,-229.300975084824,-1395.34733978283,-355.537989788748,-14.58940601364,-131.114732530661,0,-741.097950346925,-35.2604173112019,-4.49357276766265,-140.778740540411,-0.00293893765648712,-2.38303392842817,-5.28131843597595,-0.0220035646532805,-0.0037796669657855,-0.929457039368702,-4.7951018428136,-333.77913367951
"ALK5 max",182.115620574864,123.617231844555,447.485346935474,447.485346935474,455.061294038536,627.710175496845,1574.74608926684,82.5885065801212,37.7711162028927,25.1807441352618,89.4970693870948,115.651165991986,1574.74608926684,143.051725113654,559.223318686836,83.4447834198775,314.949217853367,564.825137804059,455.061294038536,428.319052539065,331.352999784523,838.834978030254,454.126450102958,727.127841960957,251.52129603646,67.7549726638191,158.797317805885,1492.3288493445,856.517728381088,67.7549726638191,1.81844301574098,266.817314002374,447.463002014598,182.115620574864,894.926004029195,229.300975084824,187.460447829482,1395.34733978283,1677.66995606051,82.5885065801212,247.700463824601,1395.34733978283,1677.66995606051,110.812681775769,35.1979620439399,436.203629272039,436.203629272039,1694.47541341218,153.217674381989,51.576672270155,378.395955529988,155.596797265393,158.797317805885,103.352173656241,104.383565286554,158.797317805885,0.0745026603240788,454.126450102958,454.126450102958,19.2323674398485,0.890742728782362,0.192936301061852,3.86187827008249,260.375109437537
"ARO2 median",0,0,0,0,0,-0.0273161657726813,2.96585713492162,0,-3.38134484558955,-2.92907262576227,-3.92521096218799,-1.02448558718473,0,1.29112717709956,1.24075474354146,0.207564592239937,0.352968394018257,0.10167683926498,0,-14.8292856746081,0.754792503808108,0.34230848507915,0.759280524861274,0,0,0,0,8.26962133038804,0,0,-0.00178982550560982,6.62630483308627,1.62895042339359,-1.21474397676997,1.3044882196865,0,-2.64658943007052,0,1.962605481094,1.40387974435741,1.36964708542108,0,0,0.90857010161464,0.66899277263801,1.67369861117516,1.20910331309981,1.08184495406829,5.63382610280466,-0.0333248594018538,0,0,0,0,0.0118672995601618,0,0,0,0,0,0,-0.000515079260942578,-0.0101347222514775,0
"ARO2 min",-259.436855127073,-1111.84581470482,-921.225739790868,-862.49138202575,-1111.84581470482,-114.348525113254,-307.075246596956,-1111.84581470482,-767.042765158286,-1037.74742050829,-1111.84581470482,-592.735245686024,-493.088374562931,-63.1413033954407,-345.915806836097,-214.690084655526,-131.603677112981,-251.287296900579,-25.359212743951,-299.198779642132,-355.205534093067,-103.774742050829,-1037.74742050829,0,-592.735245686024,-974.079831302494,0,-41.3839140035622,-304.101874439105,-974.079831302494,-7.91047342687402,-370.615271568274,-162.704382175545,-75.706242956928,-69.3936256850635,-1037.74742050829,-416.361754110381,-301.073258753837,-301.073258753837,-41.7651614555415,-269.103113234073,-383.521382579143,-436.981980161631,-67.2887899575749,-89.4400423477312,-259.888080396267,-151.412485913856,-921.225739790868,-238.812751658962,-9.94233294512843,-74.167459148387,0,-493.088374562931,-23.2299601525188,-2.92559956337282,-80.8370911510239,-0.00164777402134607,-1.57253883392324,-3.48508606437043,-0.012336737437303,-0.00249416217372739,-0.611253830445664,-2.3439974004813,-221.444476214312
"ARO2 max",120.257051386311,76.1552550543228,299.198779642132,299.198779642132,304.101874439105,416.361754110381,1037.74742050829,50.782339150192,20.4638523821739,13.6425682547826,59.8397559284264,70.9265331060443,1037.74742050829,94.0738871321109,367.771054651474,55.3611190535781,207.549484101658,370.615271568274,304.101874439105,286.623125948487,215.622845506437,551.656581977212,301.073258753837,465.859103434083,170.632725521406,50.782339150192,91.6958192242989,974.079831302494,551.178681118066,50.782339150192,1.20338422594196,175.230803239074,296.367622843012,120.257051386311,592.735245686024,151.412485913856,125.716634858995,921.225739790868,1103.31316395442,45.8235934113273,162.704382175545,921.225739790868,1103.31316395442,71.1942608418662,23.0239434954825,289.640565189426,289.640565189426,1111.84581470482,103.300296244781,27.4707222238505,252.503321636904,89.4400423477312,91.6958192242989,67.2887899575749,67.7650422794169,91.6958192242989,0.0432342770734334,301.073258753837,301.073258753837,12.4456422408941,0.592654296349677,0.127143766296041,1.86452732959451,170.986315469784
"HNO4 median",0,0,0,0,0,0.00049085811140964,-0.00311932069024699,0,0.00211478963988486,0.000638074082685963,0,0.00410692066794929,0,0,-0.000281185188980255,-4.92282675069289e-05,1.5571514774435e-06,0.0035914749037255,0,0.000430392922659067,0.0028001731826927,0.00047279049976688,0,0,0,0,0,-0.00640539936663328,0,0,1.69211147520906e-05,-0.00137533938169834,-0.00181412654898251,0.00310057658473111,-0.00195512810593732,0.0412569067907297,0.0118729082302787,0,0,-0.00124516188243369,0,0.00265998264810149,0.00752759628610113,0.00533445319988915,0.00188256516210731,0.00883807528903314,0,0,-0.00806813640903133,5.36667076847734e-05,0,0,0,0.000112584698713438,0.000160052370956459,0,0,0,0,0,0,8.83422467538404e-07,9.85764400860744e-06,3.35413361937075e-09
"HNO4 min",-8.4433920425252,-7.40828522378801,-6.81469691104117,-2.25658289933901,-6.81469691104117,-0.148129684956582,-0.269703232280938,-1.74592283901868,-0.351665048028134,-0.444389054869747,-4.2216960212626,-0.255860364925006,-6.81469691104117,-0.309758950501871,-0.356440168868156,-0.0904312955259978,-0.268348017524641,-0.166212119781492,-0.323824622846176,-8.4433920425252,-0.851837113880146,-0.75219429977967,-0.536696035049283,-2.7578791556042,-5.51062799425495,-0.586270903243508,-3.93676763170759,-1.36293938220823,-6.81469691104117,-0.586270903243508,-0.00792406843647294,-2.58708886201686,-0.202123670942601,-0.342649092164997,-0.457360699149066,-6.81469691104117,-2.16765868370395,-1.1623347971633,-1.70367422776029,-0.202066992499128,-2.25658289933901,-1.025913052303,-1.70355027982956,-0.736981601569231,-0.567891409253431,-1.94777103922151,-1.1623347971633,-1.21335665455712,-0.340734845552059,-0.162923988531744,-8.4433920425252,-2.16808036676358,-3.93676763170759,-0.378594272835621,-0.0366108299271068,-3.48973848115603,0,-0.133984095866764,-0.133984095866764,0,-9.80132376494251e-05,-0.000276686430671041,-0.0142164656400458,-0.285654915529969
"HNO4 max",5.17417772403371,5.17417772403371,7.29380441665389,2.16808036676358,1.94777103922151,0.113578281850686,0.469077335695844,1.03012889674148,0.333704743061911,0.378594272835621,2.27156563701372,0.14365899614902,0.937479445759227,1.40723200708753,0.360543037686896,0.360543037686896,0.168511868736949,0.564145724834753,0.820383856723121,4.54730455718567,0.767581094775018,0.122368000616307,0.337735681701008,0,8.4433920425252,0.356663825843706,0,8.4433920425252,8.15211367377989,0.356663825843706,0.00243411856631548,2.81446401417507,0.277922326299728,0.276137685435724,0.26126592640122,4.2216960212626,4.07605683688994,2.1108480106313,1.74592283901868,0.228199784933113,1.68867840850504,1.74592283901868,1.45876088333078,0.527712002657825,1.25242527533064,6.81469691104117,1.12829144966951,1.1623347971633,0.767581094775018,0.0798085068790661,6.81469691104117,0,0.97761466472761,0.40317076757004,0.0646516296614819,1.03012889674148,0.00394759265557857,0.12470877421562,0.24941754843124,0.360669729629533,0.00102084535152301,8.57993215199201e-05,0.0142655461326607,0.361725182103991
"COOH median",0,-0.0337049906261114,0,0,0,-0.0144324679744479,-0.0330948773312251,0,-0.0185971960566066,-0.0220118471129896,0,0.0138436987207412,0,-0.00221619728973108,-0.0283345743879526,-0.00461788986017094,-0.00400445306368269,-0.00867787432767635,0,0.106680112042111,-0.0598095190549446,-0.0103149127723169,-0.0100458443965837,0,0,0,0,0.103905936691256,0,0,-8.09578081693407e-05,0,-0.0134427855569608,-0.0148692429859515,-0.00680046798763899,-0.180825199138506,0.0717494847901818,0,0.0672695495433262,0.0119151546431547,0.150464166479847,0,0.240478397649954,-0.0723995711953144,-0.0424105864045943,-0.0862971119722582,0,-0.122363112373288,0.00352702663826156,6.43311233388092e-05,0,0,0,-0.00157291259824984,-0.000400676477153469,0,0,0,0,0,0,1.83651791958117e-06,-1.85113834553446e-05,0
"COOH min",-20.2870933972788,-21.1672610817531,-33.8859909096677,-77.9256369093089,-77.9256369093089,-3.5736133564148,-17.4369834003502,-77.9256369093089,-3.68437245233544,-5.56611692209349,-38.9628184546544,-3.58396306358576,-77.9256369093089,-4.87122012379859,-24.3996194202644,-24.3996194202644,-11.0690127220318,-32.0271830551068,-2.24093690369428,-25.698269810751,-3.28487551153401,-11.9491410073856,-22.1380254440635,-7.05896368591001,-77.9256369093089,0,0,-1.72705228662728,-13.2166033925238,0,-0.228960038082861,-38.9628184546544,-17.4369834003502,-2.46362946577745,-2.75091208553043,-35.8474230221567,-14.1770077843394,-42.2622863666716,-42.2622863666716,-1.88120263624407,-35.8474230221567,-46.9494818643451,-66.9828479732295,-4.32920205051716,-4.24334601601267,-33.8859909096677,-14.1770077843394,-7.82595787355095,-2.13634345134558,-3.54943234138321,-3.35110392628858,0,-77.9256369093089,-2.53475613536317,-2.19534159285335,0,-0.00282107378504504,-0.172890338833407,-0.383162372549713,-0.868890725793873,-0.000274216784996893,-0.00186461649814453,-0.284091536467388,-25.698269810751
"COOH max",4.89503653501937,2.2078653864986,4.43963496100478,7.05896368591001,6.81468031239341,3.31107156862539,19.4848804951944,7.05896368591001,1.72705228662728,2.19534159285335,2.35298789530334,4.06017172681272,3.68437245233544,10.1435466986394,27.1105166795107,6.42456745268775,10.5655715916679,16.9429954548339,2.13634345134558,21.1672610817531,6.81468031239341,18.9520779879771,42.2622863666716,0.998705677681435,4.58203381643646,7.05896368591001,1.09024238710613,5.19504246062059,2.24093690369428,7.05896368591001,0.173245320532639,18.7492185067835,18.0697443562184,1.57601725423021,7.0885038921697,3.23047514484262,13.2166033925238,3.68437245233544,77.9256369093089,5.39685508704712,20.0232705825787,77.9256369093089,16.8422272231544,2.18647987938132,1.35339057560424,40.0465411651575,40.0465411651575,3.28487551153401,6.49380307577574,1.38998033509372,2.3062813652664,0.840043397999394,1.77623695563313,6.03746948095309,2.58601502292838,1.12806101011833,0,42.2622863666716,42.2622863666716,0,0.093660621285227,0.000382791062617304,0.347484154167113,1.70447099130324
"HOCOO median",4.36263264155013e-08,0,0,0,0,3.31876143994886e-08,-1.93119039497329e-07,0,1.36184101414073e-08,0,0,7.12265758203049e-08,0,-3.56529867191527e-08,-1.01601356461258e-07,-2.28273231479322e-08,-2.21596064080889e-08,-4.86865380059634e-08,0,0,3.5914266928029e-08,-2.99453315867717e-08,-5.19604564051739e-08,0,0,0,0,-1.74124187119201e-07,0,0,-2.22501420941873e-10,-4.71885490022414e-07,-7.57453146187755e-08,5.09995789433427e-08,-4.67072268033054e-08,0,-1.47960000333073e-08,-3.72429465409521e-08,0,-2.49409790825067e-08,0,-2.0047171323095e-07,0,2.18131632077507e-08,1.11850367639218e-08,2.1307705676516e-08,0,0,-1.11114850805769e-07,2.54205380998222e-09,0,0,0,-7.30587464771675e-09,-1.56828782844937e-09,0,0,0,0,0,0,1.7063901364916e-11,9.25020764506798e-11,0
"HOCOO min",-2.95377391412746e-05,-3.81549060397685e-05,-9.02099771505799e-05,-4.53468983710667e-05,-4.53468983710667e-05,-3.97637748056666e-06,-1.04250922242036e-05,-5.19552205799755e-05,-1.91433814892894e-05,-1.433138689407e-05,-1.957163961022e-05,-3.19398876236584e-06,-3.10529850338987e-05,-2.95377613019103e-05,-6.56394695598007e-06,-1.33685683359e-06,-6.55827281068829e-06,-6.81640645428699e-06,0,-3.66522136093343e-05,-1.61115061646783e-05,-1.51156327903556e-05,-1.31165456213766e-05,-2.07149558027216e-06,-0.000177226567811462,-5.56453604544245e-05,-1.45414092088358e-05,-0.000177226567811462,-0.000125717714180423,-5.56453604544245e-05,-5.66035068948682e-07,-5.90755226038206e-05,-5.06361622318462e-06,-8.05730814159248e-06,-1.53772045809329e-05,-8.86132839057309e-05,-6.28588570902115e-05,-4.63182027279177e-05,-3.54453135622924e-05,-4.92296021698505e-06,-4.53468983710667e-05,-1.96375112609283e-05,-3.10529850338987e-05,-1.10766604882164e-05,-1.96918408679402e-05,-8.86132839057309e-05,-2.21533209764327e-05,-1.57415818801219e-05,-1.77226567811462e-05,-2.52652347751229e-06,-3.914327922044e-05,-2.07149558027216e-06,-4.53468983710667e-05,-1.99130975069058e-06,-4.58049478495623e-07,-1.45414092088358e-05,-3.00139131991296e-08,-6.50850053191396e-08,-1.44242444220796e-07,-7.39871300121964e-06,-1.03229602246991e-10,-3.42434319712187e-09,-3.97064243570572e-08,-1.15997097000174e-05
"HOCOO max",0.000177226567811462,0.000177226567811462,3.30261921372966e-05,5.70072081074707e-05,3.05961315134042e-05,3.19398876236584e-06,1.22604900194361e-05,2.64340542598888e-05,1.65669203092896e-05,9.32771409534009e-06,8.86132839057309e-05,6.02518550470593e-06,3.30261921372966e-05,5.2487774502203e-06,5.18731184437385e-06,5.18731184437385e-06,2.88522840984227e-06,1.13367245927667e-05,5.70072081074707e-05,0.000177226567811462,6.77303784821956e-06,4.04703725415772e-06,1.15409136393691e-05,3.86934250212717e-05,2.64340542598888e-05,6.30339381986882e-06,3.914327922044e-05,9.5716907446447e-06,3.914327922044e-05,6.30339381986882e-06,6.85336280990403e-08,1.957163961022e-05,5.12573486031097e-06,1.65463791807635e-05,8.6444629709902e-06,5.70072081074707e-05,5.47720669445918e-05,1.91433814892894e-05,3.10529850338987e-05,5.90947930397045e-06,1.56113279259373e-05,3.10529850338987e-05,2.23095961053863e-05,9.74413642126176e-06,2.64238037825179e-05,3.48566182699588e-05,3.38714258954897e-05,1.45414092088358e-05,6.47812833872381e-06,2.56659326867037e-06,0.000177226567811462,3.25534706689638e-05,5.41046344504981e-05,2.09481952802604e-06,2.65627297871684e-06,3.914327922044e-05,1.519752030963e-10,1.15409136393691e-05,1.15409136393691e-05,1.13782481899324e-09,8.44251180641485e-09,1.75291351293185e-09,3.75241515586411e-08,5.34742733436002e-06
"BZNO2_O median",0,0,0,0,0,8.10550570110449e-15,0,0,0,0,0,8.39577141418025e-15,0,0,0,9.69287063239683e-16,0,0,0,0,-1.66791519937145e-15,0,0,0,0,0,0,0,0,0,2.60831864212811e-17,0,0,2.40555683086222e-15,-8.34854494120632e-15,0,0,0,0,0,0,0,0,9.41052089660623e-15,6.59633907159345e-14,1.09099448003614e-13,0,-2.30764966549557e-14,1.81128629223421e-13,-3.79162292384935e-16,0,0,0,0,1.57624225703889e-15,0,0,0,0,0,0,1.14049913663922e-18,-1.49377420193166e-16,0
"BZNO2_O min",-0.54765613766166,-1.77988244740039,-2.37317659653386,-7.11952978960157,-7.11952978960157,-0.0630046884035537,-1.04425078677762e-07,-7.11952978960157,-0.284781191584063,-0.508537842114398,-3.55976489480079,-0.10170756842288,-7.11952978960157,-1.94926813531822e-07,-8.12195056382592e-08,-1.36630944064361e-08,-3.56573439387479e-08,-8.12195056382592e-08,-1.26156995737953e-08,-1.77988244740039,-0.154772386730469,-3.24878022553037e-08,-8.86030970599191e-08,-2.94012101763384e-07,-7.11952978960157,-1.70726287423481e-09,-2.94012101763384e-07,-5.84780440595466e-07,-2.92390220297733e-06,-1.70726287423481e-09,-4.27034059146682e-10,-3.55976489480079,-5.62288885187948e-08,-0.165570460223292,-4.49831108150359e-08,-2.37317659653386,-0.154772386730469,-1.77988244740039,-7.30975550744333e-07,-4.87317033829555e-08,-9.7463406765911e-07,-1.90884065553377e-07,-3.55976489480079,-0.395529432755643,-0.129445996174574,-9.44140739494535e-07,-1.71994247233961e-07,-0.711952978960157,-1.53889589630386e-07,-0.00269577046179537,-9.44140739494535e-07,-1.49260035673948e-08,-7.11952978960157,-0.054765613766166,-3.46844863935626e-09,-2.94012101763384e-07,-5.58000797246823e-11,-1.36345761109555e-08,-2.72691522219111e-08,-3.16044149028873e-10,-4.60961278805548e-11,-3.05887423828209e-05,-0.00277564514214486,-5.13570836310238e-05
"BZNO2_O max",9.44140739494535e-07,1.47006050881692e-07,9.44140739494535e-07,5.20218627356959e-07,9.44140739494535e-07,5.31618582359515e-08,0.355976489480079,1.90884065553377e-07,1.04425078677762e-07,1.62439011276518e-07,9.7463406765911e-07,7.30975550744333e-08,9.44140739494535e-07,0.0949270638613543,0.24550102722764,0.051590795576823,0.151479357225565,0.296647074566732,5.20218627356959e-07,5.20218627356959e-07,1.18017592436817e-07,0.173647068039063,0.374712094189556,2.64011177483435e-08,1.90884065553377e-07,1.90340437800297e-08,3.8199457349907e-08,0.474635319306772,9.44140739494535e-07,1.90340437800297e-08,0.00398629887435698,3.14713579831512e-07,0.169512614038133,5.12965298767953e-08,0.087895429501254,9.44140739494535e-07,1.21829258457389e-07,1.34877248499219e-07,7.11952978960157,0.0818336757425468,0.711952978960157,7.11952978960157,1.88828147898907e-07,7.26262107303489e-08,7.86783949578779e-08,1.42390595792031,5.2452263305252e-08,5.55376905585021e-08,0.593294149133465,1.90979895687611e-09,2.92390220297733e-06,2.64011177483435e-08,1.90884065553377e-07,5.2452263305252e-08,0.00806288764394289,3.8199457349907e-08,4.9469472152018e-11,0.64722998087287,1.18658829826693,3.51965074611178e-10,0.00855712715096343,4.21414785030531e-11,5.06566563232386e-10,2.09018434385353e-09
"MEOH median",0.13126561311372,1.34545494743693,0,0,0,0.0374879042643288,-0.124228239506498,0,0.240646894964691,0.319767931681388,0.947734526292926,0.098210759392725,0,-0.0927702749371383,-0.07119802743717,-0.0128371400894451,-0.0112179598939556,-0.0199560958595104,0,0.27333283603641,0.1494238420834,-0.0118411798880642,-0.0257512200563851,0,0,0,0,-0.638480020941242,0,0,2.57857773599762e-05,-0.188520748908364,-0.0652813780900654,0.132403264073334,-0.101446767050897,0,0.103488614612066,0,-0.417385129550695,-0.137976865126072,-0.543510395325365,0,-0.355674751656143,0.12231408613063,0.0478033705454378,0,-0.137039953771011,0.143410111636313,-0.261266923190699,0.00311936796817576,0,0,0,-0.00222362621589087,-0.00103963648295054,0,0,0,0,0,0,3.81342291572106e-05,0.000939884612714725,0
"MEOH min",-13.4783211629364,-29.65230655846,-129.072226840886,-148.2615327923,-148.2615327923,-113.742651220545,-194.603127619251,-108.187184171735,-4.70137213327119,-7.57443288138136,-37.065383198075,-38.3681628220776,-194.603127619251,-26.5118656966907,-68.5651699052346,-14.408622661245,-42.306168664932,-82.8495803021585,-146.87517746855,-129.072226840886,-33.0196995951794,-97.8188786861954,-104.652101434305,-34.9476871671474,-144.640536747685,-108.187184171735,-6.83405760581736,-142.404207840042,-51.28098144275,-108.187184171735,-1.11332022802453,-14.6075316277409,-70.5774716591651,-3.97119356507001,-141.15494331833,-74.1307663961499,-10.4229839239471,-184.081430792202,-1988.3899272518,-22.8550566350782,-198.83899272518,-1988.3899272518,-195.637757372391,-3.90920369588337,-1.98137721572171,-397.677985450361,-39.2879730920683,-195.637757372391,-165.699160604317,-1.93601846974228,-12.0766749616769,-6.4218974991433,-6.83405760581736,-7.14410889233905,-4.29918722472011,-6.83405760581736,-0.00266100560746813,-180.762720659255,-331.398321208634,-0.135423785375402,-2.38989173948534,-0.0238425787330619,-0.288721146607431,-10.5914204094861
"MEOH max",152.953071327062,497.097481812951,662.796642417268,1988.3899272518,1988.3899272518,60.2362730057009,61.360476930734,1988.3899272518,165.507185265311,194.603127619251,994.194963625902,141.15494331833,1988.3899272518,5.91350255480082,64.867709206417,14.0808988978707,26.2973472560289,24.4547196715489,24.58511577878,497.097481812951,56.2084453423803,19.4603127619251,194.603127619251,24.1782471465691,1988.3899272518,142.404207840042,0,7.94238713014002,148.2615327923,142.404207840042,0.232038991017021,994.194963625902,37.9142170735151,46.2416262151582,18.9571085367575,662.796642417268,113.742651220545,497.097481812951,50.0087622463734,3.3326455791276,26.5463724156738,86.3506551345868,994.194963625902,110.466107069545,36.152544131851,23.6438836093301,14.2178314025681,198.83899272518,146.87517746855,1.37696797454448,24.58511577878,0,1988.3899272518,15.2953071327062,0.510476889878821,8.3117432565042,9.9412712548209e-05,0.0803264364372615,0.17802075102312,0.000744294130596538,0.00012740363226026,0.10838656918138,0.775200751365225,14.9762452831429
"ALK4 median",0,0,0,0,0,-0.135258956232158,3.00378504153311,0,-4.14840414641148,-4.84419223306648,-9.82288918408042,-1.63296229213399,0,2.08653572207261,1.9485639833237,0.351806318617944,0.72007560595182,0.555622513018234,0,-16.9645043757122,0.127129274973432,0.66683802316565,1.57950587177518,0,0,0,0,7.70467307462398,0,0,-0.000558868729883037,9.09120216748877,1.56403368582644,-1.51664363112274,1.24678308554683,3.20589783509723,-3.53575991511346,0,4.41357007640296,1.24974087663016,4.98214931033951,0,0,1.4468685408365,0.803430346802474,2.61287091239047,1.94160149330899,1.57360860278349,4.64939103432808,-0.0520108060146576,0,0,0,0.0450924809949337,0.0386927738602624,0,0,0,0,0,0,-0.000718894189270706,-0.0117160702636439,0
"ALK4 min",-197.335973780089,-856.264856129348,-695.674063130786,-681.21225689231,-856.264856129348,-64.7363724832238,-231.891354376929,-856.264856129348,-573.771641960692,-789.343895120354,-856.264856129348,-437.109452754603,-406.194492868914,-60.3518528046684,-263.114631706785,-177.589778365937,-99.3820090186837,-211.736231793735,-64.67704243648,-228.765944458299,-275.400570294794,-78.9343895120354,-789.343895120354,0,-437.109452754603,-761.293422604455,0,-76.7654405106148,-233.513940286357,-761.293422604455,-5.59129568698339,-285.421618709783,-128.689132642345,-72.8327646650807,-49.9158678961951,-789.343895120354,-299.495207377171,-255.343039100913,-255.343039100913,-67.0904542595328,-227.777354352119,-286.885820980346,-361.452893309907,-43.9832160076645,-131.949648022994,-219.540943406874,-141.201439072744,-695.674063130786,-173.000343551477,-6.39672258577303,-112.82005474719,0,-406.194492868914,-17.7003206461202,-3.04956610270604,-116.040768934525,-0.00263507270493186,-1.16985320659108,-2.59264764703969,-0.0197285548065579,-0.00185547317099552,-0.467858656277248,-4.16243565920087,-183.95166633607
"ALK4 max",117.173757707339,78.9524642670343,228.765944458299,228.765944458299,233.513940286357,299.495207377171,789.343895120354,77.5070757290637,32.43411791382,21.62274527588,77.5070757290637,63.4272908145146,789.343895120354,76.3737408726718,281.494958193478,45.9879165840175,157.868779024071,285.421618709783,233.513940286357,217.048391916324,170.303064223078,422.242437290217,255.343039100913,399.728496287753,110.687461767934,61.0502089200471,133.902907954987,761.293422604455,460.037893048663,61.0502089200471,1.01795386057288,161.977301126008,218.554726377301,117.173757707339,437.109452754603,141.201439072744,85.8703598912826,695.674063130786,844.484874580433,76.33549321019,128.689132642345,695.674063130786,844.484874580433,63.0538530030874,21.0886432586017,245.660971091677,245.660971091677,856.264856129348,71.7446013473179,42.6815786216701,188.41518770051,131.949648022994,133.902907954987,64.8682358276399,69.1920722888737,133.902907954987,0.07219138183689,255.343039100913,255.343039100913,22.2349456057621,0.488214534698214,0.0967096171429005,3.35940545878775,155.631870206804
"ARO1 median",0,0,0,0,0,0.286262654796056,8.61888613878968,0,-7.95292095452034,-6.46733848301827,0,-2.64927430482377,0,2.54427700701859,2.87257283991947,0.487710809834263,0.221973468302502,-0.966760194334332,0,-51.9763828453318,3.41099596913452,0.392564066587626,0.449930909963743,0,0,0,0,21.1062806133198,0,0,-0.0172524648828189,14.6771944445661,4.72980479030244,-2.47259434322182,4.25491409601274,0,-8.61014149067725,0,0,4.38378329656894,0,-2.54873142142687,0,0.320298634993002,1.35513348996493,4.20245273904653,0.865420965723129,3.55462268323289,15.6094069408006,-0.0766110656579685,0,0,0,-0.0712048649500501,-0.0245563008577763,0,0,0,0,0,0,-0.00155554828255693,-0.0324234827675485,0
"ARO1 min",-1081.59698959549,-4603.54310353819,-3857.85547005907,-3511.33873186838,-4603.54310353819,-581.259011694324,-1285.95182335302,-4603.54310353819,-3233.40015204943,-4326.38795838197,-4603.54310353819,-2525.59195009106,-1888.54858196129,-286.125837546,-1442.12931946066,-800.208870980798,-551.122210008439,-928.904270336038,0,-1228.94946421096,-1465.00766042767,-432.638795838197,-4326.38795838197,0,-2525.59195009106,-3996.7774554655,0,-72.7585494927579,-1244.75077109639,-3996.7774554655,-33.5250317767434,-1534.51436784606,-621.467942020846,-300.028373065907,-301.462341548813,-4326.38795838197,-1808.77404929288,-1145.94528411187,-1114.53841784594,-103.450851130113,-993.987614039537,-1616.70007602471,-1649.38272500877,-295.406847610826,-278.860445470078,-960.118682432131,-508.676565158485,-3857.85547005907,-1026.63302226949,-45.7808314369227,-178.570090674958,0,-1888.54858196129,-90.4815358508585,-12.8437759830794,-188.126559368769,-0.003906646322583,-6.20337274583519,-13.7480152745537,-0.0292487133052026,-0.00983900512879082,-2.5393713067309,-7.70168248033793,-823.547731425586
"ARO1 max",373.14406010831,311.187692774098,1228.94946421096,1228.94946421096,1244.75077109639,1808.77404929288,4326.38795838197,379.26981517558,51.8462533853705,46.6651373758858,245.789892842193,275.827388989819,4326.38795838197,354.403552016004,1527.85506954976,218.26500993568,865.277591676394,1534.51436784606,1244.75077109639,1187.23026480277,877.834682967096,2291.78260432464,1114.53841784594,1749.82374086501,795.147399533317,379.26981517558,218.443186336398,3996.7774554655,2132.29227279939,379.26981517558,4.47072683720094,664.350940803079,1262.79597504553,373.14406010831,2525.59195009106,624.05825156186,624.05825156186,3857.85547005907,4583.56520864927,195.61960693312,621.467942020846,3857.85547005907,4583.56520864927,301.72528599069,162.742459103711,1070.92812110212,1070.92812110212,4603.54310353819,458.811400434429,82.5677729332557,1066.1999209713,213.719268589562,424.407690828213,295.406847610826,295.605755786556,218.443186336398,0.0971419740801615,1114.53841784594,1114.53841784594,13.6100805443496,2.26989012254963,0.530064684927955,6.22946429584377,591.663575994655
"DCB2 median",0,0,0,0,0,-0.000219458879377275,0.00552870783403813,0,-0.00164482778692614,-0.000997728029529599,-0.00246891239299435,-0.00342212526620449,0,0.00206836742867738,0.00305211962098677,0.000518026303999313,0.000686555594032891,0.00111269354894986,0,-0.0207947658204634,0.00124113117379936,0.000790396281464105,0.00169212464552405,0,0,0,0,0.00400144293592795,0,0,8.6267094138251e-06,0.0100870342326155,0.00282275471503754,-0.00112225580572778,0.00216587820949906,0.00811925894212288,-0.00581593289342792,0,0,0.00126378883740416,0,0,-0.00537801881992432,0.0045911009599621,0.000896336469987386,0.00191852808903766,0.00193682237203647,0.00175451591430652,0.00863491880033294,-4.51422074713625e-05,0,0,0,0.000233169766278781,3.10020211544484e-05,0,0,0,0,0,0,-1.1165484333947e-06,-1.54450753966818e-05,0
"DCB2 min",-0.454551757866946,-0.464017381151746,-0.571548585337844,-1.52693582369865,-1.52693582369865,-0.329969056831079,-0.417387123319873,-1.52693582369865,-0.376893232745715,-0.239414735531084,-0.763467911849325,-0.337875800848013,-1.52693582369865,-0.201433668346028,-0.492141479772356,-0.492141479772356,-0.236778872183981,-0.554004998315757,-0.256950174428689,-0.501940640430557,-0.544736283330332,-0.197051879090087,-0.473557744367962,0,-1.52693582369865,-0.633593304862521,0,-0.29474241818324,-0.42427529304117,-0.633593304862521,-0.00194016674499981,-0.763467911849325,-0.417387123319873,-0.285457975172051,-0.325372541551237,-0.591155637270262,-0.360833791177931,-0.662436007733211,-0.662436007733211,-0.230758302019402,-0.591155637270262,-0.717596571864757,-0.882469385083814,-0.0848297679832584,-0.139264352506833,-0.571548585337844,-0.360833791177931,-0.320571848078299,-0.218505477218129,-0.0178621549214466,-0.29474241818324,0,-1.52693582369865,-0.0796840067478925,-0.0766028555607362,0,-4.14783299356093e-06,-0.00414684152208527,-0.00919029742732411,-3.10544564439379e-05,-6.5771954508896e-06,-2.45104240466888e-05,-0.00747873186451945,-0.501940640430557
"DCB2 max",0.353062916837371,0.345609555229622,0.351545954772387,0.355775870230549,0.389355228922706,0.332019538572845,0.445274245904527,0.330057844570592,0.325372541551237,0.325372541551237,0.329969056831079,0.329969056831079,0.184230012766363,0.271070095431948,0.512686839136707,0.125485160107639,0.21190815909572,0.285774292668922,0.42427529304117,0.464017381151746,0.247893875336159,0.306432717250635,0.662436007733211,0.633593304862521,0.337875800848013,0.242973537248559,0.186568577672156,0.386831134475095,0.633593304862521,0.242973537248559,0.0068488981634009,0.544736283330332,0.426887313123299,0.353062916837371,0.170020502405496,0.360833791177931,0.355775870230549,0.332019538572845,1.52693582369865,0.277669459355058,0.417387123319873,1.52693582369865,0.407360287921798,0.0961219043620361,0.13952393411393,0.636688329405575,0.636688329405575,0.294093745432708,0.127244651974888,0.115533696182259,0.42427529304117,0.172127237088305,0.186568577672156,0.221721944438881,0.239414735531084,0.186568577672156,0.000478980252956746,0.662436007733211,0.662436007733211,0.147525917910678,0.00183525940348395,6.08771816705685e-05,0.00571096879900535,0.381796491184861
"DCB3 median",0,0,0,0,0,0.000527512581331896,0.00822514262061641,0,0,0,0,-0.00853880537783207,0,0.00168229794592706,0.00524081835125611,0.00097652854143831,0.00131894508378113,0.0026906404435128,0,0,0.0061083317714068,0.00235143603389266,0.00367167514365673,0,0,0,0,-0.00399402383008436,0,0,1.40355253378687e-05,0.075240717135285,0.00453602919805337,0.00223912968391094,0.00256819300183904,0.188697979491579,-0.00102169198401083,0,0,-0.00133956104955369,-0.00319961088650838,0,-0.0254255353623718,0.0186146318142399,0.00840618220754805,0.034644994997706,0.0215548303106827,0.0111687790885439,0.0256044446111813,-4.65704385551921e-05,0,0,0,0,9.76798816242407e-05,0,0,0,0,0,0,-1.95688244914144e-06,-1.87490174554815e-05,0
"DCB3 min",-1.58309422981477,-1.58051799460337,-0.845766231808947,-2.53729869542684,-2.53729869542684,-1.60106127961463,-0.908855782370218,-2.53729869542684,-0.547223564432693,-1.14749530176507,-1.58962940766482,-0.254276828173891,-2.53729869542684,-0.940605668029715,-0.454471733807037,-0.454471733807037,-0.940605668029715,-1.19897460267504,-1.56489333493404,-1.38067899464307,-1.54897496783098,-0.543946357145414,-0.846352324895397,-3.2300847211981,-2.53729869542684,0,0,-1.59151059780149,-3.2300847211981,0,-0.0114643147234677,-3.09559033274214,-0.290035275317811,-1.58962940766482,-0.469206178295233,-0.845766231808947,-1.38456630368407,-0.990273544641389,-1.08789271429083,-1.09444712886539,-1.4246209822833,-1.4246209822833,-1.67075347012175,-0.276410586470803,-1.32462783845058,-1.1914956997266,-0.430940452197833,-1.26852697655203,-0.893421447397397,-0.0914524046583655,-1.54897496783098,0,-2.53729869542684,-0.165045590773565,-0.133895317707426,0,-1.72893029798288e-05,-0.00219852710280186,-0.00487241141702034,-0.000129443472571493,-3.48702557891204e-06,-0.000111352092914754,-0.0460537160340842,-0.476978769674464
"DCB3 max",1.54897496783098,1.29628008523296,1.58962940766482,3.2300847211981,3.09559033274214,0.397407351916205,0.346365520154863,3.2300847211981,0.592425892186863,0.908855782370218,1.49479184113293,0.469206178295233,0.516743681481351,1.3416813964861,0.500827281947508,0.282354786884482,0.990273544641389,1.38456630368407,0.893421447397397,1.26313791799021,3.09559033274214,1.04155503169734,0.990273544641389,0.411568235013299,1.83849102241795,3.2300847211981,0.481247902266218,1.58051799460337,1.58962940766482,3.2300847211981,0.012468544781725,3.2300847211981,0.308227745178486,0.784566275807121,0.379406320297294,1.4549563127081,1.52407740984098,1.43082207543567,2.53729869542684,1.38456630368407,1.58309422981477,2.53729869542684,1.29628008523296,0.252627583598043,0.30969051366777,1.26313791799021,0.77058048831241,1.52407740984098,0.511132041836009,0.604023576035125,0.505886684356173,0.34927424825011,0.481247902266218,1.04155503169734,1.14749530176507,0.460880003001263,0.00108609188164696,0.832753767305368,0.832753767305368,0.334516299547264,0.00304963785508034,0.00060271064503647,0.0364215377679435,0.298234498677265
"CRES median",0,0,0,0,0,0.000236657487433664,0.000985117590983528,0,0.000170502234428217,0.000194328403750979,0,-0.000417055286135875,0,0,0.000322834071380234,0.000113378656537298,0,-0.000616274363531638,0,0.000475025885390694,0.00112431361929207,0.000127922966180359,0,0,0,0,0,-0.000916641373341042,0,0,4.30880178252449e-06,0.0184517034854861,0.000394701005017403,0.00105799869056386,0.000696495454131985,0.0395930066468204,0,0,0,-0.000271991939632293,-0.0117463479182022,0,-0.00440291970926177,0.00455605078109263,0.00161561189852647,7.17409047511631e-05,0.000161417035690117,0.000446496706467678,0.00342191058528334,8.37596949392197e-07,0,0,0,0.000216411729551883,-1.96934713527366e-05,0,0,0,0,0,0,-1.58363340138473e-07,-2.25061804638276e-06,0
"CRES min",-0.327749864763939,-0.317763488281484,-0.344188208321158,-0.317763488281484,-0.340249161713451,-0.419978475014993,-0.558397033587588,0,-0.291509920661945,-0.118779019940461,-0.312756830439891,-0.183620081752603,-0.594719265099028,-0.0822034247513078,-0.1582145505892,-0.0842898587087183,-0.1373618121971,-0.183053244246312,-0.317763488281484,-0.326491355293938,-0.255189873490749,-0.237321825883801,-0.274723624394199,-0.357472416161113,-0.344188208321158,-0.054901380638921,-0.415858864747561,-0.292885190794099,-0.432318135572822,-0.054901380638921,-0.00299815805255825,-0.356092145193669,-0.25599452260453,-0.290685099305537,-0.51198904520906,-0.231819580899261,-0.182454171577682,-0.594719265099028,-4.39327786191148,-0.108683433025552,-0.439327786191148,-4.39327786191148,-0.594719265099028,-0.115909790449631,-0.298282699730511,-0.878655572382296,-0.415858864747561,-0.474643651767601,-0.366106488492623,-0.00680074376861494,-0.255189873490749,-0.333687080690061,-0.415858864747561,-0.0343404530492749,-0.0161893226533039,-0.415858864747561,-0.000421282996721123,-0.399388896537407,-0.732212976985246,-0.00230998797530978,-0.00528038204556668,-6.84142408218069e-05,-0.000334103503821738,-0.0695684341720053
"CRES max",0.337944450916268,1.09831946547787,1.46442595397049,4.39327786191148,4.39327786191148,0.241896993896722,0.198239755033009,4.39327786191148,0.576694267486618,0.594719265099028,2.19663893095574,0.51198904520906,4.39327786191148,0.168288587306439,0.186132344529196,0.0372264689058392,0.089624715939743,0.182454171577682,0.328813699005231,1.09831946547787,0.356092145193669,0.099246832661688,0.558397033587588,0.0684760879113691,4.39327786191148,0.357472416161113,0.179960186629026,0.316362897585832,0.317763488281484,0.357472416161113,0.00126570705783101,2.19663893095574,0.139992825004998,0.134159155597999,0.0699964125024988,1.46442595397049,0.419978475014993,1.09831946547787,0.274723624394199,0.182454171577682,0.280276948213524,0.307062173380399,2.19663893095574,0.244070992328415,0.333687080690061,0.327749864763939,0.218690437492446,0.594719265099028,0.0397425180470834,0.0184808549281804,0.344188208321158,0,4.39327786191148,0.099246832661688,0.118779019940461,0.389760546832573,0.000481631158841143,0,0,0.148342396923072,0,0.000262960471893408,0.00171277889353274,0.181106574162581
"DCB1 median",0,0,0,0,0,0.00276773383488201,0.0109389781766882,0,0,0,0,-0.00858230301609555,0,0,0.00584596253640665,0.000788791173739999,0,-0.000608214022364868,0,-0.061290021831518,0.010198449919742,0.00134241189284407,0,0,0,0,0,0,0,0,1.32690432616503e-05,0.0353647925808979,0.00590357552392697,2.87090213575978e-05,0.00503449044359816,0.0637785085652341,-0.0135564058643792,0,0,0.00131408565058877,0,0,-0.0256300771597693,0.0177140739853093,0.00740676573358396,0.0109491419641766,0,0.0103858534834276,0.0152799412720521,-2.35962705053747e-05,0,0,0,0.000191132572492344,2.13442536422468e-05,0,0,0,0,0,0,-2.77823446435834e-06,-3.0601630823653e-05,0
"DCB1 min",-1.75817748195376,-2.50066664725943,-1.69430830751586,-4.27486061982849,-4.27486061982849,-0.617676197746138,-1.11983848124497,-4.27486061982849,-1.7009384469621,-1.28952264512508,-2.50066664725943,-1.26465968829242,-4.27486061982849,-0.701087209684081,-0.998903588213126,-0.998903588213126,-0.618436929533442,-0.881870037610113,-0.581222846445509,-2.51128616326077,-1.03984540479629,-0.564262405590411,-1.28952264512508,-0.703250024531,-4.27486061982849,-3.22314713238836,-1.00591882512793,-0.804582284287343,-2.80434883873632,-3.22314713238836,-0.0101649479844056,-2.13743030991424,-1.11983848124497,-1.00901164335357,-0.287052697779566,-1.61157356619418,-1.57764608395254,-1.14933894113097,-1.49615380727644,-0.671732578762798,-1.75817748195376,-1.21173806874597,-2.13743030991424,-0.237492256657138,-0.461548845754116,-1.75817748195376,-1.57764608395254,-2.40418355311554,-2.03779395396759,-0.0536499125955003,-0.818822700351443,-0.703250024531,-4.27486061982849,-0.184889924769653,-0.112486690182988,-1.00591882512793,-4.59220948348572e-05,-0.0130341023637314,-0.0288863890223236,-0.000251801016644821,-2.06730443680072e-05,-0.00106668459569483,-0.0214718822756963,-0.969765617378272
"DCB1 max",1.49790977508057,1.42674837756883,2.51128616326077,2.51128616326077,2.64536971650463,1.08880323153675,1.28952264512508,1.32553543882485,0.323884218395293,0.287052697779566,0.818822700351443,0.617676197746138,1.28952264512508,0.779896145838669,0.941480872568902,0.242441404344568,0.621588830897953,0.833555549086477,2.80434883873632,2.40418355311554,0.80578678309709,0.962682847614586,0.943639891951276,2.64103523420679,1.49332185659692,0.513714759388909,0.371925258007399,3.15848708332077,2.8742991512995,0.513714759388909,0.00996419461842956,1.7009384469621,1.11312492001638,1.49790977508057,0.534398196912986,2.46519334828825,2.46519334828825,1.23687385906688,4.27486061982849,0.795661145278499,1.12381047215696,4.27486061982849,1.92536569522917,0.234416674843667,0.703250024531,1.57764608395254,2.80434883873632,2.50066664725943,0.89198260946233,0.345322973121406,2.80434883873632,0,1.44315378945761,0.647768436790586,0.69526250106308,1.32553543882485,0.00186139827863366,0.943639891951276,0.943639891951276,0.573310669819168,0.00513805362960155,0.00015799101263478,0.0163375042523519,1.73226118316589
"NPHE median",0,0,0,0,0,0.00106531488757835,0,0,0.00753791500384826,0.00511610879330904,0,0,0,0,0.00156115280749687,-4.38318114635307e-05,0,-0.00283083917963458,0,0,0.00485516081082003,0,0,0,0,0,0,-0.0318398656518329,0,0,-1.32768975472997e-06,-0.0755691709809056,0,0.00473579388828912,-0.00214045293713988,0,0,0,-0.0171726808824655,-0.00577860211949684,-0.0171726808824655,-0.0059204680518903,-0.0366922431753255,0.00488248432562005,0.00124786089086572,0,0,0.00943536918826856,-0.0184746427670895,7.78064418121623e-05,0,0,0,-0.000161222896633782,-5.80830137428307e-05,0,0,0,0,0,0,2.42220483241728e-06,1.67820041933214e-05,0
"NPHE min",-17.6316307201229,-3.13066567946691,-1.84017080912013,-2.67488097596391,-2.67488097596391,-0.48674078284047,-2.85346192262813,-2.67488097596391,-1.08166035236412,-1.5316276528693,-13.4323782264772,-0.89120253465878,-6.42136785638446,-1.46987483411992,-3.56147311510012,-0.86058344404307,-2.39277390968977,-2.05672951992841,0,-13.2617682384823,-4.19036207475181,-2.22002143961676,-4.78554781937953,-8.6982294618769,-2.67488097596391,-1.54565705729568,-8.6982294618769,-1.23617272482922,-8.6982294618769,-1.54565705729568,-0.043331515099695,-8.57968548542418,-2.68965516688997,-0.571590562828816,-0.438761770412443,-8.6982294618769,-5.87721024004098,-7.19047365843621,-7.11952978960157,-0.207905095589902,-2.61134705013966,-7.11952978960157,-7.4937762547918,-4.19036207475181,-1.15943438211593,-27.2574838390663,-7.19047365843621,-7.4937762547918,-1.02701430275138,-0.206896551299229,-27.5692977516474,-8.6982294618769,-7.19047365843621,-0.598193477422441,-0.332230384877431,-8.6982294618769,-0.000767428134933971,-0.64722998087287,-1.18658829826693,-0.00574566614112868,-0.00855712715096343,-0.000858482152101466,-0.0050809616202815,-0.439952562671369
"NPHE max",27.2574838390663,5.86951307224249,27.5692977516474,8.6982294618769,27.5692977516474,0.707975939490553,2.61134705013966,7.11952978960157,0.343187419416967,0.508537842114398,8.57968548542418,0.28306088188293,10.1301023048061,2.29744147930395,3.32992586880998,3.32992586880998,1.56205611735339,3.96310513353387,1.04014838150943,24.8425497310717,4.05802033740577,1.42455333519176,3.12411223470679,0.946705158721453,27.5692977516474,0.457089540303656,0,10.8259475902843,27.5692977516474,0.457089540303656,0.03502662247322,9.1897659172158,2.61134705013966,0.328855259823742,0.89120253465878,13.7846488758237,4.54616424028819,6.91402749406787,6.25604495939708,0.540574465718576,8.34139327919611,4.78554781937953,6.42136785638446,2.60378269045233,7.81134807135698,24.8425497310717,2.23872970441286,7.19047365843621,1.79098376353029,0.120862419850718,8.65320907380454,0,7.11952978960157,0.562783461378116,0.200081894971396,5.63309696296035,0.0328821988408254,1.54139350596108,1.54139350596108,0.530894157621224,0.00112757388877913,0.00017499721898872,0.00442283363015316,3.44233377617228
"ROOH median",0,0,0,0,0,-0.0153148095348476,-0.0459001000677628,0,0,0,0,-0.000846406952989504,0,-0.0331527517049466,-0.0442800519058798,-0.00874856257875249,-0.0181456081333712,-0.0342639563381046,0,0.245879396749906,-0.0278944018816337,-0.0176522335251379,-0.042819681157902,0,0,0,0,0.000425358020945024,0,0,-8.85105379105296e-05,0.000425358020945024,-0.0213759119579596,-0.00941333189840448,-0.0135704149945289,-0.616640908143365,0,-0.232170349391596,0,-0.00472886569833101,0.125232616285509,-0.0824409906390053,0.0695666658348278,-0.0619120931710922,-0.0274200300682053,-0.134113904276875,-0.00368783120818967,-0.0511111302621791,-0.00648990077518462,0.00101673280906732,0,0,0,-0.00392647525533709,-0.00108779295485776,0,0,0,0,0,0,4.47161947192689e-07,8.13208898615558e-05,0
"ROOH min",-3.62119302195647,-7.96662464830423,-34.2449039622031,-39.8331232415212,-39.8331232415212,-30.322316360945,-53.3240323205312,-32.8352317942758,-1.32249594956355,-2.13068791874127,-9.95828081038029,-9.30242077771061,-53.3240323205312,-2.34985786467985,-17.9274524515384,-2.56106463593406,-10.6648064641062,-17.1726201951383,-38.957302179455,-34.2449039622031,-13.889630624993,-26.8911786773077,-10.7564714709231,-8.56286256979219,-39.6318635696514,-32.8352317942758,0,-39.7797912865638,-13.6497891715171,-32.8352317942758,-0.083498108961353,-7.64070562648013,-19.017049455593,-1.4172671377579,-38.0340989111859,-19.9165616207606,-2.57023474905948,-50.2395446362093,-149.127622604977,-2.41405027698375,-14.9127622604977,-149.127622604977,-53.7823573546153,-1.07113144782842,-1.59979593827668,-29.8255245209953,-7.73315226877701,-53.7823573546153,-19.9165616207606,-0.632857771522412,-9.989480570447,0,-2.74325828957495,-1.70231863108385,-1.9634419283817,-2.79872660714044,-0.0037543073607423,-13.5570566004524,-24.8546037674961,-1.15632666710863,-0.179239931015597,-0.00653320660628905,-0.0569977168980373,-4.31702450446697
"ROOH max",13.3310080801328,53.7823573546153,50.2395446362093,149.127622604977,149.127622604977,15.3792262928782,16.7465148787364,149.127622604977,44.9287727156057,53.3240323205312,74.5638113024883,38.0340989111859,149.127622604977,2.1076668799581,17.7746774401771,3.55493548803541,7.17707780517275,6.72279466932692,2.52033066763284,37.2819056512441,15.573543501355,5.33240323205312,53.3240323205312,10.8879588181717,149.127622604977,39.7797912865638,1.86649395855755,2.63810222983696,39.8331232415212,39.7797912865638,0.0499002770202368,74.5638113024883,10.1074387869817,3.46808424662736,5.05371939349083,53.3240323205312,30.322316360945,37.2819056512441,3.81685089454825,1.83074419961512,5.68932611054699,22.4643863578028,74.5638113024883,8.2848679224987,2.71141132009048,6.41839610222939,3.80340989111859,50.2395446362093,38.957302179455,0.163608790349768,4.91945490799991,1.59979593827668,149.127622604977,1.14713555849982,0.130332426210832,1.86649395855755,3.72759460665091e-06,0,0,2.79081690445591e-05,0,0.0297963198640528,0.0581394240175347,0.458210079626303
"BALD median",0,0,0,0,0,0.0117214669729154,0.281238441889307,0,-0.264847011458058,-0.22800807814593,0,-0.0951742544775271,0,0.0865641185392284,0.0994304069929986,0.0170247063956951,0.00261651438626256,-0.0557801989402916,0,-1.78404233029778,0.140778637610705,0.00929908257518898,0,0,0,0,0,0.7583568660811,0,0,-0.000684187514331718,0.516188337905919,0.157812430084861,-0.0756295391466791,0.145390098869573,0,-0.321211168172097,0,0,0.160846998136033,0,-0.137002182803981,-0.026051238267887,0,0.0533490895129708,0.15051961539298,0,0.1361337687723,0.53919246945661,-0.00260186449503607,0,0,0,-0.00433347578280089,-0.00154599684295048,0,0,0,0,0,0,-5.7199223000567e-05,-0.0011121662345642,0
"BALD min",-42.7943582234868,-182.006602022786,-152.719414620397,-138.548954184565,-182.006602022786,-23.4927192526736,-50.9064715401324,-182.006602022786,-128.101866358466,-171.177432893947,-182.006602022786,-100.191311926338,-75.1705528908322,-11.4168287606148,-57.0591442979824,-31.3239534999624,-21.8170592314853,-36.3549113858767,0,-48.9617841602533,-57.8958363993536,-17.1177432893947,-171.177432893947,0,-100.191311926338,-157.853103085756,0,-2.8475748312835,-49.5656892281671,-157.853103085756,-1.321884656369,-60.6688673409286,-24.380165068711,-11.8456890499371,-11.9867981591027,-171.177432893947,-71.920788954616,-45.7742071148556,-43.5985455673223,-3.58169036439908,-38.8965469067478,-64.0509331792331,-64.5913569816209,-11.7234338802476,-11.2015245513785,-37.5741419973317,-20.0611966447772,-152.719414620397,-41.1607076656541,-1.83697703501157,-6.20162221002768,0,-75.1705528908322,-3.56189956820365,-0.509714516532503,-6.25203686810642,-0.000138097360157629,-0.244648739570454,-0.542194503912898,-0.00103392264411209,-0.000388030882877703,-0.100433408333808,-0.28483145614722,-32.2369411681488
"BALD max",14.1944196688166,12.3914223070418,48.9617841602533,48.9617841602533,49.5656892281671,71.920788954616,171.177432893947,16.0391750599766,1.80890997290651,1.87094125752973,9.79235683205066,11.0738957750687,171.177432893947,13.8755505525482,60.4274340141742,8.63249057345346,34.2354865787894,60.6688673409286,49.5656892281671,47.3583014743668,34.6372385461411,90.6411510212613,43.5985455673223,68.3092852169899,32.1990006541832,16.0391750599766,7.47100095202867,157.853103085756,83.5800155202627,16.0391750599766,0.174888817944149,26.0300741682071,50.0956559631689,14.1944196688166,100.191311926338,25.7168339357298,25.7168339357298,152.719414620397,181.282302042523,7.80413067666926,24.4539189848496,152.719414620397,181.282302042523,11.896961907321,7.57418246512984,41.8984978767468,41.8984978767468,182.006602022786,18.4718847809629,3.02514203683951,42.7034680817637,7.35192149501502,17.9300437106138,11.7234338802476,11.7169267887502,7.47100095202867,0.00344703285214974,43.5985455673223,43.5985455673223,0.388206846693672,0.0903492222245579,0.0209724862648796,0.230858965321847,22.9006058440017
"PHEN median",0,0,0,0,0,0.0537592350361639,0.832845675621222,0,-0.950593392414376,-0.317643417875893,0,-0.252626607126596,0,0,0.277094038180815,0.0470344123849353,0,-0.391428608016102,0,-5.90564893942792,-0.0520954291213045,-0.0168329736073869,0,0,0,0,0,1.60203912304723,0,0,-0.00230418141977285,0,0.475741336194545,-0.302580399200617,0.41083688366514,-0.0889205193638478,-0.830467052463921,-0.345918283899333,0,0.472298243681099,0,-1.04380962137627,-1.07502859495565,-0.178665040499242,0.10288908146846,0.378315357867318,0,0.213692707665263,1.93020094249662,-0.00869101804256578,0,0,0,-0.05413813068122,-0.012322789601699,0,0,0,0,0,0,-0.000163619820845122,-0.00340746369794814,-4.13930928094647e-05
"PHEN min",-111.968823629954,-475.37568647381,-399.884305843016,-360.576047905966,-475.37568647381,-62.0817547393724,-133.294768614339,-475.37568647381,-335.667730068482,-447.875294519816,-475.37568647381,-262.735612943553,-192.232557557125,-30.4377597304816,-149.291764839939,-80.9656110524613,-57.1263294061451,-93.6090369408917,0,-126.49556241389,-151.060368589199,-44.7875294519816,-447.875294519816,0,-262.735612943553,-411.389479326907,0,-8.22507860466978,-128.093043043488,-411.389479326907,-3.51128543127156,-158.458562157937,-63.258162248246,-31.481258101298,-31.4657135296368,-447.875294519816,-188.794281177821,-120.38127908701,-111.76216578825,-8.69003305101774,-99.9748077554432,-167.833865034241,-166.312467217934,-31.2065375998217,-29.9273969718401,-96.6627562509273,-52.1949899274358,-399.884305843016,-106.425492970007,-4.88787245199501,-24.8115927344506,0,-192.232557557125,-9.2566619188443,-1.35680598260094,-22.5065820316545,-0.0260886655358502,-0.636524267407754,-1.41067540344421,-0.143049931159662,-0.00100957427325795,-0.26255976366826,-0.723507291831306,-83.2700592484514
"PHEN max",36.4635715402617,32.0232607608721,126.49556241389,126.49556241389,128.093043043488,188.794281177821,447.875294519816,42.5428455463677,4.40057769862182,4.83752240772759,25.299112482778,29.5879956561512,447.875294519816,35.9436074187387,157.97345780707,22.5676368295814,89.5750589039632,158.458562157937,128.093043043488,122.332448897899,90.1440119764914,236.960186710605,111.76216578825,176.050560511846,83.600737183293,42.5428455463677,27.2123624123765,411.389479326907,216.112935901695,42.5428455463677,0.447622595082198,67.487883846957,131.367806471777,36.4635715402617,262.735612943553,65.8051950468185,65.8051950468185,399.884305843016,473.920373421209,20.476130555701,63.9821849314023,399.884305843016,473.920373421209,31.601568881444,19.4272675407582,107.497649848081,107.497649848081,475.37568647381,47.8350742654086,7.57385323340188,110.291354353992,27.2123624123765,45.7350770827369,31.2065375998217,31.181114236224,27.2123624123765,0.00053940782240819,111.76216578825,111.76216578825,0.0165677791977525,0.231048747063852,0.0548732289291615,0.588060930872822,59.1059480909
"CO median",960.303323454638,734.822738293632,0,0,0,91.9421947959295,155.637158911759,0,13.2588529612125,18.8415278922494,607.360965829783,29.7439385442883,0,0,89.2846866013646,13.7621267131424,7.27275051811897,-11.6556906839577,0,-1628.14984774444,427.155063790173,28.2749148833653,8.55827099442107,0,0,0,0,-113.895641923321,0,0,0.0994087595920836,1008.59657364272,84.2221347350326,95.1115971127414,51.3818193920262,3338.40997784234,0,0,0,-25.5706449966241,0,77.3709276573258,2.92645314506116,380.392959651852,267.185288436262,342.401749605869,0,814.934374442446,98.2774387210018,-2.63456097470251,0,0,0,12.3372921105845,0.604407680317981,0,0,0,0,0,0,-0.0115338060717668,-0.234064654564626,0
"CO min",-475940.478982358,-242757.129539024,-283983.270537263,-186565.292939446,-283983.270537263,-24467.8622672758,-67260.7810825787,-242757.129539024,-168028.570539494,-227170.239058211,-277643.213808085,-129771.086594613,-267419.268849247,-14946.4879230138,-75723.4130194037,-15144.6826038807,-28826.0490353909,-30158.8109929584,-4815.59449732909,-406335.311686874,-77382.7867226193,-22717.0239058211,-227170.239058211,-172588.550132443,-283983.270537263,-211549.040214865,-209423.84429733,-56796.6541074526,-283983.270537263,-211549.040214865,-948.268056935768,-131608.798066751,-30330.9583353796,-17032.3132902142,-15165.4791676898,-267419.268849247,-158646.826327453,-94718.1893399539,-75920.894026924,-9748.05979105496,-70995.8176343157,-89267.3711619134,-100804.717075175,-61469.7105764536,-23665.2725447719,-495123.474864929,-94718.1893399539,-201782.343247736,-55380.4799642784,-1165.16398794258,-555286.427616169,-150860.319909212,-209423.84429733,-14856.6260471804,-2310.79426227911,-196625.416848727,-14.2853255206202,-11750.3692614383,-11750.3692614383,-106.95296070412,-32.3895091450037,-133.667860356602,-581.535006849147,-73.4264878773331
"CO max",495123.474864929,236886.362885484,555286.427616169,150860.319909212,520391.117832573,90992.8750061388,227170.239058211,75920.894026924,10142.2596620451,15776.8483631813,131608.798066751,11419.8901863972,227170.239058211,59492.5598727948,80423.4959812225,23031.1577346076,45434.0478116422,80919.0431796745,69588.8035064763,555286.427616169,60807.7246375411,120635.243971834,48254.0975887335,98240.9750371742,555286.427616169,14718.0618853405,0,264338.679253933,555286.427616169,14718.0618853405,226.255657983813,185095.475872056,64885.5432973063,27241.5806381642,129771.086594613,277643.213808085,164401.790954549,201782.343247736,241270.487943667,11748.3857446192,149695.338859879,201782.343247736,241270.487943667,37019.0951744113,107536.504963333,555286.427616169,53816.376629294,242757.129539024,40667.4891159897,6366.62048978034,283983.270537263,0,79955.5026151167,16782.7164984154,9893.42845646559,65441.9671297789,669.852535786867,0,0,4184.67906713458,0,27.8326683482248,463.176978913053,38067.7516036385
"MGLY median",0,0,0,0,0,-0.00571403788729059,0.040006152086441,0,-0.0257023678149203,-0.0318448423551904,0,-0.0173479633702438,0,0.0155624070086585,0.0265877365067902,0.00464598486031201,0.00925717294004459,0.0117681832588461,0,-0.133049550133188,0,0.00979126481095056,0.0228465744287295,0,0,0,0,0.0565547670276051,0,0,5.41596922848016e-05,0.239289628561112,0.0182196067492021,-0.0102052921076987,0.014417584134884,0.359833149408884,-0.0159224211775952,0,0.0728374485760849,0.0157160434227355,0.0857300793825186,0.0189042477581556,0.104913781306991,0.0284387653765067,0.0172776187635751,0.0365139437246972,0.0399814610454315,0.0236094773087729,0.0629213745436566,-0.0005359144403562,0,0,0,0.00161706570077416,0.000337689213536009,0,0,0,0,0,0,-8.73529115083428e-06,-0.000135387381791075,0
"MGLY min",-3.83505983800647,-12.463944473521,-16.6185926313614,-49.8557778940841,-49.8557778940841,-7.01874266857172,-13.9181051605622,-49.8557778940841,-1.99423111576336,-3.56112699243458,-24.927888947042,-1.94286510488947,-49.8557778940841,-1.32628464775302,-4.8068926609221,-0.92303794862815,-2.78362103211245,-4.73549761795895,-9.73066229913669,-12.463944473521,-2.53031892651835,-7.21033899138314,-2.88413559655326,-5.07276943225641,-49.8557778940841,-6.5016232498128,-0.0419719875916973,-11.7967276017717,-6.13599503766384,-6.5016232498128,-0.0825922143978903,-24.927888947042,-4.54910046856416,-1.92757580305951,-9.09820093712832,-16.6185926313614,-1.85142465520523,-12.7585150605821,-14.4206779827663,-1.57731997977656,-3.66603655097221,-12.7585150605821,-29.2345463435502,-2.76976543856023,-1.57642525191395,-3.02744269730424,-3.56900970105626,-14.4206779827663,-4.77226309528789,-0.109566249266039,-4.29194761755038,0,-49.8557778940841,-0.383505983800647,-0.252212622388143,-0.0419719875916973,-3.26252604239198e-05,-0.00528178009261266,-0.0117055666917362,-0.000244262420974897,-8.37729144282859e-06,-0.00170523219315881,-0.0344316321879236,-1.11986679508173
"MGLY max",3.47952629014056,14.4206779827663,12.7585150605821,10.1212757060734,14.4206779827663,3.32237386344737,4.25283835352738,14.4206779827663,11.0847926489641,13.9181051605622,14.4206779827663,9.09820093712832,0.979126481095056,1.82725854889212,4.63936838685408,0.927873677370816,1.82264500865459,2.07732407892017,0,8.88859167358093,4.43371610793097,2.2107886065819,13.9181051605622,0.644489468687427,9.09820093712832,11.7967276017717,0.824662641725764,3.32371852627227,9.73066229913669,11.7967276017717,0.0332909806113779,4.73549761795895,2.33958088952391,0.959834553689206,1.16979044476195,13.9181051605622,7.01874266857172,5.04425244776287,49.8557778940841,1.85142465520523,4.98557778940841,49.8557778940841,2.05384772535911,0.746104046174686,0.713209644347194,9.97115557881681,5.31123727468054,12.7585150605821,9.73066229913669,0.709719514529727,0.55335569917524,0.502294496238752,0.824662641725764,1.49856704258156,1.64701422838223,0.766045611241989,0.00243828038418329,6.35416537135786,8.30929631568068,0.750990358328455,0.059922809968851,0.00798929528131096,0.0306189378106748,0.548447876844788
"ACET median",0,0,0,0,0,0.230274691876098,2.10127383796103,0,-0.511800178453423,0,0,-1.38131849811229,0,1.61968564274412,1.39835283434585,0.2419295561152,0.429276109878479,0.737700378019134,0,-12.2531859700861,1.5728587361765,0.481388479054683,0.967481052600365,0,0,0,0,0,0,0,0.00312241358010064,0,1.23778830309853,-0.317853037802277,0.963817430815852,2.37063028827243,-5.89449652453262,0,0,0.668815671488873,-0.225757633113589,0,-17.7986549051269,1.78626582817997,1.04100384403755,3.77305792129269,0.669650241417432,2.08041053807034,2.72053685747659,-0.032508901773963,0,0,0,0.0377229867527621,0.0397316240488439,0,0,0,0,0,0,-0.000459043919181615,-0.00648710312105908,0
"ACET min",-683.265154992131,-1491.31685560376,-1244.96456497728,-1154.76492440103,-1491.31685560376,-194.373933307382,-597.818112757758,-1491.31685560376,-1044.00558338178,-1396.71749794344,-1491.31685560376,-816.907448006168,-1134.54557055191,-165.281581849237,-776.379209777837,-776.379209777837,-364.539350926084,-911.908178086879,-33.4825120708716,-800.861974565119,-476.167688312417,-326.486046863675,-1396.71749794344,0,-1134.54557055191,-1305.33450578338,0,-57.3697469963791,-372.808512572327,-1305.33450578338,-2.02804912180984,-776.379209777837,-597.818112757758,-75.7895406781314,-173.855414983251,-1396.71749794344,-587.271497155814,-1101.33371510524,-1101.33371510524,-177.220745394621,-979.458140591024,-1134.54557055191,-889.209755547664,-74.0801062709585,-101.350191389506,-944.454615233495,-488.095257214005,-1244.96456497728,-294.37214253617,-14.5339983391491,-87.2259628888559,0,-1134.54557055191,-86.9532977578007,-49.8217363871292,-93.1441021080605,-0.00200424755623973,-5.95238118553664,-13.1917637084866,-0.0150056230650409,-0.00944091406603491,-0.820832202448294,-5.00132428117985,-800.861974565119
"ACET max",256.960544918438,299.074670166388,366.846421067118,366.846421067118,372.808512572327,587.271497155814,1396.71749794344,67.3453482767881,50.6344986841774,76.7699945905914,470.514210914812,76.6902636030056,1396.71749794344,341.632577496066,826.341596427308,200.21549364128,279.343499588688,497.105618534586,372.808512572327,705.911958614588,288.691231100258,740.801062709585,1101.33371510524,612.320845406624,212.355571385891,67.3453482767881,103.178419366493,1305.33450578338,729.726443703167,67.3453482767881,4.18651502048677,639.495926922561,618.385797932298,110.799449681992,816.907448006168,470.514210914812,162.06833418237,1244.96456497728,1481.60212541917,64.3055698144788,597.818112757758,1244.96456497728,1481.60212541917,98.7683597709443,145.911375960297,1057.72170816426,1057.72170816426,1491.31685560376,151.984696347813,47.5681383024845,312.524427932423,101.350191389506,103.178419366493,157.333387872178,63.3058687570242,103.178419366493,0.0496728222314431,1101.33371510524,1101.33371510524,8.03358334765052,0.80565743606821,0.171124417782827,4.06704421730524,178.478330991898
"HNO3 median",0.170560067241822,0.564117699802803,0,0,0,0.0152251860498606,-0.031770925506801,0,0.0658932626504104,0.0935450423671512,0.618751864378217,0.0337127085575865,0,-0.0231333459161022,-0.0106099314872914,-0.00274786845979966,-0.00475043002847041,-0.0528068264122535,0,0.0240686519324272,0.0243151649743103,-0.00141362693629622,-0.00603769405796221,0,0,0,0,-0.105637501129869,0,0,-5.86225002453868e-06,-0.00956049164129929,-0.0168482933443058,0.0414060837815075,-0.0231138489571054,0.477136907079502,0.00370404351399318,0,-0.0812816778451533,-0.0316954378063429,-0.130298225020499,-0.00691652931571305,-0.0698006865916011,0.0467450780734366,0.0284996423805917,0.10782533888249,0,0.0624025762412362,-0.0698811255357058,0.00106186578530397,0,0,0,-0.00162814221787745,-0.00167041792509218,0,0,0,0,0,0,6.17903509111584e-06,0.000133837742109016,0
"HNO3 min",-11.4641825214353,-3.85033928260606,-12.525086708101,-19.2516964130303,-19.2516964130303,-6.78868448531715,-157.07126299309,-13.4232661596164,-0.633599260638905,-1.02079880880713,-4.81292410325758,-2.59892651066144,-12.2951554242226,-41.8856701314906,-108.325008960752,-22.7639511584188,-66.8388353162084,-130.892719160908,-17.7415814931459,-12.525086708101,-2.95204399780654,-76.6201282893121,-165.338171571673,-11.9306546123608,-19.2516964130303,-13.4232661596164,-7.63405535789376,-209.428350657453,-12.0875875947191,-13.4232661596164,-1.75891671884759,-5.41046686227475,-74.7958395205189,-0.780572545595816,-38.7830278995283,-11.4641825214353,-2.97677085325702,-11.1892743973759,-3141.4252598618,-36.1083363202505,-314.14252598618,-3141.4252598618,-13.0499530110295,-2.04779142205032,-1.61742441528625,-628.285051972359,-2.86200714414948,-13.3567659868145,-261.785438321816,-0.175069231766492,-5.0064445998879,-5.12170553634879,-7.63405535789376,-0.636899028968628,-3.55767300097599,-6.89279845584089,-0.00547128000063674,-285.58411453289,-523.570876643633,-1.68515424019612,-3.77575151425697,-0.00150639002992191,-0.185523762815583,-0.631322187550601
"HNO3 max",241.648096912446,785.356314965449,1047.14175328727,3141.4252598618,3141.4252598618,27.8002235386,3.72975813245862,3141.4252598618,125.657010394472,224.387518561557,1570.7126299309,44.8775037123114,3141.4252598618,0.611778672177446,4.09838514140755,1.08987054365784,1.59846777105369,1.63124412637869,9.20374663677898,785.356314965449,68.2918534752564,1.22951554242226,12.2951554242226,0,3141.4252598618,12.2677403012233,0,2.50322229994395,19.2516964130303,12.2677403012233,0.0166614420783208,1570.7126299309,2.26289482843905,73.0564013921348,1.13144741421952,1047.14175328727,68.2918534752564,785.356314965449,1.75015421936639,0.111254324441953,2.3776263973567,4.91733609571488,1570.7126299309,174.523625547878,57.1168229065781,11.4641825214353,7.4995177365827,314.14252598618,17.7415814931459,1.18948324871708,11.4641825214353,0,3141.4252598618,24.1648096912446,0.272138834419554,1.49594920370753,0.00463522651926234,0.0128525291985474,0.0284839836292132,0.0254159735989083,2.03850559822222e-05,0.0134969935976876,1.22472719682721,1.06347161579334
"ETHENE median",0,-12.3093861528761,0,0,0,-0.218423285019391,2.17120919990777,0,-3.66190498476797,-3.8974912458179,-11.5113298232266,-1.55440448983326,0,1.47831832108172,1.44401019921139,0.260234540790525,0.487508965055895,0.774606785067665,0,-12.1845968971198,-0.486981596944021,0.457284260909086,1.19743416015404,0,0,0,0,6.36837649844491,0,0,0.00205883666126933,8.98127610825963,1.17293705765505,-1.55570322987682,0.916441070415232,0,-2.6716517820113,0,4.06048741313396,0.944775440783662,5.08308386540367,0.879925071994099,2.49454832029122,0,0.202811449202586,0.247767681610254,1.97054151321038,1.01575521925254,3.49768758683953,-0.0457978089537658,0,0,0,0.0591871024251333,0.0369003291007982,0,0,0,0,0,0,-0.000472859722568347,-0.00857245759282327,0
"ETHENE min",-95.830691963755,-204.934328251175,-141.324835444541,-197.351195124426,-208.894004299135,-32.5148865583532,-73.5674453331301,-208.894004299135,-107.565362138577,-170.312336508182,-204.934328251175,-72.0689757959158,-122.188554288647,-60.8262824912621,-87.3090611191007,-87.3090611191007,-60.8262824912621,-97.1926717357901,-98.1910344996275,-95.1730003345725,-139.468587993772,-33.7524945721916,-170.312336508182,0,-122.188554288647,-204.852559474593,0,-94.5793837799863,-57.6790053417849,-204.852559474593,-3.88467908476575,-158.464838922056,-73.5674453331301,-96.8202202331585,-23.5922443208068,-170.312336508182,-82.9457449882258,-106.991600278904,-106.991600278904,-68.3931448553591,-101.257483716575,-110.16530805109,-118.920759051654,-31.1589963941179,-93.806478059872,-99.2333129064379,-66.5300448643712,-141.324835444541,-11.6052224610631,-6.21761795933305,-93.0792090586566,0,-122.188554288647,-11.0507791477848,-3.10877931160723,-90.747402341008,-0.00150291754677204,-0.759262863184118,-1.6826906697594,-0.0112522099051519,-0.00120424670756475,-0.106376158482484,-3.69744780410297,-89.2046020892817
"ETHENE max",93.0792090586566,78.1788620465486,98.1910344996275,31.4081326541143,46.8401150841295,73.3421875878838,170.312336508182,98.1910344996275,32.9653083339348,21.9768722226232,89.4621477568707,43.9653706073046,170.312336508182,80.5890203206161,91.1493582321963,22.3011505223204,63.3993704182687,82.9457449882258,33.8282995927207,92.2018148145564,73.2793474593447,96.0044830304414,106.991600278904,172.96442397529,98.1910344996275,98.1124145927766,89.6143762828451,204.852559474593,178.086928939848,98.1124145927766,0.698056941084677,139.468587993772,75.2640218562524,61.0070971209597,72.0689757959158,90.2393796760197,91.3627635645001,141.324835444541,192.008966060883,82.9457449882258,95.830691963755,141.324835444541,192.008966060883,40.2892796998865,11.9346207263153,105.163354587701,105.163354587701,204.934328251175,16.1987786226317,41.3772322260943,35.6807942361217,86.09800554468,89.6143762828451,65.9306166678696,70.8264569637735,89.6143762828451,0.03996553945739,106.991600278904,106.991600278904,12.3093861528761,0.145497650165707,0.0208664955290593,2.96665278993978,69.7428569318606
"GLY median",0,0,0,0,0,0.0231558129061665,0.161232306276504,0,-0.141626767652494,-0.173709203312233,0,-0.0646334804112687,0,0.0460956783760587,0.0723447529548441,0.0122849061647471,0.00221343376914806,-0.0640527506814679,0,-1.35278114695818,0.113552371383443,0.00705912418793286,0,0,0,0,0,0.373104585796511,0,0,-0.000415379714423775,0.443130238279988,0.081074013931165,-0.0532497401853808,0.0892319801715769,0,-0.259559330942158,0,0,0.0741130671928298,0,-0.214854258653462,-0.0528937930533901,0.00555565751886781,0.0742062645766861,0.21335462610592,0.0145943937638769,0.1351735224203,0.408075326429328,-0.00153766304637168,0,0,0,-0.00491941094626119,-0.0021104851799683,0,0,0,0,0,0,-5.10858470077072e-05,-0.00076253127264859,0
"GLY min",-22.650206629177,-96.3633412272367,-80.738025772879,-72.8638563540108,-96.3633412272367,-11.7749600065948,-26.9126752576263,-96.3633412272367,-67.5912684283939,-90.6008265167081,-96.3633412272367,-52.6948476727575,-50.3241813026636,-6.00987433497531,-30.2002755055694,-19.1437471109577,-11.5340036818399,-22.6768812532236,0,-27.4363813601258,-30.6222098387837,-9.06008265167081,-90.6008265167081,0,-52.6948476727575,-83.316016613309,0,-3.20748512676262,-27.7494923931273,-83.316016613309,-0.716743115083825,-32.1211137424122,-14.6168308377544,-6.40002635845021,-6.26866895578237,-90.6008265167081,-37.6120137346942,-27.8493464877287,-27.8493464877287,-4.02969525076843,-24.4916586096606,-33.7956342141969,-42.9090584816708,-6.25056520249981,-5.80944250987994,-23.5467237808699,-11.876634691661,-80.738025772879,-23.4633305725224,-0.965525666657504,-4.17749583002014,0,-50.3241813026636,-2.12031089609488,-0.271763704456513,-2.90715014124762,-0.000103955947514628,-0.14483700843489,-0.320990126801648,-0.000778308926418419,-0.00022972214103793,-0.0531840212772167,-0.356832731096918,-19.7732255607833
"GLY max",8.34800046464812,6.93737309828181,27.4363813601258,27.4363813601258,27.7494923931273,37.6120137346942,90.6008265167081,10.6707107845265,2.03467921205718,1.35645280803812,5.48727627202517,6.10066650383048,90.6008265167081,8.38052859006107,31.999052801792,4.94330639019582,18.1201653033416,32.1211137424122,27.7494923931273,26.6197211824029,18.2159640885027,47.998579202688,27.8493464877287,34.4734657808143,18.8967106410021,10.6707107845265,4.59388073032246,83.316016613309,42.8581279991895,10.6707107845265,0.112769855240953,15.657946300314,26.3474238363787,8.34800046464812,52.6948476727575,15.7155228165096,15.7155228165096,80.738025772879,95.9971584053761,4.41077273926967,14.6168308377544,80.738025772879,95.9971584053761,6.45068803575442,4.81077291477519,26.6368964755478,26.6368964755478,96.3633412272367,10.657208064955,3.53952123834019,24.3755152436394,4.59388073032246,11.2463251629676,6.25056520249981,6.26603815327294,4.59388073032246,0.00257772522398808,27.8493464877287,27.8493464877287,0.257441741883964,0.0604857948349322,0.0111003217981755,0.294427503047184,13.0451038878883
"BZ_O median",2.18400219293799e-07,0,0,0,0,9.27060394009326e-08,-8.1803466809016e-07,0,7.73398339390798e-07,7.58503958734903e-07,8.1465448927973e-07,4.0475941037273e-07,0,-5.58923560193783e-07,-5.37344730498255e-07,-1.10224220485654e-07,-2.03261581396307e-07,-3.86185985868718e-07,0,2.14313691911854e-06,5.09159055799831e-08,-1.87175864987718e-07,-4.89252642449115e-07,0,0,0,0,-1.45313388451922e-06,0,0,-8.86914763713582e-10,-2.70352071436389e-06,-3.89882289609315e-07,2.32169450096842e-07,-3.02666171613432e-07,-1.56975363648158e-06,3.48897458885201e-07,-2.64412840931297e-06,0,-2.78493894445659e-07,0,-8.53780047128213e-07,0,-1.67885676003475e-07,-1.20305194668815e-07,0,-8.44744960820183e-07,0,-1.13890734288386e-06,2.59463416925492e-08,0,0,0,-1.2390980582942e-07,-1.36581933878852e-08,0,0,0,0,0,0,1.40267577247861e-10,1.91048086196575e-09,0
"BZ_O min",-0.491254970799958,-1.59657865509986,-2.12877154013315,-6.38631462039946,-6.38631462039946,-0.0565160585876058,-1.83298035817569e-05,-6.38631462039946,-0.255452584815978,-0.456165330028533,-3.19315731019973,-0.0912330660057066,-6.38631462039946,-4.47045866371982e-05,-2.75870118629171e-05,-8.25874200023188e-06,-2.21480125275543e-05,-4.82089837920215e-05,0,-1.59657865509986,-0.138832926530423,-2.36338752977022e-05,-4.42960250551086e-05,-8.90580626257873e-06,-6.38631462039946,-8.77397833192199e-05,-2.37805707409685e-05,-0.000218637029925186,-0.00018215629133929,-8.77397833192199e-05,-4.54440147265147e-07,-3.19315731019973,-2.42955161552862e-05,-0.148518944660453,-5.70544036829124e-06,-2.12877154013315,-0.138832926530423,-1.59657865509986,-5.86546030715987e-05,-4.82089837920215e-05,-6.76683105048374e-05,-7.30545255729378e-05,-3.19315731019973,-0.354795256688859,-0.11611481127999,-0.000174597392701151,-4.48878016019655e-05,-0.638631462039946,-4.45613143121791e-05,-0.00241814260522509,-6.89268763387578e-05,0,-6.38631462039946,-0.0491254970799958,-3.05623268410454e-05,-2.37805707409685e-05,-1.25187062841341e-07,-1.96560197364419e-06,-1.96560197364419e-06,-3.54292902057291e-05,-1.43789464055903e-09,-2.74385160919418e-05,-0.00248979127500954,-4.60679993969433e-05
"BZ_O max",0.000218637029925186,0.000218637029925186,6.89268763387578e-05,0.000101278470237017,8.32069715178693e-05,2.38301445692639e-05,0.319315731019973,5.90772191444691e-05,1.90010326794613e-05,3.05623268410454e-05,0.000109318514962593,1.29269797034014e-05,6.89268763387578e-05,0.0851508616053261,0.220217745531016,0.0462776421768077,0.135879034476584,0.266096442516644,0.000109025784370083,0.000213998564206686,6.32173884095358e-05,0.155763771229255,0.336121822126287,1.21383823233326e-05,6.06373489265504e-05,3.8815885129752e-05,3.72463538308111e-05,0.425754308026631,6.89268763387578e-05,3.8815885129752e-05,0.00357576406517327,3.41479807723843e-05,0.152055110009511,6.95723651238972e-05,0.078843390375302,0.000101278470237017,0.000101278470237017,4.48878016019655e-05,6.38631462039946,0.0734059151770053,0.638631462039946,6.38631462039946,5.30311373999392e-05,2.12866548516753e-05,8.18776828290034e-05,1.27726292407989,9.19772463014758e-05,3.16086942047679e-05,0.532192885033288,3.07993121512817e-06,0.000218637029925186,9.74434581473996e-06,8.70486958753563e-05,3.82927090770877e-06,0.00723251938890086,5.90772191444691e-05,1.42512708806588e-09,0.580574056399951,1.06438577006658,1.0669799664577e-08,0.00767585891874935,2.81088519411117e-08,1.17982028574741e-06,2.48012786045901e-05
"ISOPRENE median",0,0,0,0,0,1.11504580602527e-05,0.476193187755262,0,-0.342957097645112,-0.417858745358454,-0.0173059303775093,-0.192158590066503,0,0.216132732102117,0.198514828900676,0.0532077872913051,0.0567871474370604,-0.0763037354823251,0,-3.87845475297195,0.171974172014777,0.0553156609105019,0.136415814746682,0,0,0,0,1.137877196368,0,0,-0.000176416694641079,1.64901476076474,0.262547009274713,-0.173221860181518,0.398183138584008,0,-0.36750000141893,0,1.14484682241301,0.490748168279735,0,0,0,0.10911896163458,0.0595295210820381,0,0,0.248253288191981,1.2665671139388,-0.00990564889601059,0,0,0,0.0034492052942253,0.000301725168076609,0,0,0,0,0,0,-9.11819023950253e-05,-0.00292305812310588,0
"ISOPRENE min",-128.456190619226,-541.921272226074,-460.197087178682,-403.246978618435,-541.921272226074,-75.0854247122684,-153.399029059561,-541.921272226074,-387.561994003604,-513.824762476905,-541.921272226074,-304.563570548059,-206.839754146688,-33.5392709381774,-171.274920825635,-76.8470213683697,-65.742441025526,-90.6661440020731,0,-153.18752850997,-171.306618505027,-51.3824762476905,-513.824762476905,0,-304.563570548059,-463.807674358846,0,-9.68105488431761,-154.23535396633,-463.807674358846,-3.91150728174409,-180.516794371883,-73.3749356824047,-35.0504974286986,-36.6874678412024,-513.824762476905,-220.124807047214,-141.848683676142,-112.199242696378,-8.9323640156241,-98.0028393823142,-193.780997001802,-184.094207070446,-34.6164873419951,-32.4073660779006,-94.15389843979,-52.8799109124771,-460.197087178682,-135.29787139212,-5.16448677511332,-14.8674883301944,0,-206.839754146688,-8.5271819597216,-1.50506466704326,0,-0.000156243328232715,-0.586583951025032,-1.29999686443385,-0.0011697798920041,-0.000930365260813397,-0.300233391814999,-0.102845925737679,-79.2992346008216
"ISOPRENE max",37.7246289098951,38.5588384915824,153.18752850997,153.18752850997,154.23535396633,220.124807047214,513.824762476905,73.425153309276,4.33462409743168,6.14990324509634,31.3292239730178,32.1404237104848,513.824762476905,34.5608309855763,180.640424075358,25.8057748679083,102.764952495381,180.516794371883,154.23535396633,149.665324910076,100.811744654609,270.960636113037,112.199242696378,181.363234709412,113.91448808955,73.425153309276,8.5739274411278,463.807674358846,229.873894366081,73.425153309276,0.496050988619087,64.4117401468813,152.281785274029,37.7246289098951,304.563570548059,84.4351061592333,84.4351061592333,460.197087178682,541.921272226074,19.6400147151119,73.4035374967007,460.197087178682,541.921272226074,35.2035655356968,24.9859845488621,106.979730743602,125.647865525686,541.921272226074,62.6584479460355,4.67088021173237,133.867474992746,8.5739274411278,59.369295771695,34.6164873419951,34.6254667815371,8.5739274411278,0.0453159134066173,112.199242696378,112.199242696378,13.9573013292381,0.213841057727319,0.0629532911635512,0.0447638700375883,63.4234471690713
"R2O2 median",0,0,0,0,0,2.4026222397052e-05,-0.00735343114731442,0,0.00256888624329514,0.00150344734005209,0,0.000996316353720329,0,-0.0135059805248617,-0.00258078162440073,-0.000577074687332472,-0.00124604555307717,-0.0051160701516898,0,0,-0.000932585582741676,-0.000839327024467508,-0.00258078162440073,0,0,0,0,-0.00177845886358287,0,0,-2.25738178956477e-05,-0.0090403232838143,-0.00297930409469945,0.000274427101004584,-0.00315842073882899,-0.00883323528112566,3.39423891858431e-05,-0.0236977857551849,0,-0.00232932677753492,0.00133445474908854,-0.00459790228409645,-0.000420144118428168,-0.00402856676530189,-0.000500420530908203,0.000263045093473971,0,-0.00140800036124569,-0.00314377627651076,0.000260774013082263,0,0,0,-0.00336986425657127,-0.000242046675137756,0,0,0,0,0,0,3.73490752803966e-07,3.85177315629818e-06,-9.36163808855523e-08
"R2O2 min",-10.3126023681646,-33.5159576965349,-44.6879435953799,-134.06383078614,-134.06383078614,-1.20040573041346,-3.48841196719822,-134.06383078614,-5.36255323144559,-9.5759879132957,-67.0319153930699,-1.91519758265914,-134.06383078614,-0.802325367662973,-2.00177201077867,-0.335998460086374,-1.69920628010071,-2.79788937384679,0,-33.5159576965349,-2.91443110404652,-0.600202865206732,-0.849603140050353,-0.00599016299973834,-134.06383078614,-1.20942590570857,0,-1.97373362865987,-1.79979550792377,-1.20942590570857,-0.00844593592326565,-67.0319153930699,-1.19407973858152,-3.57771140711914,-1.75432655251446,-44.6879435953799,-2.91443110404652,-33.5159576965349,-3.94746725731975,-0.813427770313356,-2.84700929029783,-2.35198922060462,-67.0319153930699,-7.44799059922999,-2.43752419611163,-2.35198922060462,-4.93117773281893,-13.406383078614,-1.40890792366255,-0.471750327835199,-0.480844868495377,0,-134.06383078614,-1.03126023681646,-0.347421621233218,-2.56420484707369,-0.00170794553620496,-0.00123962964221633,-0.00274728731518213,-0.526047225151127,-1.96614372653267e-06,-0.000575999272980192,-0.0522666006963508,-0.0503542304722861
"R2O2 max",3.48841196719822,4.93117773281893,5.59577874769357,9.86235546563787,9.86235546563787,0.408887222432284,6.70319153930699,0.0240551574408335,3.94746725731975,3.2417027164513,3.28745182187929,2.00177201077867,3.94746725731975,1.7875177438152,4.62289071676344,0.971477034682172,2.85242193161999,5.58599294942249,1.21938708663237,3.28745182187929,1.18502768639838,3.28745182187929,7.05599109400735,0.981433334666664,0.0403815828333046,0.0240551574408335,1.44236685902959,8.93758871907598,1.44236685902959,0.0240551574408335,0.125880284756926,4.93117773281893,3.19199597109857,1.22847857637017,3.58223921574455,9.86235546563787,2.84700929029783,1.44236685902959,134.06383078614,1.54096357225448,13.406383078614,134.06383078614,2.49166883885201,0.469635974554184,1.08213303756515,26.8127661572279,2.75865129090144,1.25776750983625,11.171985898845,0.380647805435049,1.79979550792377,0.981433334666664,9.86235546563787,0.221630511423117,0.151827667934473,1.44236685902959,4.44442302395822e-06,12.1876209805582,22.34397179769,3.32749996034568e-05,0.161134412002572,0.000727484481117794,0.0436232239661483,0.962417021230587
"TERP median",0,0,0,0,0,0.199380656679065,2.92869322821576,0,-3.85099000011195,-1.96734492595698,0,-0.971112863421253,0,0.592352112817914,1.38069392221835,0.239542114117442,0,-0.947696823685416,0,-18.8923122202832,-0.272939454995198,0,0,0,0,0,0,6.39400079319835,0,0,-0.00716436848944048,1.11312465100949,1.7216691472537,-1.3398899001635,1.31286248161396,0,-2.78556058191886,-0.545878909990396,0,1.63856993939102,0,-2.3261649308642,-2.29431400917072,-0.294011932656419,0.349462434728304,1.58753396165888,0,0.618486826446108,6.74803722117058,-0.0365984813455266,0,0,0,-0.113856652439631,-0.0281130375657322,0,0,0,0,0,0,-0.000589972945397256,-0.0125095109240804,-0.000124186578979293
"TERP min",-324.623199556336,-1378.13266413731,-1158.83776671755,-1044.92843931601,-1378.13266413731,-173.838496287963,-386.279255572515,-1378.13266413731,-971.714354271927,-1298.49279822534,-1378.13266413731,-759.020011502964,-540.542495891174,-85.9670844208018,-432.830932741782,-232.91722825437,-165.548252388221,-269.184096646601,-4.97664326036345,-361.046350252445,-437.834561178898,-129.849279822534,-1298.49279822534,0,-759.020011502964,-1192.15809553902,0,-39.4498647542071,-365.851542461139,-1192.15809553902,-10.1099003863209,-459.377554712436,-181.265048136902,-90.4634261507119,-90.5520983265456,-1298.49279822534,-543.312589959274,-343.769371859715,-321.117839602322,-36.2461368992455,-287.374386846404,-485.857177135963,-483.871599401985,-88.9558687283827,-108.293285645959,-277.909901900885,-151.038293276685,-1158.83776671755,-301.705951918768,-13.6635707315088,-100.947334166946,0,-540.542495891174,-26.3877280245721,-3.86764646645142,-90.8962823892067,-0.122523026221042,-1.80894228195799,-4.00900721947446,-0.671820888742222,-0.00286911541819256,-0.761276026401235,-2.38130094248832,-239.557703512658
"TERP max",112.72573363515,91.4628856152848,361.046350252445,361.046350252445,365.851542461139,543.312589959274,1298.49279822534,115.450645573786,17.9689364331195,13.7139069053985,72.2092700504891,82.7487444310899,1298.49279822534,103.298651242491,458.034409218076,65.4334870311537,259.698559645069,459.377554712436,365.851542461139,348.632642082526,261.232109829003,687.051613827114,321.117839602322,513.291173960407,234.945310092283,115.450645573786,108.293285645959,1192.15809553902,628.351713629359,115.450645573786,1.28632956938596,193.728030057161,379.510005751482,112.72573363515,759.020011502964,180.523175126223,173.431001622083,1158.83776671755,1374.10322765423,57.6028625938079,185.498971175049,1158.83776671755,1374.10322765423,90.9891034768884,33.7170811209925,308.894947760176,308.894947760176,1378.13266413731,135.096238562423,27.2122591293294,311.47924905801,108.293285645959,111.496704621565,88.9558687283827,89.0630300923437,108.293285645959,0.00687559125711638,321.117839602322,321.117839602322,2.11768210719185,0.559333781089721,0.159090026736749,1.91437792596475,176.981442000113
"METHACRO median",0,0,0,0,0,-0.00701406300010495,0.0142537294406789,0,-0.0192779656518534,-0.0209989269274095,0,0.00260697858340366,0,0.0112834344569421,0.0195274682376253,0.0037888791780509,0.0108833700047016,0.0267006002590983,0,0.0288056924615704,0.00566086778110509,0.0115530550643534,0.0219832429936975,0,0,0,0,0.0501639484315792,0,0,0.000131414613553685,0.286470426559735,0.0022138011513121,-0.00457198427999753,0.00295639632344791,0.207363488808212,0.110326967254399,0.128706057418688,0.168072379544355,0.0115552191144207,0.162728901980211,0.0686586863805386,0.244093352970316,0.015240797872206,0.00827199517667375,-0.0112678574766614,0.00658863604836529,0.0190468591144075,0.0137264134653191,-0.000465207995792057,0,0,0,0.0051034870186059,0.00094326150710375,0,0,0,0,0,0,-3.02235414797557e-06,1.30712503270344e-05,5.26960549712727e-07
"METHACRO min",-2.04831251251265,-4.60870315315346,-20.2203381062123,-20.5243063225963,-20.5243063225963,-18.6307838163868,-36.3594717042018,-14.8648245680121,-0.623266914605884,-0.997475734989836,-4.98613531684707,-4.32951747565102,-36.3594717042018,-1.39174873034385,-12.3754774393728,-1.76792534848183,-7.27189434084035,-11.9702508796672,-20.5243063225963,-20.2203381062123,-6.50873822129123,-18.5632161590592,-9.99079042661624,-6.77125448770342,-19.1092270877545,-14.8648245680121,-0.0864170773847113,-28.4066714424284,-10.2828020459622,-14.8648245680121,-0.0509386760393458,-3.26893515471822,-12.1316571912313,-1.42402630020238,-24.2633143824626,-10.2621531612982,-4.7285481342816,-33.6984104373366,-46.8273995429009,-0.578209526447879,-5.19421024345739,-46.8273995429009,-37.1264323181184,-1.15837947608376,-2.20325600414771,-9.36547990858019,-9.84269353640983,-37.1264323181184,-9.97227063369415,-0.557798092334955,-11.3187786780537,0,-3.30179722354486,-1.42725577523089,-0.657967683271103,-0.0864170773847113,-4.11826818327309e-05,-9.99079042661624,-9.99079042661624,-0.000308331073407357,-0.0562829321429098,-0.00445472576625848,-0.036681285381135,-3.34796163855392
"METHACRO max",9.08986792605044,37.1264323181184,33.6984104373366,46.8273995429009,46.8273995429009,8.2943797497778,11.2328034791122,46.8273995429009,29.4886858488419,36.3594717042018,37.1264323181184,24.2633143824626,46.8273995429009,2.46067338410246,12.1198239014006,4.07352653669539,4.81405863390523,6.05954923418174,0,19.494219252576,10.9610187901482,3.63594717042018,36.3594717042018,4.99840309959594,46.8273995429009,28.4066714424284,0.976373411881264,1.74744032347079,20.5243063225963,28.4066714424284,0.0201749843153296,23.4136997714505,6.21026127212894,1.87213391318537,3.10513063606447,36.3594717042018,18.6307838163868,13.1593536654221,9.99079042661624,0.7016146085312,7.25620094087448,14.7443429244209,31.6286196375944,2.60152219682783,1.73462857934364,6.61166406397061,2.81790372570052,33.6984104373366,20.4254138261357,0.0882380824444447,0,0.61022348100913,46.8273995429009,0.705803879275829,0.659571921450368,0.914011345857519,0.00518075599048257,0.00650347719793146,0.0144131116278481,1.59567284506863,1.0314992847783e-05,0.0205686605640545,0.0469841090569089,4.41365182528267
"OLE1 median",-2.13746277339514,-12.7423649144222,0,0,0,-0.29260377270198,2.00039521165357,0,-2.70208578524951,-3.1530741565291,-11.5752558596626,-1.07226205990193,0,1.22370374565488,1.31595798260691,0.239860746946595,0.431229217971023,0.706900985840936,0,-8.99783999628854,-0.730273259273289,0.449657817029614,1.02486074052667,0,0,0,0,5.44963249395349,0,0,0.00200927338341266,8.77811318105941,1.09110491408731,-1.21320219585637,0.789995909680075,0,-2.02070354798092,0.402888184099137,4.86918445110895,0.798866818208148,5.39126285710239,1.615305089908,4.36823799004438,-0.76267774675132,-0.398030214935768,0,1.74495868288296,0.238275906045864,2.70590312463964,-0.0349070217959269,0,0,0,0.0822983152438817,0.0325455753951617,0,0,0,0,0,0,-0.000373309142355003,-0.00772027098360506,0
"OLE1 min",-71.5516385127639,-91.147000135669,-80.8281419192368,-178.450369519552,-175.560589079988,-27.4890297412105,-66.0528187119222,-178.450369519552,-37.8729060129094,-41.879008389191,-81.3731595224689,-37.8979980175621,-84.6943997888231,-33.7442814387761,-72.1638536712946,-72.1638536712946,-35.0357386715423,-78.7352308786276,-96.3824784079104,-91.147000135669,-175.560589079988,-27.0845294229435,-70.0714773430846,0,-132.409754677183,-178.450369519552,0,-68.8955586630979,-49.7719082150962,-178.450369519552,-3.55174714145712,-178.450369519552,-66.0528187119222,-74.1357981337453,-13.7353885416502,-92.6020468773007,-87.6541485321732,-83.9195281264023,-83.9195281264023,-39.8041805439333,-81.2535882688304,-83.9195281264023,-84.6943997888231,-29.6427839605863,-92.6618724696278,-95.087302067421,-57.9021512347041,-80.8281419192368,-38.268716588405,-4.01257262563491,-96.3824784079104,0,-96.3824784079104,-10.4393409779834,-1.80928093381515,-85.4456414664393,-0.00124186320275862,-0.640164873545085,-1.41874377380262,-0.00929771926672681,-0.00101534854217983,-0.0312604255865251,-1.52694790223653,-73.3794551873388
"OLE1 max",66.214557287111,48.5449808440758,85.677382990303,0,38.9447081400134,88.9889510938472,67.8865073827833,96.3824784079104,18.8842127129218,12.5894751419478,60.9324465641465,37.5813370021816,84.0698765426189,50.9054654826338,74.6736463949837,18.3448637968347,41.9597640632011,53.3293310059311,0,94.0025813397432,44.028831924873,41.1842186646127,83.9195281264023,178.450369519552,81.3731595224689,96.3824784079104,80.8281419192368,102.254952730643,178.450369519552,96.3824784079104,0.657274165126456,175.560589079988,66.6877495988488,38.0015182203763,26.9563142855119,96.3824784079104,63.5571487212415,96.3824784079104,85.3670795309241,53.3293310059311,71.5516385127639,84.0698765426189,80.8281419192368,35.5102549530625,11.3933750169586,94.0025813397432,83.2555882598556,79.0645119160092,63.7118245721108,19.9711745111934,16.43606543144,76.7780209880946,80.8281419192368,37.7684254258435,41.879008389191,80.8281419192368,0.0390205355345146,61.3370189799458,61.3370189799458,12.0183249446305,0.0448698017409991,0.00487795441419127,1.19764976688543,38.0432356806995
"ISOPROD median",-0.179801025516301,-0.693719875982103,0,0,0,-0.020023526386524,0.129699469132627,0,-0.152130683981602,-0.180308261387257,-0.665290029951281,-0.0511890968608261,0,0.0990451258752328,0.0701424724830922,0.0131740599990353,0.0198197161446766,0.033045243329189,0,-0.473962799348468,-0.0433690192429401,0.0207199361634672,0.0443866612099921,0,0,0,0,0.54092478416177,0,0,9.66289132834359e-05,0.499545741768967,0.0743269794010864,-0.0826549689759618,0.0600770736030734,-0.0527433571727892,-0.120291232766248,0.0990451258752328,0.454324557524384,0.060163528996598,0.473941358424246,0.0548676812718632,0.399702333533247,-0.0349475622391594,-0.0197464742146807,-0.0104159147291649,0,-0.00640405964641958,0.187937834009462,-0.00252508400677222,0,0,0,0.00499250889130849,0.00151783845328305,0,0,0,0,0,0,-1.96155288243883e-05,-0.000505961700300177,0
"ISOPROD min",-8.93801629687386,-15.6003259749525,-20.8004346332701,-62.4013038998102,-62.4013038998102,-4.60034061459885,-7.60082105055102,-62.4013038998102,-4.25613331580664,-7.06064640877039,-31.2006519499051,-3.08269373361526,-62.4013038998102,-4.44592043639338,-10.867855633598,-10.867855633598,-4.89197502923721,-14.8045047116305,-3.83666949529678,-15.6003259749525,-13.5117810959168,-5.55357954253899,-9.78395005847443,0,-62.4013038998102,-15.3202265329786,0,-3.65457357782702,-5.9709567228626,-15.3202265329786,-0.414365292627341,-31.2006519499051,-7.60082105055102,-3.96843659357531,-2.47335633882232,-20.8004346332701,-6.29349464755078,-19.3623276900082,-19.3623276900082,-1.8111319828872,-16.660738627617,-20.9427783913278,-31.2006519499051,-4.52475461297348,-4.83965293989114,-15.7259888270589,-6.29349464755078,-6.24013038998102,-2.06050663446512,-0.70874768052927,-10.7563160201888,0,-62.4013038998102,-1.2248962723288,-0.179311410516454,-4.26547222581821,-0.000336509395122894,-0.0767499347262291,-0.170094449933805,-0.00251941589018711,-0.000121731037670228,-0.00472493651593012,-0.0243279937231229,-11.5302223475257
"ISOPROD max",10.7563160201888,2.48449630075821,10.7563160201888,0,10.7563160201888,7.11948766528664,8.56202947217628,3.83833496671848,0.822024839746655,0.548016559831103,3.30241131298394,4.79247369723169,7.06064640877039,4.46900814843693,12.2640020327409,2.88255558688143,4.84058192250205,7.86299441352947,0,9.74408272948195,4.20322833399902,8.79571266772927,19.3623276900082,15.3202265329786,10.7563160201888,3.81852266144596,2.58042192836907,11.9530163759131,15.3202265329786,3.81852266144596,0.0772796250602502,13.5117810959168,7.89515815743,3.38163489491964,4.93244296152822,6.72939934095977,5.9709567228626,5.6040687248212,62.4013038998102,2.82933782807859,9.2494840694414,62.4013038998102,8.52851041125388,3.81036187527247,2.63914243474037,18.4989681388828,18.4989681388828,9.89663673739092,5.20010865831752,0.607319858263846,0,1.9222585331063,2.58042192836907,4.12416244187844,4.04635006448818,2.18270542229902,0.0127239767371331,19.3623276900082,19.3623276900082,2.8102689451827,0.0750015671872719,0.000865063269881204,0.0138754625672424,0.56272112384061
"OLE2 median",0,0,0,0,0,-0.036678052931811,1.27136333181188,0,-1.61315572939544,-1.34765858035357,-2.49691553362802,-0.430238462541492,0,0.673791061716625,0.641191223757614,0.104986161297959,0.151915480503728,0.13204099055452,0,-6.97320212704983,0.28077605061296,0.134446653997975,0.343226999050128,0,0,0,0,3.39084673799454,0,0,-0.000292990057086153,3.20345199113452,0.6984040704093,-0.657147354481692,0.555087566147126,0,-1.12523905587775,0,1.23571743114157,0.630313045949385,0.988096073055546,0,0,0.455360581579067,0.276145349973985,0.820153641443344,0.610828993316263,0.378305130492862,2.42661513357066,-0.0156718621897451,0,0,0,0.0154750209274479,0.00745209050379663,0,0,0,0,0,0,-0.000229268274992902,-0.00476859042391987,0
"OLE2 min",-108.731939343559,-467.066744026589,-385.68188830038,-363.934565358013,-467.066744026589,-47.7897761147623,-128.56062943346,-467.066744026589,-320.795176584078,-434.927757374238,-467.066744026589,-247.640872307536,-192.759137527535,-26.472516574413,-144.975919124746,-81.4648883853255,-55.09741261434,-95.8118545029544,-15.3885893701827,-119.773377963801,-149.415828891438,-43.4927757374237,-434.927757374238,0,-247.640872307536,-410.360062925871,0,-20.8195483769714,-121.915834092073,-410.360062925871,-3.36058104600222,-155.68891467553,-62.0946389543671,-31.2266457253404,-28.9657177638783,-434.927757374238,-173.79430658327,-115.98761802585,-115.98761802585,-18.8154106009734,-102.969636805543,-160.397588292039,-174.627298949642,-28.4585229749026,-44.6860201047551,-99.256408248832,-62.3914767566601,-385.68188830038,-95.0117722838907,-4.00156383255734,-37.3995749370687,0,-192.759137527535,-8.92014403508535,-1.23732708586533,-38.053205199078,-0.000612337695120974,-0.605475453545613,-1.34186451866866,-0.00458451782210991,-0.000960328572354744,-0.256466895607936,-0.88727774677421,-84.0683559844863
"OLE2 max",49.5395100793369,31.8106621821943,119.773377963801,119.773377963801,121.915834092073,173.79430658327,434.927757374238,21.3790147660692,9.13245529993321,6.08830353328881,23.9546755927602,30.2406011563882,434.927757374238,35.7260446536833,154.307582190775,22.0439403129678,86.9855514748475,155.68891467553,121.915834092073,114.530405372057,90.9836413395033,231.461373286162,115.98761802585,197.98081262649,67.3938850504847,18.6857561369245,45.0109041942324,410.360062925871,233.816620329222,18.6857561369245,0.46625632663724,71.646011310014,123.820436153768,49.5395100793369,247.640872307536,62.3914767566601,47.361108016501,385.68188830038,462.922746572325,21.1638065066114,62.1325367677482,385.68188830038,462.922746572325,30.24522941402,9.46607931877112,111.312035632939,111.312035632939,467.066744026589,40.9771290020603,11.2858166861586,101.028484244165,44.6860201047551,44.7595867903143,28.4585229749026,28.7082996609616,45.0109041942324,0.0200603479081424,115.98761802585,115.98761802585,6.17858715570787,0.186373266559783,0.0532869097493552,0.702566670915315,70.336164488616
"MVK median",0,0,0,0,0,-0.00729351786231359,-0.00963388236177035,0,-0.00437745767853241,-0.00567479347289109,0,0,0,0,0,0.000984514902532484,0.00420570351161518,0.0178254821256245,0,0.127349558948133,-0.00528725626322902,0.0051662846299557,0.0062221341840053,0,0,0,0,0,0,0,0.00010368478738664,0.108195704439341,-0.00536202628003782,-0.00322103584174808,-0.00640429357108261,0.0373895075236494,0.106518572723188,0.0601727310584831,0.0657896705876347,0.00157690620725798,0.0948412055560826,0.0468729596103252,0.182841791327818,0.00535972447833257,-0.000779775662520021,-0.0475997518836105,0,-0.0111370417753879,-0.0221046310785287,-9.94904730413383e-05,0,0,0,0.00259522569876709,0.000633258598085849,0,0,0,0,0,0,3.88060608383483e-06,6.27093491673806e-05,8.7083989840924e-07
"MVK min",-2.44604588508098,-5.32416293687783,-24.4604588508098,-25.1165880657078,-25.1165880657078,-21.3757753302632,-40.2031480730762,-17.1298535473898,-0.765864061339784,-1.20318790877861,-6.12691249071827,-5.40743227159191,-40.2031480730762,-1.55777280524294,-13.5957002629149,-1.94224289470213,-8.04062961461524,-13.0674846239186,-25.1165880657078,-24.4604588508098,-6.22391669075078,-20.3935503943724,-14.5975626229613,-7.91969729284044,-23.3331243753987,-17.1298535473898,-1.18817879759917,-30.4794710352629,-11.3657795123121,-17.1298535473898,-0.0729211484553318,-3.53981286954108,-13.7539061599992,-0.778838900729685,-27.5078123199983,-12.5582940328539,-0.999251544123903,-37.5272728500839,-98.3938532735178,-1.13096383073009,-9.83938532735178,-98.3938532735178,-40.7871007887448,-0.644938156917713,-1.65779547807633,-19.6787706547036,-12.6574061795628,-40.7871007887448,-12.2538249814365,-0.716188183155728,-9.88468188142266,-0.98962342572047,-1.18817879759917,-2.08536608899447,-0.766898828435225,-1.18817879759917,-3.37431288765119e-05,-14.5975626229613,-16.3989755455863,-0.000252631802583309,-0.118261842876824,-0.00492564911456459,-0.0453902615987233,-3.76254482751752
"MVK max",10.0507870182691,40.7871007887448,37.5272728500839,98.3938532735178,98.3938532735178,9.89882530244223,12.509090950028,98.3938532735178,33.1093516922063,40.2031480730762,49.1969266367589,27.5078123199983,98.3938532735178,2.03483543036486,13.4010493576921,4.79927791335848,5.36103897858342,7.77295484534981,0,24.5984633183794,11.8798167785554,4.02031480730762,40.2031480730762,3.92015948125297,98.3938532735178,30.4794710352629,0.448306379014352,1.77441898987295,25.1165880657078,30.4794710352629,0.0303700188346946,49.1969266367589,7.12525844342106,2.28822914589576,3.56262922171053,40.2031480730762,21.3757753302632,24.5984633183794,14.5975626229613,0.601162555397319,9.75667354760313,19.7616312313949,61.594712914454,5.4663251818621,1.94760892307096,8.67470571381719,2.75911264101719,37.5272728500839,25.1165880657078,0.105306652153641,0.291107688440526,0,98.3938532735178,0.847323525487978,0.112168522570948,1.27244804489829,0.00574517772559097,0.00772387684301026,0.0171177811115362,1.76951473948202,1.22506363854321e-05,0.0225967317389168,0.0571325565881231,5.27313535465219
"CCHO median",0.10175381893117,0,0,0,0,0.0755768543729469,0.232784778579431,0,0,0,0,-0.0339010943089434,0,0.0957474888445408,0.162862685703131,0.0302170320368474,0.0597188730326707,0.0732873435033281,0,-1.40960055665789,0.162100335258253,0.0546972006127516,0.133013550260569,0,0,0,0,0,0,0,0.000252364608079629,0.296128395054239,0.12430188178794,0.0299275938032852,0.0956799289917642,2.82907263390397,-0.425643360833822,0,0,0.0313019333673085,0,0.192868593245083,-0.209491170107695,0.301937895480996,0.205360157332297,0.735825608635579,0.338565566141141,0.317539791183814,0.344357218452555,-0.00526886004477954,0,0,0,0.00381312018164761,0.00271550102259358,0,0,0,0,0,0,-4.35783056652711e-05,-0.000573977085125712,0
"CCHO min",-44.7079037371999,-182.743284818943,-165.706411099557,-344.551800031997,-344.551800031997,-40.4490178139844,-55.2354703665189,-344.551800031997,-145.088924370615,-178.8316149488,-182.743284818943,-119.527557988324,-344.551800031997,-14.1450929779622,-59.6105383162665,-15.8216084702935,-23.6723444427938,-29.3320919893457,-7.23859985049981,-105.959920361065,-53.9953256479305,-17.88316149488,-178.8316149488,-19.3177813899903,-344.551800031997,-139.644717003169,0,-12.4861197958454,-111.741068900848,-139.644717003169,-0.539296323756788,-172.275900015998,-30.6258003698449,-10.5367466519522,-15.3129001849225,-178.8316149488,-91.8774011095348,-86.1379500079992,-58.0027737211622,-15.2430047152287,-38.1649409972772,-77.3628634426088,-209.483508229186,-19.1417666684443,-8.53464261003617,-33.4012152900789,-14.9671615131389,-165.706411099557,-110.773829097552,-1.55468026901314,-15.5915067545752,0,-344.551800031997,-3.34864201184089,-0.692863850692212,0,-0.000305829312059841,0,0,-0.00228971683898206,0,-0.101242817074207,-0.928104557495708,-17.8974528854729
"CCHO max",12.4861197958454,24.9480804773856,110.165723610124,111.741068900848,111.741068900848,91.8774011095348,178.8316149488,75.3977338311476,7.46025132611357,5.24780497989204,26.8525569267374,20.3141015414281,178.8316149488,15.5915067545752,60.9144282729811,8.70206118185444,35.7663229897599,58.9664887546283,111.741068900848,110.165723610124,28.7393666443456,91.3716424094716,58.0027737211622,36.4248399672732,101.874610053238,75.3977338311476,6.56161543123024,139.644717003169,52.6984853240185,75.3977338311476,0.285471820821435,19.7462704838292,59.7637789941621,5.97392038434345,119.527557988324,55.8705344504239,24.818767055274,165.706411099557,344.551800031997,15.4714207826252,34.4551800031997,344.551800031997,182.743284818943,4.85366691381109,2.8734094248535,68.9103600063994,52.2530275822781,182.743284818943,53.7051138534747,10.4156515190108,60.1369520106678,5.94150983175851,13.7862560499211,14.9205026522271,15.4780916501887,6.34847018715936,0.0109880564058686,58.0027737211622,58.0027737211622,3.17513214815142,0.414124759653842,0.021910268922911,0.75322215241602,20.6825226291634
"HCHO median",0.0961740479602131,0,0,0,0,0.0648606341014936,0.195355950390774,0,0,0,0,-0.0173419740479813,0,0.0943442275797486,0.0954748697611218,0.0167227461121654,0.0359253028506916,0.0127822672995456,0,-1.03959921859757,0.134328249429004,0.0320660842133512,0.0829966979947484,0,0,0,0,0,0,0,0.000126341810628269,0.208103688575776,0.0927380229455529,0.0222029781303055,0.0565093538473971,2.07919843719514,-0.280030602728656,0,0,0.0291144720787599,-0.129517372426782,0.0348014283189926,-0.357789806508091,0.26799626405555,0.203184150712291,0.65902387702093,0.231014679800655,0.293930033657314,0.220572650361532,-0.00337004160804075,0,0,0,0.00501455697759738,0.0015738042924132,0,0,0,0,0,0,-2.98256303540027e-05,-0.000463066569226441,0
"HCHO min",-91.9511212629829,-298.841144104694,-398.454858806259,-1195.36457641878,-1195.36457641878,-60.6775690585468,-62.8303648436539,-1195.36457641878,-169.785664498373,-198.667548968029,-597.682288209389,-144.920669965339,-1195.36457641878,-11.2714049437581,-66.2225163226764,-14.5727609738495,-26.9272992187088,-42.1767070375433,-5.7940356193762,-325.787724228918,-55.957841701293,-24.2227375710906,-198.667548968029,-43.7645556904517,-1195.36457641878,-138.786552919162,0,-65.1575448457836,-151.195443598765,-138.786552919162,-0.684428147088102,-597.682288209389,-38.8894962208237,-27.7991761957855,-19.4447481104119,-398.454858806259,-483.126147382321,-298.841144104694,-178.148921511296,-41.7354669176967,-217.191816152612,-274.122354627583,-627.181113844483,-66.4091431343765,-21.7339013894323,-54.953302077079,-14.5835610828089,-188.491094530962,-146.445109466978,-2.38672325442431,-12.1023583887825,0,-1195.36457641878,-11.4699885997742,-0.734022350639109,0,-0.000144537735658834,0,0,-0.00108214116226248,0,-0.110121257478778,-0.671181402141411,-17.5147418536295
"HCHO max",13.7450403271604,325.787724228918,125.246919186888,151.195443598765,151.195443598765,116.668488662471,198.667548968029,126.042768685113,59.2341316779851,93.082206922548,651.575448457836,37.3538466960129,198.667548968029,15.9381943522504,66.2562899163978,9.46518427377111,44.5372303778239,62.7718830031211,146.445109466978,125.246919186888,54.0568694072997,99.3844348745967,178.148921511296,22.1793871113692,151.195443598765,126.042768685113,5.51550556630221,138.786552919162,483.126147382321,126.042768685113,1.01152160379182,32.7421247055512,72.4603349826696,22.4681189123392,144.920669965339,651.575448457836,10.1345106126861,217.191816152612,1195.36457641878,13.7398227174572,119.536457641878,1195.36457641878,198.768869749193,24.1324240169569,16.2893862114459,239.072915283756,325.787724228918,198.768869749193,99.6137147015648,9.04616779675761,28.3127662595776,5.51550556630221,9.31773061408326,25.4498459301851,12.0038334653583,9.54631499427575,0.0037901070840069,178.148921511296,199.22742940313,0.940930663940994,1.43673626973411,0.0243405475334512,0.583242728656621,17.2949681855418
"RNO3 median",0.494900348839922,1.97714524069811,0,0,0,0.0237297677068344,-0.0226896610176421,0,0.207191701220134,0.196017620608411,1.25644726657527,0.087906154629977,0,-0.0621324205782669,0.00280684889189626,0.000386552696640463,0,-0.00366442744764524,0,0,0.0941895403411939,0.00174512863821947,0,0,0,0,0,-0.386056049809648,0,0,0.000171961216952333,0.0610795023376815,-0.00874526987957473,0.108203562589685,-0.0535704358126482,1.56995543105349,-0.00542150380554143,0,-0.262714562108067,-0.0940656932985894,-0.595802713062447,0,-0.0729054923459796,0.136315912435074,0.0894022689065555,0.245019468445663,0,0.205267136630367,-0.125186391486198,0.0023237447959338,0,0,0,8.44786556809411e-05,2.18724108711465e-05,0,0,0,0,0,0,2.18784779709587e-05,0.000351014885087296,0
"RNO3 min",-35.425744522328,-10.8656872972296,-48.8614477937519,-49.014305307995,-49.014305307995,-37.9662114262871,-73.1206206886121,-22.9365535271716,-1.63441942941195,-3.18668120360033,-22.8818720117673,-9.52888573563168,-73.1206206886121,-3.07561008370065,-24.9975066496181,-3.57107237851688,-14.6241241377224,-24.3972571872473,-49.014305307995,-48.8614477937519,-12.9016687766087,-37.4962599744272,-26.232811564701,-31.7726322027409,-40.4971264018535,-22.9365535271716,-33.7551504900038,-60.1409389394671,-33.7551504900038,-22.9365535271716,-0.131394447509427,-23.5390812211736,-24.5372172599324,-1.03798255422241,-49.0744345198648,-33.7551504900038,-11.8085815074427,-67.7111674824665,-168.569260608722,-3.21140143882332,-16.8569260608722,-168.569260608722,-74.9925199488545,-10.6981630520755,-2.76713935304472,-38.9221967309026,-22.6691301743999,-74.9925199488545,-22.3192961123357,-0.368891105310043,-45.7637440235345,-27.9342125586132,-33.7551504900038,-3.747544509243,-1.91769222665534,-33.7551504900038,-0.000629817602363926,-26.232811564701,-26.8377581702207,-0.00471538833183463,-0.193541525266015,-0.00895866462737222,-0.416581754942449,-6.23708381782729
"RNO3 max",38.9221967309026,74.9925199488545,67.7111674824665,168.569260608722,168.569260608722,17.4643423520763,22.5703891608222,168.569260608722,59.3709644567779,73.1206206886121,84.2846303043608,49.0744345198648,168.569260608722,4.428218065291,24.3735402295374,8.33514410953004,9.67302392606664,13.5071734588928,7.56992397066681,46.9081333492931,22.6778725187041,7.31206206886121,73.1206206886121,0,168.569260608722,60.1409389394671,0,20.7596510844481,49.014305307995,60.1409389394671,0.161917753074948,84.2846303043608,12.6554038087624,3.83111955928913,6.32770190438118,73.1206206886121,37.9662114262871,42.1423151521804,26.232811564701,2.69346120943773,17.2346895494542,35.6078952750547,116.323212016169,9.36495892270676,17.5259989177427,45.1385293426124,4.94758037139816,67.7111674824665,47.5453403107234,2.54822906790934,33.7551504900038,0,168.569260608722,3.18808350130867,3.18668120360033,6.43064305912246,0.0560143745698097,0.0373885679571327,0.0828611506076994,0.602163723102634,5.93010168759164e-05,0.0415471024647393,0.353555096432482,9.09131274906266
"O3P median",0,0,0,0,0,1.34518718425083e-35,-5.19637112663084e-36,0,1.55891133798925e-35,1.74399064183797e-36,0,1.63092939633382e-36,0,-5.79942951191947e-37,-5.76276203616635e-37,-4.36301000610212e-37,-1.83483990394413e-37,-4.09038578188797e-37,0,0,5.44997075574367e-37,-1.81539205976463e-37,-3.75982861733214e-37,0,0,0,0,-9.05402399907944e-36,0,0,1.56145638986299e-39,0,-1.66950760293269e-36,3.62160959963178e-35,-1.82093504620936e-35,0,2.49495313836802e-35,0,0,-1.62714335110958e-36,0,0,0,5.17963612665451e-35,3.9807393361897e-35,0,0,0,-3.07814495847319e-36,1.976964020151e-37,0,0,0,-2.13035858801869e-36,-1.43869596151732e-38,0,0,0,0,0,0,7.41201525709466e-40,7.66471141259832e-39,0
"O3P min",-30.5598831107444,-99.3196201099194,-132.426160146559,-397.278480439678,-397.278480439678,-3.5157387649529,-0.000143930479413458,-397.278480439678,-15.8911392175871,-28.3770343171198,-198.639240219839,-5.67540686342397,-397.278480439678,-0.00091262073225369,-0.00017710667851468,-0.000358900688858748,-0.000208629536241135,-0.000200995989108208,-0.00080913332787558,-99.3196201099194,-8.63648870521039,-0.000377432521183636,-0.00041725907248227,-0.000862381626246316,-397.278480439678,-0.000139270277032205,-0.000925225928062461,-0.00091262073225369,-0.000999397349662287,-0.000139270277032205,-1.23310422765772e-06,-198.639240219839,-0.000101203816294103,-9.23903442882971,-0.000236142238019574,-132.426160146559,-8.63648870521039,-99.3196201099194,-0.000602987967324624,-0.000200995989108208,-0.00113229756355091,-0.000739132907214294,-198.639240219839,-22.0710266910932,-7.22324509890323,-0.00182507811262075,-0.000223590297218386,-39.7278480439678,-0.000295010942042165,-0.150427292858644,-0.00182507811262075,-2.92260026489951e-05,-397.278480439678,-3.05598831107444,-1.14373491267769e-05,-0.000862381626246316,-6.49734732056716e-07,-0.000362391702001736,-0.000362391702001736,-3.5626394368479e-06,-2.65100001464328e-07,-0.00170688928223277,-0.154884397832233,-0.00286578815563723
"O3P max",0.00182507811262075,0.000925225928062461,0.00182507811262075,0.000800314119056833,0.00182507811262075,4.70773011209902e-05,19.8639240219839,0.00080913332787558,4.79768264711525e-05,0.000143930479413458,0.000602987967324624,0.000130374390321956,0.000181195851000868,5.29704640586237,13.6992579461958,2.87882956840346,8.45273362637612,16.5532700183199,0.000400711887907332,0.000608359370873584,0.000301493983662312,9.68971903511409,20.9093937073515,0.00103004177091116,0.00182507811262075,0.00080913332787558,0.00103004177091116,26.4852320293118,0.00182507811262075,0.00080913332787558,0.222440358588845,0.000968287005082449,9.45901143903995,2.52504881505751e-05,4.90467259802071,0.00103004177091116,0.000517211804780289,0.000708426714058721,397.278480439678,4.5664193153986,39.7278480439678,397.278480439678,0.000631262203764379,0.000241981714581297,0.000165916192056432,79.4556960879356,0.000566148781775455,0.000588240045808105,33.1065400366398,0.000120597593464925,0.000999397349662287,0.00103004177091116,0.000739132907214294,3.71330708096693e-05,0.449919003895445,0.00103004177091116,9.90765282914544e-08,36.1162254945162,66.2130800732796,3.0515570713768e-05,0.477498173605382,1.68501018649707e-08,5.12715269798211e-05,3.41914504857266e-06
"RCHO median",0.031310459506259,0,0,0,0,0.0307596885875311,0.263298411750103,0,-0.306621480624723,-0.155384658860542,0,-0.190263226232724,0,0.0521224309236714,0.106364567258594,0.0198130076266008,0,-0.10857344092857,0,-1.3060244268789,0.0366366730522364,-0.00434867493142486,0,0,0,0,0,0.420007683309204,0,0,-0.000405363780142949,1.09451984027317,0.127699955762995,-0.118036823282139,0.139200348998742,1.13810847773865,-0.232611930221769,0,0,0.119924206764531,0,-0.262543636565634,0,0.207681064076125,0.119259649301049,0.219327270369524,0.262958109872839,0.0586186768835782,0.565300967539623,-0.00489647812476767,0,0,0,0.00977483378200026,-0.00349072416135964,0,0,0,0,0,0,-9.03037486987125e-05,-0.00132274950388654,0
"RCHO min",-49.3049700171536,-202.205294903947,-182.194151728302,-430.752825368788,-430.752825368788,-46.0203644420061,-60.731383909434,-430.752825368788,-159.180973593236,-197.219880068615,-215.376412684394,-131.079684509626,-430.752825368788,-16.1417481199906,-65.7399600228715,-32.6511157391745,-26.027735961186,-50.9808166209234,-22.4817158168704,-107.688206342197,-60.1181598768506,-20.816766449698,-197.219880068615,-31.8952846102883,-430.752825368788,-155.887771470602,-16.7715046747334,-24.2653846872228,-111.658013880285,-155.887771470602,-0.806175499657936,-215.376412684394,-33.6810199686267,-24.1193040492241,-16.8405099843133,-197.219880068615,-101.04305990588,-107.688206342197,-87.3942470927303,-18.5221566438229,-62.4502993490941,-111.042677180759,-258.411523375483,-23.9307125204882,-15.4113213248507,-56.3026750521115,-14.748900993159,-182.194151728302,-110.855778958979,-1.48487643165488,-52.3606107899617,-12.8302081492759,-430.752825368788,-4.92123145322668,-0.841916211082858,-16.7715046747334,-0.00116017814750585,-0.120987225969392,-0.268133852148383,-0.00868615052844696,-0.000191894633065574,-0.112025094129611,-0.697939430238403,-35.5425467831666
"RCHO max",49.0442309683676,25.0868071917667,110.146598224651,111.658013880285,111.658013880285,101.04305990588,197.219880068615,79.965276686732,8.88959442765101,5.92639628510067,26.9771188449255,24.8021272787477,197.219880068615,21.7088697084655,67.4017649679824,9.62882356685463,39.4439760137229,65.4593092562564,111.658013880285,110.146598224651,39.3003675578024,101.102647451974,87.3942470927303,33.2667788289222,103.045679461922,79.965276686732,0,155.887771470602,53.4496491772332,79.965276686732,0.409751576312762,22.9528792207353,65.5398422548128,12.1326923436114,131.079684509626,55.8290069401426,23.847423418521,182.194151728302,430.752825368788,22.2380110155205,43.0752825368788,430.752825368788,202.205294903947,7.25557949692142,5.23606107899617,86.1505650737576,77.8246904266631,202.205294903947,53.9542376898511,9.71801451953352,60.8195474632602,0,3.41432543321595,17.779188855302,19.2197055548655,3.50739561490911,0.064088874895914,87.3942470927303,87.3942470927303,2.5169710264058,0.517731761260563,0.0241631806013985,0.555273014838008,17.3846723186493
"MEK median",0.217857423236877,0.881386113591439,0,0,0,0.026132461627008,-0.0197182101615988,0,0.117452115855243,0.165849425059878,0.843504999535804,0.0635392764019482,0,-0.0265912376447638,0.0127313132751051,0.00159908606211197,0,0.0139920030434798,0,0.126027030036646,0.0874630676475543,0.0117233974284664,0,0,0,0,0,-0.277481291187212,0,0,0.000185624067693132,0.163692439741031,-0.00900193071690332,0.0996658812769851,-0.0271753993657337,0.881386113591439,-0.0350040866387362,0.0458889411802018,-0.126628268973669,-0.0816762021570512,-0.211178979388513,0.0612877919663258,-0.178697735723081,0.142766770628171,0.100873523290195,0.220078149662654,0,0.198031280649537,-0.125541776966369,0.00118604202521028,0,0,0,-0.000358859186737062,0.000446184141001576,0,0,0,0,0,0,1.23060392412113e-05,0.000316355580857679,0
"MEK min",-5.00736487683702,-11.0162027290414,-50.0164372550448,-55.0810136452072,-55.0810136452072,-44.370553065261,-78.1474869218401,-40.8474542475191,-1.74543438918082,-2.81208873812465,-13.7702534113018,-13.8607513408306,-78.1474869218401,-6.40044072997404,-26.2223258855066,-3.74604655507236,-15.629497384368,-25.0394835468405,-54.9883070973788,-50.0164372550448,-13.631778910329,-39.3334888282598,-28.8166006472091,-13.8289109706453,-53.5951726150315,-40.8474542475191,-2.06864204847697,-57.4256436752562,-20.4638847920077,-40.8474542475191,-0.268775506577857,-6.14288637839757,-27.8584690310911,-2.60781949211236,-55.7169380621823,-27.5405068226036,-4.22758851991462,-73.685060426021,-480.033054748053,-5.51762131894314,-48.0033054748053,-480.033054748053,-78.6669776565196,-1.94687829878363,-0.992932124631806,-96.0066109496106,-23.6066097794838,-78.6669776565196,-40.0027545623377,-0.513361160771504,-10.4252283320534,-1.68700999907161,-2.06864204847697,-4.11665723531559,-1.65009857791562,-2.06864204847697,-0.00111335619652843,-43.6393686134594,-80.0055091246755,-0.342913708530757,-0.576962806187564,-0.00957455120336193,-0.486861911025781,-4.76167013574404
"MEK max",36.9256195960041,120.008263687013,160.011018249351,480.033054748053,480.033054748053,22.5893601929009,24.5616868086737,480.033054748053,65.8807751590211,78.1474869218401,240.016527374026,55.7169380621823,480.033054748053,2.73068003773158,26.04916230728,7.93132135802127,10.5264372037173,12.5716937682668,8.64651544315117,120.008263687013,22.6087994799633,7.81474869218401,78.1474869218401,10.0243801153159,480.033054748053,57.4256436752562,1.28490093565354,5.21563898422471,55.0810136452072,57.4256436752562,0.063837677349272,240.016527374026,14.790184355087,11.1635594127454,7.3950921775435,160.011018249351,44.370553065261,120.008263687013,28.8166006472091,0.311386417481802,16.6253982593968,44.4346685114632,240.016527374026,26.6685030415585,8.72787372269187,14.3289196542474,5.57169380621823,73.685060426021,54.9883070973788,0.979705350108984,8.50938739331243,0,480.033054748053,3.69256195960041,0.191435255872042,2.85362364733523,0.00211714203746394,0.0458852967358683,0.101691738711924,0.0116087586886446,7.27774532367737e-05,0.0435828131061051,0.415004579252444,8.56089152574018
"PROD2 median",0,0,0,0,0,-0.0302191951126403,0.320545614666536,0,-0.30707987832122,-0.265630696975093,0,-0.129570278625822,0,0.0726984781509021,0.15408690597061,0.0282699641996459,0.0305087229367466,-0.0253696696237513,0,-1.86055718059159,-0.107628053897263,0.0387770341202366,0.079203232788088,0,0,0,0,0.581039826735205,0,0,-0.000486086140645809,2.18185865617751,0.173886058143691,-0.0941853467317984,0.118106752875099,1.10567801620167,-0.232195665355365,0,0,0.0928432305265613,0,-0.184279669366946,-0.633695477752029,0.139836522562776,0.378638901177356,1.31426635683528,0.396697154116263,-0.0487878261995217,0.914935186550116,-0.00292590606142181,0,0,0,0,-0.00597579715109106,0,0,0,0,0,0,-6.50513479864892e-05,-0.00135065015101414,0
"PROD2 min",-35.8561637280288,-33.8582884089036,-9.51275551597633,-36.4670580557191,-36.225181050374,-15.0701316067073,-24.7078143871398,-7.9987586746098,-16.9589096581789,-34.4883388623617,-35.8561637280288,-9.44580722789624,-24.7078143871398,-31.7384968181158,-13.6286380338378,-15.6843659255974,-31.7384968181158,-34.9994092178059,-32.9336380974593,-26.9711860720424,-36.4670580557191,-12.9432219552717,-30.0026329466213,-25.2905155744522,-8.3268226931822,0,0,-36.4670580557191,-25.2905155744522,0,-0.950012131781193,-22.1372752439662,-9.73912089391142,-35.3312847074713,-17.7469870344922,-8.65427063155293,-36.3956543641056,-32.5381511983491,-32.5381511983491,-33.9178193163577,-36.5694000070843,-36.5694000070843,-32.5381511983491,-9.73912089391142,-25.6202838320631,-22.8013431524364,-9.50780902777338,-26.3373095935927,-9.73912089391142,-3.64372054359947,-36.6848147786473,0,-36.6848147786473,-5.42302519972485,-1.54171905983444,-7.6584964958911,-0.00867252893220602,-0.0978559254743131,-0.216869888889018,-2.67113891111945,-0.000155206690307421,-0.00302717647477822,-2.71106373404244,-7.59699754354593
"PROD2 max",36.4670580557191,35.8321421765553,36.4670580557191,25.2905155744522,26.3373095935927,10.6756707611431,15.1316921108678,36.6848147786473,20.4320251281971,24.7078143871398,36.6848147786473,17.7469870344922,8.10789685405857,36.1489031574919,15.1316921108678,4.06659560106366,32.5381511983491,36.3956543641056,8.68168632693459,24.2560984514568,34.9994092178059,33.2703976725741,32.5381511983491,9.12986493833859,36.6848147786473,31.9000472972196,9.12986493833859,33.8582884089036,35.3312847074713,31.9000472972196,0.182353867292246,26.3740484636579,15.6843659255974,18.112590525187,18.1497671504531,26.3740484636579,36.6848147786473,28.2913371716155,36.5694000070843,36.3956543641056,36.4670580557191,36.225181050374,35.8321421765553,8.55010918603073,4.43586834426421,24.2560984514568,12.6927394990764,36.6192669403746,10.78863456292,24.675629067175,22.3933860726694,9.12986493833859,8.60090918226168,33.2703976725741,34.4883388623617,9.12986493833859,0.00329187216790246,7.4403769563074,7.4403769563074,0.0180500641689685,0.00544285073614294,0.0144824933586182,2.24062370365677,7.52076496467181
"O3 median",9.69447397566394,16.6004728734755,0,0,0,0.86347440502322,-8.65152228104232,0,6.47176051336059,7.83169561577977,29.5971186980337,3.94571187088106,0,-3.5665027376324,-5.10988582755566,-1.04161253998146,-2.0231415074795,-3.55906876938191,0,18.528801008946,0.301212001752286,-1.9516266056752,-4.63635034848191,0,0,0,0,-13.1957948536555,0,0,-0.00961117448877214,-12.2554070877486,-4.24112647271813,3.55065424805032,-3.16099902062941,0,8.00780465121226,-9.91145687166193,-8.90461396855716,-2.38557815983828,-4.6322002522365,-6.7570545314757,-2.55806027001274,0,0.0575465944347428,0,-5.21957022442129,0,-7.51142278092193,0.135799567026889,0,0,0,-0.474908798593473,-0.155042650930823,0,0,0,0,0,0,0.00117924852675022,0.0228797815285637,0
"O3 min",-500.210347461349,-201.386826700687,-507.552967977394,-513.760947321633,-513.760947321633,-309.618637140128,-179.087543939895,-525.132772029557,-64.0231713900597,-42.6821142600398,-286.074722857866,-63.7818953794964,-467.27287009733,-217.831260646736,-136.10539979309,-31.7281046675598,-117.7221032494,-234.673662137842,-513.760947321633,-507.552967977394,-233.601899722243,-128.046342780119,-235.4442064988,-619.237274280256,-500.210347461349,-526.195842876975,-467.203799444485,-416.151839393736,-639.916457559503,-526.195842876975,-2.37390807725574,-639.916457559503,-95.7105390012742,-166.778522383503,-152.32419099987,-524.212601582208,-302.794491247879,-524.212601582208,-790.450750485694,-234.673662137842,-347.49512914665,-790.450750485694,-449.767284960275,-233.601899722243,-148.802216699816,-496.448019833106,-429.34947788704,-449.767284960275,-193.538653871272,-31.0304684872305,-17.0235107065893,-467.203799444485,-429.34947788704,-128.046342780119,-155.438969111799,-467.203799444485,-0.50847642394704,-195.398785868956,-195.398785868956,-156.610738575688,-0.950060998179921,-0.0219416250845253,-3.68590014347168,-115.608725573503
"O3 max",369.300505731221,469.452680110776,467.203799444485,790.450750485694,790.450750485694,125.095474728745,59.0855594552055,790.450750485694,169.211705551397,179.087543939895,463.626974877953,152.32419099987,790.450750485694,102.999684913408,117.640543321028,117.640543321028,102.999684913408,170.1191388451,599.763055375205,469.452680110776,639.916457559503,58.9397980295379,179.087543939895,0,790.450750485694,639.916457559503,0,333.557044767007,513.760947321633,639.916457559503,5.85539975921413,581.463119388858,42.0194216399065,361.418952330453,21.0097108199533,584.7231827758,584.7231827758,405.013699632745,235.4442064988,141.424965468781,251.781258957496,251.781258957496,395.225375242847,154.017646378085,482.849104398443,508.23005647417,322.808868512522,507.552967977394,471.612788897289,5.32400762270844,599.763055375205,0,790.450750485694,27.3709578698807,6.42840752130822,308.608050043246,0.0174898722888584,0.0296189934363497,0.0656420935616398,0.130945117136479,4.69779006147132e-05,0.104732138337458,4.0311089242014,126.912418670239
"HO2 median",0,0,0,0,0,0.000201096108524024,-0.00223571950328512,0,0,0,0,0.000626849619564308,0,-0.000432744206283763,-0.00126192336760886,-0.000242327507454794,-0.000318671177809178,-0.000477577064759708,0,0,0.000206038547509154,-0.000376687982860726,-0.000753425184498929,0,0,0,0,-0.0013912545230312,0,0,-2.00836272966061e-06,-0.00464721224662853,-0.000892433805956631,0.000437360048779943,-0.000603885733371812,0,0,-0.000961128268459183,0,-0.000147725751044299,0,-0.00188878525554303,0,9.10161776342719e-05,-1.27285534852449e-05,0,0,0,-0.00100827989521248,2.81110268736878e-05,0,0,0,-6.07465245766885e-05,-8.43612189189057e-06,0,0,0,0,0,0,1.6583828473763e-07,1.55038649231932e-06,0
"HO2 min",-6.47611066140739,-21.047359649574,-28.063146199432,-84.1894385982961,-84.1894385982961,-0.745039279630939,-0.0981963314290294,-84.1894385982961,-3.36757754393184,-6.01353132844972,-42.0947192991481,-1.20270626568994,-84.1894385982961,-0.278222939048917,-0.0618273197886482,-0.012655327752663,-0.060774390111462,-0.0642052936266731,0,-21.047359649574,-1.83020518691948,-0.14227744918685,-0.121548780222924,-0.0206730503794059,-84.1894385982961,-0.504548480094858,-0.135960831086397,-1.6693376342935,-1.18370754725178,-0.504548480094858,-0.0051981692258437,-42.0947192991481,-0.0476953609798143,-1.95789392089061,-0.145071297990666,-28.063146199432,-1.83020518691948,-21.047359649574,-0.3338675268587,-0.0463704898414861,-0.426832347560551,-0.181917149328773,-42.0947192991481,-4.67719103323867,-1.53071706542357,-0.83466881714675,-0.208667204286688,-8.41894385982961,-0.16693376342935,-0.0318778639145385,-0.365099124775564,-0.0206730503794059,-84.1894385982961,-0.647611066140739,-0.00431143785414698,-0.135960831086397,-0.000282528792239384,-0.000501320194581617,-0.00111103394474845,-0.0705404161326787,-7.95130676125582e-07,-0.000361716170132314,-0.03282239321571,-0.108312070906812
"HO2 max",1.6693376342935,1.6693376342935,0.308755537401426,0.518067399181578,0.276920710802047,0.0292866251630439,4.20947192991481,0.244757823947657,0.154597468711332,0.0878598754891316,0.83466881714675,0.0585483532955498,0.308755537401426,1.12252584797728,2.90308408959642,0.610068395639827,1.79126465102758,3.507893274929,0.518067399181578,1.6693376342935,0.0623675873582368,2.05340094142186,4.43102308412085,0.360498356281754,0.244757823947657,0.0585564196659574,0.365099124775564,5.61262923988641,0.365099124775564,0.0585564196659574,0.0471385434480941,0.182549562387782,2.00451044281657,0.154764377615858,1.03937578516415,0.518067399181578,0.503884114578668,0.178505663438963,84.1894385982961,0.967694696532139,8.41894385982961,84.1894385982961,0.206434659651002,0.0880800932827093,0.239599948902528,16.8378877196592,0.305627240565947,0.135960831086397,7.01578654985801,0.0241585713696759,1.6693376342935,0.302314801471115,0.490048660034858,0.0197779250017014,0.0953447775745143,0.365099124775564,1.43581223319172e-06,7.65358532711783,14.031573099716,1.07497983951003e-05,0.101189229084491,1.65110938666472e-05,0.000827285663782263,0.0506213110106521
"RO2_N median",0,0,0,0,0,1.20454041162089e-05,-0.00224947300041201,0,0.00076196838357921,0.000565868375208121,0,0.00035276228792095,0,-0.0039260396085676,-0.000772880600718504,-0.000212086756883652,-0.000435410504902406,-0.00152387431205413,0,0,-0.000299262252085834,-0.000265504712004129,-0.000852112603221782,0,0,0,0,-0.000618625189278199,0,0,-6.50079971662251e-06,-0.00332341643391899,-0.00104538710390971,9.15963598975374e-05,-0.000971457515006783,-0.00342954514839469,9.209788829492e-06,-0.00743413193611562,0,-0.000739244337414499,0.00052160598830439,-0.00152237213408552,-0.000129454515879085,-0.00123102951530361,-0.000195602245614146,8.56391361681967e-05,0,-0.000465000004226598,-0.00108348824892757,7.59029360768791e-05,0,0,0,-0.000962508879155615,-7.30022238447744e-05,0,0,0,0,0,0,1.40163346549784e-07,1.31406201717275e-06,-3.41349345644416e-08
"RO2_N min",-3.15881877195741,-10.2661610088616,-13.6882146784821,-41.0646440354463,-41.0646440354463,-0.363403929517224,-0.951709732002808,-41.0646440354463,-1.64258576141785,-2.93318885967473,-20.5323220177231,-0.586637771934947,-41.0646440354463,-0.205719138727787,-0.537589799131776,-0.090720793101441,-0.453462636666936,-0.797904991810054,0,-10.2661610088616,-0.892709652944484,-0.157607969650356,-0.226731318333468,-0.00196354244794013,-41.0646440354463,-0.31858230679641,0,-0.533587824960176,-0.494273011318344,-0.31858230679641,-0.00220308961142902,-20.5323220177231,-0.32635167173708,-0.968630825749179,-0.480123462014806,-13.6882146784821,-0.892709652944484,-10.2661610088616,-1.06717564992035,-0.212652818286839,-0.773132654330303,-0.635045551710087,-20.5323220177231,-2.28136911308035,-0.746629891553569,-0.635045551710087,-1.40619693688495,-4.10646440354463,-0.401770553395701,-0.129245663866105,-0.138134193868542,0,-41.0646440354463,-0.315881877195741,-0.0917338529893667,-0.72568393494741,-0.000451602308925956,-0.000357852898274118,-0.000793079396175072,-0.139093511149194,-5.6758099919686e-07,-0.000176432412612014,-0.0160096078110902,-0.0172344132142505
"RO2_N max",0.951709732002808,1.40619693688495,1.59580998362011,2.81239387376991,2.81239387376991,0.107112131020886,2.05323220177231,0.00799727368487646,1.06717564992035,0.878757122623152,0.937464624589969,0.537589799131776,1.06717564992035,0.547528587139284,1.41602220811884,0.297569884314828,0.87371583054141,1.71102683481026,0.320510132234235,0.937464624589969,0.309262693755515,1.00157668379137,2.16129705449717,0.285864441696861,0.0136161676829938,0.00799727368487646,0.417211000141641,2.73764293569642,0.417211000141641,0.00799727368487646,0.0348977138695552,1.40619693688495,0.977729619891578,0.321381357473817,0.97905501521124,2.81239387376991,0.773132654330303,0.417211000141641,41.0646440354463,0.472007402706279,4.10646440354463,41.0646440354463,0.672749117882993,0.133923517798567,0.290232675533291,8.21292880708925,0.748191115736803,0.365035782605492,3.42205366962052,0.0971371325687036,0.494273011318344,0.285864441696861,2.81239387376991,0.062460579444612,0.046505825634707,0.417211000141641,1.40532270272638e-06,3.73314945776784,6.84410733924105,1.05215259942342e-05,0.0493565433118345,0.000196784400751266,0.0113652302714679,0.276261552424881
"MA_RCO3 median",7.79209423091805e-06,0,0,0,0,2.11958412900044e-08,-6.06434398724063e-06,0,4.58853730152382e-06,3.56007369225295e-06,2.99789013749948e-06,2.13733096508624e-06,0,-3.95046115046926e-06,-4.13584332482762e-06,-8.24750782264726e-07,-2.28816542491066e-06,-4.52823542902154e-06,0,0,-1.06057162959286e-06,-2.25158623489957e-06,-5.3612783840358e-06,0,0,0,0,-6.2712798236806e-06,0,0,-1.7152695501183e-08,-1.03169279847831e-05,-2.56056072050748e-06,8.28896280896524e-07,-1.86098494602148e-06,-2.32768989450948e-06,1.19421839144932e-06,-2.84824262119202e-05,0,-1.30577699628489e-06,0,-1.02236802171686e-05,-2.15374591089325e-06,-2.29811538615061e-06,0,0,0,-1.12599411539565e-06,-1.79430600223835e-06,1.31168563417428e-07,0,0,0,-8.24725193750073e-07,-2.214877353581e-07,0,0,0,0,0,0,4.99975216909562e-10,2.48962131892856e-09,0
"MA_RCO3 min",-0.0753139692458428,-0.244770400048989,-0.326360533398652,-0.979081600195956,-0.979081600195956,-0.00866443893978722,-0.00102581005059383,-0.979081600195956,-0.0391632640078382,-0.0699344000139969,-0.489540800097978,-0.0139868800027994,-0.979081600195956,-0.00125656108770828,-0.000973671626446396,-0.000628524152943986,-0.00050170083610773,-0.00136502604880384,0,-0.244770400048989,-0.0212843826129556,-0.000209508050981329,-0.00101992976757175,-0.000181555759084401,-0.979081600195956,-0.00226039060209739,0,-0.00753936652624967,-0.002348829402419,-0.00226039060209739,-1.71487029011747e-05,-0.489540800097978,-0.00121472826537256,-0.0227693395394408,-0.000508716509848786,-0.326360533398652,-0.0212843826129556,-0.244770400048989,-0.00153026798245768,-0.00136502604880384,-0.00220101312696035,-0.00227607797791715,-0.489540800097978,-0.0543934222331087,-0.0178014836399265,-0.00550088558441145,-0.00128050765218397,-0.0979081600195956,-0.00123268074989803,-0.000370723816810283,-0.000707848848314786,0,-0.979081600195956,-0.00753139692458428,-0.000517148478887674,0,-3.47118576079746e-06,-4.68278260200567e-07,-1.03780587395801e-06,-0.00106912521432562,-7.42723739583105e-10,-4.20658045196974e-06,-0.000381708226197254,-0.000254338449245269
"MA_RCO3 max",0.00753936652624967,0.00753936652624967,0.00128456507834411,0.00227607797791715,0.00227607797791715,0.000755634179271662,0.0489540800097978,0.000266378507242118,0.000279235797268506,0.000517148478887674,0.00376968326312484,0.000260965142966605,0.000447094776489838,0.0130544213359461,0.0337614344895157,0.00709479420431852,0.0208315234084246,0.0407950666748315,0.00227311598107612,0.00634493904464968,0.0020596258379506,0.0238800390291697,0.0515306105366293,0.000707848848314786,0.000299706014515189,0.000266378507242118,0.000707848848314786,0.0652721066797304,0.000707848848314786,0.000266378507242118,0.000548197984432226,0.00117526889690567,0.0233114666713323,0.00224101914124106,0.012087427162913,0.00127116989755003,0.00136502604880384,0.00011918346452847,0.979081600195956,0.0112538114965052,0.0979081600195956,0.979081600195956,0.000255095320006166,0.000587634448452836,0.00208332490465744,0.195816320039191,0.00111198865078771,0.00121472826537256,0.081590133349663,0.00100340167221546,0.00753936652624967,0.000697010153532233,0.00227607797791715,4.13482664107786e-05,0.00110881268425363,0.000707848848314786,9.4915441183735e-10,0.0890074181996324,0.163180266699326,7.10623460171419e-09,0.00117678076946629,1.47126928853739e-06,8.97891647062837e-05,6.4812684604696e-05
"C_O2 median",0.0001394557419044,0,0,0,0,-9.3688222751162e-06,-0.00125545538350496,0,0.000435656424000914,0.000478030890200187,0,0.000241188188774788,0,-0.00167126897505541,-0.000447181086909179,-0.000109241640775238,-0.000225849033792515,-0.000726268728294054,0,0,-0.000222095319545542,-0.000174307623122145,-0.000476389269641159,0,0,0,0,-0.000478980770453915,0,0,-3.36399424539428e-06,-0.00246681159515621,-0.000561451223519247,7.31274111627276e-05,-0.000490763529173775,-0.00366929671779179,3.70615719240466e-05,-0.00445828774456487,0,-0.000387899876130327,0.000402676540983932,-0.000935484179403915,-0.000409734588815187,-0.00074964262276725,-0.000142121132111976,0.000141667920713801,0,-0.00041577074640174,-0.000585879178968983,4.57260281493833e-05,0,0,0,-0.000547717773771352,-4.27230521126729e-05,0,0,0,0,0,0,9.7382076806505e-08,9.03061452573633e-07,-1.93412291580148e-08
"C_O2 min",-0.419823781173636,-0.583083740469034,-0.777444987292045,-2.33233496187614,-2.33233496187614,-0.182863886047081,-0.52464218785312,-2.33233496187614,-0.119607267310627,-0.166595354419724,-1.16616748093807,-0.260261393009493,-2.33233496187614,-0.200479309990044,-0.303314078432118,-0.0924800032584585,-0.257919093604164,-0.404910679245138,0,-0.583083740469034,-0.171753686765995,-0.0914319430235406,-0.128959546802082,-0.00426455665400498,-2.33233496187614,-0.313547584301913,0,-0.633357902663136,-0.46633284797523,-0.313547584301913,-0.00269860182515444,-1.16616748093807,-0.181511359572235,-0.468934976615827,-0.269960249733817,-0.777444987292045,-0.303701083969327,-0.629991467749934,-0.629991467749934,-0.224310152040579,-0.341114271359059,-0.355234333982517,-1.16616748093807,-0.15981007538064,-0.355234333982517,-0.355234333982517,-0.597225086140227,-0.303701083969327,-0.171753686765995,-0.0734402033569574,-0.10508912180254,0,-2.33233496187614,-0.119607267310627,-0.103643003656572,-0.327691190515601,-0.000460427088339123,-0.000204984032195917,-0.000454288936217978,-0.14181154320845,-3.25119741587334e-07,-5.04512358159346e-05,-0.0142971219982071,-0.0118057223694951
"C_O2 max",0.633357902663136,0.633357902663136,0.809821358490277,1.19445017228045,1.19445017228045,0.108225710436957,0.478429069242508,0.00873402854303513,0.629991467749934,0.404610281171331,0.398150057426818,0.303314078432118,0.629991467749934,0.0763927567668926,0.257919093604164,0.104187220182527,0.113884542863407,0.566176935481105,0.318803921122778,0.633357902663136,0.314626631171715,0.398150057426818,0.227769085726814,0.141817741941399,0.0267242486958084,0.00873402854303513,0.196795356724982,0.321375897470939,0.196795356724982,0.00873402854303513,0.0135102182849921,0.597225086140227,0.159476356414169,0.325908825962374,0.544534078716704,1.19445017228045,0.341114271359059,0.196795356724982,2.33233496187614,0.15504836322995,1.19445017228045,2.33233496187614,0.4926090881955,0.0703219869643948,0.268319043151386,0.809821358490277,0.414532379723724,0.173549776142555,0.194361246823011,0.113893078339253,0.633357902663136,0.141817741941399,1.19445017228045,0.0380287344220308,0.018857500788515,0.196795356724982,2.56594176069356e-07,0.212030451079649,0.388722493646023,1.92109775800618e-06,0.00280328721379343,0.000169931624635797,0.0132114290369226,0.137308017118697
"BZCO_O2 median",3.75047209496054e-07,0,0,0,0,9.98146617423418e-08,0,0,1.79970040070354e-07,1.27832092946264e-07,0,9.13821505289604e-08,0,-1.07398022631779e-07,-1.26230384321027e-07,-2.92456215430208e-08,-8.98333758352084e-08,-3.46937998200678e-07,0,-2.15964048084425e-07,2.89489755796351e-08,-1.40995576162284e-07,-2.07069327844556e-07,0,0,0,0,0,0,0,-8.65568068262314e-10,-8.58303632235854e-07,5.88506543630803e-09,6.64536538905504e-08,2.35184965614699e-08,0,-6.1499605816073e-07,0,-3.24397650662611e-07,-3.99500849777403e-08,-3.6406126865413e-07,-5.27771083031849e-07,-1.29499174745293e-06,-1.92940425820236e-08,4.2460998388397e-08,8.85747106585964e-08,0,5.94829146774229e-08,4.86678392815278e-08,1.55141539200306e-09,0,0,0,-2.42298946348264e-08,-1.13166272357051e-08,0,0,0,0,0,0,-6.98846906035162e-12,-5.88727680378138e-11,-5.14914684122623e-12
"BZCO_O2 min",-0.00413655697722392,-0.0134438101759778,-0.017925080234637,-0.053775240703911,-0.053775240703911,-0.000475887085875319,-3.58809452439968e-05,-0.053775240703911,-0.00215100962815644,-0.00384108862170793,-0.0268876203519555,-0.000768217724341586,-0.053775240703911,-6.62448322262597e-05,-3.43334426305465e-05,-2.30834610412114e-05,-1.75987701020502e-05,-4.1428020742709e-05,0,-0.0134438101759778,-0.00116902697182415,-7.69448701373713e-06,-3.56821255706144e-05,-9.58013310556324e-06,-0.053775240703911,-6.18066219925183e-05,-1.72798424736129e-05,-0.000397468993357558,-0.000118544941014184,-6.18066219925183e-05,-6.9641759057522e-07,-0.0268876203519555,-3.65483644231955e-05,-0.00125058699311421,-2.00119424109998e-05,-0.017925080234637,-0.00116902697182415,-0.0134438101759778,-7.94937986715116e-05,-4.1428020742709e-05,-7.94937986715116e-05,-6.35308846202776e-05,-0.0268876203519555,-0.0029875133724395,-0.000977731649162019,-0.000286829031640832,-5.67812847653654e-05,-0.0053775240703911,-3.97468993357558e-05,-2.03616965936808e-05,-3.27226281172852e-05,-9.58013310556324e-06,-0.053775240703911,-0.000413655697722392,-1.63176204207057e-05,-1.72798424736129e-05,-1.05324517559626e-07,-8.84748571524081e-08,-1.9607941314858e-07,-3.24399514083648e-05,-1.40327626431286e-10,-2.31042924614011e-07,-2.09650061223825e-05,-1.50273259105909e-05
"BZCO_O2 max",0.000397468993357558,0.000397468993357558,4.18340637466358e-05,6.83019636214884e-05,6.35308846202776e-05,2.11769615400925e-05,0.00268876203519555,1.556966916988e-05,1.8503583313176e-05,2.09194207030294e-05,0.000198734496678779,1.93334661290063e-05,2.42301277161114e-05,0.00071700320938548,0.00185431864496245,0.000389675657274718,0.00114415405753002,0.00224063502932963,9.04928212442982e-05,0.000329542795518779,5.8087744798703e-05,0.00131159123668076,0.00283027582652163,3.27226281172852e-05,1.98486325684821e-05,1.14642836448641e-05,3.27226281172852e-05,0.0035850160469274,3.27226281172852e-05,1.14642836448641e-05,3.01093173034216e-05,3.81196265878152e-05,0.00128036287390264,6.28459396869092e-05,0.000663891860542111,6.83019636214884e-05,6.83019636214884e-05,2.41814348455567e-05,0.053775240703911,0.000618106214987483,0.0053775240703911,0.053775240703911,2.41814348455567e-05,1.90431234773358e-05,5.56112991419798e-05,0.0107550481407822,8.88726165387807e-05,3.65483644231955e-05,0.00448127005865925,3.51975402041003e-05,0.000397468993357558,2.7407871124661e-05,6.35308846202776e-05,1.21629388644829e-06,6.09006123487101e-05,3.27226281172852e-05,5.8878777616928e-11,0.00488865824581009,0.0089625401173185,4.40820167498466e-10,6.46337027691238e-05,4.89340521024586e-08,3.29763729160163e-06,1.0673724454048e-07
"RO2_R median",0.000100073974167591,0,0,0,0,0,-0.00648228021951269,0,0.00241291641540386,0.00163993030927526,0,0.00130671856496428,0,-0.00785381845553035,-0.00280313247001952,-0.000638037613823779,-0.00130860581069603,-0.00386823225441731,0,0,-0.00137237913622489,-0.000954676062436587,-0.00305574456160646,0,0,0,0,-0.00233594372501627,0,0,-1.73361697816336e-05,-0.0129297390673414,-0.00298126666831989,0.000271376818560749,-0.00248516479770019,-0.0201989191020161,0,-0.0246707877345195,0,-0.00202549031008264,0.00303539276551431,-0.00509289216416304,0,-0.00404913804135455,-0.000916217421665912,0.000163199314404594,0,-0.00183514542152701,-0.00330544809939707,0.000201279293439634,0,0,0,-0.00214467383494944,-0.000203332712800469,0,0,0,0,0,0,4.4096211338336e-07,3.97652577573242e-06,-8.24847571398391e-08
"RO2_R min",-9.31854045468324,-30.2852564777205,-40.380341970294,-121.141025910882,-121.141025910882,-1.07204447708745,-1.84572164727287,-121.141025910882,-4.84564103643528,-8.65293042220586,-60.570512955441,-1.73058608444117,-121.141025910882,-0.427125077470704,-1.06591802132681,-0.178768804230324,-0.905136630756421,-1.38918304733018,0,-30.2852564777205,-2.63350056328005,-0.319664543364002,-0.452568315378211,-0.0116975431754388,-121.141025910882,-0.667409585301113,0,-1.80096379252117,-1.60898261583174,-0.667409585301113,-0.00492532296595887,-60.570512955441,-0.629902498364722,-2.81723316071819,-0.922165850656003,-40.380341970294,-2.63350056328005,-30.2852564777205,-2.06548372830364,-0.431030968552189,-1.50023571655072,-1.25138162961227,-60.570512955441,-6.73005699504901,-2.20256410747058,-1.25138162961227,-2.45088059466871,-12.1141025910882,-0.700251598476774,-0.247033216980661,-0.395220402457228,0,-121.141025910882,-0.931854045468324,-0.183236401019052,-1.23402778878059,-0.000977388991900566,-0.000902589795165346,-0.00200033414063671,-0.301035809505374,-1.43157375635509e-06,-0.000520477017877044,-0.0472284701406948,-0.0799879460318342
"RO2_R max",1.84572164727287,2.45088059466871,2.77836609466037,4.90176118933742,4.90176118933742,0.219151895402033,6.0570512955441,0.0379234582436239,2.06548372830364,1.70658111671169,1.63392039644581,1.06591802132681,2.06548372830364,1.61521367881176,4.17727675554766,0.877833521093348,2.57746863640175,5.04754274628675,0.667409585301113,1.80096379252117,0.619921999175634,2.9546591685581,6.37584346899379,0.541571422310857,0.0836402938236182,0.0379234582436239,0.730383608738449,8.0760683940588,0.730383608738449,0.0379234582436239,0.0678281220105723,2.45088059466871,2.88431014073529,0.653069338137639,1.88970749509417,4.90176118933742,1.50023571655072,0.730383608738449,121.141025910882,1.39242558518255,12.1141025910882,121.141025910882,1.28022438101884,0.233417199492258,0.657747096339639,24.2282051821764,1.46579300841433,0.655996328660344,10.0950854925735,0.199483175418666,1.80096379252117,0.541571422310857,4.90176118933742,0.111640296440588,0.137192554825461,0.730383608738449,2.43392976450197e-06,11.0128205373529,20.190170985147,1.82226155143341e-05,0.145602194604426,0.000381693818766417,0.0244953851757855,0.50853775423951
"NO median",-0.0176285920872857,0,0,0,0,0,0.347547438228408,0,-0.0431586142320253,-0.0370613813831958,0,-0.0410645876706343,0,0.35604096572718,0.191529946662856,0.032655241127789,0.0901278041522513,0.172148643223352,0,0,0.0444837946054665,0.0712240702932359,0.184844229230738,0,0,0,0,0.285285868633378,0,0,0.000677663112600758,0.522080919769724,0.156139705050534,-0.0190025262977988,0.119982387701124,0.280104425748766,-0.0169250000750184,1.19707107205409,0,0.127908723273971,-0.0363157625741698,0.397197072261038,0.109053498076569,0.0797838683309536,0.0121000975707155,-0.0381340213540489,0,0.051471315692519,0.0672260674258176,-0.00429678728549726,0,0,0,0.0714194716344095,0.00572556734146027,0,0,0,0,0,0,-2.45231277088343e-05,-0.000113830304554643,6.50637433422463e-06
"NO min",-260.589934340429,-355.321375282367,-330.704477242952,-1322.81790897181,-1290.32169943064,-1003.22389024123,-1637.64803347133,-1322.81790897181,-245.551263514767,-173.577089517913,-440.939302990602,-478.010525213838,-1637.64803347133,-95.6021050427677,-544.590622896533,-77.7986604137905,-327.529606694265,-511.283483646461,-382.77367757076,-250.484931041734,-1290.32169943064,-816.8859343448,-326.75437373792,-66.2741751561873,-851.734647492398,-1322.81790897181,-123.685064100831,-1066.21104864465,-260.589934340429,-1322.81790897181,-2.16993979152048,-1299.86351010115,-606.367552616506,-122.775631757384,-1212.73510523301,-606.207995060478,-245.551263514767,-1555.18497247866,-3875.51246765557,-60.0614203125891,-387.551246765557,-3875.51246765557,-1637.64803347133,-42.6715454507035,-21.7158278617024,-775.102493531115,-245.551263514767,-1633.7718686896,-322.959372304631,-17.7040935264385,-206.24080673741,-44.7775029887664,-123.685064100831,-14.4772185744683,-40.0178783301623,-99.9261920195515,-0.00188374358294481,-352.319315241416,-645.918744609262,-0.0141034205424664,-4.65806786977833,-0.200642983762721,-0.185225153558215,-13.6682460788787
"NO max",409.412008367831,1637.64803347133,1555.18497247866,3875.51246765557,3875.51246765557,661.408954485904,518.394990826221,3875.51246765557,1405.38855105719,1637.64803347133,1937.75623382779,1212.73510523301,3875.51246765557,30.0307101562946,545.882677823775,109.176535564755,222.169281782666,204.2214835862,0,968.878116913893,446.704843116761,163.764803347133,1637.64803347133,1322.81790897181,3875.51246765557,1066.21104864465,0,245.551263514767,1322.81790897181,1066.21104864465,0.725955866386935,1937.75623382779,334.407963413742,300.307101562946,167.203981706871,1637.64803347133,1003.22389024123,968.878116913893,165.352238621476,40.9252105857945,107.526808285887,702.694275528597,1937.75623382779,215.306248203087,82.6699147680703,260.589934340429,300.307101562946,1555.18497247866,382.77367757076,6.61467270557257,260.589934340429,0,3875.51246765557,29.8116343665813,5.26931554511713,5.332100682514,0.237023769994184,0.0802983394998048,0.177958482134703,3.70935297494516,0.000127359068452302,0.905136769357119,1.51092104002167,152.325198082076
"NO2 median",0,0,0,0,0,0.106515203032611,3.2283410311532,0,0,0,0,0,0,4.32600422712176,3.56214961715505,0.762352277616949,2.6875167365382,5.95469807617889,0,0,3.05535448179673,2.5979310173335,5.66985255371177,0,0,0,0,0,0,0,0.0203507647865732,11.8253950100603,1.01544493557755,1.68288680152847,0.74064218319564,40.2632593673817,4.01373363233596,35.195301819581,0,0.307109499615726,0,15.2118710585575,13.2516276072668,6.38539726411739,1.84829020355819,2.05686164631258,0,3.39054566824593,-3.29087835565657,-0.0607713315848274,0,0,0,1.00170974278917,0.198212208142874,0,0,0,0,0,0,0.000348314854167629,0.00626179031118618,0.000512106981371824
"NO2 min",-41197.9417270361,-6338.93455121807,-41197.9417270361,-2369.0968704685,-41197.9417270361,-1829.06705576972,-3276.66432648298,-1918.38919927703,-956.996223955544,-1359.94200246314,-12919.4490233998,-679.971001231571,-32015.2135971489,-2168.31272247558,-1106.14865219316,-179.903675663913,-655.332865296596,-1062.33233906411,-2334.78448728504,-19925.3279804438,-5149.74271587951,-1659.22297828975,-1177.08404934389,-5444.115198798,-41197.9417270361,-1918.38919927703,-11729.6541651459,-8239.58834540721,-41197.9417270361,-1918.38919927703,-6.47017702342082,-13732.6472423454,-1149.04786595192,-645.972451169992,-2298.09573190383,-32015.2135971489,-7921.37945332938,-5885.42024671944,-11555.7361638296,-614.894652642329,-10299.485431759,-11555.7361638296,-8239.58834540721,-2942.71012335972,-3433.16181058634,-13290.7958517614,-2288.77454039089,-3318.44595657949,-2059.8970863518,-39.3759287170354,-25838.8980467997,-3199.87266771529,-11729.6541651459,-1778.62297761939,-68.4582107028848,-9105.57654081398,-0.18093462277152,-1050.52146943905,-1925.95602730493,-1.35464141656164,-13.8891059661413,-0.401453605302987,-4.75854475999994,-57.5964002476255
"NO2 max",19390.7837635223,19390.7837635223,25838.8980467997,11555.7361638296,16952.8020714308,956.116585384891,1230.42371651427,11555.7361638296,2728.86935551823,3276.66432648298,13732.6472423454,2298.09573190383,11555.7361638296,2970.51729499852,1092.22144216099,218.444288432199,438.601025614331,861.29660155999,0,25336.9272779033,2583.88980467997,335.570104503892,3276.66432648298,619.285917638399,25838.8980467997,2467.64508637246,0,12919.4490233998,25838.8980467997,2467.64508637246,3.93135617184821,8612.9660155999,615.211858257136,686.632362117268,506.64505974117,12919.4490233998,7606.58128890402,5941.03458999703,5167.77960935994,574.197734373327,5418.11063046199,1987.60754206152,6515.69213953619,1689.12848519356,2533.69272779033,41197.9417270361,2376.41383599881,3070.20717930031,2334.78448728504,23.757542953707,41197.9417270361,0,11555.7361638296,1660.89483621192,35.0120569739833,0,26.5268574318825,2.33234490274986,5.16898059528346,145.452634374819,0.00369927044536728,1.83847421417146,6.74381105369718,223.58411414033
"NO3 median",0,0,0,0,0,-3.94780184857128e-08,-1.02244793320551e-05,0,4.20728094327751e-05,4.58627453207778e-05,0,1.52073424262928e-05,0,-6.53559069165106e-06,-5.74424975377697e-06,-1.05566886887838e-06,0,8.28151849032055e-06,0,5.98128620049655e-05,6.87897026521236e-06,0,0,0,0,0,0,-6.16308108151683e-05,0,0,3.32258546545752e-08,-3.15156015820256e-05,-6.24246603492458e-06,1.47540536473859e-05,-6.1481285429943e-06,4.93715359679419e-05,5.07090777002765e-05,0,0,-6.8057381943563e-06,0,2.41040711517383e-05,1.84083455912182e-05,1.60382527715743e-05,4.49156373880376e-06,0,0,0,-3.07040296990214e-05,2.68279517370939e-07,0,0,0,5.42078549610463e-07,2.79781030078397e-07,0,0,0,0,0,0,5.6503981489361e-09,7.13548292495381e-08,2.15084268879967e-09
"NO3 min",-0.15733992787952,-0.0452629627678797,-0.15733992787952,-0.00659578473222988,-0.15733992787952,-0.0021661320921316,-414.350683559275,-0.000275158810608495,-0.00426309172673019,-0.00605807771693238,-0.0575517383108576,-0.00319731879504765,-0.128721379450085,-110.493515615807,-285.759092109845,-60.0508237042428,-176.319439812457,-345.292236299396,-0.00659578473222988,-0.108967735068275,-0.01966749098494,-202.122284663061,-436.158614272921,-0.0300786701813943,-0.15733992787952,-0.00041555760116101,-0.0592097578803016,-552.467578079033,-0.15733992787952,-0.00041555760116101,-4.63998525822256,-0.0524466426265065,-197.309849313941,-0.00311336385909359,-102.308810755377,-0.128721379450085,-0.0383678255405717,-0.0224771325542171,-8287.0136711855,-95.2530307032816,-828.70136711855,-8287.0136711855,-0.0314679855759039,-0.0112385662771085,-0.0131116606566266,-1657.4027342371,-0.00920876824350021,-0.00874110710441776,-690.584472598792,-0.000467478012787019,-0.115103476621715,-0.0178362860564324,-0.0592097578803016,-0.00715118774722694,-9.38506644528369,-0.0478797646814005,0,-753.364879198682,-1381.16894519758,0,-9.96035297017488,-1.15830894640055e-06,-3.80998461891436e-05,-0.00026291392702352
"NO3 max",637.462590091192,2071.75341779638,2762.33789039517,8287.0136711855,8287.0136711855,73.3364041697832,0.00548111793436739,8287.0136711855,331.48054684742,591.929547941822,4143.50683559275,118.385909588364,8287.0136711855,0.0143879345777144,0.00383678255405717,0.00298798401133601,0.0018270393114558,0.00542450687914481,0.000983820746533429,2071.75341779638,180.152471112728,0.00231849789553925,0.00426309172673019,0,8287.0136711855,0.00629438502082408,0,0.0700735418056091,0.115103476621715,0.00629438502082408,2.73914714734081e-05,4143.50683559275,0.00280740186882232,192.721248167105,0.00234905054330031,2762.33789039517,180.152471112728,2071.75341779638,0.023020695324343,0.00267682503771431,0.023020695324343,0.0155490029636251,4143.50683559275,460.389648399195,150.672975839736,0.15733992787952,0.0121075261186973,828.70136711855,0.00908064458902296,3.13783175735914,0.15733992787952,0,8287.0136711855,63.7462590091192,0.000161889559242919,0.00225895131995369,8.86345281381968e-05,7.22448864300887e-06,1.60110288845061e-05,0.000804599681720241,1.14585699947143e-08,0.0356047848386058,3.23080455016979,0.0597787869058596
"CCO_O2 median",4.8618354556597e-05,0,0,0,0,3.09920967615672e-06,-4.17097138892072e-05,0,4.94140781542197e-05,4.69261253143578e-05,7.58674963190816e-05,1.69039134702258e-05,0,-2.78903956457418e-05,-2.63741797691416e-05,-4.99531408277383e-06,-1.33780257504421e-05,-2.83607012945932e-05,0,0,-7.87993873624791e-06,-1.35734933891557e-05,-3.29955943339424e-05,0,0,0,0,-5.41455292088744e-05,0,0,-8.16054206755109e-08,-0.000115374693807823,-1.90449533119127e-05,1.05134174240358e-05,-1.62162533471769e-05,0,2.61115687640487e-05,-0.000196742421895409,-2.0951714290987e-05,-1.16790674885196e-05,0,-6.26690009103007e-05,-5.87480568919233e-05,-9.18448667655673e-06,1.94630930198333e-06,0,0,-3.42979026517778e-06,-3.19376414369236e-05,1.08064336556063e-06,0,0,0,-6.93232008682585e-06,-1.21226776459027e-06,0,0,0,0,0,0,6.45027336591804e-09,6.05679232332621e-08,0
"CCO_O2 min",-0.655335186780199,-2.12983935703565,-2.83978580938086,-8.51935742814259,-8.51935742814259,-0.0753925436118813,-0.0144322526039593,-8.51935742814259,-0.340774297125703,-0.608525530581613,-4.25967871407129,-0.121705106116323,-8.51935742814259,-0.020447346124744,-0.0139230665742275,-0.0104157956489343,-0.00649059648771321,-0.0224570980219486,0,-2.12983935703565,-0.185203422350926,-0.00689623273922015,-0.0128860404849331,-0.00110282015892447,-8.51935742814259,-0.0291753355686677,-0.000176732728475612,-0.0837069471559822,-0.0308104157370526,-0.0291753355686677,-0.000309504215657303,-4.25967871407129,-0.0161350151744312,-0.198124591352153,-0.00905069491846709,-2.83978580938086,-0.185203422350926,-2.12983935703565,-0.0243169290983634,-0.0224570980219486,-0.0307172414677459,-0.0308104157370526,-4.25967871407129,-0.47329763489681,-0.154897407784411,-0.0620124374420253,-0.0166601689920899,-0.851935742814259,-0.0162820648784824,-0.00322580743208731,-0.00632668945713642,0,-8.51935742814259,-0.0655335186780199,-0.0116456165954901,-0.000176732728475612,-4.44695363108446e-05,-5.64630475139025e-07,-1.25134321517297e-06,-0.0136966171837401,-8.9554543445648e-10,-3.66030394334805e-05,-0.00332138691155656,-0.00133874417418339
"CCO_O2 max",0.0837069471559822,0.0837069471559822,0.0166601689920899,0.0308104157370526,0.0308104157370526,0.0102309651107037,0.425967871407129,0.00189607987271195,0.00470109599588288,0.0116456165954901,0.0418534735779911,0.00401471041622626,0.00420977511503224,0.113591432375234,0.29377094579802,0.0617344741169753,0.181262924003034,0.354973226172608,0.0298266594843144,0.0695640547893192,0.0296436501073258,0.207789205564453,0.448387233060136,0.00632668945713642,0.00216213837066704,0.00178442904051595,0.00632668945713642,0.567957161876172,0.00632668945713642,0.00178442904051595,0.00477007694744826,0.0158148450980815,0.202841843527204,0.0308104157370526,0.105177252199291,0.0158148450980815,0.0224570980219486,0.00399042593324914,8.51935742814259,0.0979236485993401,0.851935742814259,8.51935742814259,0.00399042593324914,0.00790742254904074,0.0248572285245914,1.70387148562852,0.0152437535238582,0.0161350151744312,0.709946452345215,0.0129811929754264,0.0837069471559822,0.00608878955551648,0.0308104157370526,0.000665070988874857,0.0096481964078625,0.00632668945713642,1.12171122486732e-08,0.774487038922053,1.41989290469043,8.39815210240977e-08,0.0102396122934406,1.99646413594559e-05,0.00148797080699062,0.000696501734344502
"RCO_O2 median",1.93905996039767e-05,0,0,0,0,0,-3.02324554319219e-05,0,2.53562112820409e-05,2.18033683757146e-05,8.73078642505392e-06,8.69010126090558e-06,0,-1.84818207340551e-05,-1.92400539090782e-05,-3.78710079590765e-06,-1.0065237103102e-05,-2.14161627952107e-05,0,4.77003040729241e-07,-5.70544856126516e-06,-1.02996939740948e-05,-2.43093487476431e-05,0,0,0,0,-2.71283202534558e-05,0,0,-6.32336647281646e-08,-6.53155693508905e-05,-1.16309406524734e-05,5.08656004752297e-06,-1.079978500458e-05,-3.25760623859848e-05,5.09330849640253e-06,-0.000124062810170834,-7.15504561093861e-07,-6.92849477339644e-06,0,-4.62045518351377e-05,-2.10162098691543e-05,-1.05958330423496e-05,-1.00892030023397e-06,0,0,-5.42934373099747e-06,-1.64625191412951e-05,6.97142364631787e-07,0,0,0,-4.84816167470217e-06,-9.78163809948498e-07,0,0,0,0,0,0,3.25477684860415e-09,3.30600148561956e-08,0
"RCO_O2 min",-0.380283168706059,-1.23592029829469,-1.64789373105959,-4.94368119317877,-4.94368119317877,-0.0437493910900776,-0.00862630476390114,-4.94368119317877,-0.197747247727151,-0.353120085227055,-2.47184059658938,-0.070624017045411,-4.94368119317877,-0.0119912746152087,-0.00831910175574196,-0.00615682013508637,-0.00391287015191829,-0.0132317232130164,0,-1.23592029829469,-0.107471330286495,-0.00380954293576429,-0.00778207806959932,-0.000550029580731731,-4.94368119317877,-0.017738430316915,-3.23289777472112e-05,-0.0503071719441033,-0.0185248114231205,-0.017738430316915,-0.000181539795131601,-2.47184059658938,-0.00971103491870185,-0.114969330073925,-0.00531797072874005,-1.64789373105959,-0.107471330286495,-1.23592029829469,-0.0143856165767288,-0.0132317232130164,-0.0184335065918702,-0.0185248114231205,-2.47184059658938,-0.274648955176598,-0.0898851126032503,-0.0373016031897516,-0.0100961747209597,-0.494368119317877,-0.00981743820295171,-0.00187189746049934,-0.00381830189685385,0,-4.94368119317877,-0.0380283168706059,-0.00662997941150277,-3.23289777472112e-05,-2.69502119067105e-05,-1.78613598041313e-06,-3.95846352415883e-06,-0.00830066526726683,-2.83294294765719e-09,-2.12403058783191e-05,-0.00192736108895858,-0.00101494301330325
"RCO_O2 max",0.0503071719441033,0.0503071719441033,0.0101008107872264,0.0185248114231205,0.0185248114231205,0.00616597103096673,0.247184059658938,0.00107583603688299,0.00264870973789442,0.00662997941150277,0.0251535859720517,0.00238633998788989,0.00253423823866014,0.0659157492423836,0.170471765282026,0.035823776762165,0.105184706237846,0.205986716382449,0.0180732555739153,0.0419763023360455,0.0177379220825888,0.120577590077531,0.260193747009409,0.00381830189685385,0.00123952069799876,0.000989973035077503,0.00381830189685385,0.329578746211918,0.00381830189685385,0.000989973035077503,0.00276801858520648,0.00948925525409068,0.117706695075685,0.0185248114231205,0.0610331011503551,0.00948925525409068,0.0132317232130164,0.00209404209820421,4.94368119317877,0.0568239217606755,0.494368119317877,4.94368119317877,0.00209404209820421,0.00474462762704534,0.0153308531205097,0.988736238635753,0.00912623375141788,0.00971103491870185,0.411973432764897,0.00782574030383659,0.0503071719441033,0.00368872568602024,0.0185248114231205,0.000349007016367369,0.00559873294810732,0.00381830189685385,6.85128349834516e-09,0.449425563016251,0.823946865529794,5.12949497520082e-08,0.00594192451103217,1.19665058226366e-05,0.000879545733583768,0.000353353233443219
"OH median",0,0,0,0,0,-1.18599608722884e-07,1.96733728437023e-07,0,0,0,0,1.76506262589904e-07,0,4.0962104780469e-07,0,2.0142792816427e-08,0,5.98746151431525e-07,0,3.06975788978772e-06,-1.718004806066e-07,0,0,0,0,0,0,0,0,0,2.0211088503176e-09,0,0,0,1.58897591943775e-07,0,1.27724503426847e-06,1.00698161249953e-06,0,1.19113850428007e-07,-2.66099191232815e-06,1.07486480791342e-06,-7.67370776902678e-07,4.54000911777746e-08,-2.83125675999132e-07,-9.80852378732321e-07,0,-7.56928641702473e-07,-3.46578131136964e-07,-1.09106978358825e-08,0,0,0,2.82047567439066e-07,1.31029536417981e-08,0,0,0,0,0,0,7.0365746956857e-11,9.5894341103149e-10,0
"OH min",-0.000138089301927185,-0.00012385747789841,-0.000290351192373772,-0.000452974577082501,-0.000452974577082501,-0.000388383410574334,-9.98076553839642,-0.000227515165319186,-4.71067053901976e-05,-1.88739407117709e-05,-0.000113757582659593,-0.000130364531516704,-0.000561424916033816,-2.66153747690571,-6.88328657820442,-1.44648775918789,-4.24713427165805,-8.31730461533035,-0.000452974577082501,-0.000258300503162141,-0.000117808221637371,-4.86866611629094,-10.5060689877857,-0.000265748151663043,-0.00031243779488013,-0.000194427944908383,-0.000251618089940868,-13.3076873845286,-0.000332224980558249,-0.000194427944908383,-0.111766691359422,-0.000235616443274741,-4.75274549447448,-6.47375389288466e-05,-2.46438655269047,-0.000235616443274741,-0.000169890369977911,-0.000561424916033816,-199.615310767928,-2.29442885940147,-19.9615310767928,-199.615310767928,-0.000561424916033816,-0.000117808221637371,-8.77758434507212e-05,-39.9230621535857,-0.000212914865819633,-0.000541549937508915,-16.6346092306607,-2.39992052438335e-05,-0.000309705614636374,-0.000251618089940868,-0.000227515165319186,-4.24521119052441e-05,-0.22606490460694,-0.000251618089940868,-8.99411587703015e-08,-18.146846433448,-33.2692184613214,-4.93167293391519e-07,-0.239922248519145,-5.59035995866233e-08,-1.89026016036469e-06,-4.20678343910695e-05
"OH max",15.3550239052253,49.9038276919821,66.5384369226428,199.615310767928,199.615310767928,1.76650717493742,0.000187141638677939,199.615310767928,7.98461243071713,14.2582364834235,99.8076553839641,2.85164729668469,199.615310767928,5.15472747127494e-05,0.000152095059942006,3.04190119884013e-05,8.02035594334023e-05,6.76937421886143e-05,0.00020227728807636,49.9038276919821,4.33946327756366,4.56285179826019e-05,0.000456285179826019,0,199.615310767928,0.000432518208321591,0,7.30756110953634e-05,0.000452974577082501,0.000432518208321591,6.60626577331308e-07,99.8076553839641,0.000129461136858111,4.6422165294867,6.47305684290557e-05,66.5384369226428,4.33946327756366,49.9038276919821,0.000227515165319186,1.6417765002625e-05,7.74264036590934e-05,0.000248971956711588,99.8076553839641,11.0897394871071,3.62936928668961,0.000138089301927185,9.73693409245963e-05,19.9615310767928,0.000370793461849943,0.0755832301279547,0.00019559178118524,0,199.615310767928,1.53550239052253,1.84574399588018e-06,8.06128781965476e-05,1.5811027495783e-07,1.75011665630143e-05,3.25021664741695e-05,4.86979646870117e-05,1.22123008759628e-07,0.0008576382847172,0.077822733242857,0.0014399350114546
"CH4 median",0,0,0,0,0,18.5877501500262,451.587857083676,0,-427.664718540764,-349.696966647047,0,-148.73876309354,0,136.111319541964,154.369393329402,26.0361297175262,0,-94.9745832653132,0,-2871.85773245299,202.803891466963,9.9145173355246,0,0,0,0,0,1197.83559328587,0,0,-1.15734758565821,743.614268712198,255.603688984383,-119.126616940248,244.194329318296,0,-519.029156743879,0,0,269.855448216823,0,-250.387537699462,-87.2542887408007,0,87.5181547034076,227.604163444729,0,209.536311947581,873.312604029975,-4.18083721906027,0,0,0,-7.37509969747395,-2.45162172242552,0,0,0,0,0,0,-0.0903520682121753,-1.77470568985977,0
"CH4 min",-72410.3251100644,-307701.146860869,-258521.665270895,-233838.666065871,-307701.146860869,-40150.401884111,-86173.8884236316,-307701.146860869,-216956.952390848,-289641.300440258,-307701.146860869,-169797.969006915,-124556.00600461,-19477.8774916788,-96547.1001467526,-52498.5899097913,-36931.6664672707,-60886.9524266336,0,-82257.7675767304,-97832.7188725379,-28964.1300440258,-289641.300440258,0,-169797.969006915,-266599.096947959,0,-5183.17939567049,-83265.1620023414,-266599.096947959,-2245.46259758865,-102567.048953623,-40932.2360973558,-20132.5057277173,-20335.5723574146,-289641.300440258,-122013.434144487,-77813.7561111179,-73010.6025919813,-5488.95000788554,-65133.4459330155,-108478.476195424,-108555.770168654,-19961.7936915111,-19163.5320509193,-62923.0337174573,-33768.6137479104,-258521.665270895,-69263.4640394223,-3136.6663798704,-9768.3825891003,0,-124556.00600461,-5989.0044212728,-867.90407354396,-10151.5651907849,-0.210503718176457,-411.812362779396,-912.665236430012,-1.57602260205411,-0.653164675975057,-169.867148634635,-438.114127048455,-54020.0013859442
"CH4 max",23528.8383967932,20816.2905005853,82257.7675767304,82257.7675767304,83265.1620023414,122013.434144487,289641.300440258,27470.921089796,2780.91589483692,3148.3392745192,16451.5535153461,18942.3762313892,289641.300440258,23272.7491828769,102203.401095172,14600.4858707388,57928.2600880515,102567.048953623,83265.1620023414,79582.8619258025,58459.6665164677,153305.101642758,73010.6025919813,114665.530041112,54359.3518232482,27470.921089796,11954.8091443081,266599.096947959,140567.40328843,27470.921089796,292.964279314216,43679.1254759333,84898.9845034574,23528.8383967932,169797.969006915,43134.5469308745,43134.5469308745,258521.665270895,306610.203285516,13208.6908943462,41377.3286343225,258521.665270895,306610.203285516,20209.1633782979,12978.9610467978,70159.3598840977,70159.3598840977,307701.146860869,31124.6298592714,4718.93527364464,71724.5117473459,11699.7912888878,30141.5860129768,19961.7936915111,19943.0409362565,11954.8091443081,5.0979491072849,73010.6025919813,73010.6025919813,390.956785857451,149.706737986311,35.4865597206883,354.926252882102,38213.6101184099
"CO2 median",37497.4418435951,3182.70706511722,0,0,0,18229.8828065639,35014.1539438884,0,0,0,0,-680.36664968609,0,19894.0309921779,32383.4238211469,4982.55015172392,8260.30220582993,16045.9950803892,0,-247631.421824738,70819.7029419001,10104.0746483925,20261.3945156617,0,0,0,0,-3182.70706511722,0,0,58.1362043012213,8164.39979623308,20049.9086641709,14847.1172840302,10683.7793646409,314051.614992757,-50214.9696001699,6962.57828402062,0,0,-31680.6607946772,19710.5544270651,-38626.9806063261,44054.9450977596,40237.3412757715,58919.1428931358,8738.65915536646,90673.5866992114,25604.3584270697,-388.255032510271,0,0,0,0,637.629604160912,0,0,0,0,0,0,-4.98502774236897,-63.1038337139141,0
"CO2 min",-9431011.66527604,-39953940.6087443,-33749162.0499296,-30289870.9005954,-39953940.6087443,-5628396.05660069,-11249720.6833099,-39953940.6087443,-28416079.5531666,-37724046.6611042,-39953940.6087443,-22350012.0805586,-4539728.6727243,-3435784.57867786,-12574682.2203681,-2514936.44407361,-4821308.86427566,-6534617.78998333,0,-10383013.7932699,-12690154.0864579,-7413006.2290782,-37724046.6611042,0,-22350012.0805586,-34554594.8617691,0,-2025538.39267395,-10510576.5381903,-34554594.8617691,-105560.443399967,-13317980.2029148,-5847394.07868271,-1874953.44721831,-2698867.28251292,-37724046.6611042,-16193203.6950775,-10491361.9584418,-30383075.8901093,-1357586.32241099,-7869683.69003974,-30383075.8901093,-5279987.56520367,-1993260.51440226,-1714729.39368655,-15739367.3800795,-15739367.3800795,-33749162.0499296,-8739655.77221647,-449799.544514054,-1233372.86614191,0,-1826595.81194884,-2380748.90759515,-780316.445166127,-1281748.76276011,-26.5783382136022,-16665242.353166,-16665242.353166,-198.989652593985,-36518.1200602275,-22085.9890792495,-55342.5888087748,-1826595.81194884
"CO2 max",6871569.15735572,7595768.97252732,13069235.5799667,30383075.8901093,30383075.8901093,16193203.6950775,37724046.6611042,30383075.8901093,1215323.03560437,2170219.70643638,15191537.9450546,1817512.9198092,37724046.6611042,1625597.10031176,13288403.4293484,8748043.56718153,7544809.33222083,13317980.2029148,10510576.5381903,10044697.7730966,7572467.72514884,19932605.1440226,7973042.05760906,14827090.4939742,30383075.8901093,3446576.70445851,1509431.69662482,34554594.8617691,18181810.0415337,3446576.70445851,36956.7859484162,15191537.9450546,11175006.0402793,2596048.7555634,22350012.0805586,13933590.8101091,5443973.22538319,33749162.0499296,39865210.2880453,617313.773481067,13933590.8101091,33749162.0499296,39865210.2880453,1687948.66056163,1637232.991928,13069235.5799667,8440435.73943908,39953940.6087443,3926174.13355879,596121.885005098,9053877.27842884,1477234.08589003,30383075.8901093,880167.523948454,680319.486419406,1509431.69662482,643.657109070785,49909.6213944185,110610.512279522,49330.592634372,79.1603279369888,4621.91211236267,44834.2867691235,9347332.07213731
"NH3 median",0.00509260008265837,0.0701463343855371,0,0,0,0.00463639582560749,-0.0283345855857618,0,0.0279234220056912,0.0381239435670014,0.170692571069699,0.0130774917715933,0,-0.0177804450009494,-0.0180859056930394,-0.00322464662334441,-0.00531383448186757,-0.00576910241874434,0,0.0696386416063352,0.00647123746994555,-0.00557952620596094,-0.0117459830101325,0,0,0,0,-0.0664995626486212,0,0,-1.19028283578453e-05,-0.118272910666856,-0.0155079207509128,0.0136382800034829,-0.0138597290922109,0,0.0244249751826877,0,-0.0643785356940165,-0.0120680009240559,-0.0577658694214165,-0.00646976152877171,-0.0393573384326759,0,0.000498365654281481,0,-0.025571353530649,0.0131125912551602,-0.0418070334971415,0.000498097126880456,0,0,0,-0.000930282554658765,-0.000272526395937237,0,0,0,0,0,0,5.39308467418014e-06,0.000133863618170425,0
"NH3 min",-4.69541801174336,-10.3299196258354,-25.5090923614837,-51.649598129177,-51.649598129177,-36.4620522441647,-266.379743548149,-49.5193914208341,-2.60849423237698,-3.09496196380213,-12.9123995322943,-14.7192048510966,-55.2637928181384,-71.0345982795064,-183.710167964241,-38.6057599345144,-113.353082360914,-221.983119623458,-39.048691347802,-25.5090923614837,-17.591332853345,-129.94133831617,-280.399730050683,-8.03093188243282,-51.649598129177,-49.5193914208341,-1.27696006284439,-355.172991397532,-12.48810096806,-49.5193914208341,-2.98297585160301,-9.3861783795956,-126.84749692769,-1.30424711618849,-65.7727761847281,-25.8247990645885,-2.60849423237698,-53.3610761164123,-5327.59487096298,-61.2367226547469,-532.759487096298,-5327.59487096298,-55.2637928181384,-1.43471105914381,-0.727459128579958,-1065.5189741926,-2.60849423237698,-54.5203444044115,-443.966239246915,-0.545155735225799,-0.081178032054363,-1.27696006284439,-1.10383874268618,-0.692458321004925,-6.03351627515626,-1.27696006284439,-0.00104510609892884,-484.32680645118,-887.93247849383,-0.321892678470083,-6.40335921990743,-0.0067708641041581,-0.000117599092298773,-2.73477597701389
"NH3 max",409.814990074075,1331.89871774075,1775.86495698766,5327.59487096298,5327.59487096298,47.1468572651591,17.7870253721374,5327.59487096298,213.103794838519,380.54249078307,2663.79743548149,76.108498156614,5327.59487096298,1.3955837165012,18.4212642727128,3.68425285454256,7.62301087377319,6.81504305055144,5.68600172023887,1331.89871774075,115.817279803543,5.52637928181384,55.2637928181384,13.5475307342803,5327.59487096298,34.6274096593252,0,2.60849423237698,51.649598129177,34.6274096593252,0.0784072873831755,2663.79743548149,12.1540174147216,123.897555138674,6.07700870736078,1775.86495698766,115.817279803543,1331.89871774075,5.1649598129177,0.544481131214936,5.70652666974082,24.611950814024,2663.79743548149,295.977492831277,96.865361290236,7.03198594686399,5.49442710552136,532.759487096298,39.048691347802,2.01726424496894,5.68600172023887,0,5327.59487096298,40.9814990074075,0.183208151109806,0.275245952271943,2.73321935447428e-05,0.00442939760709746,0.0098165028049187,0.000204633700361163,7.02535016986445e-06,0.0302051769553527,2.07703503741247,1.32186204584601
"Tracer median",0,0,0,0,0,688.431434565714,16725.3600363536,0,-15839.3876633563,-12951.7642075422,0,-5508.84669276722,0,5041.13912465496,5717.38731452813,964.296654267001,0,-3517.574273183,0,-106364.325352231,7511.29771027511,367.210877352744,0,0,0,0,0,44364.3593842519,0,0,-42.864722374309,27541.4249376754,9466.72379696377,-4412.09017318232,9044.27084843205,0,-19223.3538066076,0,0,9994.64599898727,0,-9273.6049020279,-3231.52972866549,0,3241.42470451073,8429.75050392609,0,7760.60360876844,32344.6396396262,-154.844805027495,0,0,0,-273.147967481829,-90.8003091153819,0,0,0,0,0,0,-3.34637908229707,-65.7294805054456,0
"Tracer min",-2681864.85795741,-11396345.4083064,-9574878.89140335,-8660699.35719719,-11396345.4083064,-1487049.98190162,-3191626.29713445,-11396345.4083064,-8035443.78581536,-10727459.4318296,-11396345.4083064,-6288813.71298159,-4613185.40757816,-721402.805185703,-3575819.81060988,-1944393.51895088,-1367839.84162905,-2255073.23793801,0,-3046588.46278714,-3623436.55482835,-1072745.94318296,-10727459.4318296,0,-6288813.71298159,-9874048.62509642,0,-191969.63885973,-3083899.57467819,-9874048.62509642,-83165.2799967586,-3798781.80276879,-1516010.48594668,-745648.343126844,-753169.216392062,-10727459.4318296,-4519015.29835237,-2881989.54133631,-2704097.21397582,-203295.095720623,-2412350.69115288,-4017721.89290768,-4020584.61766441,-739325.657881985,-709760.289395739,-2330483.60757142,-1250691.20579646,-9574878.89140335,-2565316.99501252,-116172.802674848,-361791.39420095,0,-4613185.40757816,-221815.283198908,-32144.5938209558,-375980.622699135,-7.79643724708381,-15252.3317780057,-33802.465021526,-58.3712317451824,-24.1913192610535,-6291.37883184061,-16226.4536803171,-2000742.008956
"Tracer max",871441.336929717,770974.893669548,3046588.46278714,3046588.46278714,3083899.57467819,4519015.29835237,10727459.4318296,1017442.42211294,102997.199276568,116605.317955114,609317.692557429,701569.34928722,10727459.4318296,861954.456072506,3785312.93049077,540758.99007011,2145491.88636593,3798781.80276879,3083899.57467819,2947517.63103468,2165174.8392993,5677969.39573615,2704097.21397582,4246877.50913704,2013311.88469865,1017442.42211294,442768.009341253,9874048.62509642,5206206.84721952,1017442.42211294,10850.5320561761,1617747.04860123,3144406.85649079,871441.336929717,6288813.71298159,1597581.22863016,1597581.22863016,9574878.89140335,11355938.7914723,489211.119641209,1532494.20454709,9574878.89140335,11355938.7914723,748487.519970828,480703.288414111,2598495.6243883,2598495.6243883,11396345.4083064,1152765.59835776,174775.645679041,2656468.90567092,433323.529107658,1116358.74308077,739325.657881985,738631.115004671,442768.009341253,188.812596962518,2704097.21397582,2704097.21397582,14481.0182922246,5544.69399949298,1314.31749961157,13145.4183638594,1415322.26876885
"PM25 median",37.51296607752,3190.63034822887,0,0,0,234.614992281887,-607.830488018304,0,923.741972225438,1377.2425744459,2443.68275000304,409.933746778507,0,-229.475025947378,-313.795849442752,-54.5731912074351,0,256.585484240923,0,3295.17763109484,529.017964839234,-5.68378273901819,0,0,0,0,0,-2245.03227769636,0,0,2.40004797478766,-956.418682209002,-326.706515636648,539.576412362752,-252.415395517264,0,499.108181435546,0,-2165.74958365244,-264.063173205854,-3402.40453588941,684.227957975796,-2481.90693596983,834.220636861869,294.463534776081,0,-806.234128317925,1247.24015427576,-1080.82740906746,8.68793316481005,0,0,0,16.6700702106484,8.6294516924794,0,0,0,0,0,0,0.180496550718761,2.92023342271267,0
"PM25 min",-1054131.87721006,-37045.5008229842,-2108263.75442012,-149485.89831931,-451426.157896329,-212675.817889189,-702754.584806707,-42637.9729317884,-451426.157896329,-8312.90249037454,-37807.5684219267,-797171.227020127,-451426.157896329,-72229.251476542,-492103.71964375,-265723.742340042,-152698.200571953,-160102.413780995,-149485.89831931,-156318.749878764,-57352.6810115379,-190935.785877452,-459013.086832136,-99556.7071454352,-86548.5577986943,-42352.285149648,-30699.3004745785,-421652.750884024,-124966.238020589,-42352.285149648,-2047.69049966654,-527065.93860503,-301180.536345732,-116776.924652088,-265186.052100243,-74742.9491596549,-702754.584806707,-344419.997437244,-1472327.25276017,-91663.641496527,-527065.93860503,-1472327.25276017,-421652.750884024,-14944.0278024765,-265723.742340042,-418289.630622843,-2108263.75442012,-361993.396397149,-234251.528268902,-13180.7105243794,-89852.9312945719,-30699.3004745785,-30172.2038261657,-65573.2981188766,-27368.6321437238,-30699.3004745785,-16.9495478095048,-459013.086832136,-459013.086832136,-3190.63034822887,-1769.6241018752,-45.2829930681442,-582.485365027521,-12818.8177436624
"PM25 max",266101.748384417,368081.813190042,490775.750920056,1472327.25276017,1472327.25276017,702754.584806707,114806.665812415,1472327.25276017,527065.93860503,702754.584806707,736163.626380084,1054131.87721006,2108263.75442012,124015.514965889,797171.227020127,197460.585375014,492103.71964375,294140.005786698,42590.9396721078,1295333.98155484,234251.528268902,116438.910673322,362082.162389719,0,1472327.25276017,272460.055400165,0,225713.078948165,149485.89831931,272460.055400165,993.309185087046,736163.626380084,105079.35247394,301180.536345732,35445.9696481982,490775.750920056,212675.817889189,2108263.75442012,459013.086832136,26145.1735977285,349316.732019967,1295333.98155484,1096335.83779373,234251.528268902,1295333.98155484,1295333.98155484,201934.007659055,344419.997437244,120600.106613826,19341.8693066066,39990.6141354962,0,1472327.25276017,25221.7187895386,5872.60098724268,19964.3272574218,0.619449227309677,805.37297301881,1784.88064290655,4.63776123064313,1.27738073090024,200.550358114764,1553.62104231402,213331.544075443
"PM25_10 median",45.2832836602985,278.004353863794,0,0,0,24.8856441092827,-111.633259749621,0,125.128452723589,173.942936068813,770.958600467914,64.2966678795126,0,-69.6246555053765,-65.2276152251395,-12.7177131360328,-20.5462245742781,-18.4197480967263,0,294.777411076366,30.6474269147419,-21.0938010952844,-48.4257298623422,0,0,0,0,-311.446023655289,0,0,-0.0315276488466217,-428.916966364293,-60.5376210477768,64.2966678795126,-55.7053310114366,0,109.323343671803,0,-229.223969862336,-50.8237252164418,-313.677210871418,0,-165.146114947806,10.0215768146896,9.40587355463986,0,-105.374841716298,70.622822622392,-169.490054518198,2.04544954406197,0,0,0,-2.66642301638545,-1.14396600203424,0,0,0,0,0,0,0.0235219880800783,0.574795160325501,0
"PM25_10 min",-48710.1921486415,-35370.0482860221,-124585.319351674,-176850.24143011,-176850.24143011,-125858.858553553,-1073775.75592006,-150138.895231298,-66531.0716139366,-9744.48728633047,-44212.5603575276,-45605.054691581,-202161.764048464,-286340.201578682,-740535.004082797,-155619.674771023,-456925.853583002,-894813.12993338,-161450.255696687,-124585.319351674,-45759.1230726072,-523793.05166832,-1130290.26938953,-36113.4931951477,-176850.24143011,-150138.895231298,-5254.07372099509,-1431701.00789341,-51537.8912867831,-150138.895231298,-12024.3645679737,-24355.0960743207,-511321.78853336,-2525.40492819495,-265129.816276557,-88425.1207150552,-32473.4614324277,-193529.047950008,-21475515.1184011,-246845.001360932,-2147551.51184011,-21475515.1184011,-202161.764048464,-4779.73625486785,-5074.43762197848,-4295103.02368022,-97420.384297283,-201091.331622763,-1789626.25986676,-1689.07609968818,-428.916966364293,-5254.07372099509,-4326.74266858731,-4754.72840926014,-24321.0816742934,-5254.07372099509,-3.6017022926541,-1952319.55621828,-3579252.51973352,-1109.32430613746,-25811.9172096167,-24.7686552374987,-85.8465440179827,-13771.1370866248
"PM25_10 max",1651962.70141547,5368878.77960028,7158505.03946704,21475515.1184011,21475515.1184011,190048.806357532,64509.6826500027,21475515.1184011,859020.604736045,1533965.36560008,10737757.5592006,306793.073120016,21475515.1184011,5730.61084101665,67387.2546828215,13477.4509365643,27647.0068500012,25136.4164528454,21203.5010054631,5368878.77960028,466859.024313068,20216.1764048464,202161.764048464,32805.744232145,21475515.1184011,138696.452352735,0,33265.5358069683,176850.24143011,138696.452352735,195.687562082511,10737757.5592006,41952.9528511843,499430.584148863,20976.4764255922,7158505.03946704,466859.024313068,5368878.77960028,66531.0716139366,2399.86187604156,21534.6616864292,93222.4694991012,10737757.5592006,1193084.17324451,390463.911243657,48710.1921486415,15732.3573191941,2147551.51184011,161450.255696687,8131.58467186714,21203.5010054631,0,21475515.1184011,165196.270141547,591.813931989004,1070.96957535472,0.111450526284365,18.8582066490904,41.7938633844705,0.834420170610689,0.0299105018418841,111.40793995721,8372.52051399654,5934.56258766287
"UFP median",0,0,0,0,0,313.816900947769,-25392.4891992549,0,22791.611908217,14651.3902578874,0,14954.3458469458,0,0,-14945.2675457848,-2515.93390870408,0,13478.7381860106,0,159564.065201452,-10394.0389720378,-1006.17643797346,0,0,0,0,0,-29761.0125713124,0,0,84.869437128272,-47871.1413926289,-13099.8192762001,15565.6737484464,-9454.92072165981,-88139.4872523089,0,0,-86334.4632774668,-10659.0477511887,-126567.332246661,0,-156461.492146574,-18793.3000391473,-15527.790095618,-8045.55576673263,-28722.6848355773,-10097.2600130848,-43167.2316387334,361.207953964196,0,0,0,4732.6798627839,166.310721211993,0,0,0,0,0,0,6.65746142035153,126.972365486,0
"UFP min",-258212295.802147,-332907188.209748,-543915462.412476,-871237274.616097,-871237274.616097,-21597939.4464977,-172141530.534765,-384541828.341181,-41487489.2674332,-72603106.2180081,-435618637.308048,-181940678.851608,-856297153.541511,-48930079.6619951,-308687547.610991,-308687547.610991,-128714121.528298,-492912639.197946,-22799496.7449325,-688884170.965311,-19800847.1503658,-200424312.989793,-257428243.056597,-13268320.3561695,-871237274.616097,-11439576.6540655,-1621193.71952543,-126984027.689444,-16858762.0250029,-11439576.6540655,-1561357.12296792,-632587481.524146,-148745761.412322,-38851104.458034,-152597672.018871,-601272938.969378,-1142856249.20499,-820097089.193964,-820097089.193964,-311352744.876768,-601272938.969378,-856297153.541511,-428148576.770756,-45068271.2390269,-60646892.9505358,-543915462.412476,-516424591.604294,-77845195.776501,-190476041.534166,-12839864.7051868,-13566810.0471171,-1621193.71952543,-871237274.616097,-43561863.7308048,-6073464.02999371,-1621193.71952543,-919.240271911828,-15555439.9386395,-28518306.5541725,-181414.125957451,-205660.864573359,-5247.57106744321,-238401.664586244,-338124126.36256
"UFP max",307081171.945696,632587481.524146,57036613.108345,307081171.945696,415836843.89203,172141530.534765,195720318.64798,171109839.325035,129106147.901074,180739280.43547,1265174963.04829,258212295.802147,516424591.604294,107226977.794439,370713664.371558,84531031.59064,205024272.298491,271957731.206238,1741925.04426972,415836843.89203,57380510.1782549,332907188.209748,820097089.193964,0,171109839.325035,35731571.9584137,0,62231233.9011498,1142856249.20499,35731571.9584137,3159768.09424912,178609979.135859,162990180.158118,73774941.6577563,253034992.609658,1265174963.04829,21597939.4464977,516424591.604294,785799820.58979,10650611.5479736,369217676.301647,534628845.056406,135776618.550915,57380510.1782549,306467343.742619,738435352.603293,738435352.603293,66588155.9499101,92304419.0754117,26566920.1422438,1811214.83733241,0,171109839.325035,117156727.027709,35042861.9168156,1000527.35768622,33.0919411212956,820097089.193964,820097089.193964,247.756417819124,599924.717771737,31558.5792962781,501032.98956817,1727567.1556775
