"time","H2SO4","HCOOH","CCO_OH","RCO_OH","CCO_OOH","RCO_OOH","XN","XC","SO2","O1D","ALK1","BACL","PAN","PAN2","PBZN","MA_PAN","H2O2","N2O5","HONO","ALK2","ALK3","TBU_O","ALK5","ARO2","HNO4","COOH","HOCOO","BZNO2_O","MEOH","ALK4","ARO1","DCB2","DCB3","CRES","DCB1","NPHE","ROOH","BALD","PHEN","CO","MGLY","ACET","HNO3","ETHENE","GLY","BZ_O","ISOPRENE","R2O2","TERP","METHACRO","OLE1","ISOPROD","OLE2","MVK","CCHO","HCHO","RNO3","O3P","RCHO","MEK","PROD2","O3","HO2","RO2_N","MA_RCO3","C_O2","BZCO_O2","RO2_R","NO","NO2","NO3","CCO_O2","RCO_O2","OH","CH4","CO2","NH3","Tracer","PM25","PM25_10","UFP"
0,409820.546661366,3329176161.28943,6014297269.14024,46258452.0848359,8145183.22157902,15413010.4629588,0,25320.2210602937,1340731689.90593,46291.0945793013,327962241.20384,2600109.82698878,78843476.5989818,55131152.8098143,111210.798571195,16954311.5092547,203925984.58684,6278903408.59089,871731499.078065,210858820.311067,11159343854.6109,718939.417813063,952787567.13203,633935733.543689,1091952.51049116,100184568.009232,0,9153175.31803054,2556360060.64949,522221202.287538,2427999710.39619,1963094.71365766,3262060.90567559,5648187.96736133,5495945.64104276,9153175.31803054,191724919.313925,96642512.8760616,247142487.376575,34645605988.897,64096743.6287503,775911673.230538,4038752136.97418,155632314.073801,64698943.3027447,8210522.19515879,228736193.472464,172358257.252406,598294272.048385,60203329.485278,35724189.2406882,80225814.281006,199355128.575326,126499391.932382,442970691.188351,1536812382.31559,207022693.577648,510758391.215136,553794456.355264,617151249.928904,2818395.9246151,1016237660.81176,108237582.28279,52794481.8459691,1258749.6368567,2998550.66799559,69135.774479249,155744140.573424,4982526390.36289,14856554036.8863,10654143073.6147,10952854.2531906,6355810.28731786,256634074.105651,160134586632.254,39061796009250.2,6849386310.39753,5930910616009.39,1892887573798.92,27609850753183.1,219986207553986
5,294793.607805229,1022103396.75692,1959600846.64155,15155552.1014339,2624983.20871805,4977444.08935285,185569.660200462,586262.157301721,461822771.402544,1.18329267560526e-09,140446027.840207,878331.831314386,28833501.2416878,20363029.9703088,44592.422240731,6285240.05236244,60124184.3930554,5143042.09914581,227787193.791778,90820249.6387495,4764668484.03616,0.0780864733836147,409532560.981297,273676075.49215,890027.747651426,42530360.6092853,7.4905647579031,0.0107832626430087,826824923.720487,224923918.121688,1036608253.15846,517314.919041972,1087558.42841861,293266.785683754,578035.897709258,565903.034032209,65083229.6994472,40578524.118929,105543809.974462,14518535452.0456,23278898.9674001,367124334.654046,472120102.292746,70155458.4565834,27145902.2383911,52.9729519999865,118758568.375632,73468.8249457708,310356455.523057,23623562.4929559,24119374.5493063,15574653.4884613,110674078.629281,49308262.7356012,158909859.732187,532796585.984508,96785282.6194782,1.66677180535481,186835883.568115,217234182.811969,909502.389948171,69266049.398329,75451.1093153028,23813.8640599169,196.077860512085,12403.4202460714,2.58718099624978,57805.8049475212,268722195.97331,5946995281.75298,88065.704547555,1593.25242806487,861.569493554262,130.629507990471,68299433893.2672,16600425967362.7,837006475.405972,2529608754031.87,766056547184.941,7141046657994.27,81492859213199.5
10,97681.1766562547,316158838.905893,643329954.528134,5013343.03524094,849176.612628323,1614858.49779643,72649.4783612952,238708.908022589,160604239.329707,3.05014500261697e-09,60599783.912874,381473.292620375,10436017.7585631,7502482.55114348,17837.0820868482,2328397.72806247,17605847.564406,490694.627829755,59605178.2989049,39377179.2078129,2049213893.29165,0.020771420777333,176585843.529417,117867110.34347,450986.572178629,18193597.408072,5.03433996468239,0.0493069616156831,269687844.944717,97168366.2729032,445702161.606717,230231.193867183,459773.264978015,102479.361170028,281475.020336703,436031.407737813,22310656.2833009,17450955.4798584,45153718.7590894,6146822338.66341,8893551.89084944,178787650.364735,54484149.3566116,31114033.4404113,11634093.2740807,38.2513605362618,50417259.5336644,67227.8504847154,132072683.364589,9320619.08367734,11391308.024802,6826956.85989438,47392307.494504,18786497.8203673,62202247.5897846,194062531.682186,36197981.5793945,0.55376016473434,74893912.8294865,76662685.8459665,643359.208359387,13154182.7416853,48130.8881373877,21563.7529905811,103.263096073868,7599.22960049595,1.62885780948664,47588.6255775446,79495295.5096866,2128755012.45039,4862.90559921003,826.043053506493,455.791992929839,52.2064092826529,29351175540.0571,7111387946700.16,103085637.274329,1087080664648.11,312383292698.733,1860897370959.05,22685363783315.4
15,44803.3081228682,133999495.512764,289427127.705029,2277089.82368924,374458.202327475,715005.731140341,42093.4147695746,143254.050422681,76694536.7703019,6.55353319045871e-07,35840756.7751577,226805.181299866,5152839.44138498,3779129.38006093,9927.00841725738,1181087.10633615,6905534.95391865,262280.842944383,21167629.0241331,23410341.0064975,1207792845.22803,0.0273165710028852,104382155.642319,69577260.3946874,271243.133117989,10665160.7319994,4.0475463081085,0.00015443722586065,120623791.980375,57551348.1561288,262618452.381005,140508.773779655,266021.150810363,48839.1134894766,185912.523367647,359511.974429551,10454274.2583835,10284382.1209611,26480647.6327125,3566471354.75671,4654790.66828658,119919926.724203,8744990.98056694,18934832.5434618,6832077.45583881,25.0670217941775,29311896.5174633,55059.2790594861,77043131.7482091,5035980.43936608,7360126.56267385,4110457.21439938,27804553.9693561,9807249.66690807,33354438.5401512,99861197.1515325,18521245.2225188,19.3506434160165,41144867.9056137,37083177.5895426,534084.122921156,7252920.83994821,36537.9923400318,17594.9109200857,71.9900998116443,6101.37709950131,1.2493328491771,38747.7477833698,33891617.991844,1037443256.75957,4609.16847585462,566.256879011088,318.19114315243,16.2584846045042,17284495542.7604,4175736764619.54,17416151.3776509,640166587140.827,174561074664.881,664509811223.302,873636991542.522
20,24357.2252336884,66466531.3825558,152412606.047797,1212659.69180655,191812.018934388,368372.701131911,27569.5685102716,97681.6466827298,42978636.8429141,3.62253385983619e-10,24816104.7972855,157373.857933685,2956923.81785611,2218520.70575184,6435.01257052462,699966.657662218,3052599.99715209,157878.755861603,8646028.93072274,16298414.6802259,833238966.560727,0.014799812598137,72242044.0655476,48083368.8195702,163327.12387663,7316880.3830287,3.36519284687831,0.000546751149658259,63207764.3205161,39912696.8011453,181124492.765173,99915.2888225299,179575.796511582,27230.9037493337,139898.829881047,295807.726942984,5714053.2048023,7093485.76097846,18199589.4036454,2421060026.63693,2849396.84486936,94167783.8604173,1751885.12218726,13501646.1388107,4694913.25506797,16.2783435432368,19950053.8092672,48630.2645476387,52729608.268603,3183623.96318767,5557147.0554944,2891132.87962414,19106114.4155279,5993652.65391863,20917427.5269617,61940217.6582435,11131792.3128154,0.175063067651674,26406035.8307273,21004384.6248644,475981.649852809,7626664.52212087,28804.1803133893,15426.5571799994,56.7561567093438,5536.06634798119,1.0030499844327,33819.0024587159,17262890.8118005,589572932.180893,4007.34579709595,438.092492985318,250.302851974668,0.0881372404889015,11913364252.5858,2870092387345.73,3457124.30342817,441235793688.139,114171148596.05,277734364385.823,11994373259412
25,14913.6085747748,36650559.5737986,89244941.8794685,718746.43801141,108035.757011653,209202.227669693,19399.8659221591,72182.4808917982,26864646.4097777,5.87827962097202e-10,19107216.501473,120948.249573225,1867901.08871236,1438815.04921378,4548.18906271837,459892.280471184,1401662.98837348,98752.3146984797,3800793.13949677,12620440.9546138,639136725.098269,0.00173233144021241,55600291.7245536,36952491.8248132,98290.2214845781,5579846.0611768,2.85999535563956,0.000204922810920073,36874092.0989227,30783286.7669529,138890966.902602,78473.9848630484,134220.638048763,17333.3460701114,113667.362079352,246357.867361034,3456397.57037681,5439159.81199553,13924353.7448523,1825520534.01623,1937079.94644541,81896660.4427729,481118.948106482,10711472.4876299,3585945.23038427,10.8123999967123,15101673.6023076,45667.6780254388,40222088.6108094,2237548.65975904,4654237.07495892,2256383.3139266,14607323.6964478,4074421.52543883,14570362.7335539,43796425.4840301,7474792.74668199,0.113413534922776,18800610.4820146,13236188.1818715,446066.876585305,8850384.07008226,23263.3578731287,14340.5674112041,48.0478877052906,5409.25760402102,0.823834319767367,31096.5495563349,9891730.99490128,371253108.321626,3233.21767469394,363.301989807872,210.862783536636,6.66522258570089,9129308522.27728,2192932430837.07,773798.455601661,338122613304.022,83020467213.9839,129061791420.307,21851317537143.1
30,10056.4072954375,21987853.1492769,56873127.7053656,463400.033288492,65112.0461764642,127615.173406299,14426.3050787806,57029.3814328353,18344807.8636504,2.89274089613779e-07,16009155.3090029,100746.544414517,1266663.64217907,1006537.57059488,3405.53423755387,327385.118027286,607102.319432374,64438.5986563419,1705175.01062964,10635264.7202193,533440150.197854,0.0181172919006528,46564012.4534488,30903862.3286152,58383.5303657943,4628307.99571321,2.48127980213744,0.0012615016306083,23450743.8927841,25835975.1402842,115886547.7894,66631.4208876971,108702.477004131,12564.753001443,98035.5089856703,210666.971956221,2260907.86715608,4537537.82241834,11603333.8987142,1495268464.42887,1430819.34171069,76930253.8645056,216963.867624644,9248807.26755203,2979214.3447053,7.35365830523999,12442884.8139885,45243.6165479012,33449071.9924601,1711481.59045019,4228094.53184119,1912841.81581851,12158745.494187,3015696.084024,11031268.1177425,34303073.7831524,5487646.76231541,57.7980245135954,14536567.8346593,9084339.22958676,437729.289889397,10125182.1402056,19160.1679647495,14041.6675406146,42.6978032816771,5570.61745438544,0.695600623223939,29942.1435811853,6201692.19287335,253531599.705777,2567.40180575498,315.783208951326,186.139832090707,9.7712025188247,7611914021.41898,1822370834745.99,199152.541343026,281922812763.707,65682647896.0894,65262990486.5876,30894333460613
35,7406.10324681738,14254327.7991921,39179144.2951366,322056.871685562,41303.5131804926,82444.7219527417,11317.4855347967,48223.3417305239,13602099.3923402,1.18112557844333e-10,14493500.3002219,90346.906328155,911043.163395756,752004.061402879,2676.68441553592,250286.805625421,182566.784957161,44481.7898479445,715247.422197238,9683674.90459071,481056527.957438,0.000851958802865859,42130120.8617458,27926851.2382955,33281.2781258163,4145854.7797818,2.20521300459901,0.000570582126339559,16158157.4012758,23427118.1563952,104472128.008246,60808.0084913983,94770.6851519717,10331.4691159985,89710.2232168226,187768.935088878,1584941.6788899,4089654.63242296,10454508.0303476,1320127597.6153,1140059.02384742,77276415.1675378,154938.817946887,8626797.07168271,2673579.14070851,5.05448170027142,11081139.5541592,47205.4335288716,30096549.0521321,1415056.79394686,4134075.54019533,1749435.83872804,10940011.232775,2413803.15097862,9013921.45322374,29292302.4160008,4371053.2994108,0.0850135998404972,12126588.8192737,6745899.21481436,451494.220954397,11530233.381439,16120.2075573455,14473.5892057226,39.5158299673517,6002.75251977179,0.603274913334756,30233.5979853232,4224607.56091124,186459364.612121,2078.7043540066,285.161033776287,170.862556404747,9.76086038501906,6857425686.62495,1635166057391.28,67162.2408908612,253978798256.492,56143725938.7243,35669152626.7449,40471939804401.8
40,5972.7622793635,10032256.301481,29312485.3703195,241514.297739543,27214.3549212132,55940.9611392258,9444.22304484276,44121.0571453899,11009115.0421718,6.21571056475659e-10,14236556.3909701,87630.3613027355,692594.036090938,600126.918925264,2217.06278208499,205812.301187384,78629.7229733886,33165.9726097594,200412.602797562,9564971.56422165,470701759.033978,0.00108361194756383,41347352.9785033,27381488.8883964,16817.0426541439,4026680.92701624,2.02244331582754,0.00124597261528352,12127641.7335007,23042865.2236591,102186077.016545,59972.2227682188,89380.7148495774,9568.73779449846,87987.5859065739,177649.313547418,1192738.71077459,3999117.66535725,10224647.9196965,1260354375.47815,983802.934180607,83131146.1119906,142442.108717693,8724795.44881601,2602711.65038392,3.66453070306961,10711537.8454562,52055.9662193995,29408834.1068143,1270321.26678217,4366290.1949235,1733177.55137119,10683726.7367233,2098680.18708592,7982846.69053591,27114123.6933841,3790337.14401682,0.0610895035994626,10966025.0179105,5446175.8503173,494943.055106587,13386584.0549256,13985.6834560707,15774.6030590319,38.3121907046286,6793.22180168268,0.549644347650865,32250.1203129554,3134911.35258362,148351593.247127,1772.10423268593,269.07480519694,164.095115559669,10.2747401597901,6703011703.66773,1590325681429.54,38079.3718795209,248259763174.739,52066425348.56,21169362679.8543,52104469515678.8
45,5363.95884696248,7817620.70508137,24285942.5966329,198158.136774449,18293.8768168036,39635.5415003926,8554.15124487131,44706.1649871767,9921602.23398086,4.64193373207756e-08,15457058.1116881,93702.6125051726,559815.915615553,518083.370174031,1974.22019178395,184740.540328444,285723.32282125,27561.7405846744,114947.972651262,10439419.1133559,509131873.561906,0.197474294075951,44835803.8354429,29673927.0428268,5002.21903523185,4319531.29041657,1.94932040010354,0.00580969108793059,10119657.3509618,25042796.1825178,110483264.789813,65199.5703326467,92982.9001748106,9968.885081734,94741.844115186,183320.872318308,978624.843252325,4322764.9407133,11057089.8033167,1324202172.27327,936525.809356433,97321358.2204871,151659.775029021,9742773.73577711,2800433.44124215,2.36457741039093,11451290.1766745,61024.3180464998,31785279.9212227,1261919.54458758,5072446.7514349,1894239.62061243,11535859.6374151,2020089.08823816,7806760.82453364,27413285.3620307,3643302.57894372,0.675976033589289,10957018.2885517,4874462.66671393,590193.6266082,16369354.0880382,12804.326282204,18288.5015785168,39.5813123095206,8164.69731553571,0.508415915407124,36728.3821104185,2558738.70232003,130216149.222763,1648.95753979555,269.632795320098,167.571320580812,0.925191947448796,7243143696.92448,1707464280682.62,38334.1517958837,268264659216.909,53372720837.081,13916559147.5888,68648713049305.7
50,5633.99621788986,7113925.94142651,23487911.0558218,185891.505367705,11968.8369699932,29161.3600718797,8841.33498650705,52956.7462259316,10494346.7522345,1.15557533525274e-09,19524630.7464437,116333.798430837,494490.430148782,504481.851127175,1995.9692090722,189405.168108127,541439.613260051,27103.555934402,392902.946414706,13249207.4916345,640810775.381667,0.00067449825433086,56534104.5591846,37412362.700051,5597.90785854645,5386074.22976666,2.13066192519244,2.94124558433189e-05,9906201.7273735,31647464.0623273,138991728.793261,82323.1322180977,112416.673024914,12033.9450130411,118438.663288033,218258.030132654,918053.221012644,5437169.39948097,13916269.2338307,1609451804.8396,1034992.9926149,130155784.843416,189294.398899682,12638233.7599107,3505934.87512632,1.92425670465505,14253714.1673506,78727.5289127766,39991074.6411837,1460834.1535462,6819669.75578661,2402568.77209348,14495578.7414378,2267066.82346585,8875116.58452686,31447489.7577909,4084960.24879139,0.172390095871016,12738886.1009302,5097573.25265754,808302.221492081,22429985.9105803,13113.1530199943,23342.8935028328,46.0507960980853,10850.7571825847,0.627362800588275,46410.5494496948,2398060.50004678,132963790.235996,1783.79144636626,303.307405757852,192.941125227383,11.0446257323549,9108051808.87517,2129440685664.65,56441.5925071025,337335351438.927,63661246357.9594,10694540613.9962,98234950601553.6
55,8213.2658828228,9027874.95676082,31624164.2488608,234479.522018168,5460.63477164712,21901.6432272304,12353.6649322282,87396.2149610396,15523837.0572732,3.8926022191368e-12,34139142.28906,199639.874738763,538411.233214388,648517.637417082,2741.05968236585,261387.638196582,1170038.38544944,37769.1382775742,920008.592720371,23260868.1708376,1116772976.84317,0.00182089488477343,98610570.1972982,65291323.2948633,22920.0660365632,9286980.11326849,3.11217918038976,0.0003251453530648,13582372.8633182,55324515.7444525,242093753.703676,143719.7819908,188125.942303002,19650.4771820605,205238.775054413,357660.905018585,1166649.4183237,9469600.53304734,24254935.4469535,2687991301.87248,1579647.12121762,235868430.250128,326569.237927506,22649111.0431193,6077375.21478102,1.32824865633752,24584957.8269936,130597.25385617,69690315.2911863,2346413.52105471,12620144.91883,4204566.55207712,25220956.4601474,3532127.79324282,13959050.0722047,47813455.312844,6357779.58011727,0.263016777099552,20514499.9165603,7424520.73041984,1515840.09407157,41269469.8914803,18110.5376148457,38290.3755744886,72.0027607618299,18750.3634534033,1.01711384602284,76205.3162371993,3034303.08685045,188525307.205436,2685.21414470546,456.011730650432,298.05405155675,15.8781433510058,15859876590.0304,3669040314037.82,122381.437862344,587403011808.804,105138511147.296,11492181125.4661,181590697036790
60,24739.7996241667,24010517.6280837,88849578.2171023,581808.019625016,25453.9624577734,6159.15689403743,34537.093770482,300335.712683586,48038140.2413926,1.06780701447662e-05,123420393.949318,707757.128902429,910632.336742548,1590809.97733911,7725.2930399887,713116.235461112,4790928.11745125,111965.92636294,3663014.45483578,84362885.6729604,4025606016.62649,0.0092000858419957,355346529.833609,235584907.462706,104840.36661673,33069548.8003974,9.03057642189616,0.00057848978301639,39131039.6509473,199801757.508522,872108107.902557,518345.356302102,651616.2213206,63493.9276036494,738382.802722513,1206115.24241134,2986623.48331072,34115149.7994182,87452069.2871761,9194472025.06916,4972030.61876046,861775643.683996,1161117.46863123,83719179.6950687,21791658.7556276,1.53805143966003,87794074.8288891,400159.639041371,251269464.583004,7817630.32650496,47995215.5174411,15150705.1672188,90758416.6476266,11422354.3264702,45386223.0615859,139398621.327356,20526746.581667,283.565587773222,68384570.9158362,22548519.3369933,5821973.44259152,152896358.440457,51867.314086479,115683.475662827,226.480401796949,61432.9828466651,3.54205026743928,235141.633871251,7484145.93833077,557380998.100287,8441.16311457962,1370.96496085746,926.470434528779,41.8097947526811,57129604026.0137,13040279943374.9,552877.342091056,2115911903174.07,359170243259.412,26043481239.7333,641712577423424
65,2.15532182146544e-06,0.00189770605248314,0.00735298384430893,3.77378925616203e-05,6.69135653833303e-06,8.27861159663773e-06,2.66082226104658e-06,3.01472926889413e-05,0.00437397974556099,2.54286482060544e-17,0.0129449932681306,7.2757245613401e-05,4.12098427734779e-07,9.59784048171374e-05,6.43165077992842e-07,5.20289233168874e-05,0.000543419182317532,1.0012121598341e-05,0.000386799995819334,0.00886915990338351,0.4211733588868,2.84952780726294e-12,0.0371406559497345,0.0246615109524415,1.09584559152577e-05,0.00340977173865833,7.63816751619364e-10,6.10876955473821e-13,0.00334518328976331,0.0209168585387983,0.0911844153133892,5.42109707549365e-05,6.56112486861974e-05,5.64216587784541e-06,7.7591874512562e-05,0.000117396182170331,0.000215581402728523,0.00356745700866337,0.00915291153142301,0.898347773209592,0.000452226490218613,0.0900599523187241,0.000118082031535038,0.00895415743738772,0.00226800453086104,7.10412888503206e-10,0.00910881319299017,2.83370892541476e-05,0.0263009296793747,0.000759301502655428,0.00526283218969925,0.00157509879552803,0.0094776882654712,0.0010777176909686,0.00428374244888103,0.0111718999647348,0.00193016817831667,1.65794401965901e-09,0.00662640073938644,0.00200999008977215,0.000643145964513036,0.016155967946009,4.53254017857172e-06,7.96917059699708e-06,2.02109911295669e-08,5.03487870196073e-06,3.81982014860807e-10,1.74753925705107e-05,0.000451557973079629,0.0485139518642272,7.84082639622838e-07,1.16421283743582e-07,8.19483123317678e-08,2.99724976680482e-09,5.97373444933854,1340.13196934095,7.36075624964577e-05,221.249493346392,35.6153645127418,1.7814780766812,62874.2438890978
70,2.12148278843986e-06,0.00176174726250383,0.00704802248235629,2.12128066067235e-05,1.21504035354871e-05,1.78427106863023e-05,2.11885398727787e-06,3.45047980900974e-05,0.00458671387653857,1.78605082914539e-17,0.0153895970129549,8.47516856759065e-05,0.000101474598925469,3.84141584295807e-05,6.44714917995461e-07,3.63582432693818e-05,0.000680454150063864,1.04252512846206e-05,0.000442593393210184,0.0105610897638997,0.499651520204469,3.1447748868886e-12,0.0440177201610523,0.029262433830185,1.14591302300499e-05,0.00397550221151919,8.489309491134e-10,9.88381327592884e-13,0.0033337217717417,0.0248023801601017,0.108116371819829,6.42791753962048e-05,7.50693423357991e-05,5.30646316791099e-06,9.32750431806473e-05,0.000128717582837544,0.000171086028223322,0.0042303852494878,0.0108634555571692,0.973940247764782,0.000463748355206399,0.106681586995807,0.000135181328354331,0.0108284029763446,0.00267655837000559,1.46009431236274e-09,0.0107255981688683,1.11668663107768e-05,0.0312208972770823,0.000840759343045703,0.00650457400437722,0.00184504175133871,0.011220376061948,0.00116060795771219,0.00458891924059649,0.010197090040403,0.00206622602299155,1.37770601758988e-09,0.00729669813508462,0.00206002408630823,0.000799474969808968,0.019196392661329,4.76893553931069e-06,2.71821806754753e-06,2.00696141199983e-08,3.4450935008834e-06,4.94550354856454e-10,9.19424269953625e-06,0.000171187881553819,0.0487771883431941,8.35173058558479e-07,1.09164006317135e-07,8.10341249060534e-08,2.08148411206211e-09,7.08371428518723,1554.99690727326,0.000107993697555639,262.359874379058,40.0518423096139,1.47500219328175,69832.620137912
75,9.79986494710974e-07,0.000805411163422388,0.00326713334833715,5.87605526261254e-07,8.8490982133065e-06,1.39128658697158e-05,6.49967866060936e-07,1.87042288742487e-05,0.00230144151275286,8.79467756674289e-17,0.00861688417282333,4.64992493710869e-05,0.000106723895904912,1.64668257032066e-05,3.35771568069714e-07,7.01219543270137e-06,0.000394392114294424,5.21765907866949e-06,0.000230685990685581,0.00591866646056685,0.279275643662283,1.1657479645076e-11,0.0245795382413678,0.0163532253548805,5.70408524085156e-06,0.00217842513982048,4.90140374295725e-10,8.39192001565401e-13,0.00161320619910662,0.0138418852227052,0.0604039962860245,3.59241527900116e-05,4.05695060531609e-05,2.06942539724379e-06,5.33377014386928e-05,6.60141543735677e-05,6.19229319052796e-05,0.00236371846259336,0.00607540559968748,0.485441012088561,0.000222782713870464,0.0595210494083918,7.32815109909887e-05,0.00615335300355653,0.00148834254552157,1.05967228392571e-09,0.00595557033352902,7.15042156228706e-06,0.017463559053039,0.00044095472467909,0.0037677367219579,0.00101246250956299,0.00625739945983665,0.000592906857599869,0.00231925923592462,0.00441600115418532,0.00104734114271831,1.13117711526054e-08,0.00379506504574387,0.00101031489782159,0.000465360055073489,0.0106737713029194,2.39826896698657e-06,2.44740532206742e-06,9.16685363325274e-09,2.9401415132901e-07,3.12717495279841e-10,1.70344580673577e-06,8.76362954708984e-05,0.023636391519026,4.22680935737711e-07,4.65103918644814e-08,3.70887585619908e-08,9.53959452223482e-10,3.95811816029063,846.735467984751,7.11667105950719e-05,146.597020054207,21.2277560460034,0.627609732674775,36538.9747914391
80,8.89344682162362e-07,0.000762505530776687,0.00307630137203049,9.90415292726585e-06,1.17108665839938e-05,1.91039402410657e-05,1.7323741385432e-07,2.01001677190093e-05,0.00231118762966228,5.69697659000134e-19,0.00951336826563821,5.0319857742945e-05,0.00016627011242561,5.56465220697673e-05,3.8356969067915e-07,5.90391343061475e-06,0.000445441208866893,5.22667471521276e-06,0.000230451685144071,0.00653587160475636,0.307902606377116,4.57368453354827e-12,0.0270737203346715,0.0180201569947222,6.37155279273692e-06,0.002349591698022,3.69489510297729e-10,1.40107787734341e-13,0.00158668350020862,0.0152225614230907,0.0665728469139957,3.96301177883774e-05,4.33625290589558e-05,1.17094354500461e-06,6.07066928765143e-05,6.62512897684172e-05,4.27953513085189e-05,0.00260532124713647,0.00670241605743647,0.463694150876203,0.000209917255977129,0.0654867295758519,7.912119383723e-05,0.00688065368351574,0.0016326861108661,1.33898607208702e-09,0.00652845651467793,2.06239323012231e-05,0.0192697566391111,0.000458440511190236,0.00428517191016398,0.00109041086889694,0.00688225507167927,0.000601487989013002,0.00231597825657873,0.00381035994146958,0.00105355010502558,1.0381603262671e-11,0.00390392295835533,0.000993540686208431,0.00053168899634466,0.0116360446953935,2.29129157446098e-06,6.42665555131359e-06,7.98908633259943e-09,1.35775556479993e-06,3.8611879566674e-10,8.42662425840953e-06,0.000280673112067156,0.0231787046158094,4.24509694013122e-07,3.70925771020103e-08,3.26425000485908e-08,8.43352173858047e-10,4.3629663370628,906.196531187247,8.87916688975948e-05,161.591406647163,22.2024082610366,0.578353886927675,37714.0883475107
85,8.13306226704587e-07,0.000765052731307607,0.00301941263090689,2.09016963434326e-05,1.48994081993418e-05,2.48708971633953e-05,3.65931268156944e-07,2.19587271471629e-05,0.00237864867348229,2.11546858912083e-18,0.0106219613591984,5.50990094743935e-05,0.000232969254803998,9.94019667457339e-05,4.82013147187934e-07,2.05493890259456e-05,0.000504628540963307,5.34807895595186e-06,0.000226612403165983,0.00729440545944083,0.343416244201148,7.77162231127235e-12,0.0301694451912658,0.0200814925134703,8.21612128815761e-06,0.00255943553327779,3.27118986299752e-10,7.32511948863034e-13,0.00162224725816534,0.0169207898928475,0.0742328974865131,4.42730188247623e-05,4.70163690795713e-05,5.53343608725943e-08,7.04741814510736e-05,6.66740591437579e-05,2.89834662995365e-05,0.00290528367262513,0.00748071708242942,0.43242193164032,0.000199037166405022,0.0728746636900998,8.74410144237682e-05,0.00776710137718841,0.00181221106968903,1.61555647205199e-09,0.00724553733698366,3.32717868398121e-05,0.0215117058770093,0.000484245698378335,0.00491145077463199,0.0011830942279978,0.00765675409236473,0.000621171608989817,0.00234405874452744,0.0033705294181757,0.00107941868147922,3.13602179088267e-11,0.00407410521714006,0.00100466031272951,0.00061225897878871,0.0127570367803731,2.06103468480578e-06,1.01282211694072e-05,6.88339230488239e-09,3.00014673020859e-06,4.91150205218233e-10,1.47688202417158e-05,0.00050686643503771,0.0236132274410772,4.33496621701148e-07,2.83374526729572e-08,2.87894649104495e-08,1.93839175698503e-09,4.86574886356957,978.069457338533,0.000108371334783908,180.212994861002,23.506044264763,0.583927150684311,39390.854993218
90,4.92710886182691e-07,0.000530058436559799,0.00202457471753762,2.14763084957086e-05,1.21569822446483e-05,2.06096609139312e-05,6.53527862900193e-07,1.602147641569e-05,0.00164497732308975,7.0326120003446e-19,0.00788062848957629,4.01179805824383e-05,0.000203401646125435,9.83086706138327e-05,4.22123821330955e-07,2.46124039452446e-05,0.000377689846050349,3.65487031276695e-06,0.000143935394047349,0.00540633827467803,0.254588386777457,2.76721593730328e-12,0.0223469849979646,0.0148699027778079,7.53245724127499e-06,0.00185097893276036,2.28256061692587e-10,3.96136984009435e-12,0.00112725477706471,0.0124916190294299,0.055022911930171,3.29191598152571e-05,3.39752321206516e-05,1.12919121667263e-06,5.47682017266604e-05,4.41672390247993e-05,1.25481664446056e-05,0.0021535704471209,0.00554992398573212,0.25583661997004,0.000124863167524371,0.0538954465799356,6.50542966224777e-05,0.00581741765368707,0.00133727965402479,1.45882370914994e-09,0.00534871769585414,2.89261945851212e-05,0.0159623439166134,0.00034112700593849,0.00373004385254019,0.000850511119376777,0.0056615110182527,0.000428687326494897,0.00157994509095809,0.00201377720283704,0.000740231243056877,2.49225853986991e-11,0.0028339205762508,0.000685532375690175,0.000467403358224799,0.00924494893587884,1.09431780669394e-06,8.70368769301044e-06,3.93082745765571e-09,2.93726715924522e-06,4.16713277836134e-10,1.32817612357099e-05,0.000511073184517516,0.0163902190320383,2.94231335263525e-07,1.36797868695724e-08,1.71329972526919e-08,1.45182337067392e-09,3.60720562691173,699.874142912182,8.5440436746267e-05,133.600268695928,16.5527516705762,0.413462435504294,27358.5066989172
95,4.51184025550095e-07,0.000571142903671423,0.00210222120065904,2.94137299515581e-05,1.4614658173791e-05,2.50448205366245e-05,1.12879181683301e-06,1.7785789528191e-05,0.00173751531852891,7.47711938421241e-17,0.00885176766650828,4.42591290593216e-05,0.00025816312095355,0.000134844955283714,5.68265155090674e-07,3.70169081592186e-05,0.000426239756240819,3.78465155656896e-06,0.000134013712238248,0.00606309536669475,0.285808123889394,1.11135481893477e-11,0.0250676923270789,0.0166691696569785,1.0434279399194e-05,0.00202591868634298,1.06186575494265e-10,1.88778076391266e-12,0.0012057738999845,0.0139551400215618,0.0617650454200683,3.71241800132051e-05,3.72698442592668e-05,2.55736864440329e-06,6.4818239172799e-05,4.38309119338099e-05,7.51538623676314e-06,0.00241756471645094,0.00623538148567812,0.214511790144566,0.000118222688790537,0.0603556720699186,7.42577234650766e-05,0.00658895710245629,0.00149473746101292,1.36315757594958e-09,0.0059828751514449,3.38442554408148e-05,0.0179363600807572,0.000364697137220061,0.00427984303611063,0.000924010825639898,0.00633892312763194,0.000449873138032625,0.00161529917668872,0.00185481348127505,0.000773829408024213,1.34208120833114e-09,0.00299297835126727,0.000717692480019866,0.000539495199638644,0.0100925539118387,7.09560149045288e-07,1.01089134572452e-05,3.02650022695134e-09,3.66426425374469e-06,5.23623814437107e-10,1.58416997191598e-05,0.000712450503663056,0.0175913340726716,3.04431104604945e-07,7.21316814871014e-09,1.41984685528758e-08,3.06387617965344e-09,4.04993521625597,756.967416004087,9.9417725502365e-05,149.997675347693,17.6648273113051,0.455922704754044,28791.9569312625
100,4.96889643966557e-07,0.000750129691225938,0.00266323102412923,4.49887223631092e-05,2.0631210721955e-05,3.56211474366315e-05,2.01162743007793e-06,2.38273008214482e-05,0.00221808631918925,3.66047085905229e-17,0.0119398827303854,5.86858242018351e-05,0.000382669945813581,0.000210955890454487,9.13169056021108e-07,6.0982293342059e-05,0.000576056204182712,4.69207367705054e-06,0.000144022377661081,0.00816162722827413,0.385384928567478,3.35994621347744e-12,0.0337771472378144,0.0224383870716913,1.67170963207492e-05,0.00266348528328735,9.66933216733756e-11,8.23362485533584e-13,0.00156535981241604,0.0187144796323893,0.0832828676111425,5.036915626207e-05,4.92040085663196e-05,5.24040952696835e-06,9.24962249236286e-05,5.1624153001001e-05,3.59931357621211e-06,0.00325992545734956,0.00841451781629353,0.194119909176087,0.000134261439192137,0.0811843133449287,0.000103135538293622,0.00895501096871473,0.00200729739607236,1.94459475602604e-09,0.00804201823665138,4.40301885227517e-05,0.0242069132615577,0.000468686683324313,0.00588941838712121,0.00120488256695966,0.00852459901277473,0.000568536388331937,0.00198560981164087,0.00208878385324946,0.000977259966329879,5.8564881184129e-10,0.0038053750144606,0.00091193143801876,0.000747490472098525,0.0131653564434791,3.02034506140726e-07,1.30830110371178e-05,2.7588828078897e-09,4.96111001610574e-06,7.85467448083518e-10,2.08790285290441e-05,0.00112143531838509,0.0230384069490809,3.7612565563212e-07,1.98680398679874e-09,1.45217818490006e-08,4.29511255621058e-09,5.46186706804981,982.332600595017,0.000135566070925836,202.291484347582,22.6606464011701,0.60890298946617,36420.9358692677
105,4.25057550456915e-07,0.000763147364180181,0.00262435218091623,5.04925173251898e-05,2.20242099631854e-05,3.82133817335892e-05,2.55921941963736e-06,2.47373858610982e-05,0.00219281143661804,5.14332959467395e-19,0.0124210524978259,6.0059519602855e-05,0.000428690222631488,0.000246048395968417,1.11174313811244e-06,7.32511357917561e-05,0.000599347188447565,4.45664324976647e-06,0.000113236103109415,0.00846961537500962,0.400832006732752,1.75598007829024e-11,0.0351084333299378,0.0232925544019124,1.96843399084621e-05,0.00270306289790964,7.24590945524818e-12,1.84652399676128e-13,0.00157527075841978,0.0193488872186121,0.0866245600917014,5.27964385187219e-05,5.0170833479935e-05,7.31752972713151e-06,0.000102004433734562,4.62762457455298e-05,2.58184096408873e-06,0.00339083059892476,0.00875873003586652,0.109080302171628,0.000117792769967728,0.0842383672416725,0.00011186086412823,0.00938295270483362,0.00207983933466959,1.9008164594844e-09,0.00834106033054562,4.18586417263096e-05,0.0251977874402502,0.000464248316368039,0.00624716341808856,0.00121280212488105,0.00884269857945289,0.000554652769925112,0.00188253688742767,0.00184228157069176,0.000956266331012034,7.32648566344148e-12,0.00373852948911768,0.000900474173034651,0.000799087345050704,0.0131761041380806,2.49158050751549e-07,1.23887702321536e-05,1.61272729847908e-09,4.84549000845693e-06,8.92010382503413e-10,2.00367040329775e-05,0.00129483716249078,0.0235176114168543,3.57612246650339e-07,5.21420936080135e-09,1.05774756908761e-08,4.42488942544821e-09,5.68207364023725,983.195627748638,0.000139039564865432,210.447299858127,22.4391986694319,0.624224746030298,35565.4597601113
110,1.13145341321759e-06,0.00236625400604514,0.00792580286043747,0.000166815138951384,7.06618685229206e-05,0.00012292612303874,9.51093866516176e-06,7.89874473442529e-05,0.00664951682266253,1.82059099280212e-17,0.0395559344864716,0.00018826529005647,0.00144784226541618,0.000857777402051448,4.04524848663722e-06,0.000259080278787046,0.00190700739987839,1.28257244442408e-05,0.000252092657291405,0.0268959786352505,1.27631650212231,4.38276159104458e-10,0.111728508733942,0.0740088442735027,6.76822280857742e-05,0.00841113662470485,1.54064405973804e-10,2.69260734827318e-12,0.00485402507263217,0.0612194749130546,0.275851275636306,0.000169653024243968,0.000156667355308941,2.90567449214917e-05,0.000344346131415089,0.000125080960400081,3.18121604014807e-05,0.0107981213959128,0.0279107966700239,0.0813634358057752,0.000318193417773176,0.267636617339953,0.000375704632439228,0.0300975367278702,0.00659931082061604,5.99494473854017e-09,0.0264910195850902,0.000116975480976619,0.080292179781624,0.00140424273241121,0.0202922523365836,0.0037464116541032,0.0280829095947382,0.00165442671600282,0.00545408959763128,0.00502358177965739,0.00287332497627545,3.52617448841537e-10,0.0112556261923971,0.00273411754534792,0.00261813246637319,0.0401372799392147,2.05084860096369e-06,3.45125808966372e-05,1.59871720612508e-09,1.3806249218135e-05,3.09971922142045e-09,5.63385752150349e-05,0.00436727690136924,0.0739043299243262,1.03003007214563e-06,3.74968421166443e-08,2.03701635128309e-08,1.43578225143528e-09,18.0975286839462,3015.66136647704,0.000424632819590249,670.279288311508,68.0694207961315,1.93201150158897,106412.034244467
115,3.01842565425238e-07,0.000705317357377065,0.00231474958684721,5.17803414373277e-05,2.16571023844708e-05,3.76895481715136e-05,3.33292331794476e-06,2.46474801481388e-05,0.00196192557841311,2.21227073241738e-19,0.012255316391545,5.74280324952029e-05,0.000470142666422751,0.000285848421087678,1.39328078855108e-06,8.65623728841624e-05,0.000590159518161471,3.53754884147673e-06,4.76871297299973e-05,0.00830685057199743,0.395384800874364,1.34030176132083e-11,0.0345956478666513,0.0228738798669607,2.16723262915088e-05,0.00255238416250392,8.3874095460667e-11,4.14592256278566e-13,0.00144941681499568,0.0188386882844605,0.0854653596515443,5.30902632928772e-05,4.75539478302849e-05,1.06549500228131e-05,0.000112860508907648,3.23183713874961e-05,1.94895182027404e-05,0.00334552578789256,0.00865272942117781,0.0448002299312871,8.45763802421519e-05,0.0827466019610995,0.000124052800557657,0.00939739502853251,0.00203774043369158,1.55792967550161e-09,0.00818598296893359,3.06792664283052e-05,0.0248885987084728,0.000411330105561015,0.00642040240464419,0.00113073100003459,0.00867752042427545,0.000478305720854069,0.00153050895914078,0.00133425320619157,0.000841128272134021,3.59873450151787e-12,0.00329694088290031,0.00080877862595074,0.000836124678355453,0.0118170787417321,8.6162441682533e-07,9.02832672490514e-06,1.46824340741789e-10,3.67521878702305e-06,9.74389024931552e-10,1.48115028107928e-05,0.00136405425842369,0.022625995621163,2.90133068049968e-07,1.61138021229725e-08,3.59194225976437e-09,4.68537725499985e-09,5.60800869177139,901.941003013494,0.000122070197530307,207.704177329091,20.0986593207663,0.569463844304022,30999.1397546838
120,2.18478157076831e-07,0.000534416172073917,0.00172840874448585,4.02236147495774e-05,1.68743255947206e-05,2.93023084515227e-05,2.96110269979433e-06,2.00188548375964e-05,0.00149783801561642,1.67247554990199e-19,0.0098411389099242,4.53937900723635e-05,0.000392033833822256,0.000243598997456216,1.20682446609244e-06,7.31841407900727e-05,0.000473583223452356,2.4755772079762e-06,1.69306665288684e-05,0.00664783966025701,0.317443385819567,9.79807247077447e-12,0.0277655907951163,0.0183195388113536,1.72466675234014e-05,0.00201392253517827,7.39216203213583e-11,7.33733452015061e-15,0.00111297088267809,0.0150205766652775,0.0686279438541797,4.308011188715e-05,3.73187192231987e-05,9.71478792228077e-06,9.54952515557343e-05,2.11942467213003e-05,2.61387495948914e-05,0.00268637156902621,0.00695179723919461,0.0795120071412437,5.93501575795516e-05,0.0663251576473518,0.000107168192613897,0.00761267106669062,0.00163112951116955,1.03309678078385e-09,0.00655525466988631,2.00979956873371e-05,0.019992005350666,0.000310027919303879,0.00527632091968137,0.000890057586915649,0.00694986452340769,0.000355964836901546,0.00110393356806412,0.000907783017600845,0.000637919265385403,2.80606632946463e-12,0.00249970835277345,0.000619078237803839,0.000693869617756449,0.00894690317082602,7.12255736163836e-07,5.90127724225963e-06,5.83946940778994e-10,2.43505348118995e-06,7.89775727048671e-10,9.66206069086202e-06,0.00104095351755826,0.0179153982860949,2.08682546281751e-07,1.66343888801505e-08,5.82619635958971e-10,3.30469038313427e-09,4.50388378130584,701.745309378982,8.70898645981455e-05,166.810642438245,15.3835389330319,0.422305700361595,23418.5537997949
125,1.78747522748876e-07,0.000444013025512864,0.00142147839151065,3.38281673879959e-05,1.4394622522261e-05,2.49102755617235e-05,2.8816490686992e-06,1.81796965866382e-05,0.00127123924700582,1.40221278996687e-19,0.00880159064346072,3.99641920601627e-05,0.000362246453216475,0.000229394333522293,1.13119807818617e-06,6.79484243555333e-05,0.000423208599716816,1.9806917454036e-06,5.06706573507584e-06,0.00592324585629786,0.283843844273773,7.07528796427114e-12,0.02480860833701,0.0163370910494603,1.45860530061741e-05,0.00177588914243548,4.76864565208555e-11,8.90734746482649e-15,0.000943988632301715,0.0133320483175564,0.0613696096245069,3.89300923679298e-05,3.25492619808984e-05,9.54098366809284e-06,8.95445049027305e-05,1.50132982646329e-05,3.4496095344245e-05,0.00240232604741279,0.0062199925966111,0.0992220949072455,4.74309419184169e-05,0.059224543882991,0.000104064666867388,0.00687568141705337,0.00145453880604591,7.81529719556066e-10,0.00584617526119485,1.45345650001008e-05,0.0178824835877785,0.000258804146976554,0.00484195590170794,0.000784007208108888,0.00619994555758265,0.00029339717207849,0.000877344777592514,0.00067976957176447,0.000539224038619698,2.42163975799699e-12,0.00210849002205535,0.000527499150604632,0.000642350475048399,0.00742373072259838,4.75070799232811e-07,4.25818421468702e-06,8.01539497011189e-10,1.77032164405252e-06,7.12756514561405e-10,6.88050506032181e-06,0.000871651408550407,0.0158921381660264,1.68858948405741e-07,1.75256501182405e-08,1.10291343234592e-09,2.71708456365479e-09,4.02844434563908,610.265897520356,6.85082472988103e-05,149.201769262317,13.1148177176352,0.342240493957267,19713.0031843235
130,1.45636559500505e-07,0.000374827869739007,0.00119064655537051,2.84831573582723e-05,1.24023236503892e-05,2.13901651883228e-05,2.82756800399852e-06,1.69124084637127e-05,0.00110139969331645,1.22813625034861e-19,0.00803845911557508,3.59650228690032e-05,0.000340917215901056,0.000219557449365181,1.06744949990591e-06,6.40462800062841e-05,0.000385932203166302,1.6323275073599e-06,2.67341000072258e-05,0.00538646220662143,0.259171805980335,1.36938141622589e-11,0.0226173584524895,0.014873660730729,1.22211097871059e-05,0.00160375718279818,1.07151145344986e-11,2.09098074123026e-13,0.000814256372832205,0.0120751586344196,0.0560333834940686,3.59337157056928e-05,2.89864234966773e-05,9.38927141278437e-06,8.54907695474505e-05,1.03097919819847e-05,4.19383052656027e-05,0.00219380996855009,0.00568290562325822,0.108843132257694,3.96510544386555e-05,0.0540142137967052,0.000102614647680409,0.00634515685083763,0.00132501316563749,5.88073158160689e-10,0.00532492994218885,1.10938761375387e-05,0.0163321527297479,0.000220044042705357,0.00454631460740628,0.000706577702156258,0.00564850761065639,0.000246293471090457,0.00070429074891962,0.000518935686894287,0.0004667840727649,2.13756216639753e-12,0.00181674213942626,0.000460283215090452,0.00060758165734072,0.00616146018876666,1.72682616408375e-07,3.23953074477903e-06,8.76625926321192e-10,1.3561382570186e-06,6.7437409635247e-10,5.1016394730047e-06,0.000763867607274739,0.0145886160657348,1.4008685795657e-07,1.76096939542798e-08,1.95432527359691e-09,2.34825733480444e-09,3.67956492678302,543.218694634781,5.59856743234748e-05,136.280306212481,11.4198893449348,0.282944585654879,16953.2453427398
135,1.82879860683076e-07,0.000497360449164917,0.00156957547869378,3.70461050250972e-05,1.67228933505799e-05,2.87343888465726e-05,4.33260773762187e-06,2.48779560280561e-05,0.00150575645966963,1.48394463460838e-19,0.0115772935122722,5.11080520391098e-05,0.000504484621876197,0.000329798715655188,1.58009974786217e-06,9.47185157729955e-05,0.000555006556025476,2.12915079452338e-06,7.39681617741764e-05,0.00772004396301345,0.373195764834371,1.13798068449635e-11,0.0324925700020762,0.0213489385386802,1.59704985630405e-05,0.0022900576652554,3.82422303152926e-11,4.73710034189136e-14,0.00110624636321984,0.0172341757802327,0.0806742227569234,5.23330743663516e-05,4.07083335515681e-05,1.44179359630772e-05,0.000128531246512328,1.02188749718773e-05,7.550558702805e-05,0.00315951780093517,0.00818822058704578,0.173177914935967,5.37269963155933e-05,0.077702165744919,0.000157578326887819,0.00923761435155144,0.00190417107143915,6.26678662560303e-10,0.00764988643656221,1.35214612329679e-05,0.023520202452826,0.000293936158758182,0.00674064074804122,0.00100629517475028,0.00811543641367614,0.000324876394011378,0.000879758982280664,0.000622020772889561,0.000638997207858418,2.98478535924236e-12,0.00247002596136406,0.000635539303897707,0.000907076213501761,0.00791533053023823,1.95475076690303e-07,3.93246130268551e-06,1.33774407457457e-09,1.65631454063444e-06,1.01073062340798e-09,5.95206689509207e-06,0.00106153364585181,0.0213344555736615,1.84057593673042e-07,2.67501165632654e-08,3.5807006584109e-09,3.39182322125797e-09,5.30048927929876,764.225595554263,7.26052626083704e-05,196.314607514684,15.6851559400673,0.368763393415448,23003.0056420711
140,1.72622359913325e-07,0.00050599604195148,0.00158694341114676,3.61832652619116e-05,1.72327438164518e-05,2.94783297541892e-05,5.05732459290865e-06,2.81605527772346e-05,0.00158294045740688,1.41705823184844e-19,0.0128014645211643,5.58362513134862e-05,0.000571355043026703,0.000378504971695959,1.79198638416069e-06,0.000107060255950501,0.000613095408708961,2.13981288630441e-06,0.000123976667461599,0.00848951295288777,0.412612993315695,1.0137567034752e-11,0.0358144752882017,0.0235209596341326,1.58810349768794e-05,0.00251667859484679,1.09102343191929e-10,3.86187070921678e-14,0.00115586046472499,0.0188701483187804,0.089174799023251,5.85382895847825e-05,4.38846446174198e-05,1.68739035300661e-05,0.000148217572934396,6.45964578344751e-06,0.000100000851185254,0.00349397658668812,0.00905879424402105,0.199807276701677,5.74912973976326e-05,0.0858385489611438,0.000183458564337828,0.0103270301157166,0.00210174190881628,4.34883378090855e-10,0.00843955549218435,1.2596383287627e-05,0.0260038137744405,0.00029995789105204,0.00767850153444837,0.00110268719987852,0.00895160798673754,0.000327519979335214,0.000829550806390547,0.000567806029623866,0.00067351822344881,3.21028516552041e-12,0.00258045947971726,0.000676580097691043,0.00104069592141202,0.00766314861487714,7.53755754271965e-07,3.64590239492669e-06,1.40710835133369e-09,1.53999629950387e-06,1.17216937051879e-09,5.19021500565753e-06,0.00112274853930108,0.0241410495691157,1.86084018209766e-07,3.00912664420074e-08,4.10200152029053e-09,3.72239099504898e-09,5.86298144038042,827.149449961891,7.26384540599912e-05,217.147683655096,16.5445845002281,0.369378847498083,23974.5411871229
145,2.70244776946134e-07,0.000870930340201666,0.00271308488616631,5.82927075401463e-05,2.99726523344725e-05,5.09857066595288e-05,9.91469496738601e-06,5.39830726193963e-05,0.0028197758020859,2.26696392945636e-19,0.0239246255450932,0.000103233059334811,0.00109009196234854,0.00073067911310334,3.4291941960763e-06,0.000203671543636829,0.00114567896269915,3.64929386916848e-06,0.000314994109274501,0.0157682606628989,0.77115873551718,2.3249692135625e-11,0.0666832114561807,0.0437906241345044,2.63799883133134e-05,0.00468460923457568,3.43911301686757e-10,3.04044564168198e-14,0.0020510746928765,0.0348941140538568,0.16661551424749,0.000110671197652689,7.99085207267292e-05,3.31653854559371e-05,0.000288579360988612,3.51193001216677e-06,0.00021695000782238,0.00653189315353392,0.016941754592737,0.372618163038368,0.000106752105613726,0.160317476684565,0.000356838387718747,0.0195123143343071,0.00392241283842143,4.09259560769039e-10,0.0157421281589591,1.94469870990219e-05,0.0485930014254408,0.000514057315826033,0.0147855647474999,0.00204683199073617,0.0166880874153038,0.000554984340528047,0.00129292725331032,0.000864441525018842,0.00120359606693807,5.8590514500848e-12,0.00456141792696417,0.00122372813089125,0.00201993282557971,0.0122896842327773,2.51251025401475e-06,5.59568664226851e-06,2.23316606736179e-09,2.35489401966645e-06,2.28955180656785e-09,7.19881442156667e-06,0.00196543160583466,0.0464492644114717,3.18433395247123e-07,5.55230222898339e-08,6.79040974331889e-09,6.89796421233884e-09,10.9634702985254,1515.9459790461,0.000123700888950398,406.054897053751,29.5057871232374,0.627435454836632,42255.4568599147
150,1.83050244180911e-07,0.000660702327037387,0.00204148853209528,4.01025225162786e-05,2.29366510590852e-05,3.87432210421897e-05,8.48914368587804e-06,4.55102861552286e-05,0.00221316783749832,1.58502504544272e-19,0.0196303434807432,8.38767526814395e-05,0.00090993227418619,0.000616258809711727,2.8729833837814e-06,0.000169424742166025,0.000940936200626236,2.74505817452989e-06,0.000329945409939266,0.0128487801202451,0.632891202381617,2.02268935056424e-11,0.0544831742735182,0.0357877860713757,1.89148981668108e-05,0.00383536708303641,4.08171000553373e-10,4.30705129943561e-14,0.00161093517147541,0.0283059318202393,0.136695530027359,9.18067533190486e-05,6.37949651228658e-05,2.84284226456176e-05,0.000246315062110926,3.77723218930025e-06,0.00020167133750741,0.00536256073866826,0.0139140049428175,0.293458757311861,8.89889922554809e-05,0.131493610945802,0.000301450775037621,0.0161815924082431,0.00321505793555488,2.35336492194772e-11,0.0128974393728266,1.26739740604614e-05,0.0398703137444817,0.000383603892541236,0.0124935979886137,0.00167184530672594,0.0136580811491641,0.000410114369834969,0.00085797381347549,0.000565821454753986,0.00094759528468272,4.71671797685429e-12,0.00354478427516333,0.000977830948038607,0.00172259975001176,0.00845294427396382,3.05324215648372e-06,3.61799696323822e-06,1.27734010425464e-09,1.49846684216307e-06,1.95765892196474e-09,3.84348039867368e-06,0.00145966790836426,0.0394211741687271,2.4014607134719e-07,4.35393628848099e-08,3.84387388970015e-09,5.45611263080746e-09,9.003286139489,1221.71523761131,9.35502043138649e-05,333.4554252785,23.1128217726718,0.471008539729987,32717.5053140527
155,6.09777675010191e-08,0.000249732931672477,0.000763708941503538,1.32070669186747e-05,8.73463975376927e-06,1.46253008521867e-05,3.57868581889112e-06,1.90015617096218e-05,0.000863019919562862,5.35167497423044e-20,0.00796524713770885,3.37211027651221e-05,0.000374239884854878,0.000255761005924154,1.18458830675055e-06,6.94177845502155e-05,0.00038261387997878,1.02688566909077e-06,0.000164046889339139,0.00517346388629176,0.256931867046042,7.47573853728329e-12,0.022005573234475,0.0144619582994209,6.54795176789908e-06,0.00155511156930142,2.21709781493825e-10,4.80595143175382e-14,0.000632953243675325,0.0113458487594061,0.0554739248246791,3.76132377403289e-05,2.51293614146208e-05,1.1958630681435e-05,0.000103753319349847,4.09981872868441e-06,9.08824456250274e-05,0.00217792419342521,0.00565302379139394,0.110168714243329,3.73163802259445e-05,0.0533528779927722,0.000124640409957623,0.00663271932271289,0.00130368513159988,1.51064958283872e-10,0.00522870663327544,3.79513199933597e-06,0.0161806668270745,0.000140069704278097,0.00521494736142107,0.000676850688791836,0.00552769142849473,0.000148664873182404,0.000269197731156602,0.000177251436594773,0.00037042177099516,1.88717896647177e-12,0.00136455260983863,0.000389249089771969,0.000726885017694821,0.00279314029174628,1.67983081126369e-06,1.06999490473855e-06,1.98864148962504e-10,4.2411473913157e-07,8.22063441248658e-10,6.92740993095953e-07,0.000508250386232162,0.016605515184327,8.98704442556682e-08,1.62707619618056e-08,4.50290640140082e-10,2.11668590103304e-09,3.65766520849408,487.522798476888,3.55923666299077e-05,135.469245664866,8.95880042294209,0.176787502407638,12536.8092682464
160,3.52347009211108e-08,0.000163622212172654,0.000493821762118864,7.16569471764349e-06,5.76069658968741e-06,9.54414905575399e-06,2.57453508508747e-06,1.36076954431261e-05,0.000579806544407691,2.79164423356161e-20,0.00553642357461869,2.32243527892155e-05,0.000262634932643516,0.000180901637280064,8.30412436997246e-07,4.85221157558574e-05,0.000266838155905632,6.62653175476718e-07,0.00013574719807149,0.00356520164015024,0.178735654019623,6.57144957783076e-12,0.0152211891383318,0.0100104125863289,3.7515950207432e-06,0.00108126150417463,1.97198388661388e-10,2.15541467571935e-14,0.00043238274744105,0.00778393392433996,0.0385772987815616,2.63411985382425e-05,1.68979255801487e-05,8.53866460379299e-06,7.46513650003615e-05,4.54985597734061e-06,6.89737224704718e-05,0.00151584597833655,0.00393600602002529,0.0682628085224154,2.71162800113404e-05,0.0370957755016116,8.73774874758898e-05,0.00465335402406366,0.000905877357793763,2.00955856049126e-10,0.0036339547995681,1.66268699890354e-06,0.0112520155932107,8.64141824684528e-05,0.00372237100846481,0.000470479519445918,0.00383217861118839,9.14217158694014e-05,0.000134649764069834,9.0186208374206e-05,0.000249208512875192,1.3012932198188e-12,0.000901622753410873,0.00026768099344166,0.000525577533263849,0.00152203708047842,1.50234475110171e-06,4.56833268524072e-07,1.54621470637453e-10,1.57735067301736e-07,5.86336184069568e-10,1.56566559081265e-07,0.000277402270199931,0.0120162640190292,5.78493228285637e-08,9.91234659294314e-09,7.64164606329056e-10,1.27469858870574e-09,2.54662415774035,333.552043351351,2.3749159325321e-05,94.3195328987964,5.95329001016147,0.115545084615423,8236.65619786934
165,2.34115379087032e-08,0.000120037910928695,0.000356398021278597,4.08312922144812e-06,4.25139120002125e-06,6.95801148955975e-06,2.03288215352474e-06,1.07435174531417e-05,0.000431915333110742,1.61867285751199e-20,0.00423777403808138,1.76039490399506e-05,0.000202118747566243,0.000140153126746455,6.34132803840976e-07,3.71885358280384e-05,0.000205174822729779,4.74976743446356e-07,0.000121076386572865,0.00270309022695155,0.136981438638968,5.04860510861862e-12,0.0115927982778777,0.00763058876987806,2.24746875117785e-06,0.000828396571628576,1.86815044998555e-10,2.90897856568469e-14,0.000331071997675704,0.00587607444692623,0.0295562421352366,2.02512754705084e-05,1.24511704148656e-05,6.63952254348332e-06,5.89294187607754e-05,4.72689695277789e-06,5.67753553633842e-05,0.00116242663772399,0.00301954449570775,0.0447781383367359,2.18369707448343e-05,0.028414438377966,6.67457224403659e-05,0.00359110029693932,0.000693412403178726,2.21527147766681e-10,0.00278395805240543,4.76158846404111e-07,0.00862031811639919,5.76464926254944e-05,0.00291895132490092,0.000360950141213386,0.00292567951095737,6.11894604350574e-05,6.48297574523097e-05,4.59462471771021e-05,0.000185646281161763,9.93806006208102e-13,0.000657645304836651,0.000204634007799631,0.000418489620866138,0.000865809806651737,1.42913342848948e-06,1.16400230587753e-07,3.98367381484634e-10,5.85344823431741e-09,4.548950810459e-10,6.46372081402678e-07,0.000139639807785397,0.00959666813650965,4.12044875567407e-08,6.18571909808803e-09,1.64658913752417e-09,8.17088057252429e-10,1.95363926645573,251.421617165999,1.79725889907075e-05,72.3571056562933,4.36125332931461,0.0850390089674189,5966.2120295431
170,2.06833739933769e-08,0.0001101403904771,0.000320728801139895,2.69180569173228e-06,3.92186720128462e-06,6.33400795175821e-06,1.95916166687533e-06,1.03937892962761e-05,0.000396987933870994,1.07329927593174e-20,0.00397083556441393,1.63128024457085e-05,0.000189542893316674,0.000132167353372908,5.83930936593269e-07,3.47287404230785e-05,0.000193331288557451,4.21177677979091e-07,0.000130010946935817,0.00250633366469501,0.128576780014941,2.56586015735171e-12,0.0108087608640554,0.00712093342384649,1.51262899183224e-06,0.00077700648503482,2.11238897891133e-10,1.10234976019271e-14,0.000316480813786228,0.00542587262630713,0.0277362935042091,1.89781905762618e-05,1.11542436161717e-05,6.23397231204979e-06,5.6676328171916e-05,5.54849338482717e-06,5.64044644944447e-05,0.00109186798087794,0.00283754568748144,0.0344542074575777,2.15663825041514e-05,0.0266547441429881,6.17124287225319e-05,0.00338751603861337,0.000649962058902233,2.68594748647874e-10,0.00261393022758235,3.69183405211697e-07,0.00808891850161749,4.59139657716388e-05,0.0027933087188902,0.000339739439933233,0.00273438918482504,4.94263248342831e-05,2.68403170918329e-05,2.32350328692096e-05,0.000170376084603697,9.35376159752131e-13,0.000588916336377815,0.000193465165242893,0.000407772437060496,0.000555196184168304,1.62273124683867e-06,1.28559552273055e-07,6.91567561513891e-10,1.14725558830715e-07,4.25197799166542e-10,1.14634461297383e-06,4.82699127136643e-05,0.00939778637506208,3.61697319404239e-08,4.153688968378e-09,2.77409181679692e-09,5.13362705645238e-10,1.83587494248808,231.97703183772,1.72171800216432e-05,67.9954616228565,3.9166897734294,0.0787767869657553,5298.21100128261
175,1.87573669155463e-08,9.52220400956908e-05,0.000271366924006587,1.53744432146529e-06,3.40680923852634e-06,5.42909106278865e-06,1.72964826627725e-06,9.2447349361956e-06,0.000338138384652834,5.16676702130879e-21,0.00341775269588272,1.38544638958754e-05,0.000162454681964014,0.000113785274038261,4.83828493876233e-07,2.96384528374482e-05,0.000167491522932037,3.47405596609113e-07,0.000126520184412817,0.00213240794368074,0.110925301521149,3.12904701130092e-12,0.00925906003952928,0.00610531637962727,7.89277613963116e-07,0.000669159152070739,2.15881696991625e-10,4.67263559027592e-14,0.000283627792626171,0.00459881261119208,0.0239255480297832,1.624593128085e-05,9.09346250032704e-06,5.28531550299376e-06,4.97760187145577e-05,5.70512259435528e-06,5.07694196665149e-05,0.000942731783445169,0.00245125985658803,0.0232846727509866,1.95258441964339e-05,0.0229787144896263,5.17599398328208e-05,0.00292979987740939,0.000559792833455533,2.72219113417027e-10,0.00225763355480051,1.10231910542988e-06,0.00697708771054615,3.24104722977506e-05,0.00244589433065888,0.000294360375039826,0.00234772400236623,3.60399200171193e-05,4.27711501485814e-06,4.39916797789256e-06,0.000144682245138729,8.13697498938054e-13,0.00048609609980049,0.000169817383000937,0.000364712999363142,0.000281945620073543,1.65949917117966e-06,3.38086547074902e-07,9.23173224944495e-10,2.16497578783042e-07,3.59032272557473e-10,1.50458789603702e-06,4.21999900801456e-05,0.00846354844907185,2.9332648519792e-08,1.84687377266841e-09,3.67292313275452e-09,2.79646053026598e-10,1.58593463927121,196.476594685345,1.56823372838003e-05,58.7384030755396,3.23701696661875,0.0691896856705679,4330.15725679592
180,9.6381922879719,43126.0046317651,120196.316885679,437.905338001335,1549.07781221321,2438.56033372046,776.055065548393,4192.84846024198,148151.447908188,0.00201207275081218,1498868.26025507,5975.68239220727,70547.5715414991,49576.8225897953,198.485828959198,12814.3047708096,73987.5802857791,148.179093800585,62028.1157391683,923377.617257466,48792695.2994708,0.000625709366039019,4042940.31995401,2667893.46996633,124.242489355145,293317.402434608,0.110420077989713,5.06221124093301e-09,132099.314677498,1984716.47463038,10524342.7274169,7035.33113402053,3729.91494682247,2233.78004351359,22113.0288377787,2897.42045762824,22962.426598607,415059.240926426,1079896.34332626,7711079.61744592,8960.81312263941,10098522.5630484,21804.9805713287,1288128.71960892,245723.476379192,0.137964260316581,995170.013463157,876.997812390914,3068964.14732183,11033.4854530423,1086072.81994545,130210.234087258,1027220.42463601,13103.9565750381,13002.9002135811,4278.44240485447,63118.7511628664,2.39312834360971,205261.086817038,76774.6393888003,166017.639080559,50250.1543816691,850.515640462605,261.698064759241,0.573479430990282,154.838760728924,0.150102171444775,916.578887994124,60652.4297954072,3886427.74873263,12.2567186633116,0.0904093197581402,2.27706875403186,0.0787136622270588,698660974.094699,84674254227.7721,7514.70214721362,25876369775.0992,1366356905.94915,31993923.0046636,1807593915769.31
185,12.7074789543174,42660.8849714567,117042.134236458,452.46510872361,1556.33197508318,2410.13517029602,762.204311781409,9378.56709583519,143490.483351336,2.28329675254936e-35,1445766.70082751,5527.67028573043,67777.391757007,47264.6680374541,82.8438564533306,12023.7914172064,72095.4365336002,123.886548447481,67052.4907619378,877793.456133443,47252712.661841,5.80502869389666e-06,3884423.61697256,2566644.0793104,573.960169740461,283087.232252059,0.204102658102769,3.9504200088289e-08,136277.954231492,1881695.87959567,10194637.8960116,6352.93576685311,3100.70493725943,1442.80910952746,19776.3099819229,3244.4132011931,22903.4751237309,404122.629262783,1048139.46670454,4518490.0630262,8692.17643681876,9734776.77754784,20612.2902952452,1242736.11101037,237543.039976495,0.155375537042504,969493.027013036,2103.0958067946,2978100.85737949,7970.50158210723,1058945.42548134,126386.374201144,990979.053370164,10721.1078629197,27101.2064475561,13480871.3474035,63431.6394307216,0.0696596303750715,186471.636946096,77846.779289818,163920.347901758,22329.1794639061,796.268720148056,607.11595155471,0.794458289719583,347.766013242728,0.102213290504728,1531.29027317707,136230.286323807,3956943.76604458,10.736182127252,0.957924806097931,3.03027207711469,0.428240314336138,677790406.860427,80319666397.5561,7393.72931306073,25103382090.8374,1271109702.56159,31920598.5637178,26176033718240.5
190,2.96363270763303e-08,8.59439604361761e-05,0.000232673485680598,5.2893614425334e-07,3.21179830312048e-06,4.86148852431559e-06,1.56379343226683e-06,1.8899090218586e-05,0.000289661732650168,5.74299382780764e-44,0.00290468566686346,1.06976770645149e-05,0.000133536877095885,9.31963102870865e-05,6.74233813731777e-08,2.34021613185944e-05,0.000146640628685275,2.05813919775819e-07,0.000155089295858248,0.00173350661879568,0.0954202068001392,4.30925594218824e-12,0.00777084565489489,0.00514186003932248,1.29740548439228e-07,0.000570653098423078,2.49647906678955e-10,5.56616888467717e-18,0.00029192218261328,0.00370762331889177,0.0205928033164755,1.21222616727864e-05,5.37535734320786e-06,2.17861427338921e-06,3.8350136159983e-05,7.37775381083257e-06,4.80694440177988e-05,0.000816975563453501,0.00212154401638713,0.000505421704812228,1.80334586256474e-05,0.0194751025670239,4.07199952787766e-05,0.00249040560079677,0.00047813778442787,2.73458899788744e-10,0.00196818212282776,8.26048739771207e-06,0.0060206759234461,9.12419870445017e-06,0.00214900097958906,0.000257807914276907,0.00198911299899188,1.60035052930289e-05,8.05579039305095e-05,0.020859930857037,0.000130813303517916,1.43965710379598e-10,0.00035353687056544,0.000163490879631373,0.000340292224296867,0.000106841605367965,1.89488524029071e-06,2.36866678906516e-06,2.198029742628e-09,1.22029163260332e-06,7.42086556980714e-11,5.3629426356127e-06,0.000793779312373701,0.00805031196917121,1.81657709996488e-08,3.2179376496076e-09,7.47292598054283e-09,3.39854312164468e-09,1.37159992430133,159.173503744414,1.41569252677258e-05,50.8000633549261,2.46634773397342,0.0635166489598452,49345.0881661413
195,3.17578878265749e-08,7.70479256013943e-05,0.000206220232496303,2.1911177618005e-07,2.96979756056001e-06,4.37706529785613e-06,1.443929062584e-06,1.71860967292966e-05,0.00026380934359439,2.30719374381679e-41,0.00263035857624449,9.11398328803174e-06,0.0001183065959229,8.24253795065095e-05,1.21157806864057e-07,2.03032319409782e-05,0.000134656701052055,1.61492281642079e-07,0.000160194192031344,0.00153908075142696,0.0869402431915897,3.96213955394141e-12,0.00700658610139683,0.00464544489011874,1.60128511278858e-06,0.000519773769246515,5.60146739876858e-11,9.2213780659424e-18,0.000281254506226998,0.00328604151324379,0.0187709601968374,9.98174508308786e-06,3.784311412245e-06,6.97760319491362e-07,3.15359023549912e-05,7.55711831249187e-06,4.61996236033418e-05,0.000745129833986616,0.00193856261656528,0.00939985720633761,1.64022479721409e-05,0.0176078593723867,3.67587109873224e-05,0.00224444947012552,0.000433719255597167,3.39734483496976e-10,0.0018071841042395,1.06426976278727e-05,0.00549807633262817,2.03940356954438e-06,0.00196644693786846,0.000237355104510299,0.00180207945980502,9.79109292889595e-06,0.000101206627005391,0.0145950486066371,0.000124105834752212,2.26288890771604e-09,0.000295403492833712,0.000156045909624906,0.000316550982506002,0.000270777884335505,2.44025297093119e-06,3.04604672397885e-06,2.61758817290175e-09,1.60910170544026e-06,7.77274058334221e-11,6.75443922204617e-06,0.000751627389125305,0.00792577263667749,1.49616799190363e-08,6.6135226332858e-09,9.49373425175275e-09,3.03991081130607e-09,1.25269275714203,142.527494141967,1.21381995712976e-05,46.396083066375,2.15985933830006,0.0559567946223433,42003.5384485288
200,3.15966250742498e-08,6.812830149136e-05,0.000179889549933644,3.47245211586158e-07,2.70697182629736e-06,3.88128922393213e-06,1.31588675209315e-06,1.54404120638705e-05,0.000237331509869003,2.12095909708168e-41,0.00235019454104057,7.69023187423127e-06,0.000103149139010187,7.16929432999941e-05,2.2766616310057e-07,1.73356783674393e-05,0.000122063015207701,1.30694447877115e-07,0.000160747553031293,0.00134484451015821,0.0782276298767612,2.69519129522271e-12,0.00623186759114737,0.00414091670678107,2.29960178602211e-06,0.000467923990006092,5.70558682019786e-11,1.06836191951262e-16,0.000267002117072399,0.00286740663814143,0.0168983788781568,8.0715075481165e-06,2.43523615106513e-06,2.68832330011033e-07,2.57414588470269e-05,7.5025268085069e-06,4.39229874923366e-05,0.000671343229002335,0.00174959197181772,0.0187256527659353,1.52191909921904e-05,0.0157394034084662,3.2604543031979e-05,0.001991216336463,0.000388646263946257,4.00471760491726e-10,0.00163904823827093,1.08512604382465e-05,0.00495638248583659,4.50098369510521e-06,0.00177443391774677,0.000216801337698027,0.00161006414904786,3.8476158467722e-06,0.000114573461204349,0.0101023591245213,0.000114759525990595,3.49854176125595e-14,0.000242863681123845,0.000146468372645801,0.000291965610639545,0.000647051984399312,2.65845515235651e-06,3.10448146544805e-06,2.91767357515213e-09,1.661344709507e-06,3.97377277817861e-11,6.95530872025238e-06,0.000628134733667512,0.00772502801760539,1.25429395852419e-08,9.73738368731652e-09,1.12336917079382e-08,2.43518825567654e-09,1.13015348740528,126.149255590333,1.04264672063018e-05,41.8575821896719,1.86888009964771,0.0485477860070992,35329.1730508056
205,3.44839313505912e-08,6.83888363969123e-05,0.000177793164729701,1.10121440554771e-06,2.791787802216e-06,3.90141963035962e-06,1.35245889974534e-06,1.56591833613165e-05,0.000241082639797975,5.56604888737642e-43,0.00236832677043451,7.3224007208948e-06,0.000101304711616202,7.02037413866616e-05,3.28782272107102e-07,1.66631099904269e-05,0.00012476982119766,1.21617124985992e-07,0.000178867327132674,0.00132215712371813,0.0794467118219041,4.17883409292602e-12,0.00625034112558283,0.00416324874421433,2.52445693058809e-06,0.000475597106981099,1.53714301649756e-10,1.04860791948e-15,0.000285558038783225,0.00281618440469198,0.0171714652883309,7.26671311646514e-06,1.48346377182123e-06,1.05235063513872e-06,2.35950047705977e-05,8.30513280485434e-06,4.70460559459497e-05,0.000682851692448143,0.00178254907198156,0.0303933018855078,1.62306078590762e-05,0.0158905269651161,3.27008457328417e-05,0.00198821703182581,0.00039309932407336,4.84019874645332e-10,0.00167863807936532,1.30907450887845e-05,0.00504205580834904,1.14578828219231e-05,0.00180483223568253,0.000224240109058241,0.00162194800890911,1.45815221847665e-06,0.000138916032569878,0.00790790316300416,0.000119542159100312,5.78103785491847e-14,0.000224130689618749,0.000154825309694606,0.000304642738346763,0.00100442578371368,2.99686558956708e-06,3.73338788302149e-06,3.5610585807508e-09,2.01766155302992e-06,4.01576850509423e-11,8.2766723690599e-06,0.000626544719432386,0.00838670886042541,1.1940461139388e-08,1.36570709766392e-08,1.41362595483632e-08,2.30874526035516e-09,1.15106351699245,126.060189058847,1.03670456717091e-05,42.6320247634109,1.8266012187192,0.0479777706568439,33549.2193123039
210,3.69314165699236e-08,6.91687356820621e-05,0.000176861745248945,1.97027135027562e-06,2.88340177387447e-06,3.94621441535701e-06,1.38296820295711e-06,1.58118176365235e-05,0.000243974827414318,1.32932460297457e-42,0.00237524744554754,6.92355400557615e-06,9.90092484241381e-05,6.83852561768628e-05,4.22492665093171e-07,1.59255612401286e-05,0.000126804704881365,1.16887357404045e-07,0.000194787602359572,0.00129080114087185,0.0803484327180742,3.67119208194698e-12,0.00623832502741062,0.00416613207963223,2.40562911376911e-06,0.000481241766365014,2.03753893948526e-10,5.89977837669778e-16,0.000303603502800894,0.00274752103413223,0.017377178695153,6.36837792725122e-06,4.72905127554052e-07,1.8030781111294e-06,2.1209499481666e-05,9.08034906561462e-06,5.0053795101733e-05,0.000691756818071835,0.00180881751468247,0.0426702288054814,1.73788339014918e-05,0.0159785317470292,3.27453420930029e-05,0.00197210132869854,0.000395900592526802,5.54277256688753e-10,0.00171302346827641,1.61476195282147e-05,0.00510747292187823,1.87935826271819e-05,0.00182580096602323,0.000231447010346489,0.00162594311615426,6.95917375201301e-06,0.000161908081796502,0.00617768687490391,0.000124160688790917,7.73126579044896e-14,0.000204672881532207,0.000162748994564497,0.000316880876644489,0.00131088554999295,3.24307603010955e-06,4.58652853951981e-06,4.22329314964941e-09,2.49918424430726e-06,5.50169531324091e-11,9.98262792011889e-06,0.000636871092295269,0.00897781081032374,1.15352446931734e-08,1.75846107679111e-08,1.706310669116e-08,2.47853815850621e-09,1.16765022217895,125.39535741651,1.05921540792618e-05,43.246343828437,1.77976503843703,0.0480984639020035,31725.368825931
215,5.23564529328243e-08,9.50491569795403e-05,0.000239143135814938,3.8529904923845e-06,4.01177787039419e-06,5.41790781765094e-06,1.8882540134263e-06,2.13284720244827e-05,0.000330112149762905,6.51706869156609e-41,0.00318265565702323,8.71244748906403e-06,0.000129409419161902,8.90822128170575e-05,6.8908259048805e-07,2.03486064149562e-05,0.000171858954750759,1.57855966542286e-07,0.000278825170921263,0.00168043324875386,0.108607947326177,7.12082333579938e-12,0.00831802233723104,0.00557040504399254,2.62793624571183e-06,0.000650229989925717,3.21848562686193e-10,6.232026820609e-15,0.000430654066631624,0.0035754499555076,0.0235045469987403,7.21724993370301e-06,7.89665106515525e-07,3.41310396432852e-06,2.48670188504381e-05,1.31908617260594e-05,7.09665172028861e-05,0.000936690251710878,0.0024534337366852,0.0735781446021594,2.49408060681393e-05,0.0214647137051627,4.391338897342e-05,0.00260928768814785,0.000532799769762506,8.16231170900179e-10,0.00233779374822843,2.69494373612103e-05,0.00691486370119756,3.52214437638017e-05,0.00246557561131448,0.000319635266577611,0.002177548606531,1.66123615849924e-05,0.000245396109810704,0.00646538699439092,0.000172814973041558,1.25008669760666e-13,0.000248420794646992,0.000228336371641846,0.000440691380591242,0.00209261355824686,4.54215687191106e-06,7.62174307016059e-06,6.55149773054766e-09,4.1843354761485e-06,1.05913601898227e-10,1.6243990099113e-05,0.000865774080745143,0.0127340549808358,1.5332893030104e-08,2.87487897530935e-08,2.67517742989292e-08,3.59554881947362e-09,1.58323545198772,166.511563591832,1.49608978454449e-05,58.6383976370425,2.32122596086911,0.0660942049864697,40082.3763029438
220,6.23351115926615e-08,0.000112771702458438,0.000279817552497101,5.70771052830288e-06,4.77045683406635e-06,6.41900441832096e-06,2.18082163245008e-06,2.43399993885226e-05,0.00037827425110661,7.15101790697045e-40,0.00361033311188578,9.23791326472679e-06,0.000143502065592052,9.84968314578969e-05,9.21403567479468e-07,2.20762710935932e-05,0.000196650094559495,1.9074036614342e-07,0.000332534165406797,0.00184944116693269,0.124304362286317,2.07655388498312e-11,0.00938968736460959,0.00630597120681653,1.70412046871606e-06,0.000742683195549389,2.72386473724615e-10,5.16526012301689e-14,0.000516219862010218,0.00393436743505628,0.0269200103478592,6.60454298747728e-06,2.57181350720249e-06,5.00244591243783e-06,2.38507914627743e-05,1.61517150884192e-05,8.4901093795311e-05,0.00107395818786104,0.002817803670529,0.101121947993024,3.03060326176073e-05,0.024388068121973,4.99276821856796e-05,0.00291918484446893,0.000606984389983923,9.88873425973421e-10,0.002702742366432,3.81773060696832e-05,0.00792696438461699,5.1368314565915e-05,0.00281573309600951,0.000373855987420914,0.0024689038503637,2.67376100033327e-05,0.000307590164715596,0.00574338747997407,0.000204279230774769,1.60714640217823e-13,0.000254582775774504,0.00027076640608498,0.000518879188457939,0.00266229191099583,5.18156620724767e-06,1.0750989148528e-05,8.44153349107213e-09,5.94664801664598e-06,1.61001841955701e-10,2.24344712855971e-05,0.000983782499438658,0.0151643300738453,1.78755252245905e-08,3.83552324190325e-08,3.46945469879965e-08,6.13190407888459e-09,1.81770171779888,186.822979661291,1.84812754390404e-05,67.3223334281192,2.56856787731666,0.0791429087295512,42846.5185331985
225,6.24154602750993e-08,0.00011582182404082,0.000284538592714401,6.64703776913939e-06,4.85832328455749e-06,6.58309224856736e-06,2.13367338411218e-06,2.3526695049592e-05,0.000367558997525026,4.57552306982224e-40,0.00347339807263424,8.26650438096719e-06,0.000135404907238095,9.27724325406959e-05,1.01806734856718e-06,2.04313346932794e-05,0.000190136074945263,2.05438409870166e-07,0.000330982023889845,0.00172501394062366,0.120642176948839,7.97526518654826e-12,0.00899013906214936,0.00605465754861353,2.84352882958703e-07,0.000717608778625803,3.35457720953642e-10,1.69461184275279e-14,0.000523528587445593,0.00366954040856497,0.0261449082970157,4.76867221575847e-06,4.12027249747262e-06,5.8760477862988e-06,1.84908845267821e-05,1.67080147467949e-05,8.57688596076483e-05,0.00104412079270667,0.00274420768616651,0.112207238750339,3.11806889525679e-05,0.0234546735430938,4.81657637936267e-05,0.00276772118526854,0.000586238983862103,9.86424056156177e-10,0.00265056440875299,4.56403002291328e-05,0.00770584809635008,6.01438334301511e-05,0.0027234446618812,0.000370588001913622,0.00237406307658894,3.26808672123885e-05,0.000319853418217339,0.00433660659344366,0.000205304743188451,1.64718104145518e-13,0.000221772669146808,0.00027161501225519,0.000517840619371563,0.00273227236203831,4.76562521384049e-06,1.2799515752012e-05,9.02467710221639e-09,7.1366639495609e-06,1.86459262413928e-10,2.61822508829154e-05,0.000928506496271685,0.0151787520124263,1.82729887998802e-08,4.20006868772048e-08,3.72319085795293e-08,4.89919266421374e-09,1.76951833294374,177.19021395107,1.99052584464792e-05,65.5377551884329,2.41656204800804,0.0826946155337585,38793.581450462
230,3.86136973366186e-08,7.5635819473152e-05,0.000184898574510406,4.54727407088146e-06,3.11495949231482e-06,4.29450189161209e-06,1.30009254280004e-06,1.41558191618836e-05,0.000222591396882276,8.46178016235231e-40,0.00208437286057154,4.59393793289398e-06,8.00492617737631e-05,5.48483332680125e-05,6.84439449473322e-07,1.19031001281438e-05,0.000114132143544881,1.43191836933861e-07,0.000202089070254772,0.00100382744170989,0.0729992092267409,1.01553281218936e-11,0.00536991816887424,0.00362614974929914,1.77261181927206e-06,0.000430898286295837,2.22758122809285e-10,1.01181288200591e-15,0.000330135941592076,0.0021353639428952,0.0158304957421967,1.89638717140954e-06,3.45679420507111e-06,4.12296190493545e-06,8.33714790952419e-06,1.07386963779188e-05,5.37269505814047e-05,0.000632818555930241,0.00166598248861384,0.0742675424380411,1.995531689167e-05,0.01402679566599,2.89694745909937e-05,0.00163653118956633,0.0003529296234896,6.02301735533632e-10,0.00162081748726523,3.36613979944539e-05,0.00467015335032028,4.2180308515727e-05,0.00164027341831936,0.000228709343961685,0.00142394774571647,2.32313770418175e-05,0.00020292547303033,0.00204520227361734,0.000128863099373722,1.00562061266551e-13,0.000121752853553118,0.000169336035808995,0.000321976057212018,0.00166640439389093,2.54556819954579e-06,9.40342980772727e-06,5.90378301781342e-09,5.28912096515119e-06,1.20481105539442e-10,1.88966953706239e-05,0.000532569111803373,0.00938295506815435,1.20028232401006e-08,2.79067575929601e-08,2.43986093532976e-08,3.81892741119002e-09,1.07379351179522,104.323915792378,1.36539581571441e-05,39.7701494007169,1.42219398537396,0.0552504015878589,21862.9866889308
235,3.43317745018901e-08,7.29274466996229e-05,0.000178330634136221,4.28278671741389e-06,2.92482262281905e-06,4.13910440500095e-06,1.14852363325504e-06,1.23395265015999e-05,0.000195535588639527,1.08986402825004e-39,0.00181722240893378,3.69785268817361e-06,6.91314887174993e-05,4.74923518127313e-05,6.51677975566667e-07,1.02023226923048e-05,9.89565656492175e-05,1.48165563627315e-07,0.000176095178783332,0.000849932097992884,0.0641175765984203,2.3919206621295e-11,0.00466119020542882,0.00315498075177807,3.28663191029112e-06,0.000374027655784296,1.00810555710727e-10,2.2535285803936e-15,0.000301248837228748,0.00180773550840265,0.0139129289133193,8.27331417069506e-07,3.84203005234195e-06,4.04920992514757e-06,4.87818019804923e-06,9.98451402432902e-06,4.84973781527563e-05,0.00055664716842287,0.00146777255655377,0.0682855471212997,1.84860298544248e-05,0.0121346866008335,2.52779912231618e-05,0.00140663748764275,0.000308373284617879,4.94475188241647e-10,0.00143852103227892,3.5428267033451e-05,0.0041082446102653,4.15877395938829e-05,0.00143225868348913,0.000204438432412564,0.00124080245954997,2.27651572352588e-05,0.000182727803509213,0.00140098844215874,0.000117438044300769,8.35159231125668e-14,9.92109269115108e-05,0.000152642634085206,0.000290310904370149,0.00139968110139375,1.78057706102331e-06,9.86138770913061e-06,5.48952081335194e-09,5.60168562014835e-06,1.20261417399129e-10,1.95220572602389e-05,0.000430738229889063,0.00833290269943357,1.16897023265255e-08,2.61521941224516e-08,2.26526271688988e-08,1.28387430977328e-09,0.94560530734276,88.6582557685042,1.37908261749316e-05,35.0224320012799,1.21992449105292,0.0546581682726231,17848.0269957823
240,5.02438833507134e-08,0.000118495575090256,0.000291201939375209,6.35914821937092e-06,4.60164328041826e-06,6.72785071356252e-06,1.68116083852594e-06,1.78337798110983e-05,0.000285341869767499,5.90547218276491e-40,0.00263813718174814,5.04638880778145e-06,0.000100911471467387,6.91371534520258e-05,1.00849798737297e-06,1.47916271128751e-05,0.000141895687695297,2.4673139769652e-07,0.00025053958367347,0.00120194693843316,0.0936573962831961,4.54367141009529e-12,0.0067398365478057,0.00457053973576016,9.33180550378452e-06,0.000537165907884565,8.12612388389797e-11,2.51661103788675e-18,0.00045549388371333,0.0025552922679366,0.0203335043267441,1.18354351043686e-07,6.69722545017851e-06,6.41315325768118e-06,3.74736267751339e-06,1.52595689450163e-05,7.19988568546276e-05,0.000814120438853258,0.00214968554880402,0.0995024902567651,2.90003706907796e-05,0.0173823144820555,3.65570410156483e-05,0.00201612470884494,0.000449159767755075,6.75783431016278e-10,0.00212245867003532,6.12462712898618e-05,0.0060090758423555,6.6319874997472e-05,0.00207738836697586,0.000302996722542547,0.00180037918268252,3.54982148017366e-05,0.000267113968995686,0.00159354043732159,0.000177593514791608,1.33511658257678e-12,0.000139465057143036,0.000227784344913982,0.000434668369584288,0.00182017844008497,1.18232640031678e-06,1.7008598693074e-05,8.30950304724463e-09,9.69115910249314e-06,1.79444126057727e-10,3.307170470655e-05,0.000570048936949933,0.0121575467798633,1.89140883817049e-08,3.92653846404175e-08,3.41214239866638e-08,2.91320150631887e-09,1.38433791144235,124.408356902644,2.33460836873113e-05,51.2717885351417,1.74869637557372,0.0911550938464234,24168.568972208
245,3.98530393889186e-08,0.000107663886194508,0.000266594343327071,4.5388398878742e-06,3.99749626324586e-06,6.06410096840733e-06,1.32698234507037e-06,1.38651336111918e-05,0.000226566401553484,5.76823088856929e-41,0.00207013311182663,3.64221586026589e-06,7.92846042704155e-05,5.49282328179362e-05,8.23759777468272e-07,1.17691180680117e-05,0.000110263055900163,2.25033270855248e-07,0.000193656814036387,0.000921929510388544,0.0738752794368856,3.41436669670584e-12,0.00527142120816904,0.0035801072848964,9.05220163357548e-06,0.000413220270498361,7.15319128751236e-12,5.09326715318529e-14,0.000378358388273555,0.00195996070827859,0.0160464555724116,7.45645300483476e-07,6.05443269778117e-06,5.33630735864128e-06,5.05499528625853e-07,1.26214397080683e-05,5.62976967466008e-05,0.000642852190733743,0.00169968339740918,0.0728017121152278,2.38731702858988e-05,0.0133510871518122,2.89663729313293e-05,0.00156093210990683,0.000352324730065515,4.81936850878777e-10,0.00169132770293159,5.58528599172318e-05,0.00474683184748773,5.59127769068304e-05,0.00162093349226772,0.000241573015271867,0.00141282720997609,2.88162179128172e-05,0.000204650628199575,0.000973119793613087,0.000145703212670125,9.45074553843215e-28,0.000110295963783662,0.000184267597177516,0.000350245760884269,0.00119085821119365,3.27002279554919e-07,1.54499084576414e-05,6.71980008616876e-09,8.93568768012699e-06,1.3009536819079e-10,2.98430073828936e-05,0.000400832388434944,0.00953664406277113,1.65763999273298e-08,3.16860652890637e-08,2.7422062760915e-08,2.11595935543605e-09,1.09401942790609,93.0832148643916,2.28021704293928e-05,40.5192453176197,1.36505297520521,0.0858474923870108,17596.6628736182
250,4.26922266866623e-08,0.000133150628826367,0.000332808184114697,3.61423172758395e-06,4.71417072645578e-06,7.39979213920388e-06,1.39256605461771e-06,1.43253737597666e-05,0.00024268886920154,2.74420492570475e-39,0.00217139715286399,3.48765012603379e-06,8.34942904887909e-05,5.86879811117259e-05,8.83174510407699e-07,1.26349728328306e-05,0.000115290705490254,2.55590618049393e-07,0.000203663582295299,0.000948025086761289,0.0778561448864013,2.45568158958479e-12,0.00551626325037214,0.00375119888616484,1.27181896432374e-05,0.000420743749078396,1.11631712105198e-10,9.89106443172383e-16,0.000428337729367009,0.00201779767007056,0.0169194032036922,1.61771665966806e-06,7.11162885533954e-06,5.8135851637398e-06,1.83176010794652e-06,1.38410962484131e-05,5.72921030628304e-05,0.000678147231845356,0.00179513345771247,0.0645409255305456,2.62085902010389e-05,0.0135900359509629,3.06626145865042e-05,0.0016109987284723,0.000369142960135165,4.46684148309362e-10,0.0018018655353831,6.9393809816856e-05,0.00501061104447307,6.20988351630164e-05,0.00168066418927837,0.000256470894298352,0.00148354923000772,3.04743499151394e-05,0.000203235202889752,0.0007877472958906,0.000161118449523012,3.3920804049607e-29,0.000120719425129277,0.000200565339849715,0.000375298777672163,0.000956362495659819,8.3223869889373e-07,1.91504105915825e-05,7.23841152741367e-09,1.11252939391799e-05,1.3905193575867e-10,3.67072328559726e-05,0.000386695642617222,0.00998831698547387,1.88185246567958e-08,3.39303513180996e-08,2.9248321904905e-08,2.32927899170703e-09,1.15491456723152,91.5581439967489,2.95070212318899e-05,42.7746175543753,1.43769207574539,0.109553188377326,17032.3367941774
255,5.68299250614118e-08,0.000200945261545729,0.000507672483520552,2.6943978352211e-06,6.85304088192887e-06,1.10595211699205e-05,1.80651482577673e-06,1.82860265641943e-05,0.000322810816275084,3.85173197333821e-38,0.00282692208085502,4.1069851014632e-06,0.000109197188596579,7.80157570066215e-05,1.16215053635033e-06,1.68961388425755e-05,0.000149566520442791,3.53380087494504e-07,0.000266597822994546,0.00121366436376249,0.101782290329058,1.64572612607916e-11,0.00717027000153565,0.00488106317013092,2.17138186150057e-05,0.000527314947065622,3.25534151524269e-10,6.01357862024545e-14,0.000601274994771544,0.00258859210651863,0.0221294971228278,3.13455348414373e-06,1.01521386775333e-05,7.75570061503581e-06,5.25432188599506e-06,1.87305049116457e-05,7.12807648471242e-05,0.000887286835525416,0.00235131288297609,0.0623324123947324,3.55829130942248e-05,0.0170463739793527,3.98365634855237e-05,0.00205998624473727,0.000479701171992989,5.27416872929232e-10,0.00238189730491321,0.000108485290819171,0.00656174337224738,8.46010276288428e-05,0.0021531878720062,0.000336858892009923,0.00193520000299935,3.92704166038295e-05,0.000244067790881441,0.000784572660272681,0.000222026030613566,9.80382400319242e-28,0.000167176047501676,0.000270795969412975,0.000496908013809917,0.00084366615210902,3.07025339537217e-06,2.9880663620872e-05,9.62911029916386e-09,1.73781421928213e-05,1.73840087021989e-10,5.68861836127553e-05,0.000461297605170435,0.0129481818423332,2.61527027620357e-08,4.48403361963303e-08,3.84916038892102e-08,3.96518969972864e-09,1.51203150359836,110.067635839929,4.46104297211738e-05,56.0011674962175,1.89115260063457,0.168008120191222,20371.300584943
260,5.83090604979191e-08,0.000228400316417216,0.000583582517523248,4.8226562438619e-07,7.59392021206981e-06,1.2521254362851e-05,1.81313683856544e-06,1.80474487063937e-05,0.000331217698579725,3.19857670654248e-38,0.00285485422948947,3.7200353940792e-06,0.000110649724840572,8.04038795694803e-05,1.17252283797811e-06,1.75121496342646e-05,0.000149737872811305,3.72194307115292e-07,0.000269199642487609,0.00120876023997056,0.103150454023475,3.45416722595336e-11,0.00723397952554796,0.00492829110871826,2.74236073749353e-05,0.000509248346637276,6.25748620477501e-10,4.95449472134001e-15,0.000646657808262735,0.00258500511261135,0.0224370285877858,4.12445793346505e-06,1.10503904483801e-05,7.9212182323039e-06,7.93387278863414e-06,1.95813866144495e-05,6.84198018180047e-05,0.000899839550052542,0.00238695442451853,0.0367514986304041,3.73707768334322e-05,0.0164934128064799,3.96110975912583e-05,0.00204167500369666,0.000483274564367258,4.43129795639585e-10,0.00244062997589851,0.000131649245770128,0.00666188958785997,8.86385113061171e-05,0.00213351898535703,0.000342390507976737,0.0019593018304946,3.88503078298011e-05,0.000222299528436727,0.00060033965538507,0.000237098041878531,7.97212374176908e-28,0.000180888767364134,0.0002820099687399,0.000508702737308329,0.000452701878938206,5.3768635031972e-06,3.62059165475101e-05,9.88016198370872e-09,2.10424542116291e-05,1.76103057606724e-10,6.86439175071939e-05,0.000418230555567528,0.0129629109422273,2.77986671597686e-08,4.56521421110219e-08,3.90256607421566e-08,1.96860971724252e-09,1.53424571709137,101.217145317099,4.95221634752903e-05,56.8239120729547,1.93577370286828,0.191621418608478,18837.4608047392
265,5.39175852527308e-08,0.000229134410075752,0.000592154766052189,1.56993197863308e-06,7.50725225517944e-06,1.25839680117477e-05,1.65700753903001e-06,1.62079363416977e-05,0.000306859110226587,1.48628176851002e-38,0.00262823495186072,3.05294878308635e-06,0.000101960027809115,7.53395757547071e-05,1.06329185431574e-06,1.64808739917643e-05,0.000135515056342162,3.5138371354644e-07,0.000245367763238862,0.00110028954996667,0.0952339829808801,1.41034360597637e-11,0.00665557893205772,0.0045365289634801,3.00174509639915e-05,0.000446159034693313,7.45737014480537e-10,6.16304752260921e-16,0.000622701591529141,0.00235974181196302,0.020723464237527,4.58711935626637e-06,1.08069232269754e-05,7.26763178760176e-06,9.39402149824013e-06,1.86100581576662e-05,5.99586927984338e-05,0.000831257263906845,0.00220701173888038,0.0077045508067494,3.57356766791525e-05,0.014492367419991,3.5423614187459e-05,0.00184504452528859,0.00044366158931246,3.66559794622557e-10,0.00227728811493726,0.000144299330030684,0.00616158829859125,8.41969650510795e-05,0.00192459077526367,0.000316826656371468,0.00180884997339805,3.49711285772009e-05,0.000181103354788297,0.000414274012596602,0.000229585666635225,3.93633581224265e-28,0.000178209869114581,0.000265353784809456,0.00047389780844719,7.2637794331237e-05,7.06980879358029e-06,3.9638811926591e-05,9.17822953022847e-09,2.29810769759557e-05,1.2590941921071e-10,7.50692538661262e-05,0.000335544403708721,0.011763705452355,2.65434914481178e-08,4.21234200059216e-08,3.58659357858644e-08,2.38422460523402e-09,1.41795717906681,83.8258600358248,4.78636595712486e-05,52.5169262351784,1.80694102611465,0.19122106615328,15846.4058386714
270,6.26227039647014e-08,0.000283738174553875,0.000741594611166873,3.93031768487687e-06,9.24581352450327e-06,1.56960220618207e-05,1.93031115041617e-06,1.85428727473454e-05,0.000357933855531869,6.552191571167e-40,0.00308351881273833,3.18295207262843e-06,0.000119338397143382,8.96003222304064e-05,1.20877702098266e-06,1.96450008438704e-05,0.000154614421162437,4.16190970691226e-07,0.000281651072757205,0.00127897543260479,0.11197653438432,6.98147938449335e-12,0.00780452435662187,0.00532081657082506,3.97050357340783e-05,0.000496661659610409,1.12452166869712e-09,7.28655042087136e-17,0.00074866462973542,0.00275018496783293,0.024375302969855,6.18540447404432e-06,1.33060321637541e-05,8.36219862380489e-06,1.30184674474176e-05,2.25048297158761e-05,6.73325619340719e-05,0.000977859038712266,0.0025983265836026,0.021785044180572,4.35637376661439e-05,0.0161973982224415,3.98432471387559e-05,0.00212731556749532,0.000518926540375336,3.78928510546945e-10,0.0027042918584631,0.000198148785473455,0.00725714072602287,0.000101663239747579,0.00221320056584945,0.000373518025709897,0.00212804958370618,4.03829705678161e-05,0.000185360791554769,0.000360005034781938,0.000280768151776088,2.78338627038707e-29,0.000222185839481166,0.000314762128249924,0.0005624465920998,0.000275633431050295,1.0521872322062e-05,5.43804977973802e-05,1.07762314399861e-08,3.1386830240821e-05,9.98721076234097e-11,0.00010313820782194,0.000331573214009724,0.0135162232825018,3.18450760909479e-08,4.90966181118617e-08,4.16486434575874e-08,1.95284040839004e-09,1.66867110511514,87.6104904571164,5.66116168019172e-05,61.8026231054342,2.14505481696209,0.234078744907482,16974.084954947
275,1.19492650146201e-07,0.000568652433815838,0.00150309270348541,1.09294248900631e-05,1.85866994305325e-05,3.18653068642302e-05,3.76104836674814e-06,3.54629387586762e-05,0.000687494667256013,1.72283493156333e-39,0.00604100363066603,5.53978535510906e-06,0.000232365700787242,0.000177074357823435,2.25499413821531e-06,3.88013142770942e-05,0.000290770672506279,8.1126821935275e-07,0.000532992268464681,0.00248598350390573,0.219716972665379,4.19808340359194e-12,0.0152801215875865,0.0104166612528408,8.29622182344933e-05,0.000922317869766242,2.53397619983536e-09,2.36736039478265e-15,0.00147060556514506,0.00535641731243235,0.0478422991052445,1.34480392220998e-05,2.7092107910137e-05,1.5805787778832e-05,2.84929439790299e-05,4.5428741321322e-05,0.000127248532265504,0.00191948065767673,0.00510402932505676,0.0993681497908491,8.88280835634431e-05,0.0302348663073065,7.38655193872e-05,0.00410424968288098,0.00101342035122473,6.70124319524015e-10,0.00535455617857033,0.000443912368669288,0.0142620081588864,0.00020500678457047,0.00425851246329858,0.000735935717930234,0.00417915223841658,7.9013860273116e-05,0.000314674996561941,0.000516135136679751,0.000566454454377478,4.52369842684174e-35,0.000457473851238787,0.000616067544802605,0.00111600053187186,0.00114080447291825,2.38038030643033e-05,0.000121726520950363,2.09686205862611e-08,6.97861808345583e-05,7.5604258606681e-11,0.000231635204911642,0.000528233475685889,0.0257503317203272,6.29009522870375e-08,9.47380345403394e-08,8.01353562016819e-08,3.29008316486224e-09,3.276579921959,151.919186370359,0.000107504034480908,121.354787254759,4.23477301159487,0.46137334021063,30375.7352092736
280,2.4758828353841e-07,0.00122018853624992,0.00326248082899814,2.82653558964031e-05,4.03590096631027e-05,6.97244610463518e-05,8.12302150539064e-06,7.51498229407396e-05,0.00143653249980851,9.64859818044332e-39,0.0130804965013412,1.06731887471687e-05,0.000498049844746923,0.000384710372932903,4.5716301802555e-06,8.39399713805392e-05,0.00059508475966659,1.72416440615319e-06,0.00109977682698146,0.00534393229564775,0.476198989766879,5.74104498970144e-12,0.0330511610712039,0.0225235795950675,0.000180799945744617,0.0018951490276956,5.81441680681062e-09,5.68427733055509e-15,0.00311941351649342,0.0115259958202284,0.103712901839919,3.15208139534513e-05,6.0530785547039e-05,3.25152199942067e-05,6.633582471424e-05,0.000101448278156965,0.0002687258292755,0.00416152815347704,0.0110730936924609,0.321748708019737,0.000200724281890179,0.062528080486105,0.000149329014241318,0.00877728162914865,0.0021873230683445,1.33437048127761e-09,0.0116997418602778,0.00106871356216265,0.0309537534723946,0.000458078514531742,0.00909017022596899,0.00160561257436489,0.00906523066414816,0.000174540911781727,0.000593791254066687,0.000810544892196296,0.00124459247006589,3.82463834585459e-35,0.00102622253936284,0.00131581555759495,0.00245360581106276,0.00350558683732216,5.47293586073913e-05,0.000292795967855002,4.47473076243209e-08,0.000166373050964751,1.06150788401313e-10,0.000559634479754151,0.000898964343139498,0.0538208600189,1.35451974000888e-07,2.00082397893815e-07,1.68950775505452e-07,5.93684620211839e-09,7.10587296362872,290.688928926035,0.000216180758856972,263.180420759408,9.18577564398089,0.968336515372054,60185.2848543789
285,7.8741536818733e-08,0.000395845240891533,0.0010713545180395,1.0189405312445e-05,1.33909673608468e-05,2.32723670470682e-05,2.75772887305738e-06,2.50267519373598e-05,0.000461312636612013,1.50847081093177e-38,0.00443320353760292,3.22486094154701e-06,0.000166398481969501,0.000130090771034968,1.42918448847452e-06,2.81295051283216e-05,0.000187063031608143,5.66175316351616e-07,0.00035003585258096,0.00179768919245808,0.161451575375431,1.38166955895669e-12,0.0111823586150296,0.00761579555779056,5.80893662005269e-05,0.000611632529824931,1.92199335767038e-09,3.10810649326767e-15,0.00100938325789985,0.00387581238518767,0.0351682820152846,1.13679553968176e-05,2.10739761329962e-05,1.03316473056477e-05,2.35583636904103e-05,3.55423854448005e-05,9.04756396345887e-05,0.00141133931471761,0.00375772594639143,0.137055954959239,7.12523742125326e-05,0.0203390181998471,4.65580533250369e-05,0.0029491827722517,0.00073896060280834,4.22728900787853e-10,0.00399521221048316,0.000390053609163802,0.0105075544419912,0.000160983778117112,0.00305390000867221,0.000549921316144398,0.00307518462058913,6.19365348046866e-05,0.000179801786002809,0.000199782596378833,0.000420793712699404,1.36129024673001e-35,0.000354100019009752,0.000433936832391132,0.00084762079958966,0.00143987435356807,1.81860912668136e-05,0.000106749731932562,1.48366728847617e-08,6.00224454155999e-05,1.20382305749936e-10,0.000205032590871087,0.00023173901348804,0.0174721224699284,4.50567741762688e-08,6.54621167001341e-08,5.52668644656421e-08,5.86975029872961e-10,2.41057253834098,87.5446148368092,6.45011061063847e-05,89.2804431514919,3.09507274362693,0.30500002957589,18723.1106962963
290,9.74021784980679e-08,0.00049020252158394,0.00134518394951523,1.31249111847164e-05,1.72158620126129e-05,3.00545997245836e-05,3.74751059904891e-06,3.33587498679144e-05,0.000576647989110943,3.27210456419654e-39,0.00598041227637559,3.88076960432182e-06,0.000220332115385029,0.00017406693668923,1.75674662490178e-06,3.70703984710716e-05,0.000228485098955705,7.30682976272618e-07,0.000436097143725117,0.00240436051778047,0.217760213309248,7.60940728370648e-13,0.0150444885890039,0.0102369940637982,6.97973442388476e-05,0.000790523996130651,2.34669931973483e-09,1.0337225195996e-14,0.00126079470180274,0.00517211102896676,0.0474371704720796,1.61421775730473e-05,2.91523766452613e-05,1.29292323855925e-05,3.27735941438936e-05,4.97536837335751e-05,0.000125041732898629,0.00190405685744113,0.0050729602313167,0.208137278569114,0.000101144075065398,0.0265318954382188,5.67648312710844e-05,0.00396253630303971,0.000993716416072191,5.45760370355931e-10,0.0054221193651042,0.000546681829357905,0.0141873599827121,0.000226763522855035,0.00411377530053849,0.000752735029408503,0.00414757944217949,8.99996594962175e-05,0.000227840889388422,0.000202472018740859,0.000555426908913229,1.92689256519784e-35,0.000476204629070388,0.000561102265309258,0.00117158416607971,0.00213825917823148,2.21391810530943e-05,0.000149412575353784,1.94333249865844e-08,8.31007837199104e-05,2.63390265858328e-10,0.00028838631039181,0.000229485578659257,0.0223915034598327,5.8864041988695e-08,8.42838077157241e-08,7.12749264461125e-08,2.03045614617865e-09,3.25313868680755,106.60651744683,7.07989629479234e-05,120.486588777139,4.1114671120954,0.362214164432194,23287.7732252995
295,7.46927846006598e-08,0.000366168194874339,0.00102249545615458,9.38474316578929e-06,1.3682835110926e-05,2.3961340143921e-05,3.27646778407549e-06,2.8610793017505e-05,0.000447152555337527,5.46310881426515e-39,0.00515397493489771,2.97693754507487e-06,0.000185531227658017,0.000147857956586168,1.36645141222912e-06,3.07581734611498e-05,0.000172506476225084,5.94566732578915e-07,0.000340004631814965,0.00204989429517137,0.187533685645678,6.70777143895501e-12,0.0129134018340967,0.00877654382690626,4.98720864353918e-05,0.000658746083545119,1.64994678280079e-09,2.56350089291383e-14,0.000966200921252575,0.00438889131396105,0.0408521603801143,1.45586706011312e-05,2.57862766184751e-05,1.02550036687707e-05,2.88933607915266e-05,4.47357949500549e-05,0.000115471596743678,0.00164016557989633,0.00437310204879964,0.183497653179622,9.22755016175852e-05,0.0223424998730832,4.32012164278229e-05,0.00342026210091689,0.00085371053243074,4.61412543446426e-10,0.00469408144043943,0.000469450576056764,0.0122292082238606,0.00020593313625447,0.00357310139530384,0.000661720718525765,0.00356858059070234,8.59764543570579e-05,0.000198742602536777,0.000143225570866153,0.000457918003006557,3.67464836080493e-35,0.000398569559420775,0.000455402361886303,0.00104139786698005,0.00187942915867416,1.56237505576743e-05,0.000128075664837943,1.61419032076475e-08,7.06033517907988e-05,3.00150423658718e-10,0.000248386686750365,0.000137973798733105,0.0181634094779305,4.84839378531138e-08,6.84883674427984e-08,5.81595948424496e-08,1.31963024134828e-09,2.80329309056736,85.394821644683,4.29562623821838e-05,103.825644744461,3.44727918278758,0.253141151183463,18614.6846635861
300,6.67182525438534e-08,0.000303301023912656,0.000869471348946906,6.1674678144853e-06,1.26563228630907e-05,2.21975519475317e-05,3.51784453052495e-06,3.01416699014111e-05,0.000404364984962193,1.34752684111069e-36,0.00540712648545239,2.7623401029519e-06,0.00018921689026288,0.000151825585296848,1.28407121277297e-06,3.04969080666021e-05,0.000150831474852621,5.80379281084589e-07,0.000313765819113406,0.00212011519981044,0.196495188035066,8.28234882332659e-12,0.0134691145371857,0.00914040443487499,3.92428520650179e-05,0.000676770535486687,1.21921702081205e-09,1.32742782289583e-14,0.000848195124422522,0.00450310494443149,0.0427998993236368,1.59584332038898e-05,2.78628646482682e-05,9.84363359556908e-06,3.09550744960272e-05,4.93195197884789e-05,0.000137017001165252,0.00171897966466991,0.0045872295353956,0.175876757533502,0.000103283723183982,0.023218056100306,3.87057541927775e-05,0.00361788968052545,0.000892833824839746,4.87523979318631e-10,0.0049395754403389,0.000465148595805955,0.0128232907210329,0.000230264685088813,0.00382121021166586,0.000712908374192864,0.00373093033826004,0.000102762195528326,0.000230229604011393,0.000143880086287335,0.00044680474478213,1.4742421958959e-35,0.000392307512252173,0.000439990614749896,0.00113619312802879,0.00186103777660592,1.15110549982035e-05,0.000126595036934061,1.61782565881734e-08,6.96132598378759e-05,3.75155110214534e-10,0.000246702081592373,9.08409036115612e-05,0.0177356964576334,4.79373195568052e-08,6.67194491312468e-08,5.70809008376548e-08,2.67223378781033e-10,2.93934292481519,87.0887324961684,2.12373627928939e-05,108.864526395332,3.46321553795175,0.18404903117768,18250.9872200522
305,4.54880150866095e-08,0.000200717588640051,0.000580459276224412,1.55030467586765e-06,9.05765900528742e-06,1.6082707027062e-05,2.9451654567596e-06,2.47843974231586e-05,0.000279965581231051,2.72941073127318e-40,0.00443051800459933,2.04960441027733e-06,0.000150707335278024,0.000121626192271353,9.29393451719255e-07,2.37205571430199e-05,0.000100482126905779,5.47956688979615e-07,0.000224538305104989,0.00171646769077844,0.160591121616695,2.68916976257707e-13,0.0109680699877245,0.00742722564405692,2.25431448007175e-05,0.000545136167638047,6.22692507415206e-10,6.94824540359489e-17,0.000566871006722964,0.00361214536785373,0.0349717295686568,1.35199278554657e-05,2.33754026871869e-05,7.27875280172219e-06,2.5581322426231e-05,4.22544902305985e-05,0.000124349726649311,0.00140496107249015,0.00375221364193744,0.129436546979631,8.99789906089627e-05,0.0188333666001371,2.88895268190625e-05,0.00300228789091247,0.000728763826481839,2.02717643688798e-10,0.00405116134944637,0.000338730685243413,0.0104848834068496,0.000198842699981947,0.00320545613512564,0.000598685642339432,0.0030439333563107,9.30640670097817e-05,0.000199880076348469,9.62244880595092e-05,0.000334504742726348,1.4349744723371e-39,0.000306086678856285,0.0003284441210335,0.000968042581005947,0.00151974748115742,5.86478413560413e-06,9.18692732794606e-05,1.25382987601687e-08,5.08998137976028e-05,3.2894010107691e-10,0.00017998254139723,5.18881959496733e-05,0.0134516446407038,3.97475010873924e-08,4.98651192084628e-08,4.31185128179813e-08,3.54061698332383e-10,2.40335310006679,69.6329551659649,1.36416023242915e-05,89.0130567632855,258.870567861885,11.9621039594722,63411.0068088785
310,7.57041271414407e-08,0.000411350111983403,0.00113455992060806,7.67219145578975e-07,1.64218844455264e-05,3.02473301947466e-05,5.76060646960651e-06,4.7672015724211e-05,0.000474426613361513,1.16335591489808e-39,0.00862650239588949,3.86531622356147e-06,0.000287429036335066,0.000233299936446192,1.57190667037894e-06,4.57041041262596e-05,0.000167966173520962,1.23160116714617e-06,0.000392367464802941,0.00334277389188084,0.311201505757549,4.82129330340153e-13,0.0212725115003591,0.0143620694199219,3.47524257626961e-05,0.00103088648868069,8.80022728649361e-10,3.33885729845371e-17,0.000950946352416827,0.00699251177746443,0.0677468828555984,2.65641458597878e-05,4.56567968738439e-05,1.25184972175582e-05,4.88445352470939e-05,8.42180120692083e-05,0.000239370660890508,0.00272131951273017,0.00727061829585219,0.273341601846884,0.000182236376025093,0.0354479850228243,5.75317079696224e-05,0.00591877484776668,0.00141135692625651,1.07723743674207e-10,0.00787310667038868,0.000571396699655021,0.0203191152176062,0.000390918297906344,0.00633888438853295,0.00117575441804901,0.00590884692174361,0.000182335317888187,0.000337567012747159,3.69210533667414e-05,0.000603937382007516,3.64010257578345e-39,0.000622334802821797,0.000589364163412215,0.00193270883208338,0.00355494348257204,8.30688943619825e-06,0.000154279164716778,2.27738769752001e-08,8.63012994547569e-05,6.42262950849746e-10,0.000304013014560313,7.93471407592562e-05,0.024399452960043,8.01056880261203e-08,8.68441158128268e-08,7.60676056761627e-08,6.43625276667431e-10,4.65562463964593,123.075004519262,6.19887584730802e-05,172.430504083119,314.690881883023,9.17943815831827,74453.7548184669
315,5.58885635192854e-08,0.000419095380469584,0.00109697343347951,1.3848497253329e-06,1.350733041089e-05,2.61005191081517e-05,4.77245101088526e-06,3.88686923199693e-05,0.000357007462448867,7.8283935657942e-39,0.0072188343204213,3.29702976268784e-06,0.000236994302146769,0.00019346625872688,1.13344742439033e-06,3.90767553820767e-05,0.000127447872102655,1.13689069622546e-06,0.000299386216243156,0.0028289091926126,0.258721484018126,3.22437396450953e-13,0.0177721140020307,0.0119554802881641,2.48799800130421e-05,0.000828698450482923,5.95697091273117e-10,9.58298584883861e-16,0.000725959236725685,0.00590230892054038,0.0562975522308878,2.19804955662506e-05,3.76531881854151e-05,9.11165254834558e-06,3.92138255397998e-05,7.09093644955374e-05,0.000179602216196177,0.00226022958807527,0.00603903672133495,0.283102120325602,0.000155546956535053,0.0280501410339282,4.98709127233766e-05,0.00501175241568761,0.00117330620563703,5.01117523541029e-10,0.00655999822639321,0.000408570246572943,0.0168893733820669,0.000318518628305028,0.00534815733077467,0.000978164421137366,0.00493689107380011,0.000142414831880672,0.000191793853032637,0.000148227772784936,0.000477055941051587,1.36181333218972e-38,0.000578763316445619,0.000459009626642609,0.00163705867072885,0.00378180769646254,5.64307605322938e-06,0.000109724381999392,1.75125066566664e-08,6.19077033482199e-05,5.20397308151908e-10,0.000217558436452827,5.31686047056202e-05,0.0191227315597374,6.91375589185229e-08,6.36190826869612e-08,5.65977659784654e-08,6.90955553864254e-10,3.86622017185946,86.1610988623417,8.70838544004916e-05,143.193310967915,162.706063942704,3.10714339984845,37134.8723130234
320,4.31525777905551e-08,0.000441566142364221,0.00112031955129171,1.46132029008799e-07,1.16589668339096e-05,2.35905479965791e-05,3.96360771343167e-06,3.17843749905679e-05,0.000280691795380333,2.64787395120085e-41,0.00612706816191313,2.93593573032794e-06,0.000198899294344999,0.000163288936163115,8.28506556905073e-07,3.45153716971578e-05,0.000102296516879079,1.02457354803746e-06,0.000233170114802017,0.00244905011153286,0.217872540289905,3.41582232661953e-14,0.0150887322117356,0.0101098906829247,1.86363763010053e-05,0.000669588075954408,4.25858722524685e-10,3.11893904689412e-16,0.000588674804534009,0.00511136743637211,0.047384682772371,1.81457614906798e-05,3.10393471187048e-05,6.65917994844755e-06,3.1397166714197e-05,5.97537310736329e-05,0.000124676998450595,0.00190076076661947,0.00507755004573804,0.310180682087438,0.000132476168576084,0.0220789074460319,4.31733051254157e-05,0.00430086744902843,0.000988502393386824,7.39759030749591e-10,0.00553311806649903,0.000292594320315681,0.0142184610307297,0.000255365624529478,0.0045490366785915,0.000815476575219166,0.00418938490603658,0.000105514953527451,5.95682473610266e-05,0.000295233944421076,0.000388224487634945,6.09958942257984e-39,0.000560042279021054,0.000365028764871498,0.00139107716794049,0.00400816711205287,4.06877279663897e-06,7.80838639298433e-05,1.34646989351481e-08,4.44123016571444e-05,4.17072785599543e-10,0.000155859733082733,3.65000565597535e-05,0.0152523293298269,5.99076244669361e-08,4.6188499869567e-08,4.19058753125051e-08,5.92582342135667e-10,3.25021212006145,54.9820235615531,0.000100146639334987,120.378205320783,84.7376537270377,1.17331280321186,18614.4746038989
325,3.46363597940904e-08,0.000456076571568539,0.0011421712455619,1.7665005111909e-06,1.03510967154825e-05,2.174608289932e-05,3.30672133155615e-06,2.61158964872566e-05,0.000228720684291929,6.12354334082313e-41,0.00526972307920343,2.67597168065951e-06,0.000169367818306311,0.000139813662898725,6.17520047896344e-07,3.10865411943053e-05,8.53417574511169e-05,9.06083269494697e-07,0.000184010740929347,0.00216068241764724,0.185762648530408,1.26056597136688e-13,0.0130005547528012,0.00867475701451498,1.43361094020151e-05,0.00054446799648319,3.13808794917898e-10,6.74251377931434e-18,0.000497930073556597,0.00452033253130751,0.0403787618290551,1.49865458210067e-05,2.56346338552709e-05,4.90778061690972e-06,2.51613986609811e-05,5.05297108568979e-05,7.91083322073859e-05,0.00161791158550224,0.0043203058510056,0.340486804678248,0.000112867985240477,0.0173184622569694,3.71314426473261e-05,0.00373696014919738,0.000843519111043921,8.62993249332819e-10,0.00472253766939491,0.000209583479480689,0.0121190136946493,0.000202332541148019,0.00390307765157118,0.000682418149175305,0.00360648330826548,7.40887027624028e-05,4.86602297513757e-05,0.000396359157153897,0.000323888832685366,5.97167111968669e-39,0.000548992558375742,0.000295119153377734,0.00118753968984344,0.00413498985467636,3.02675848595323e-06,5.55187866560455e-05,1.03406301559749e-08,3.18561510538608e-05,3.32303593539612e-10,0.000111644256728267,2.55408638657089e-05,0.0123448451849439,5.19214345984486e-08,3.30708451346438e-08,3.07882943401315e-08,5.93583390991553e-10,2.76521353805176,29.7175214975697,0.000103399364845501,102.415300525278,44.6155123469228,0.550868238830283,9396.99821374706
330,5.57998344585006e-08,0.000887874151318258,0.00221845247526964,7.20677623827407e-06,1.81360179610617e-05,3.91775977862416e-05,5.40484026264036e-06,4.20484806317439e-05,0.000372385858769956,6.83405356359964e-40,0.00893208531069408,4.79547377385282e-06,0.000284058496693817,0.000235736907801642,9.17861683278168e-07,5.50477853196703e-05,0.000141795598247561,1.5367975765405e-06,0.000285056751839368,0.00376801156459782,0.312008993521702,5.12749786726955e-13,0.0220971469712798,0.0146841335888589,2.18633570141173e-05,0.000868324259045668,4.58639004964088e-10,2.31205818254764e-16,0.000840585498199571,0.0079114754622794,0.0677815634112526,2.41660235001708e-05,4.1379840167652e-05,7.12952573750525e-06,3.94168526667949e-05,8.36645721647781e-05,8.53354310315273e-05,0.00271235333634534,0.00723919816763758,0.714133816161589,0.000187737699749134,0.0264006810636051,6.17803290359222e-05,0.00639445030625819,0.00141834446197499,1.76260325384577e-09,0.00793635338264303,0.000291677166066215,0.0203492973300183,0.000309650285557233,0.00657998030097737,0.00111780065640251,0.00612343842849999,9.500540103366e-05,0.000254286783457032,0.000886724119862059,0.000536282950833868,1.13636288887903e-38,0.0010461140176868,0.00047017259395871,0.00198567967448099,0.00806624774944458,4.4693864692606e-06,7.65918468603645e-05,1.5431631425223e-08,4.44326603136896e-05,5.13556834477756e-10,0.000155345556486386,3.52963283756365e-05,0.0196839732883813,8.74553417428305e-08,4.51223474884992e-08,4.35286779129508e-08,1.13620996026286e-09,4.63310864441843,19.3355777448122,0.00019487359217189,171.596594146279,46.4520689902582,0.663510980048874,9322.90295990997
335,5.21355509269318e-08,0.000950343493490976,0.00238286023020778,1.14930422423386e-05,1.81082824401578e-05,3.98797139677736e-05,5.05109366173826e-06,3.87142974856359e-05,0.000349735994274753,3.16186905934784e-39,0.00868447059127663,4.88453450045649e-06,0.000272757057470137,0.000227498090997496,7.94961329118673e-07,5.54945858896203e-05,0.000135099345172867,1.46067894921042e-06,0.000251707744125931,0.00377236067462863,0.300587339149913,7.19512464137305e-13,0.0215561572887808,0.0142681739426238,1.91618402408794e-05,0.000792050083001485,3.85153491089222e-10,8.36671541523847e-16,0.000814443753584988,0.00795287520170755,0.0652624736601012,2.2216607913165e-05,3.81133573183505e-05,5.96992490544751e-06,3.5272646329218e-05,7.91754914502977e-05,3.87390827714209e-05,0.00260786084901311,0.0069564980601198,0.830210964078905,0.000178043384846778,0.0228282818346256,5.79994706308087e-05,0.0062732653354031,0.0013681583406802,1.92251626407615e-09,0.00764692454274723,0.000229047713793213,0.0195999443584369,0.000267735671755736,0.00635352576217798,0.00104580428162448,0.00596666903808116,6.3124455686529e-05,0.000404580967283133,0.00103336155895719,0.000510718212180629,1.37432860973241e-38,0.0011219051076835,0.000428306766764981,0.00189746483728096,0.00870404538859133,3.78953161934061e-06,5.95123533680806e-05,1.30184164262998e-08,3.50446379812167e-05,4.4899145435899e-10,0.000121956575151941,2.79326531172835e-05,0.0179696756179067,8.33542955152902e-08,3.37114082706551e-08,3.42645807976285e-08,1.20845317938216e-09,4.45190486588681,10.9552687627498,0.000199612780574652,164.885347482914,28.0339408957307,0.556841191342406,5311.37353356738
340,6.95983530978901e-08,0.00139342811276424,0.00351703602530618,2.19953571755239e-05,2.54389533349407e-05,5.6720520306531e-05,6.7061324869517e-06,5.06449797884667e-05,0.000466536419744848,2.56563917046443e-38,0.0120061657635893,6.98686770943377e-06,0.000371360846018032,0.000311204206132339,9.96294088951876e-07,7.87330116062984e-05,0.000181646466321211,1.93385709838643e-06,0.00031348499114206,0.00536607814781608,0.411828255974427,1.38614182629529e-12,0.0299046507012983,0.0197204821469112,2.38508563802334e-05,0.00102594221842924,4.3763225469281e-10,1.59875387454446e-14,0.00111389407578231,0.0113575666257702,0.0893636837959752,2.8949313483385e-05,4.9787199132341e-05,7.17160244526035e-06,4.48595868005015e-05,0.00010641826980574,5.31396395513592e-07,0.00356573836206721,0.009506412840383,1.32937660228619,0.000239387146267637,0.0278292238538502,7.62799208050575e-05,0.00874887945535407,0.00187702206249702,2.83588832324024e-09,0.0104750861668862,0.000250584676561398,0.0268494988601209,0.000325918030885775,0.00872193623111732,0.00138856326806225,0.00826797614898805,5.03125132378371e-05,0.000751755488945836,0.00160554980166753,0.000690852773318354,1.12978705240038e-38,0.00167679603350345,0.000551380822791618,0.0025742838936091,0.0129557047114599,4.55107618251764e-06,6.425082132296e-05,1.53647984774793e-08,3.86526782224612e-05,5.5122974730372e-10,0.000133400991297359,3.12383240798019e-05,0.0232486380954599,1.11543515528469e-07,3.3277894341141e-08,3.67968030920177e-08,1.940025167231e-09,6.08338939297399,54.0079578675689,0.000278838802225574,225.310697995879,24.5083500107535,0.72228754765622,4326.0633803894
345,3.33471264121513e-08,0.000709650445168845,0.00180629437222164,1.3667239793155e-05,1.26687206989742e-05,2.84400919122513e-05,3.19914886448902e-06,2.3809547247655e-05,0.00022193728088248,1.68089306162212e-37,0.00595702838734551,3.5375200064549e-06,0.000180852851661307,0.000152223182247363,4.55952785170837e-07,3.96271562533826e-05,8.65531953736678e-05,9.0162101293215e-07,0.000138729320028874,0.00273458170002785,0.202561569362115,8.15455563860613e-12,0.0148863699865648,0.0097825975880829,1.06125137244881e-05,0.000476913576127721,3.0087938980299e-10,1.05160679567704e-13,0.000540096061384955,0.00580780607891942,0.043929924509394,1.35313020471952e-05,2.33387695731894e-05,3.12970635584775e-06,2.05377601599201e-05,5.13844625639512e-05,2.09541251487287e-05,0.00175033000116186,0.00466405756344739,0.742964355407083,0.000115515173227746,0.0121063012109723,3.55031193881227e-05,0.00437936904833417,0.000924498047883605,1.48142400736073e-09,0.00515016487730037,9.57322919729886e-05,0.0132052672595035,0.000141860763819933,0.00430167277160437,0.000661780596499255,0.00411118738193418,9.32348588656839e-06,0.000452306561499122,0.00085392500323552,0.000334010136131148,1.748365882298e-37,0.00088219750121243,0.000252399565450703,0.00125409467140524,0.00674983177454587,1.94452869280403e-06,2.41205867637247e-05,6.38636220673635e-09,1.49792767215028e-05,2.35064398704827e-10,5.09731188302059e-05,1.23844529806577e-05,0.0107436954284525,5.27432777457831e-08,1.02389185373644e-08,1.32896224866181e-08,1.52661451881763e-10,2.98444167306625,44.3651669775454,0.000134899740793849,110.534868580251,7.90174736481715,0.341635395619775,1277.8939007545
350,2.29452144446839e-08,0.000505576125993876,0.0012993101902585,1.14330363157631e-05,8.97385737437591e-06,2.01900276526826e-05,2.20592616216503e-06,1.61829361892138e-05,0.000150511518041839,8.89143915498619e-39,0.00425942102110692,2.54399995419677e-06,0.000126458682710235,0.000106872727976411,3.05433128283518e-07,2.83939128383793e-05,5.84363936121336e-05,5.94566637633875e-07,8.73610837255997e-05,0.00200346492169779,0.143630974317814,3.69897790850371e-11,0.0106742222161345,0.00699174219715704,6.75801022177187e-06,0.000319779212677289,1.21345827058832e-10,8.66985231891112e-14,0.000371467566279474,0.00426627075766394,0.0311327089634407,9.13216570357929e-06,1.58004298300732e-05,1.99673351339897e-06,1.36369974367866e-05,3.58555966000723e-05,2.61409877645219e-05,0.0012387038121856,0.00329926589554348,0.584159643792066,8.05488921239233e-05,0.00757016034167879,2.34778372433146e-05,0.00316050502471455,0.000656417935776953,9.98648450678775e-10,0.00364973173280654,5.06374865797446e-05,0.00936352570835731,8.93441678176059e-05,0.00306398082069098,0.000455452043796295,0.00294482576052983,2.12531533349782e-06,0.000366993044315694,0.000630363385384338,0.000231137728572565,1.32590067942093e-38,0.000656880700095181,0.000164344214254928,0.000882511193174984,0.00496373879611993,1.17916246857598e-06,1.24438028616713e-05,3.74296267838551e-09,8.12179526360497e-06,1.55484738700897e-10,2.69910978645201e-05,6.92280583244565e-06,0.00710911574312616,3.59077272362933e-08,3.10386606126693e-09,6.18461042723977e-09,1.79325629898571e-09,2.11095868185169,42.7810856741501,9.09190359592859e-05,78.1836500639296,3.80002573204218,0.229675608841647,552.801536067944
355,6.42051978503383e-08,0.00143219011778391,0.00372053934432497,3.72008756095808e-05,2.56624010500988e-05,5.76265506146508e-05,6.25375445754524e-06,4.5235813359155e-05,0.000411386506421472,3.82087593493983e-38,0.0124641660671062,7.37420763979076e-06,0.000360456791208638,0.000305767651961938,8.48146045274244e-07,8.22121645556962e-05,0.000157967399487004,1.57287456118797e-06,0.000221355613104528,0.00599083019995873,0.416945540288274,9.75354135007559e-11,0.0313025728023345,0.0204404796479847,1.74253826119873e-05,0.000878902574471131,2.96249874171161e-10,2.18806983513779e-13,0.00102555332252708,0.012777918223873,0.0903273148751877,2.53301048814773e-05,4.39643057382384e-05,5.29565721537165e-06,3.74183593228977e-05,0.000102843062693493,9.69716045419271e-05,0.00358915438172818,0.00955625641929531,1.84070920739852,0.000231091301344063,0.0193976937994091,6.25569364691496e-05,0.00934230733669714,0.00190795804256642,3.0603146239357e-09,0.010587423149293,0.000102687697810996,0.0271830506872399,0.000233507861936889,0.00895944785578367,0.00128762404421693,0.00862732883871509,2.40397252681926e-05,0.00116040067050805,0.00184369028513819,0.000648439789588096,4.96298899852766e-38,0.00196792822201995,0.000429987993116327,0.00255180809918748,0.0146797213585397,2.85776333822917e-06,2.42293663741086e-05,8.5649691173304e-09,1.7221670834326e-05,3.44677780712516e-10,5.4897679998012e-05,1.52406850548615e-05,0.0190867520958183,9.74025982125855e-08,3.1520631722586e-09,8.36668563317491e-09,1.10941128511925e-09,6.11368383333614,152.62068877916,0.000241788741407916,226.432722700716,7.76549124929341,0.614612762060086,999.959325529041
360,5.50820994904569e-08,0.00121722358092071,0.00320115993691814,3.59335803647697e-05,2.23747887566795e-05,4.99397761140425e-05,5.51814089553092e-06,3.93701527372679e-05,0.000340622023755948,4.74712020852096e-35,0.0112830782915504,6.50389767703265e-06,0.000316505060635781,0.000269399738221613,7.35696492277174e-07,7.26498419018074e-05,0.000128292485481259,1.25597332781318e-06,0.000169343502269876,0.00552592472451332,0.3745245727734,2.26651931459971e-10,0.0283721762370471,0.0184720779439425,1.3672843491252e-05,0.000748768924979317,1.67338146971562e-10,8.04978654393701e-13,0.000854967361429195,0.0117913930874067,0.0810949092364712,2.18748053644708e-05,3.80805155573267e-05,4.41362958253988e-06,3.21720172908705e-05,9.17850163755852e-05,9.51523290217746e-05,0.00321830998214005,0.00856679983795108,1.76101557800536,0.000206709682751554,0.0154730096434204,5.06035460089848e-05,0.00855374885489932,0.0017159013810037,2.23042932390156e-09,0.00950289717990162,5.6836250707359e-05,0.0244201113106332,0.000193756854289403,0.00813751913417722,0.00113216258054114,0.00781241652425791,3.01093858941129e-05,0.001089985033278,0.0016177204856073,0.000555742269777382,4.7463065892279e-35,0.00179402882895134,0.000338890680688792,0.00229540572973222,0.013227501825927,2.05655313808299e-06,1.23300950986687e-05,5.88947925581828e-09,1.04396251856534e-05,3.33896262473722e-10,3.06474266937422e-05,9.67878088708745e-06,0.0156676930595963,8.27026242725606e-08,1.30529305065987e-08,2.68960044326708e-10,1.16539280984701e-08,5.47989953754521,158.186806281676,0.000190093239700093,202.959232688879,5.07755008872028,0.489095348185613,573.830854272861
365,2.15015597481512e-07,0.00463128402015597,0.012289384235552,0.000153829080056313,8.74192459730866e-05,0.000193043024684357,2.17209373801798e-05,0.000152966497443373,0.00124748018322313,2.7209673367221e-39,0.0455343592101469,2.56039466046808e-05,0.00123829944001204,0.00105925237258464,2.84889696626723e-06,0.0002855936611629,0.000464085519183881,4.70871540630925e-06,0.000569645559642229,0.0227067028813119,1.49980723771394,7.27045093989791e-12,0.114615142103403,0.0744073066404347,4.01993883146217e-05,0.00283949373180349,1.38789236973763e-10,7.76429765772016e-15,0.00314388181555518,0.0484565889942357,0.324580748061728,8.4111393891536e-05,0.000147019608152757,1.64975694865914e-05,0.000123512527519745,0.000364795288120897,0.000401050105580478,0.0128654086993593,0.0342374571065509,7.45312015361588,0.00082611902484438,0.0547052151377765,0.000190084348887859,0.0349251762402779,0.00688022919499984,1.02749237303275e-08,0.0380194217803148,7.17705280661986e-05,0.0977929027636741,0.000724222527721863,0.0329897509301422,0.00444296941159535,0.031522259621573,0.000145253742867696,0.00450566391892903,0.00633756556985715,0.00210566257691339,3.42560820806588e-38,0.00726495392913804,0.00115976314834621,0.00922003719291312,0.0531693892815112,2.22071243458787e-06,7.9093295001283e-06,1.56559069411882e-08,2.07058949045984e-05,9.03831495233925e-10,4.04327235209927e-05,1.12638089046747e-05,0.0570626584537862,3.10625115253535e-07,9.53411684079207e-08,3.57691367342088e-08,7.10058876478725e-09,21.8978386550421,710.920389960083,0.000720003859079495,811.031027497968,15.5632791109569,1.83085607110048,1523.08281697166
370,2.42316147762379e-08,0.000505470194968904,0.00134557363166603,1.85970556857942e-05,9.67876515407535e-06,2.10897378366764e-05,2.36959068577188e-06,1.64845459482029e-05,0.00012775665128486,6.505525325497e-39,0.00511529229915917,2.85009736714871e-06,0.000135195845663135,0.000116513481901941,3.05849511969593e-07,3.14821853264425e-05,4.79138958902584e-05,4.96048604671168e-07,5.3005450298978e-05,0.00259961399907808,0.167177197480285,7.64907391212185e-13,0.0128937966929467,0.00834751778374431,1.7608140848613e-06,0.000298486362233382,1.22777252477241e-10,7.68848315126525e-15,0.000323282458934453,0.00555074076019916,0.0361610069842352,8.91940470779438e-06,1.56923370402547e-05,1.71073036474529e-06,1.3062751207375e-05,4.00858778853598e-05,4.75947123856839e-05,0.00143147658454556,0.00380797861491094,0.878413064725992,9.15306128460484e-05,0.0052622955643164,2.06570085746478e-05,0.00396623175020948,0.000768042444053852,1.16764886620948e-09,0.00423285951273074,1.75711628708095e-05,0.0108987119808765,7.43942904940967e-05,0.00371651788065029,0.000483733374892999,0.00354038824914196,2.0007804781753e-05,0.000522120460352884,0.000708304430214378,0.000220866648103673,1.08471705550122e-38,0.0008239938045742,0.000108196415621131,0.00102818264280537,0.00600885351659616,1.00784611579842e-06,5.95956676764537e-06,9.16247192843948e-10,8.56842630295399e-07,8.2229274374864e-11,9.04288955959217e-06,8.33970990316342e-06,0.00579607846640971,3.31322185082136e-08,1.51063379456595e-08,7.6853253575407e-09,7.82133084856387e-10,2.43536235348777,88.1713339111558,8.26947681760413e-05,90.1986024573071,1.42888387394654,0.206527866892778,119.42461455939
375,2.25297080437299e-08,0.000454123808959493,0.00121001117609739,1.82627035619974e-05,8.76462223281335e-06,1.88408948075138e-05,2.09262028138699e-06,1.43889580180457e-05,0.000105703409418815,2.31851612389827e-41,0.00466410447768491,2.59782898787598e-06,0.000119929905115387,0.000104248039727184,2.65865408688407e-07,2.82636683176503e-05,4.05963170913802e-05,4.26012732287417e-07,3.90894779471564e-05,0.00241609876696632,0.151250686333096,7.05965774834563e-13,0.0117756496194143,0.00760354136890309,1.12195767468758e-06,0.00025389545011511,2.46182795895932e-10,9.86347458824703e-16,0.000269900645719033,0.0051630096600953,0.032699379026393,7.61867475359204e-06,1.35239224128949e-05,1.43743731961798e-06,1.11257090491545e-05,3.55977726806078e-05,4.54066724015428e-05,0.00129274474020154,0.00343733441204397,0.838761533880993,8.20924377114227e-05,0.00400665066825928,1.81429974604217e-05,0.00365374413192085,0.000695992186014924,1.07818886936537e-09,0.0038242480214679,4.61235876727553e-05,0.00985768657700933,6.13388428742192e-05,0.00339509176451734,0.000426502237115595,0.00322726783517289,2.1999896250987e-05,0.000491562738704957,0.000649760190499197,0.000186643309903319,3.97082853091688e-39,0.000760100497069695,7.96971351736064e-05,0.000929095019004128,0.00553171419532126,2.20666789809653e-06,1.34924491229343e-05,8.98916280823409e-11,4.334146180374e-06,5.86967764980792e-11,2.42006137699454e-05,1.44975330498743e-05,0.00476695531994594,2.87918044573725e-08,1.75910175332189e-08,1.02587340857281e-08,6.88678267660416e-10,2.19824094493776,87.8158649234248,7.70522958208057e-05,81.4163288986559,1.13269186048462,0.191213480382698,81.5063238521286
380,3.19935999125858e-08,0.000623353894782209,0.00166224625163277,2.71158175429282e-05,1.21019801610094e-05,2.56988531816623e-05,2.81408238412911e-06,1.91333648809506e-05,0.000131367142559103,7.51797497833572e-41,0.00648258407324527,3.62205472397832e-06,0.000162130252177715,0.000142141214909624,3.51603590123676e-07,3.86813040019469e-05,5.23634490219201e-05,5.60613250945168e-07,4.18700337188535e-05,0.00342186529021286,0.208610965289356,9.7081557781642e-13,0.0163947520086543,0.0105592645347138,5.45658080576545e-06,0.000328505640996533,5.42110623749882e-10,1.66799359318784e-15,0.000342156072096778,0.00731832441783476,0.0450774845634761,9.85930132146861e-06,1.77008415502586e-05,1.83893294847221e-06,1.43637881815694e-05,4.80834334113807e-05,6.52104098462913e-05,0.00177974456160844,0.00472987241706083,1.21682931823353,0.000112097710228221,0.00451666811090491,2.39111896960253e-05,0.00512936293518824,0.000961566022675814,1.52218383267474e-09,0.00526612946848613,0.000113281082830714,0.013591593535629,7.63781784162698e-05,0.00472676849304944,0.000572484284931685,0.00448409473306514,3.57286739937334e-05,0.000703158114729542,0.000910051262543628,0.000238159341251923,5.37523440320989e-39,0.00106763029561976,8.59925081831826e-05,0.0012789452002089,0.00775938627063826,4.95276068496143e-06,3.1922325817576e-05,8.86367909016411e-10,1.17068469035452e-05,6.13406508463869e-11,5.96755323063651e-05,3.05674822723496e-05,0.00593321958566099,3.82144663274876e-08,2.95593826521968e-08,1.86397018162971e-08,9.28713494591696e-10,3.02478964536437,131.824637401745,0.000107167259541743,112.029243546571,1.42804088239073,0.266224824397732,90.8020814714946
385,4.64709227376225e-07,0.00876401822061417,0.0234100115702133,0.0004091844268244,0.00017131103761529,0.000360127192366175,3.89965061393796e-05,0.000262254921153177,0.00163666590679394,3.82939918939606e-39,0.0928107537116112,5.20027011131391e-05,0.00225451764058342,0.00199164827783364,4.77479875850228e-06,0.00054384674780012,0.000687065761223325,7.6450391267877e-06,0.000420351081391015,0.0498870983435664,2.9640878063784,1.28433938320778e-11,0.235110244089279,0.151052206083755,0.000135663343178304,0.00437204159487374,1.08085624300309e-08,5.59155308851079e-14,0.00443083486906046,0.106767004047592,0.640167754271342,0.000130781196143086,0.000238089567374718,2.41689508356904e-05,0.000190268457744689,0.000668840954356569,0.000952856614433489,0.0252416742662277,0.0670487570037777,18.1073842524121,0.0015771162504333,0.0505926627197633,0.000318153850807082,0.0741787898165242,0.0136863652636701,2.21769655805135e-08,0.0746910800575938,0.00240371134430305,0.193050740990132,0.000972685068960465,0.0678213821370203,0.00791239514986076,0.0641710240751653,0.000577234422056697,0.0102979802902281,0.0130693039397932,0.00309185461934618,7.83704609542696e-38,0.015394096047438,0.000896112982646269,0.018140687739923,0.111810128598219,9.92601689922697e-05,0.000666379416605796,2.69339713127564e-08,0.000257980548887018,6.33029387207378e-10,0.0012678495942479,0.000604217424569451,0.075070098919898,5.23046089742516e-07,4.94633787654597e-07,3.27727940829147e-07,1.26148078020771e-08,42.8775954030805,2015.69956566372,0.00149720416126242,1588.05906235726,18.9674543651108,3.73669644793888,1100.53509740609
390,2.13302888646306e-08,0.000389907356534617,0.00104464544462387,1.94350458729429e-05,7.69567990278585e-06,1.6055661071297e-05,1.73199441112522e-06,1.1523257619272e-05,6.23310689226395e-05,1.42004205421919e-38,0.00425148967241382,2.38195358059233e-06,0.000100061249477165,8.89190511477513e-05,2.06206946956342e-07,2.43437363392894e-05,2.81542177038759e-05,3.35839323275287e-07,1.0823726596786e-05,0.00232497764597865,0.134763130074123,1.11205500114346e-12,0.0107859154738572,0.00691271698398581,8.97653594119649e-06,0.000186001740392596,6.44236738904136e-10,2.65138499241584e-14,0.000181091044641766,0.00497787674629785,0.0290904769980369,5.52817926749322e-06,1.02349898608027e-05,1.00963927956155e-06,8.04023172035261e-06,2.98099642618348e-05,4.40600974974522e-05,0.00114553255744068,0.00304137439634516,0.858023556128123,7.11136717299032e-05,0.00172824186095135,1.32252340049247e-05,0.00343362996260531,0.00062335191069314,1.03815484348786e-09,0.00338912718512381,0.000148390153845755,0.00877404309680093,3.94620038991184e-05,0.00311720907473928,0.000350044239413678,0.00293781063437397,2.88303272580534e-05,0.000478725245634368,0.000595495595176185,0.000126310829020068,1.7365601209968e-38,0.000706569093306866,2.64167914525029e-05,0.000824312463566078,0.00513519229411726,5.92521457355913e-06,4.0771879226356e-05,1.88322333348295e-09,1.63299372147334e-05,2.03388427506291e-11,7.82922467472065e-05,3.64652319045792e-05,0.00297464028303316,2.29072782601598e-08,2.59151392566121e-08,1.77425972821223e-08,6.39498573907135e-10,1.94491245179284,97.5582355411791,6.51781319732597e-05,72.0337937360749,0.811173563123321,0.163738699456544,44.1973623521032
395,1.75393324969504e-08,0.000310971569520315,0.000836919879085087,1.64977920496958e-05,6.22506350920362e-06,1.29251151889069e-05,1.40426823401241e-06,9.24412916238261e-06,3.98844758019519e-05,9.63343272320833e-39,0.00354492784999333,1.97689507162507e-06,8.05581213617379e-05,7.18452486764329e-05,1.60281634753401e-07,1.96962269829473e-05,2.01839688835272e-05,2.70581531028169e-07,1.67118113664076e-06,0.00197032336058644,0.111527519145195,2.62871153798063e-13,0.00900424031106748,0.00575652989786333,9.93968057428535e-06,0.000143940194513133,6.64822115610247e-10,1.55777756878793e-14,0.000131933162283718,0.00421852795036193,0.0240619953011323,4.23845051247986e-06,8.00795006646424e-06,7.56977917437246e-07,6.16654982833794e-06,2.42551139864138e-05,3.67568668378018e-05,0.000946299034151745,0.00251129745853184,0.736294838759153,5.85495290095273e-05,0.00100147230015707,9.71091222858365e-06,0.0028951187312032,0.000516791206671493,8.77760232601655e-10,0.00279863245085586,0.000156863927387487,0.00725880071813899,2.91250784359294e-05,0.00261254880264159,0.000282195076169051,0.00244753057143815,2.53441524209004e-05,0.0004013329700296,0.000488546603812403,9.1781728038295e-05,7.26210766000815e-39,0.000586513741251528,1.02231012067747e-05,0.00068326411637248,0.00427485588330196,6.1677979630298e-06,4.28625721918742e-05,2.11124528942093e-09,1.76810352868366e-05,1.28322185421165e-11,8.27504419384188e-05,3.9122980471816e-05,0.00207358644484626,1.83038532418328e-08,2.43126318076533e-08,1.69977763994765e-08,3.29584678615633e-10,1.60587214038367,85.0657792826554,5.01603464670492e-05,59.4767456552157,0.627700422132365,0.127044080013136,32.8040481910509
400,1.70159937190018e-08,0.000292480647998792,0.000792028792038134,1.65050323159815e-05,5.97554700019119e-06,1.23847560186256e-05,1.37458971784212e-06,8.95382120523635e-06,2.60051711483849e-05,1.04065288625725e-38,0.00355424470998488,1.96185214739757e-06,7.76433821142295e-05,6.92889660516626e-05,1.46854684492752e-07,1.89900148423143e-05,1.6292230232735e-05,2.64349536141578e-07,6.15353856805757e-06,0.00200577398233011,0.110977167110799,4.9421403276189e-13,0.0090354615227135,0.00576160098694315,1.26193784063766e-05,0.000133848534607288,8.11977076132227e-10,1.70359960258262e-15,0.00011193455728789,0.00429214116043076,0.0239298921026011,3.89381923338574e-06,7.54009126243998e-06,6.63905522768735e-07,5.66370447406758e-06,2.38343460378809e-05,3.6665936743978e-05,0.000939908640388044,0.00249336829207459,0.755741062993818,5.82318213341612e-05,0.000619354405376706,8.22764998177722e-06,0.00293852504276726,0.000515162866639713,9.00694719428976e-10,0.00277803288917581,0.000190890373603261,0.0072206684378288,2.59697936385701e-05,0.0026392332853881,0.000274044030291944,0.00245111952214331,2.58916898539266e-05,0.000400360326813241,0.000475828868136244,7.75455481235838e-05,1.24456846993014e-38,0.000580983473185832,1.42336666935907e-06,0.000683095892306718,0.00426145415759547,7.51318739286299e-06,5.19692957822249e-05,2.67265661641195e-09,2.21173578924522e-05,1.29149548727955e-11,0.000100657263005728,4.99502707162962e-05,0.00164221172275411,1.75634029467322e-08,2.71909906377171e-08,1.92698975580454e-08,3.93587196472956e-10,1.59430055188318,88.3130100669888,4.48089594716684e-05,59.0481686756916,0.574790372260443,0.11468048074107,29.2193784185884
405,2.05361201829285e-08,0.000341427088131253,0.000932230137722926,2.05460089712131e-05,7.18359974921376e-06,1.49133547944592e-05,1.72119027724851e-06,1.10942302886334e-05,1.25229756514362e-05,7.60208323494562e-39,0.00453530601532935,2.46227503313555e-06,9.47135342081673e-05,8.42588177790256e-05,1.65335862614482e-07,2.30365628336529e-05,1.47889555051048e-05,3.31742267630896e-07,1.86157345542916e-05,0.00259603831815074,0.140512896738104,3.96863923959671e-12,0.0115337745475843,0.00733443700837327,1.97810095019596e-05,0.000158227244394231,1.23845085886474e-09,1.05830128877989e-13,0.000114758233415578,0.00554869181396802,0.0302804242829099,4.53350170666421e-06,9.04904071633354e-06,7.02357370193017e-07,6.5712659668292e-06,2.9975796837631e-05,4.64900814972748e-05,0.00118784873255031,0.00315007818400537,0.981802604640742,7.41585748084868e-05,0.000374651172777759,8.32437477476196e-06,0.00380157811227637,0.00065345974656964,1.20016141666413e-09,0.00350775184936659,0.000285830902903807,0.00913955777057631,2.98219591382103e-05,0.00340346432129722,0.000339505655496047,0.00312272674298809,3.24342549539371e-05,0.000502341890399758,0.000581110740837654,7.91271817228299e-05,9.66602743588927e-39,0.000725955001852384,1.68570445216872e-05,0.000872592589112271,0.00538585848696334,1.14140576659385e-05,7.76201206665293e-05,4.14315028915921e-09,3.4246814897374e-05,2.35905808530669e-11,0.000150619013043464,8.09914640593963e-05,0.00148849503504116,2.13360965314652e-08,3.84772817692306e-08,2.74908090386679e-08,7.25869911979226e-10,2.0140065201932,115.560100649749,4.85637405062622e-05,74.5928347287937,0.652303623737908,0.126106152377199,32.5235844619606
410,1.8449166827085e-08,0.000295142326312722,0.000814968497301096,1.90794611407988e-05,6.48406145111574e-06,1.35419802705404e-05,1.66144500726574e-06,1.05970873253755e-05,1.12293295552467e-05,1.67537303683625e-38,0.00443392735535327,2.35196516537839e-06,8.79079892598652e-05,7.7583425544672e-05,1.33617618755607e-07,2.10992279346643e-05,7.49481242754559e-06,3.22239261447136e-07,2.97083143524297e-05,0.00257193637560169,0.136257652588066,1.35305143296602e-12,0.0112737930052513,0.0071474330282161,2.32326855301435e-05,0.000143020307515098,1.40928843473165e-09,5.52539566796285e-14,8.20878035395383e-05,0.00548641919584332,0.0293439250126245,4.01986500330342e-06,8.33692058863415e-06,5.07946759147011e-07,5.75844185467654e-06,2.908354581806e-05,4.53496233867485e-05,0.00114967258261447,0.00304807426746564,0.971611357302699,7.29134953741368e-05,3.70646479721992e-05,5.74664569031816e-06,0.00377547393015414,0.000634866411580674,1.16422429615172e-09,0.00339090903269836,0.000318775438895124,0.00885999707206362,2.67959141959144e-05,0.00337507697269582,0.000323216992850459,0.00304639295988985,2.97659196582318e-05,0.000476399928482669,0.000534159373172519,5.6455108409712e-05,1.52803102938338e-38,0.000687743687385048,3.17245685851969e-05,0.000858219289758319,0.00519787647243425,1.30452847139055e-05,8.64132870743515e-05,4.80088972808032e-09,3.97876767993905e-05,3.98540905332936e-11,0.000167818024067745,0.000100989948017751,0.000799231986404777,2.01921668455708e-08,4.14495845224558e-08,2.96762430990329e-08,3.13102939933327e-10,1.94850843723537,114.726823604205,3.74313445109437e-05,72.1669804407304,0.544230994080031,0.0994711031349423,26.7198891021301
415,1.61600281773658e-08,0.000246098036235873,0.000690792230497959,1.73716780101241e-05,5.77995507687275e-06,1.22171971537389e-05,1.63884101212153e-06,1.03432700279702e-05,3.83392268071304e-05,1.62041767129564e-37,0.00439747546407372,2.26367495245139e-06,8.20413553663802e-05,7.13589752543278e-05,9.52879008184126e-08,1.92266239425091e-05,7.42024297885353e-07,3.21139140571518e-07,4.21469180510651e-05,0.00258277093269452,0.133962994542572,8.55066471419307e-13,0.0111713531156296,0.00705832017427489,2.71350629351836e-05,0.000130671484694604,1.57797982245756e-09,7.94496063438751e-14,4.81995027506019e-05,0.00549359959163486,0.0288280859883973,3.58139984971724e-06,7.80836990025039e-06,2.70225210101487e-07,4.97769436193971e-06,2.88582915125688e-05,4.5313459290469e-05,0.00112804293827294,0.00299021476293693,0.969398510813663,7.34053435888213e-05,0.000209032843708184,3.02377946313929e-06,0.00381323519238317,0.000625421700777336,1.15683808184813e-09,0.00332173549515388,0.000351568906804281,0.00870783180940112,2.52119344262076e-05,0.00341029760889137,0.000313288759873883,0.00301274810474664,2.60657166526953e-05,0.000450912509473287,0.000487035620817382,3.35152895901412e-05,1.62874208302244e-37,0.000652592098721389,4.75830934174508e-05,0.000861408381551124,0.00507497955312903,1.48678367928188e-05,9.51838876181963e-05,5.57606324461091e-09,4.60805633352829e-05,7.15188015773814e-11,0.00018482616223148,0.000128647962834202,6.27104300829661e-05,1.93941157463912e-08,4.53498344155789e-08,3.24416995209819e-08,1.65474254270424e-10,1.9111476953539,114.36071245321,2.54159857899e-05,70.7832501213917,0.430359619031039,0.0707231502510514,20.8002143600622
420,1.07348068192773e-08,0.000151977810019803,0.000438435234724213,1.21537610732375e-05,3.99692417971728e-06,8.63174328411138e-06,1.31430762616301e-06,8.20764409804734e-06,5.62741143850064e-05,3.75544912360551e-39,0.00351596372982992,1.74491758526139e-06,6.1011172240099e-05,5.18020437722122e-05,3.5488567835805e-08,1.37451290604891e-05,8.3257571614097e-06,2.61293199021796e-07,4.51580409076746e-05,0.00208948731119347,0.106086421112131,9.60636453167376e-13,0.00891680260761988,0.00561157163866677,2.50251780238028e-05,9.56522417946626e-05,1.43519004044247e-09,7.40934782800144e-17,8.56655454697921e-06,0.00442647901884559,0.0228093151975655,2.53048892677771e-06,5.90658112874445e-06,3.72552803630487e-08,3.27817484036908e-06,2.33007965936698e-05,3.69893392456817e-05,0.000891385245418846,0.00236267251582135,0.774359926437285,6.02395565988494e-05,0.000294425736194014,1.36578308678216e-08,0.00311460611798825,0.000496355712671528,9.9087910465527e-10,0.00261922956341603,0.000304898902292928,0.00689305837885343,1.99461188724336e-05,0.0027925939646474,0.000245863977695364,0.00239977389680027,1.66656594050047e-05,0.000337012705322053,0.000347187794512346,7.21173338144044e-06,3.75734700814315e-39,0.000491186314130521,5.21816214267961e-05,0.000702030396989697,0.00398626771004866,1.33669260882282e-05,8.24750896201149e-05,5.15359735665816e-09,4.23044322031508e-05,9.87203734987977e-11,0.00015997320819141,0.000133301603295024,0.000614996743733491,1.46670463086725e-08,3.9984039526053e-08,2.85154618866075e-08,1.85672027674741e-10,1.5096785092489,90.8529861482363,9.37736702819876e-06,55.9140215718171,0.240867565212306,0.0303220822459743,11.3680254330558
425,8.29950923400746e-09,0.000112941681168547,0.00033307498587077,1.04488133665193e-05,3.38787918174038e-06,7.55515377147882e-06,1.27818873020922e-06,7.90007571908988e-06,8.06999583305955e-05,4.78878904572392e-41,0.00340388295144527,1.65914898115853e-06,5.46767953679668e-05,4.52008251743746e-05,1.96621534140424e-08,1.18215366061963e-05,1.37993770684855e-05,2.8210436607999e-07,5.27975339132234e-05,0.00204717805768337,0.101694762581471,1.48465566566556e-12,0.00861909777090995,0.00540090513843399,2.68275220982116e-05,8.32560664770304e-05,1.49804456590494e-09,8.69262718774421e-17,1.45455540552003e-05,0.00431956926802659,0.0218448082439121,2.06430998497792e-06,5.35426101954226e-06,3.70948713715477e-07,2.20557385392077e-06,2.2792091231005e-05,4.01589365283498e-05,0.000852589818734858,0.00225944638311099,0.748177264685391,5.99075967451348e-05,0.000394018060247843,1.52682454032679e-06,0.00308251866536864,0.000476973305442872,1.03093815859819e-09,0.00249813623621584,0.000309372823445355,0.00660369076497172,1.88288279158348e-05,0.00277089236480391,0.000233007606918993,0.00231392564215332,1.27065987648669e-05,0.000305797136127239,0.000302556894196984,1.04427683340809e-05,4.71467386733223e-40,0.000446210541243815,6.28308063573669e-05,0.000694337334182419,0.0038274900647155,1.39566044345961e-05,8.36372089764109e-05,5.66072284249213e-09,4.57590527217525e-05,1.54125815660843e-10,0.00016187709514774,0.000165901706834172,0.0012159175959809,1.42929679086228e-08,4.21341623012658e-08,3.00170362604615e-08,4.20086187352481e-10,1.44338113879219,87.1421940490403,5.7458865064092e-06,53.4585648496973,35.3793903639119,5.21420549692515,1805.71342147683
430,6.00253848111397e-09,9.16578528195403e-05,0.000265066139646697,9.22586197610749e-06,2.86473842845962e-06,6.59060104286613e-06,1.11668322563371e-06,6.83423914298623e-06,9.09188107455383e-05,4.41336793485616e-39,0.00298517288997557,1.49693255714219e-06,4.48305023822929e-05,3.63973578247228e-05,7.85616283583983e-08,9.54014530735583e-06,1.26352495604866e-05,2.73519532952669e-07,4.9562396217592e-05,0.00181854469915331,0.0883914220967466,1.60701631655933e-12,0.00755868772955003,0.00471726211278084,2.43956320779158e-05,6.34091780014622e-05,1.3280105434377e-09,1.35407196416539e-14,1.8212259762296e-05,0.0038287322260437,0.0189710539386795,1.36930646117084e-06,4.27467608716516e-06,7.06460992943485e-07,6.75086277578794e-07,1.99737247242525e-05,4.48379065367344e-05,0.000739508674995662,0.00195884260083543,0.659830153886292,5.3214020928088e-05,0.000491111265721524,1.44328137505453e-06,0.0027541356511862,0.000415681717545149,9.56759663495959e-10,0.00215916196148048,0.000271049452731305,0.0057345509423282,1.4385175347177e-05,0.00247477633480881,0.000197632280903628,0.00202307765366983,1.08874879020719e-05,0.000261493925299021,0.000255625224578288,1.89782771791101e-05,5.19238057548427e-39,0.000374078970737343,6.13631306427849e-05,0.000618525804154474,0.00340071785870374,1.23832564922199e-05,7.32522428565611e-05,5.46545000478356e-09,4.29450035042616e-05,2.05098622689544e-10,0.000141313775724901,0.000184570526101099,0.00147080485741009,1.28432787401637e-08,3.92091798827566e-08,2.80667105434581e-08,6.64577427881224e-10,1.25122617433548,76.4788073487423,1.03524981587506e-05,46.3417158741726,28.7694830538145,2.69358848833336,1453.10216105271
435,4.97989163348271e-09,9.53921512003344e-05,0.000265406120578884,9.87259711709145e-06,2.87735951250467e-06,6.76865294239898e-06,1.07038355054735e-06,6.48858639687174e-06,0.000104793837486503,5.79159413703733e-38,0.00289272698610187,1.54752069011872e-06,4.10720566287831e-05,3.30822976398528e-05,1.49497948472296e-07,8.8227793421897e-06,9.79041877909226e-06,2.84881958421183e-07,4.85592866115031e-05,0.00178593534032683,0.0849764114232899,1.23423219617672e-12,0.00733429402946162,0.00456030166020408,2.29601581642262e-05,5.10752259682392e-05,1.20080765303456e-09,1.32242628833384e-13,1.35619069281247e-05,0.00375771236260814,0.018224174525712,8.0262741662852e-07,3.6433272854294e-06,1.14358643363091e-06,9.82536746506165e-07,1.91602231386686e-05,5.6254425863636e-05,0.000709563201814845,0.00187811928738227,0.647243139213085,5.16266722633506e-05,0.000656045417898738,1.14573134252877e-06,0.00271015873655665,0.000400755141799566,9.45575101810742e-10,0.00206314660620285,0.00025020801449237,0.00550654179920373,1.06035116150591e-05,0.0024281980185037,0.000183230077669643,0.00195634914342894,1.23492556921705e-05,0.000255647431565796,0.000250418314420783,2.30548931029887e-05,5.89686974587679e-38,0.000352570950757233,6.21085290985446e-05,0.000605656732892287,0.00338385397495056,1.13413251903824e-05,6.76012601300506e-05,5.72354716405573e-09,4.2503090583285e-05,2.84103242828135e-10,0.000129873015212012,0.000224473069204139,0.0017147581352749,1.28120194991781e-08,3.96273342177678e-08,2.86124669933594e-08,1.39612484538222e-09,1.19970731099441,74.8104201160509,1.65673958093992e-05,44.4336124176049,25.6663747374784,1.50672957886337,1282.78880430114
440,3.59712538885064e-09,8.89833925495045e-05,0.000239767588167106,9.26212171321511e-06,2.52149510102851e-06,6.0033897412523e-06,8.56935309858929e-07,5.14613139179069e-06,9.66563629612498e-05,2.27773733932829e-38,0.00235444102681222,1.3768212943287e-06,3.19616571479467e-05,2.58040217565374e-05,1.92829564886457e-07,7.07508096182142e-06,4.44859315058925e-06,2.43340006698048e-07,3.88856557293393e-05,0.00147346024359843,0.0686822803330968,1.26461156981062e-12,0.00598385495564278,0.00370837502319596,1.68503021928444e-05,3.25789453615332e-05,8.57148139144687e-10,4.45875733730098e-14,3.3369667172249e-06,0.00310215369531311,0.0147196128271517,1.51500329875456e-07,2.49290910370866e-06,1.3798706972235e-06,2.47903081640402e-06,1.53181791175293e-05,5.71048585087545e-05,0.000572493120124619,0.00151381589472393,0.53602053792828,4.16945553049039e-05,0.000703411810024383,6.29985453282211e-07,0.00223355839615696,0.000324874555724596,7.81903166838702e-10,0.00165680191272561,0.000185199497401959,0.00444452484309891,5.22162919834262e-06,0.00199123725667531,0.000141377508365148,0.0015904246248768,1.26536040907982e-05,0.000215097664601943,0.000211249563513653,1.9287602082282e-05,2.38710325023728e-38,0.000283119045883293,5.07136215773063e-05,0.000495949315474418,0.00284799879154283,8.03186892006252e-06,5.00225336187094e-05,4.9959133624914e-09,3.35634451983975e-05,3.10924674793462e-10,9.56734064252377e-05,0.000226017695363323,0.00157515266000871,1.06512841432182e-08,3.34298495377082e-08,2.44219032429449e-08,1.22511252581437e-09,0.967157208833376,61.8722361177389,1.83327380256586e-05,35.8206470334746,19.1168706429159,0.684611007652787,945.322459690155
445,3.35210926645046e-09,0.000104433143575119,0.000276357897272433,1.09485976311786e-05,2.79504714305984e-06,6.68249447764156e-06,8.54731908147083e-07,5.08535862899667e-06,0.000107886332975166,2.22394891248059e-38,0.00239759059982707,1.55280208932982e-06,3.14436907480146e-05,2.56758755472633e-05,2.79490880021914e-07,7.27000556935579e-06,6.558709478654e-08,2.54803267046251e-07,3.85667248901471e-05,0.00152088025152944,0.0695130882018856,3.76258616755261e-12,0.00611300860468636,0.00377754554507338,1.41742593197564e-05,2.38086239193765e-05,6.99146661888073e-10,6.62648448912172e-14,6.33772723780452e-06,0.00320684537183686,0.0148884476316438,4.2664319392735e-07,1.99949955947506e-06,1.93608740213835e-06,4.57938103405946e-06,1.52261253801725e-05,6.87846106012847e-05,0.000578491409062744,0.00152785038436608,0.557418480759294,4.18561441505681e-05,0.000903175077136818,2.97093354957535e-07,0.00229753070435872,0.000329817376130229,8.0598731490379e-10,0.00166555351789445,0.000164135993883467,0.00449130402615025,1.46518403528272e-06,0.00203473472175627,0.000135455433959539,0.00161889550161083,1.62077564384107e-05,0.000229625057694557,0.000224541589578232,1.7717501263807e-05,2.09400358534626e-38,0.000287411732067672,5.04845517661589e-05,0.00050633316547021,0.00300654521266978,6.40075081269184e-06,4.43210508377293e-05,5.44042127116095e-09,3.13594108337974e-05,4.01210834306037e-10,8.44553609271301e-05,0.000279658326475191,0.00175449857790115,1.09649319456283e-08,3.52561124240581e-08,2.61065238170116e-08,1.10506116602748e-09,0.97640079555932,64.3063726657741,2.26115817198266e-05,36.1630059001228,17.7277332010157,0.364986452270015,867.203059680958
450,3.32634686901672e-09,0.000124670006321089,0.000327708752926023,1.32930716519445e-05,3.20144582277549e-06,7.64703488935345e-06,8.8294643743347e-07,5.20477206882188e-06,0.000122093464822438,1.01178224507333e-38,0.00253592608703054,1.82619898313687e-06,3.24202870516107e-05,2.69614340845451e-05,3.92456421857756e-07,7.87649096194119e-06,5.0584719077093e-06,2.72293608860105e-07,3.97758824981086e-05,0.00163014106799331,0.0731244607430389,7.78593287770186e-12,0.00648972843807889,0.00400051726355886,1.11714650906352e-05,1.54126545729606e-05,5.01303392231906e-10,9.00081786960108e-15,1.70040456832502e-05,0.00344439593379509,0.015653034829751,1.12946413438493e-06,1.49533173900203e-06,2.67608885293487e-06,7.35015862718868e-06,1.56434841310594e-05,8.16336466849159e-05,0.000607661015383922,0.00160270814500926,0.603420925750389,4.34519759338008e-05,0.00115947847418185,6.77725930017131e-08,0.00245008664808916,0.00034804427456162,8.40727152471354e-10,0.00173989443477442,0.000145448585719443,0.00471666882220572,2.6309980018432e-06,0.00215282307348084,0.000134010103085806,0.00171262845165214,2.09331214712753e-05,0.000255940259621096,0.000247042585133105,1.51604290109051e-05,8.6487602948962e-39,0.000304951288618439,5.13873354549521e-05,0.000535504053859746,0.00329565517776843,4.58472688704791e-06,3.92710324158353e-05,6.12736564352167e-09,2.87555449076415e-05,5.10973634485661e-10,7.47317712206612e-05,0.000352358851566152,0.00200318642450537,1.16845816866668e-08,3.85216723507727e-08,2.89198016319107e-08,1.33990328333333e-09,1.0246357604759,69.5833060830827,2.69077783784892e-05,37.949491347985,17.0119549629869,0.175034469800514,823.086812976837
455,3.81656896991714e-09,0.000163734547968857,0.000430723911296906,1.79578194630087e-05,4.10004464077257e-06,9.75441834016685e-06,1.03173439989202e-06,6.02586404920932e-06,0.000153754691058289,1.28815455433355e-38,0.00303901606090437,2.42725323480191e-06,3.81476139562753e-05,3.24541438855805e-05,5.93269482478506e-07,9.7372401735495e-06,1.22138440098011e-05,3.24708676227715e-07,4.6907295322167e-05,0.00197899366314178,0.0871985915948764,2.20372922036583e-12,0.00780809476502665,0.00480332674932555,8.78660999914278e-06,7.27601551044395e-06,3.16530458533835e-10,2.24167877568927e-14,3.10305345907343e-05,0.00419134230183656,0.0186557124276743,2.22824327635577e-06,1.00550305484208e-06,4.02081865108376e-06,1.21553610589336e-05,1.81465520458044e-05,0.000104763253981199,0.000723645984964368,0.00190578744247395,0.740849874088362,5.09812397222542e-05,0.00163310825283013,5.48570915293745e-07,0.00295634592765694,0.000416349572566404,9.68666016674741e-10,0.00205997845276074,0.000142028958930605,0.00561443989683504,7.99985084449192e-06,0.00257503772571888,0.000149582530909965,0.00205369682041899,2.95415345652785e-05,0.000322799085965314,0.000305384215439644,1.32430525499168e-05,1.46928807433475e-38,0.000367482450989727,5.88245565619398e-05,0.00064051086070032,0.00408556885353225,2.91797976699861e-06,3.83586945032621e-05,7.80119468998631e-09,2.84047135783826e-05,7.04280931238544e-10,7.3189304120522e-05,0.0004937165522776,0.00258505134530594,1.40635002268483e-08,4.77275944124877e-08,3.62890062121127e-08,2.36327846827406e-09,1.21897105147597,85.354752330182,3.44196670090496e-05,45.1471045009236,18.4499608772641,0.0587589516717988,882.714852686101
460,3.93974140054226e-09,0.000184576342729079,0.000488202140884509,2.10598558329665e-05,4.57122640770917e-06,1.08122181100286e-05,1.06670172130799e-06,6.17284692437878e-06,0.000169077569475351,5.49384272426161e-38,0.00322379526592481,2.83792430277139e-06,3.99434874450807e-05,3.48412729176517e-05,7.63516973760668e-07,1.06647566298783e-05,1.91027973658367e-05,3.3825806226357e-07,4.96930686156266e-05,0.00212588849610215,0.092069640195846,5.49904218795183e-11,0.00831603567232447,0.00510712836529521,5.03744111877023e-06,3.39057193400359e-06,1.06258391652134e-10,3.10580567510167e-13,4.12026984361124e-05,0.00451307051993422,0.0196874402208315,3.34396607528748e-06,1.99217674846272e-07,5.17491540735558e-06,1.67529960273226e-05,1.85918761319759e-05,0.000114502758158006,0.000763102961335486,0.00200654182381729,0.805170833916249,5.29094504191849e-05,0.00198181362609155,1.0793972814489e-06,0.0031551737356289,0.000441003471113398,1.06198700101941e-09,0.0021592158253325,0.000121021262243086,0.00591706669290617,1.32091711203132e-05,0.00272282638396485,0.000147418776795435,0.00218057551865217,3.56273029253799e-05,0.000358369217756191,0.000330718717726702,9.16541138749826e-06,5.30240324187578e-38,0.000391662776383163,5.96088506492184e-05,0.000677430551922738,0.00447232674256326,7.15134699847449e-07,3.27118950897128e-05,8.80796440213862e-09,2.39688589290687e-05,8.42221225130729e-10,6.28872748582893e-05,0.000603626690022662,0.00296412212473247,1.45980625071338e-08,5.26297171501849e-08,4.05632075892004e-08,6.26681403636338e-10,1.28410051954487,92.5938173067425,3.73824783174138e-05,47.5593158179651,17.6885788798408,0.0318579734585877,836.673434278851
465,5.56672927615706e-09,0.000273199223958456,0.000728811463918045,3.28092038012266e-05,6.7752748645129e-06,1.59131683061365e-05,1.49338497134795e-06,8.56281091542318e-06,0.000249030758263164,8.6722359815721e-38,0.00462786039298256,4.45594633320714e-06,5.67916664220113e-05,5.08151055209493e-05,1.29119201451994e-06,1.57512499499822e-05,3.53106976212897e-05,4.71287177493243e-07,7.25495058714332e-05,0.0030893259629311,0.131560010194554,8.73744287767127e-11,0.0119838684200263,0.00734946537668609,2.23853635662526e-06,1.96178498068053e-05,1.432560748407e-10,4.52897833647474e-13,6.55571166044145e-05,0.00657238775623377,0.0281164572994299,6.27184000768747e-06,9.946388917996e-07,8.78727912668428e-06,2.99845927343119e-05,2.57481684401901e-05,0.000164252650160513,0.001089063554909,0.00285895150817791,1.18333836231636,7.43861611343905e-05,0.00318103185487055,2.25612825585579e-06,0.00455572766496917,0.000632156053328789,1.4752512994476e-09,0.00306232888155275,0.000139403538748553,0.00843876518575841,2.48612762154415e-05,0.00389420888081681,0.000196449651835693,0.00313355582792623,5.62920286234249e-05,0.000533989710635601,0.000479099494547752,7.55452675187035e-06,8.40860542728305e-38,0.00056296177711768,8.23382467854017e-05,0.000969275179628782,0.00660913217131538,1.761457258452e-06,3.77337937999316e-05,1.34158801209994e-08,2.69684984313487e-05,1.32243395192042e-09,7.34445492307411e-05,0.000990539847995677,0.00463162061328954,2.06640097078581e-08,7.85634769273249e-08,6.11666861234135e-08,1.00240533549134e-09,1.83067535531179,135.6420838804,5.29664938021374e-05,67.8028554640858,22.9455927906029,0.122166168985304,1072.76898180663
470,4.72966074174481e-09,0.00023470481688777,0.000633020518907906,3.00568745217569e-05,5.89770449974499e-06,1.37414052786902e-05,1.25229188067663e-06,7.11489378969717e-06,0.000217663287243746,4.94295329160544e-38,0.00397264366350641,4.15270298840949e-06,4.83720735230773e-05,4.43684349185129e-05,1.27789672629971e-06,1.38225992005412e-05,3.60801328415077e-05,3.88560260875747e-07,6.46030951816382e-05,0.00268382270698571,0.112391937396579,5.76672025650676e-11,0.0103234380436417,0.00632401050854129,1.51934092010462e-06,2.85289510350992e-05,3.42592239646428e-10,3.03663538697095e-13,5.64184016394908e-05,0.00571956670947751,0.0240058830303917,6.70226146209647e-06,1.98085524284044e-06,8.75664401998162e-06,3.11763689172734e-05,2.13196760921441e-05,0.000137562922525649,0.000929221843449157,0.00243521289660035,1.03863822037727,6.2719308376143e-05,0.00299422107602149,2.53065836714049e-06,0.00393452018359966,0.000541773514314809,1.19590768593576e-09,0.00259596316552461,9.68569403903703e-05,0.00719483089261978,2.54565299828558e-05,0.00333141324315279,0.000156712934724671,0.0026926096393433,5.16193077016238e-05,0.000471180462443227,0.000409677926506056,3.28771153345608e-06,4.7342754036021e-38,0.000481250246477565,6.89921026387977e-05,0.000829683038830314,0.00582932178064892,3.46466085523314e-06,2.62703098740607e-05,1.22251923159298e-08,1.82326029283023e-05,1.22040539892442e-09,5.19976049162699e-05,0.000969959319832425,0.00436395377041637,1.74374598568104e-08,7.03772330522576e-08,5.52664778274536e-08,1.64159968180947e-09,1.56031987980395,118.457471734481,4.32950530792893e-05,57.7896906890186,17.8172840639657,0.13834847039832,823.206901603765
475,6.42023681845676e-09,0.000312482363290803,0.000854144926927442,4.33597641618884e-05,8.05802564061538e-06,1.86047226700954e-05,1.68286021764263e-06,9.47438728617888e-06,0.000302420074900905,4.7586893162379e-38,0.00545066258301543,6.14604438178342e-06,6.58930093861797e-05,6.1875190107889e-05,1.99066664123473e-06,1.92302552458212e-05,5.59217043332745e-05,5.07133888575843e-07,9.37852330513665e-05,0.00372601187763949,0.153399298391873,7.18736867700166e-11,0.0142076152883763,0.0086953237184465,6.04169972185203e-06,5.40166174497468e-05,7.24945273521574e-10,4.14458836499202e-13,6.96319214470471e-05,0.00794974734331379,0.032743186862189,1.10921934229862e-05,4.30802448238606e-06,1.37623779608619e-05,5.07600354468251e-05,2.82331886074162e-05,0.000180623411969636,0.00126658158680851,0.00331350772341996,1.4546953373697,8.49308626471272e-05,0.00442906891420024,4.26605978386357e-06,0.00543536365865372,0.000741848137407155,1.55536337089883e-09,0.00351440124849471,0.000109028546299801,0.00979918125301634,3.90566923125207e-05,0.00455985537993864,0.000200445486712772,0.00369738128329231,7.35348873199741e-05,0.000657463924442891,0.000551722884745437,2.60924318837105e-06,4.50682710311681e-38,0.000652883115927713,9.43244459574722e-05,0.00113651161430813,0.00820919390007207,7.04448883124499e-06,2.96524582351851e-05,1.78311132636372e-08,2.00382828022372e-05,1.78585675054665e-09,5.99494033493677e-05,0.00152216513092562,0.0066294041023982,2.33626790459104e-08,1.01163040522969e-07,8.00259617591058e-08,2.76633171384646e-09,2.12448824838184,164.712617075828,5.43700534880028e-05,78.6848548014166,22.1635950267896,0.206528672585171,1011.83344722784
480,5.1096314136229e-09,0.000236970804637483,0.000658536313138605,3.63949113793973e-05,6.37073117736277e-06,1.45544214303024e-05,1.33811354889884e-06,7.46557608056909e-06,0.000246841209398722,1.63308741936007e-35,0.00440937448309633,5.33545088859757e-06,5.29139707608352e-05,5.07859691492097e-05,1.80874177164693e-06,1.56276575288154e-05,4.92020912672105e-05,3.86241137779073e-07,8.17831914011985e-05,0.00304992301060176,0.123355029164623,2.93646998293143e-11,0.0115218226782831,0.00704604452968216,7.74285063049514e-06,5.49580251062513e-05,7.8157489092295e-10,7.56065947642362e-13,4.31721110710774e-05,0.00651001349957898,0.0263102127131267,1.05949574196792e-05,4.81771491535117e-06,1.26369017074472e-05,4.80248515329175e-05,2.20744780655493e-05,0.00013747772694503,0.00101704146235415,0.00265580978721613,1.19896663084565,6.82617316389587e-05,0.00380518203084352,4.07802175738619e-06,0.00443276214981324,0.000598565473664001,1.18300662342979e-09,0.00280154410027512,7.34308753964527e-05,0.00786200310312832,3.35606560927962e-05,0.00368622273544162,0.000151984086287355,0.00299241038738718,6.00331314628723e-05,0.000534737351254615,0.000430727551384396,2.73342118294847e-06,1.63291871340844e-35,0.000517644414502265,7.79873135356594e-05,0.000919700749815837,0.00681598317229036,7.38300715118709e-06,2.00435601463557e-05,1.538083776161e-08,1.3254725667911e-05,1.5260697816021e-09,4.15937818955957e-05,0.00141655399053859,0.00598873939678125,1.83352128171032e-08,8.61787528494336e-08,6.86341446908715e-08,4.43207001814741e-09,1.70400748508142,134.419360421577,3.82968956191837e-05,63.1114863185203,16.3137237654988,0.164001207940117,735.878100320251
485,4.97327402321295e-09,0.000195902254709947,0.000553840409643546,3.36589249936175e-05,5.54444688560635e-06,1.25052639950986e-05,1.17868660886986e-06,6.51753748067021e-06,0.000224128463310641,3.90603939451627e-41,0.00394298398541977,5.10792927184556e-06,4.71257819108344e-05,4.59648015793168e-05,1.79922515728289e-06,1.40190566270108e-05,4.73614392045542e-05,3.36135856980427e-07,7.91341772286127e-05,0.00275940693042465,0.109592389414226,1.26599936124651e-11,0.0103245323189821,0.00630971888088653,9.36536249185682e-06,5.89280516146777e-05,8.51819992718358e-10,7.50474669990195e-16,2.58124841258758e-05,0.0058900275947627,0.0233549379743963,1.10108076922667e-05,5.56292650578671e-06,1.27192250747218e-05,4.96359245229188e-05,1.90574488570709e-05,0.000114854159434738,0.000902184166612249,0.00235131238155768,1.09121841925528,6.09204602635449e-05,0.00357836567338093,4.13668076284446e-06,0.00399937609337628,0.00053367275764925,9.99146078925972e-10,0.00246570142233354,5.5220710285173e-05,0.00696764481794197,3.14450698984436e-05,0.00329733873432378,0.000127585467101777,0.00267640145012259,5.36490780723893e-05,0.0004773398907125,0.00036840875404289,4.09472191480543e-06,1.49784301997851e-39,0.000450909948130216,7.19250054862835e-05,0.000823281111279799,0.00626639430954646,8.04020344159084e-06,1.51475619495147e-05,1.465428027191e-08,9.84497447221295e-06,1.41842963566562e-09,3.24498689613414e-05,0.0014574609062266,0.00600323763178102,1.63321734695597e-08,8.12841245154276e-08,6.48946292624489e-08,4.84592790709079e-09,1.50980037553108,120.887133240234,3.05829132162823e-05,55.9186327501846,13.3017390566081,0.13893775555375,592.796046491034
490,4.69186614207243e-09,0.000141047703933746,0.000404755541592042,2.69729064866946e-05,4.19908495983521e-06,9.33384005740319e-06,8.95870504250721e-07,4.91012455337927e-06,0.000177286767125282,9.91461929367051e-41,0.00304167494134076,4.21002753285885e-06,3.64630701926529e-05,3.58613563209391e-05,1.5251185814962e-06,1.09227989514825e-05,3.95099379365028e-05,2.53444490640132e-07,6.5423658906747e-05,0.00215317837795498,0.0839828285392468,1.05985289542417e-11,0.00798027941155124,0.00487468119555139,9.06578898545697e-06,5.29662449200833e-05,7.70428544765057e-10,3.1782162994905e-15,1.25050759666067e-05,0.00459614142190698,0.017881321105949,9.73100894019376e-06,5.30695584814629e-06,1.09268131997882e-05,4.37225804709935e-05,1.41427517608822e-05,8.30021408411992e-05,0.000690285924356107,0.00179537833537939,0.856744123970447,4.69260014156507e-05,0.00288819339826027,3.53578100459368e-06,0.00311271568364064,0.000410470264832407,7.61424246325891e-10,0.00187082391655416,3.59601960566806e-05,0.00532562136781817,2.57612444246755e-05,0.00254376321631094,9.20431844361859e-05,0.00206497455512349,4.16681976272367e-05,0.000366938467721164,0.000272105723308543,4.43367975952971e-06,1.19129562628822e-39,0.000338119626879723,5.67879721744979e-05,0.000635127299505051,0.00497515617073374,7.25062957446551e-06,9.92852795688001e-06,1.20355298001821e-08,6.36017458798006e-06,1.11026327649702e-09,2.20993650783369e-05,0.00128878294656943,0.00516675435990459,1.24955888601373e-08,6.6193017142831e-08,5.29142768159818e-08,4.17112118067542e-09,1.15379294551956,93.6908268948955,2.23241914908173e-05,42.7331597902679,9.35344002473365,0.102474056937737,411.720649891421
495,5.88677508413809e-09,0.000134128151044392,0.000390069162632726,2.840409740976e-05,4.1911687825863e-06,9.17599535603568e-06,8.92725285730748e-07,4.85024828441493e-06,0.000184396901156426,1.90398941759105e-41,0.00307545258496209,4.53202791454174e-06,3.72327494504178e-05,3.67363954940862e-05,1.6725603502928e-06,1.12255959028467e-05,4.31288340222407e-05,2.51055496374202e-07,7.02644983248511e-05,0.00220181906314218,0.0843468372055452,1.07269315278832e-11,0.0080844440660555,0.00493689684571086,1.09272123438239e-05,6.10367400713386e-05,8.82192661120242e-10,1.88726093519474e-15,6.58214337951291e-06,0.00470006200315061,0.017942052572081,1.11285886088807e-05,6.42631864237068e-06,1.21724715265469e-05,4.99069217096078e-05,1.37134043244129e-05,7.88412662885587e-05,0.000692179587533981,0.00179647440761859,0.881676075008115,4.73652299997623e-05,0.00304215166622914,3.92883007812129e-06,0.00317513930268086,0.000413795290214935,7.66116359603568e-10,0.00185950829323162,3.08528282021551e-05,0.00533442796856741,2.78074406582574e-05,0.00257134214556191,8.67232301086561e-05,0.00208843750241283,4.25976201835845e-05,0.000369352030468603,0.00026385046658145,5.68375396457029e-06,1.05408030006584e-39,0.000331702177479064,5.84406498354177e-05,0.000641653611337717,0.00517382491932977,8.28399380236321e-06,8.58649730541968e-06,1.28885476681546e-08,5.43128247218371e-06,1.1152031735797e-09,1.99653278157421e-05,0.00149174838216623,0.00578048634546679,1.25784068916964e-08,7.03725921225219e-08,5.62528168370991e-08,3.95663756109991e-09,1.15552200958137,95.0891214731619,2.17511103714048e-05,42.7972110455706,8.61753922205133,0.0996863034204707,374.562822029337
500,9.97748700046632e-09,0.000178005902600651,0.000524024833980535,4.1524385504674e-05,5.81890786786074e-06,1.25511625938967e-05,1.23419296089937e-06,6.6474200611219e-06,0.000265585332193758,1.78456040891177e-45,0.00431281993865741,6.73696020923157e-06,5.30698438960192e-05,5.23837182308966e-05,2.51127138830542e-06,1.60952762509159e-05,6.49772248824153e-05,3.45797204334016e-07,0.000103815565361645,0.00312245986438974,0.117483205137877,1.43722662451747e-11,0.0113587451011616,0.00693603104986259,1.7630967890301e-05,9.58349427348092e-05,1.36344543709658e-09,7.13251614039478e-15,1.65764026054661e-06,0.00666527754220398,0.024966646360687,1.7451468291964e-05,1.05271389933476e-05,1.86159357854862e-05,7.81814207504924e-05,1.83920133157617e-05,0.000104129318331485,0.000962549393871516,0.00249270757228657,1.25848114410413,6.62486340811706e-05,0.00442742178548466,6.02542819463843e-06,0.00449147365611852,0.000578524004695629,1.07524136183788e-09,0.00256233730880902,3.69320175809851e-05,0.00740995824298514,4.15954979427559e-05,0.00360355164320477,0.000112959015521782,0.00292990934188144,6.04859963598245e-05,0.000515507556905432,0.000355681466064149,9.42946518847073e-06,1.4650502567891e-39,0.000450608304699717,8.30750975646089e-05,0.000898401564176754,0.00744956244296239,1.27792095146029e-05,1.03750919669642e-05,1.90350671351066e-08,6.49120113870006e-06,1.52221033073003e-09,2.53054635763297e-05,0.00239412808001769,0.00888318800102932,1.76262106748138e-08,1.03254449529511e-07,8.24912379075628e-08,5.58124279083943e-09,1.60483834476579,133.744087350822,2.96056162869415e-05,59.4386125139858,11.0068155819212,0.135105684191957,472.2500745061
505,1.14764346659618e-08,0.000167042264038222,0.000497340683626832,4.2688518929548e-05,5.68848614595551e-06,1.20986777589654e-05,1.20070717401561e-06,6.41126724680463e-06,0.000267749414079941,6.75687379699563e-41,0.00425445678573229,7.01044373518303e-06,5.35290953761431e-05,5.2808469626539e-05,2.61847946229147e-06,1.63222645375981e-05,6.84297061178521e-05,3.35957991912605e-07,0.000107106272234701,0.00311477357029755,0.115106223924657,1.18994932598564e-11,0.0112266110046278,0.00685679214205037,1.95075314425444e-05,0.000104295726202354,1.44851558951636e-09,1.0659269785634e-14,5.69344696361377e-06,0.00664863757711731,0.0244373872969038,1.90549887491316e-05,1.18885633824273e-05,1.98342276545866e-05,8.53218567537175e-05,1.73133737725951e-05,9.69384774058121e-05,0.000941515152571865,0.00243276534830884,1.26372018357626,6.50859277499073e-05,0.00451773590686657,6.47718389798415e-06,0.00446860826504113,0.000568918604072578,1.06824975140741e-09,0.00248299851797064,3.12636443595372e-05,0.00724031888826089,4.35524753713282e-05,0.00355086813852222,0.000103204400227127,0.0028921410039571,6.03719488526385e-05,0.000506330554027097,0.000338315405928274,1.0416842228048e-05,1.34232310446861e-39,0.000430044492657466,8.28271492780734e-05,0.000884295771459752,0.00752795657369135,1.35674101520955e-05,8.87723023967646e-06,1.9665984497395e-08,5.50139048091051e-06,1.42996363769547e-09,2.27815162407559e-05,0.00270340259737796,0.0095073081781964,1.74277941140793e-08,1.06030998680812e-07,8.46512263970076e-08,5.44014476071139e-09,1.56774299910791,132.234649849979,2.84363519522125e-05,58.0647243998064,9.88433001396888,0.129251983736155,418.470919055551
510,1.34445043634865e-08,0.000165998139297027,0.000499468992272503,4.62081974560779e-05,5.85986197361752e-06,1.2304938700505e-05,1.23206230173101e-06,6.52193959483779e-06,0.000282483379174552,2.83949547446634e-41,0.00442473493538056,7.65049528066994e-06,5.72350835727217e-05,5.64619442670767e-05,2.84144145241343e-06,1.75382378652677e-05,7.54684578926976e-05,3.45074039320068e-07,0.000115719080874827,0.0032758537296316,0.118899692250682,1.97835009245022e-11,0.0116990349470227,0.00714896025669704,2.22816677171107e-05,0.000118161056423517,1.59534868706539e-09,2.75166112463636e-14,1.39803282484961e-05,0.00699191203447128,0.0252175212688771,2.17316085182683e-05,1.39177744556188e-05,2.20742201814652e-05,9.72856588666381e-05,1.71557167818423e-05,9.52645013044982e-05,0.00097089590459754,0.00250298007235276,1.33802006404213,6.72777724122005e-05,0.00484613397412007,7.31865499449057e-06,0.00468623663130587,0.000589775350565494,1.11915044936137e-09,0.00253633398035343,2.80431454063114e-05,0.00745888241992203,4.77131012767817e-05,0.00368699725610784,9.91774618180611e-05,0.00301077279295609,6.33761566898152e-05,0.000524820830035261,0.000340517693791505,1.15616450697176e-05,1.40379012742126e-39,0.000432229929019963,8.68709357509806e-05,0.000917189305103702,0.00799908530892954,1.49218837509172e-05,8.05766093321951e-06,2.12540909372874e-08,4.95215291917774e-06,1.37468305820124e-09,2.17917254414579e-05,0.00321929976636542,0.0106225706199464,1.82740786694938e-08,1.1395314909074e-07,9.09519618450929e-08,6.24178538432443e-09,1.61455335516834,137.756646756172,2.88571521400791e-05,59.7984644078588,9.35258180253979,0.130733489420141,390.545868256785
515,1.10716883833436e-08,0.00012001283064129,0.000364658685131072,3.61752384677416e-05,4.36722546240049e-06,9.06815300164555e-06,9.16576976233952e-07,4.80993861017083e-06,0.00021397014166401,1.24489001874584e-40,0.00333478134227062,6.01604732516764e-06,4.45666356237439e-05,4.40295014005527e-05,2.20491023354299e-06,1.37176381114168e-05,5.99162752677871e-05,2.57567006762387e-07,9.0041146412116e-05,0.0024968342821579,0.0890043654313159,1.5778922668173e-11,0.00883538874991009,0.00540358698149998,1.81371901451847e-05,9.59406666260144e-05,1.24973966694947e-09,1.48415797247074e-14,1.72579647538424e-05,0.00532846940473469,0.0188580478621019,1.78058297516985e-05,1.16362699456159e-05,1.76443602498294e-05,7.97030403639672e-05,1.23092303762377e-05,6.78686334304945e-05,0.000725515693231162,0.00186612321128098,1.02675833875207,5.02638349979028e-05,0.00375749362556762,5.97652041121975e-06,0.00356043939526304,0.00044298677964909,8.570555284245e-10,0.00187743480122742,1.82983302358378e-05,0.00556893716376144,3.75284924358641e-05,0.00277264821336023,6.89457598434779e-05,0.00227214681969929,4.80342829486833e-05,0.000394771211790708,0.000249409075201992,8.86433503389369e-06,1.18188553860492e-39,0.000314520517257373,6.59118322721555e-05,0.000689084392622452,0.00614229461330349,1.16920161111498e-05,5.32605597386072e-06,1.65752258369423e-08,3.25074063885404e-06,9.32727167192842e-10,1.51915381838611e-05,0.00277873025762703,0.00851957111014717,1.38892293017795e-08,8.84035043047267e-08,7.05407027459178e-08,6.02506207133e-09,1.20490939291781,103.941906970809,2.12648104078331e-05,44.6264307241647,6.40837423829914,0.096062476398325,263.813484243131
520,1.32765747994219e-08,0.000130155001397724,0.000399049339142658,4.22265757409466e-05,4.85258471984491e-06,9.98061701512154e-06,1.01966878422575e-06,5.30438747158359e-06,0.00023959966497238,1.06271069071186e-40,0.00375644237669654,7.02819090730025e-06,5.20937532655015e-05,5.16525149145865e-05,2.5219254718862e-06,1.61000044482406e-05,7.0652837165344e-05,2.88122209870732e-07,0.000104111338195824,0.00284468875695114,0.0995855055038941,1.7324363723493e-11,0.00997429019415896,0.00610744311648729,2.17440979261701e-05,0.000115278856861874,1.43908819615013e-09,1.61070846067093e-13,2.79994159241441e-05,0.00606961077969457,0.0210788764402783,2.16297173968064e-05,1.43543413009032e-05,2.08958672197844e-05,9.68086373065213e-05,1.32025221716297e-05,7.22231443893553e-05,0.000810313637945081,0.00207952001380996,1.17779198076797,5.59466314806998e-05,0.00434456627069102,7.27688893901304e-06,0.00404190408479019,0.000497206600674149,9.86787189813132e-10,0.00207735154582425,1.79018162262336e-05,0.00621553944994214,4.3659729218076e-05,0.00311433974241346,7.15658510805298e-05,0.00256399030636043,5.41599329964584e-05,0.000444624956748202,0.000274285786071744,9.63318496277665e-06,1.06501749972621e-39,0.000341786071041439,7.4638257605872e-05,0.000773509197190662,0.0070293492227818,1.34763328068088e-05,5.28238692065448e-06,1.92589737082008e-08,3.2061018052905e-06,9.2694754416728e-10,1.5881327457306e-05,0.00358493398650759,0.0101201483201425,1.57519557303121e-08,1.02186744340079e-07,8.1502605185297e-08,5.13983246466972e-09,1.34396319630454,117.167627264272,2.34688942883868e-05,49.7766048730257,6.55751435223475,0.105744904957002,265.979667452144
525,1.29414362388529e-08,0.000117740143980439,0.000363920918809654,4.08611694375014e-05,4.46774056975422e-06,9.11906922031006e-06,9.4343368251267e-07,4.86478712845012e-06,0.000220220208181309,4.98898482837886e-41,0.00351727020395943,6.78137245800959e-06,5.08083220410349e-05,5.06822055586002e-05,2.36248738597432e-06,1.5760696524255e-05,6.88513708664372e-05,2.68565323631506e-07,9.951864715598e-05,0.00269444015168414,0.0926272993898003,1.07519781106919e-11,0.00936101716674341,0.00574106792513354,2.13222770478191e-05,0.000114099750596236,1.3727787649079e-09,4.19596204708523e-14,3.53295192753802e-05,0.00574746535648057,0.0195867602206976,2.1674138238037e-05,1.45482555541192e-05,2.03940028719229e-05,9.69860002748414e-05,1.17859480213644e-05,6.37813510754839e-05,0.000752303848044835,0.00192636547312449,1.12321093087673,5.15648291780784e-05,0.00416713159563917,7.34825640433599e-06,0.00381281596580333,0.000463763627771456,9.25653616907345e-10,0.00191117909059386,1.45927090092e-05,0.00576789903544097,4.17447971358931e-05,0.00290569755137492,6.17473123547985e-05,0.00240622774817966,5.04831815337768e-05,0.000417133899174796,0.000251960802728703,8.14095161357468e-06,1.02535604316131e-39,0.00030849854366974,7.01677867785057e-05,0.000721539522505073,0.00666774243310783,1.27681300137316e-05,4.36773723936911e-06,1.83773825834517e-08,2.64088664973906e-06,7.03495180941628e-10,1.38224088264272e-05,0.00384372705614318,0.00990559889572708,1.5089379419204e-08,9.70309963134725e-08,7.74825358361345e-08,4.26790986649935e-10,1.2461098769935,109.745797368386,2.15762950894226e-05,46.1524078680299,5.57236396401352,0.0969769973954921,222.545128457576
530,1.2871957329626e-08,0.000111172266747529,0.000346058566927827,4.10125169202932e-05,4.26292912159533e-06,8.65174993616601e-06,9.08530024224739e-07,4.64337103090354e-06,0.00020750134513172,1.66423847614606e-41,0.00342574714345465,6.76035095305683e-06,5.17110216789585e-05,5.20174732635524e-05,2.26537996463713e-06,1.60938560952249e-05,6.94244604683874e-05,2.60999036878899e-07,9.84371623692717e-05,0.00265527120487752,0.0896302105762375,1.41177129235863e-11,0.00914034897507148,0.00561706423705203,2.14776599428879e-05,0.000116490683454155,1.3329901855786e-09,3.84266218082006e-14,4.44761241035619e-05,0.0056619180460227,0.0189348144987682,2.24282643683209e-05,1.51741701522749e-05,2.05291646127149e-05,0.000100320203070724,1.09725425055723e-05,5.84335616047513e-05,0.000726573601368012,0.00185648371166911,1.11443147793564,4.92177385951397e-05,0.00415015202129168,7.70230507950175e-06,0.00373997545166685,0.000449833979864086,9.15711649809999e-10,0.00182983395881906,1.23933796963838e-05,0.00556960075973907,4.10159586045676e-05,0.00281788021480031,5.5485050202373e-05,0.00235031198967531,4.86455106754527e-05,0.000408025705901485,0.000241984284757432,6.48737471753764e-06,1.04889046434397e-39,0.000289447345443204,6.85392249068901e-05,0.000699981530553773,0.00656027769975155,1.24013885442016e-05,3.76386034640123e-06,1.82167883645501e-08,2.27146241393619e-06,5.189719442546e-10,1.25124508467952e-05,0.00428498881434034,0.0100004884697818,1.49380493068184e-08,9.57594009146436e-08,7.65137884854603e-08,1.3692488957961e-09,1.20192457955587,106.896905299647,2.06800468265889e-05,44.5159215938255,4.92021696815787,0.0927219862188861,193.32590024352
535,1.25073478684719e-08,0.000104662204757353,0.000327721949789476,4.07822138852692e-05,4.02459095226357e-06,8.1386794875074e-06,8.69869735721177e-07,4.40608400130431e-06,0.000190978946541013,1.68503878061706e-41,0.00331535836835659,6.64902289460214e-06,5.24260206545161e-05,5.32938453708184e-05,2.12048454150485e-06,1.63645081672308e-05,6.92227257300049e-05,2.52514911311063e-07,9.62561289768356e-05,0.0026006150392948,0.0861908281254165,2.3317852141032e-11,0.008869895855922,0.00546436100480255,2.12132497960233e-05,0.000117240966104608,1.26650366631521e-09,1.49152879986646e-14,5.40186089798931e-05,0.00554293479013306,0.018191390883586,2.29017738767003e-05,1.55702688885763e-05,2.03622297032803e-05,0.000102373344984416,1.01898790903489e-05,5.29921301628282e-05,0.000697315455911051,0.00177806891001306,1.09889084351108,4.64420753474283e-05,0.00410027333348855,8.00506382210703e-06,0.00364371897957952,0.00043340259597927,9.04943304098015e-10,0.00174187615306459,1.04680945300749e-05,0.00534608336289837,3.95161475269686e-05,0.00271306443871979,4.96787738960226e-05,0.00228250751496187,4.62519572580128e-05,0.000397566427180905,0.00023213787383455,4.28554356700451e-06,1.00450235130201e-39,0.000269682488155889,6.64538406547421e-05,0.00067465659109016,0.00639505874010751,1.18193267658542e-05,3.22618240674473e-06,1.78702732919655e-08,1.94756005884026e-06,3.19046334367675e-10,1.12393500558125e-05,0.00474302346080201,0.00994919338199265,1.46948753357643e-08,9.35575709416085e-08,7.48160263134345e-08,5.08713791993867e-09,1.15204769290396,103.437000117585,1.97404427514782e-05,42.6686332205346,4.31124738861029,0.0882917540505477,166.505962524888
540,1.24068696027755e-08,0.000102514950116218,0.000322478099672288,4.19205144183739e-05,3.92089134188409e-06,7.91795737880548e-06,8.64023851559192e-07,4.33703181390151e-06,0.00017852172817819,1.92688101936451e-35,0.00332661348900612,6.73021917485631e-06,5.52058693481784e-05,5.68103460571848e-05,2.01723601378917e-06,1.72772895084778e-05,7.1250658357975e-05,2.53520790261103e-07,9.70998481426879e-05,0.00264152580418049,0.0859495608153406,1.26243615774015e-11,0.00892632633922457,0.00551539227638108,2.14479016609047e-05,0.000121411785858081,1.23794735405675e-09,1.37092239840933e-15,6.65131428943415e-05,0.00562712953127215,0.0181245124799141,2.4087047292835e-05,1.64105256316578e-05,2.07687045266484e-05,0.000107575052494409,9.86257991903416e-06,4.9580039661313e-05,0.000693947078056701,0.00176605706891415,1.12367187427423,4.51776814998887e-05,0.00419398009450283,8.60544723357486e-06,0.0036790079101948,0.000432783787416191,9.16589087910474e-10,0.00172051479701443,9.16979492704311e-06,0.00532296336359409,3.88951667706008e-05,0.00270586221813177,4.63391175156631e-05,0.00229979417315899,4.52341878469632e-05,0.000402689330959888,0.000232138570464103,1.69059836389451e-06,1.92678487391368e-35,0.000260408228670506,6.67455852779871e-05,0.000674154137098139,0.00644461684462223,1.15347951398862e-05,2.86735738478291e-06,1.80875881697255e-08,1.73586446501945e-06,1.39921045688774e-10,1.04375759722352e-05,0.00543775425537204,0.0101783578131986,1.49639181379274e-08,9.43367111330301e-08,7.54794616266876e-08,3.57753000859156e-09,1.14504603686614,103.75804617318,1.95755498752951e-05,42.4093225038912,3.91091564520001,0.0873649855439676,148.299850867507
545,1.56881761556115e-08,0.000199735820695721,0.00054695833372248,4.48684500225495e-05,4.89114635336363e-06,9.87691483900417e-06,7.4861730199222e-07,3.72746730261933e-06,0.000110292991311308,2.60432199325604e-39,0.00309136558316625,6.16345493969934e-06,5.81300816945558e-05,5.86761657111917e-05,1.65563556705978e-06,1.88419637966738e-05,8.99620243946386e-05,2.98594783326001e-07,5.63641928855875e-05,0.00245958757286527,0.0807921806577259,9.10972903098735e-12,0.0083610692205643,0.00520799504186584,1.93340573418979e-05,0.00010960202199336,1.05447410077969e-09,1.15464909784584e-15,5.34527615960558e-06,0.00527487090283601,0.0170618248766874,2.23222785969701e-05,1.52119514389956e-05,1.85544238590923e-05,9.98264507842248e-05,8.09539000850839e-06,6.25859167239734e-05,0.000653699489573534,0.00166332298396121,1.08058391245246,3.45876077478011e-05,0.00415151472392283,1.9437882323275e-05,0.00333399146712043,0.000404746054938164,9.56600081272159e-10,0.00163194894166634,7.13790170788313e-06,0.00501293136824586,4.47626565474057e-05,0.00238844582830559,3.90978474267982e-05,0.002163662267512,5.28647442098883e-05,0.00042528971810937,0.000299923011591592,2.55169777705627e-05,9.43740549608295e-39,0.000283651490841168,3.08988321406131e-05,0.000591673300272367,0.00612541249407308,9.84003204933555e-06,2.26289484206689e-06,1.60180029945268e-08,1.3744132053363e-06,4.46208919341041e-11,8.55279226495348e-06,0.00540394654371137,0.00827340877300295,1.55945150354845e-08,8.37047535477104e-08,6.6835713334143e-08,2.99831229218682e-09,1.07882251367152,101.556763899658,7.09341296452541e-05,39.956584105336,2.98564476290137,0.198204732193685,103.181434306507
550,3.31523598227264e-08,0.000550555897359442,0.00142594805326471,7.69350528633565e-05,1.02459802556645e-05,2.06900400129302e-05,8.9533801600331e-07,4.42501351145601e-06,1.9569766115529e-05,3.56950158970799e-38,0.00431168565436847,8.11561706229947e-06,9.61948666808999e-05,9.29934422194181e-05,1.82276408454704e-06,3.26648596137991e-05,0.000182230218073541,4.38847009651569e-07,8.59569306535842e-06,0.00338709881401536,0.116446776637913,7.92044936326708e-12,0.0118152788829481,0.00745635810904572,2.52463613530967e-05,0.000136856766006588,1.26922344536876e-09,1.2066153198047e-14,0.000207818178972106,0.00737889501211669,0.0246945078458871,2.89577183730159e-05,1.9724628880804e-05,2.28816039482879e-05,0.000130046192267205,8.77958926802641e-06,0.000137190261409289,0.000948822460953028,0.00241991085143136,1.58057781398731,2.86462072964846e-05,0.00642884503735433,4.62795805006941e-05,0.00435026439065138,0.000576135384381443,1.37783498706661e-09,0.00242590900009702,7.88615024116022e-06,0.00727216920855891,8.95147150526175e-05,0.00297640353692655,4.79038929709413e-05,0.00308316827462913,0.000106913637774429,0.00072976029039328,0.000635961943386141,0.000110441706532182,2.20811947188369e-38,0.000530365684641201,4.5114341571269e-05,0.000721915366638694,0.008645873192673,1.18491173011985e-05,2.53338332568016e-06,1.98516291111579e-08,1.54777067702837e-06,2.86843174942759e-10,9.9279982366227e-06,0.00738887933717128,0.00776394836371794,2.27595727854681e-08,1.04498427095395e-07,8.29924363298056e-08,2.57892854028087e-09,1.56919294259463,157.45153543947,0.000193184681214943,58.11851069301,2.89026461937637,0.556405120541139,70.834578592338
555,5.16760708742823e-08,0.000939555603062169,0.00241942915431135,0.000107461373806307,1.5904504469801e-05,3.21131442343204e-05,8.97492238359159e-07,4.40074582822031e-06,0.000126292293095183,3.72684692067646e-37,0.005212149975555,8.95427028851723e-06,0.000132582195633758,0.000123832905746572,1.56485132473418e-06,4.63177632095657e-05,0.00027321455149327,4.94495873497888e-07,9.95860905336515e-05,0.00402179291537153,0.145901855534208,2.11241811829285e-12,0.0144683139931226,0.00924671182868887,2.78756333331615e-05,0.00014285570786923,1.30407392209716e-09,5.80144700724469e-14,0.000472343941570092,0.00891470356522233,0.0310780512308309,3.14833330367747e-05,2.14305971120967e-05,2.32389116036047e-05,0.000142085893160338,7.78521942443242e-06,0.000220686004951872,0.0011976268737001,0.00306420151102171,1.99493417037302,1.07056457134477e-05,0.0085546540764329,6.64130433025862e-05,0.00485961426531431,0.000712360570925468,1.58722892298182e-09,0.00314163796336399,7.39817012005145e-06,0.00918253872702667,0.000141566001497261,0.00314799926677565,5.05129864470109e-05,0.00381039243377981,0.000168646454829963,0.00103590041259358,0.000987458506439034,0.000223176823933454,3.55445155660295e-37,0.000802327686002907,0.000156634487241917,0.000738136869126507,0.0101405747873879,1.20776197193586e-05,2.40832435364222e-06,2.08964971863089e-08,1.48517939890201e-06,5.48314349926931e-10,9.78486144737127e-06,0.00849026320917497,0.00465248546493718,2.65777136081485e-08,1.10699617706378e-07,8.73180731556333e-08,1.67210492115728e-09,1.98585483949402,210.779304165124,0.000290228417399545,73.5504562666692,2.05618814896628,0.924336058557424,2.2907759376069
560,6.14119291874346e-08,0.00115152265504597,0.00298984606392813,0.000121484081222406,1.88550346707506e-05,3.80643387619704e-05,7.84328643236706e-07,3.81180002148686e-06,0.000245144364378928,3.07315198322874e-37,0.00548368515763393,8.42786466516086e-06,0.000151047890412308,0.000138046838149316,1.02497442625404e-06,5.34886065022661e-05,0.00031417957348247,4.52106666901447e-07,0.000161236775619255,0.0041601205876125,0.158190307788907,1.23601035632473e-12,0.0153827191662951,0.00993149050925273,2.62098333956476e-05,0.000129281817480472,1.13523224919774e-09,3.7477582358295e-15,0.000648713771755659,0.00936161336460208,0.0338169365420043,2.95753512219726e-05,2.0122581630195e-05,2.00154738461464e-05,0.000134048405184235,5.98476812397181e-06,0.000269062092858027,0.0013061083144433,0.00335181204870316,2.16987592764449,8.89640137336366e-06,0.00967873736532709,6.94222577476026e-05,0.00475240229598907,0.000763822472099016,1.4822335478217e-09,0.00349924117674321,6.03641260478111e-06,0.0100269737332492,0.00017613578462771,0.0029143237505721,4.66818684003015e-05,0.00408517846384394,0.000207838021019472,0.00120203044873588,0.00116737469406704,0.000306898352550468,3.23779685396254e-37,0.00096898821327301,0.00024208540287802,0.000654899734415173,0.00994642537635669,1.06454885866669e-05,1.99072132286419e-06,1.92359503092543e-08,1.24579135241053e-06,7.16517361046846e-10,8.37654184049419e-06,0.00853932092358596,0.000922358873361223,2.55936023938227e-08,1.02343426453397e-07,8.00096033012158e-08,4.16923817839777e-10,2.17079370257503,239.965523526922,0.000310069564322232,80.4000281430543,0.97545941974239,1.09209524545313,65.5269611665706
565,6.92434340147774e-08,0.00130259045116258,0.00343059861139801,0.000134249622944306,2.11706987208349e-05,4.27303831808982e-05,7.26297948017311e-07,3.49473541401501e-06,0.000337392791024973,1.4303391198204e-37,0.00597321396506342,8.12875522761464e-06,0.000170848213371136,0.000154233026005979,5.32855114330729e-07,6.07604191081924e-05,0.000343394019657109,4.09383011924774e-07,0.000198444057605381,0.00447160660233401,0.176196053662932,1.64727125345573e-12,0.0168876608716299,0.0109861442792935,2.50604086583375e-05,0.000123079857103645,1.04060116955754e-09,8.12751308813445e-15,0.000779607166099975,0.010180199259027,0.0377643172038829,2.900761000907e-05,1.97371272904659e-05,1.76755228473221e-05,0.000131841835307408,4.97028873230795e-06,0.000309439957144483,0.00146066607313427,0.0037577653700917,2.42112149012929,2.50693552731703e-05,0.0110906348893999,6.76865641188305e-05,0.00487922796394713,0.000843583276657437,1.37580325401541e-09,0.00397497537748045,5.14451006939989e-06,0.0112342626370116,0.00021084467852426,0.00284844227657943,4.51872967059534e-05,0.00451625591216017,0.000245523421048533,0.00137341679914321,0.00130610465659663,0.000384302557665113,1.28373181033648e-37,0.00113453445905227,0.000311375254150453,0.000611102903008636,0.0098018130943855,9.74107012583795e-06,1.71808303376026e-06,1.88248329287549e-08,1.09868165755669e-06,8.6865554055994e-10,7.47649950379786e-06,0.00913060924243437,0.00192076256037697,2.43925297984831e-08,1.00087010067979e-07,7.754239574031e-08,1.56833283701416e-09,2.43213358118151,276.307469985095,0.000305056613277967,90.0792786176941,0.134018235328558,1.1856506923193,122.533121669353
570,7.45460424535117e-08,0.00137603447399986,0.00369365065320358,0.000143688931956491,2.25420139595123e-05,4.54869956443158e-05,7.07244231472054e-07,3.36641102945632e-06,0.000400817930414959,9.25652077487613e-25,0.00659405754954312,7.90513457664891e-06,0.000189662125543714,0.000170189111450736,4.73673969170885e-08,6.73105276638442e-05,0.000356993300840502,3.63247005805596e-07,0.000209109099901364,0.00489434936055481,0.197413112809115,2.40581703397197e-12,0.0187466519769065,0.0122626945079078,2.39795832648566e-05,0.000122247109015404,9.69899401570754e-10,1.34851634307002e-14,0.000852495652722123,0.011231941648798,0.0423844381534939,2.93535475651284e-05,1.99874663221576e-05,1.58559092537099e-05,0.000133493204139294,4.56726477450602e-06,0.000336841000131708,0.00164051241336989,0.00422848598718194,2.71852957815918,3.79679922917577e-05,0.0126555671403646,6.15326063648609e-05,0.00516302107778404,0.000939359933707337,1.23853868939114e-09,0.00451304831034724,4.50462544307758e-06,0.0126456481090818,0.000242566890402854,0.00289628165218564,4.48400826353057e-05,0.00504169231028951,0.000277959776077159,0.00153039560664467,0.001385394391222,0.000450508660970842,7.52726600440855e-16,0.00128146320660486,0.000360186624929805,0.000594184604751145,0.00958168188684498,9.10860427535871e-06,1.52301848872848e-06,1.92177999731866e-08,1.00347536761672e-06,1.02543535095741e-09,6.84667292929161e-06,0.0102848609940432,0.00385376785100255,2.29067164132806e-08,1.01790496965763e-07,7.8052200350111e-08,1.87084344847909e-09,2.73521285873761,316.23976078011,0.000275880660463747,101.304440225277,0.533400602855467,1.19479553771467,169.925893884003
575,7.20732392996865e-08,0.00126586158240993,0.00348819600940763,0.000138854678622556,2.12212448080607e-05,4.28083009599732e-05,6.79888816412965e-07,3.2000291136005e-06,0.000401945025982946,1.14415931928846e-23,0.00685107172870752,7.2085584737802e-06,0.000192996019859536,0.000172878860245771,4.21891078259472e-07,6.79460416291805e-05,0.000329182903674747,2.93051693909388e-07,0.000175373806828983,0.00506968861185059,0.206719445932834,4.33460610748e-12,0.0195496024516306,0.012838072346179,2.14476723563498e-05,0.000118926994040111,8.70934682195744e-10,5.28132008577891e-15,0.000795229846857585,0.011685222899836,0.0444235538519495,2.86662178893183e-05,1.95517539326189e-05,1.359792621462e-05,0.00013006242242755,4.48805450327728e-06,0.000324132798325423,0.00171943370900099,0.00443781969098322,2.85822024880259,4.3962597860903e-05,0.0134005912648851,4.7401219771619e-05,0.00523646492095249,0.000979458426342464,1.01259852520048e-09,0.00476198812146746,3.78071924623476e-06,0.0132882011644379,0.00025137317925061,0.0028563795331204,4.2250483488929e-05,0.00528101190891602,0.000282501102902282,0.00155289457571595,0.00129854867145838,0.000468295565422598,7.97476094272609e-16,0.00130528387800061,0.000357517883950922,0.000564677497434743,0.00868018694176999,8.13233619571068e-06,1.29400205554807e-06,1.90963551840659e-08,8.86402619192444e-07,1.12828852226989e-09,6.00569136282967e-06,0.0114369498386514,0.00432447913288808,1.97402231089215e-08,1.00516199287476e-07,7.62044131791276e-08,2.15720337814177e-09,2.86917166418221,335.126092377473,0.000205333694378022,106.265870632341,0.962468307089187,1.03397078135461,193.254111521937
580,5.86885836160581e-08,0.000922247555462576,0.00265284849780899,0.000112917670359105,1.62540525398947e-05,3.27720952186049e-05,6.13150026828881e-07,2.85399107440264e-06,0.00031680208382763,4.22434096640052e-22,0.00629348257416657,5.77777828832503e-06,0.000169210772528442,0.000151816958431228,7.58947414561117e-07,5.86198174909208e-05,0.000248101344285915,1.98946152455243e-07,9.26710373648619e-05,0.00467466246891242,0.18999322385848,2.48581431921218e-12,0.0179971089415074,0.0118508273347302,1.69568012756522e-05,0.000107734652384301,7.03377117944078e-10,1.2251924370205e-14,0.000569195260897798,0.010779874082256,0.0408342518134324,2.55856340742984e-05,1.75009412905379e-05,1.06871312417864e-05,0.000115361010149218,4.52418166748252e-06,0.000254451380185669,0.00157924261094523,0.00407900210677167,2.64730714761564,3.90127022396995e-05,0.0123849714403567,2.5744701856646e-05,0.00479321624398608,0.000897841636382142,6.89530289907578e-10,0.00438562649775808,2.87507586904702e-06,0.0122425923907931,0.000219936637427717,0.00257866686691834,3.53312737492996e-05,0.00487818905285523,0.000241016576828441,0.00134447178213633,0.00098867222206281,0.000405662658995203,1.0677952966598e-13,0.00112036583225909,0.000281398603574205,0.000498364302993879,0.00686965710230444,6.56376029230864e-06,9.96433741935867e-07,1.73687714742991e-08,7.16161658742694e-07,1.11279487340050e-09,4.7748298292201e-06,0.0119052513194608,0.00282262645327818,1.48030946673765e-08,9.07701631657307e-08,6.79225111126115e-08,1.9306656282343e-09,2.63601540100612,309.098222068384,9.63300446789277e-05,97.6304245533583,1.00727528096392,0.680011802268122,176.222380262923
585,4.88714809550175e-08,0.000572084658740772,0.00182926391894518,9.33111166335253e-05,1.1589972049822e-05,2.33414421008601e-05,6.57770655400992e-07,3.02977810625594e-06,0.000219752263980282,4.82221282450689e-21,0.00638279039781695,5.04406493087749e-06,0.000158435182833545,0.000142911026129619,1.11392221852301e-06,5.31867128746369e-05,0.000175902446369687,1.34477542451537e-07,1.62308173048833e-05,0.00480513386251543,0.190981449227218,3.46739089870751e-12,0.0182639162716346,0.0120481745667587,1.49131502343442e-05,0.000115301264892071,6.49412863511053e-10,1.78107113769722e-14,0.000308615233021796,0.0110319287902023,0.0410100291917278,2.63801113225445e-05,1.81302228140499e-05,9.93891789772191e-06,0.000117569842980306,5.82463553338409e-06,0.000188316941261141,0.00158292479448286,0.00408852989918039,2.69995204265364,3.15575461266988e-05,0.0124516461497112,3.50460534754743e-06,0.00497232594173249,0.000901621533390174,4.79610506757112e-10,0.00438657850378095,2.50081560162203e-06,0.0123216776242352,0.000198501689763626,0.00268357402572232,3.2388650283351e-05,0.00496260640853788,0.000209312618670075,0.00121925836756096,0.000696660357113845,0.000355961637137948,1.73145952280113e-12,0.000983681929841497,0.000196722523878281,0.000518350574713955,0.00593149792594816,6.0547963288069e-06,8.78204763271485e-07,1.81458856147836e-08,6.67788045730697e-07,1.25156969359234e-09,4.34724216653579e-06,0.0146699791202609,0.000198295536971248,1.20444579685684e-08,9.41959124913181e-08,6.94571767825045e-08,1.40412893894636e-09,2.64108534387261,308.757638590918,2.47839077353103e-05,97.8182039899529,0.866668980037013,0.307190219594812,157.995102866493
590,4.79726102545958e-08,3.1354705502514e-06,0.000648079867185728,8.96587355170973e-05,5.66152805834143e-06,1.13116128774307e-05,1.12565662561126e-06,5.13644122523034e-06,5.68881103147485e-05,2.57655050771732e-19,0.0093471093843892,6.14253712301838e-06,0.00020148099933424,0.000184047590863306,2.1596582800203e-06,6.29412478824737e-05,9.23044024960172e-05,9.2361187269308e-08,0.000291188360006496,0.00725085285949545,0.272805860575377,3.21980210202378e-11,0.0267103713841732,0.0176374467202502,1.92956773671896e-05,0.000195585548188439,9.12714865092278e-10,3.05203953482304e-14,0.000210556577429835,0.0164480019163352,0.0584250439481065,4.20321133251022e-05,2.91166739162128e-05,1.50890706100015e-05,0.000183773805582686,1.24137379126331e-05,0.000108178454179687,0.00224564609535085,0.00579328964051561,3.96805476596791,1.93006529558812e-05,0.0176568527700324,4.28261659086228e-05,0.00774982402877132,0.00128956128037747,3.98864800245554e-10,0.00615977345369667,3.31662787107607e-06,0.017593858487342,0.000222172694383269,0.00428787336940498,4.13515607801597e-05,0.00726773845929318,0.000215136627143345,0.00142520072783474,0.000316635154413211,0.000367808971356514,1.00598490268824e-10,0.00103546317531956,5.71852719753614e-05,0.000853790847942141,0.00725070777916863,8.53581770069527e-06,1.18163786852571e-06,2.88243888664663e-08,9.57227474612712e-07,2.1554098583754e-09,6.05001003043369e-06,0.0286033037578936,0.00940544104567387,1.38438626387537e-08,1.48992498292444e-07,1.07949991908885e-07,2.69659781867873e-09,3.74067403627528,431.149889018906,0.000303853263923055,138.543838255213,0.455224347820064,0.405873391949918,157.453090392657
595,2.63260028555818e-09,0.00126314271329708,0.00255766887880899,3.64972917211654e-06,1.24101040765973e-05,2.52127185584372e-05,1.21589624815197e-06,5.50383007951576e-06,0.00037760353986413,8.21154686227379e-19,0.00742179557138853,3.6391671351626e-06,0.000115744799437798,0.000110101702914168,2.29281990791722e-06,2.75497583717823e-05,0.000164882787732434,4.02169364919575e-08,0.000644882976446568,0.00615045154038563,0.203317767224977,1.49851080314869e-11,0.0210992976832318,0.0139325738105174,1.41011684452676e-05,0.000208050121419619,7.95361845960067e-10,1.40692256176307e-13,0.00120130050714472,0.0135753538698439,0.0432312043201066,4.09046712179173e-05,2.87212196102779e-05,1.52653684460683e-05,0.000173542742502176,1.67855506920036e-05,0.000170380637068607,0.00164451728570953,0.00422454563805817,3.15611707239637,3.28527297384899e-05,0.0128368481769941,0.000104097169876731,0.00706807520893473,0.00096717099997999,1.81866328439659e-10,0.00437064746476332,2.66573057876229e-06,0.0130600208978284,6.30159284793751e-05,0.00413278092586424,2.46200028399971e-05,0.00573947949630003,2.52273103577739e-05,0.000572540610182076,0.000795581770733796,4.02766079558719e-05,2.17111870083935e-10,0.000165804218282282,0.000324261573127522,0.000884263872719037,0.00453401813729421,7.22246207954963e-06,9.63046670425797e-07,2.7598125484842e-08,8.31842218402694e-07,2.20142510158279e-09,5.08797403988742e-06,0.0347925615181394,0.0231181196331998,7.47015678566835e-09,1.41452121950607e-07,1.01344336832661e-07,4.45714421271672e-09,2.72597135768766,300.769397599799,0.000636565675872689,100.962235547472,1.24328516350773,1.58592407966764,9.37300556509548
600,4.32508461969921e-08,0.00202840778319834,0.00473779088929246,7.6390674422809e-05,2.52541703966285e-05,5.1147686729739e-05,9.45804408591064e-07,4.25325969823834e-06,0.000676011143546517,2.21500308022442e-19,0.00310028413344588,5.10097329454536e-07,2.19804243668815e-06,5.4560256118897e-06,1.52881630393711e-06,1.49050766832124e-05,0.000346737756122232,1.26971796184958e-07,0.000769604280278968,0.00309005580052641,0.0670009290522339,1.7754325621913e-11,0.00864758295338906,0.00569647207753624,6.11818136446783e-06,0.00015820931493308,4.59501735514691e-10,4.72415017565933e-16,0.00176017286918347,0.00634355484881171,0.013795774838216,2.77685210997009e-05,1.99603865922907e-05,1.19453586422541e-05,0.000112462289062115,1.60854815994738e-05,0.000378635416507157,0.000500855232644892,0.00125827293723333,1.31631812098691,7.6290390365372e-05,0.0037371123744413,0.000127745937246017,0.0041876608241827,0.00032895747541032,4.89348039932618e-11,0.00111940670056568,1.45271682484546e-06,0.00420861676579421,0.000115034489339414,0.00271819301181531,2.41031999687931e-07,0.00233944934103728,0.000167380235400816,0.000432751291651472,0.00157035139169374,0.000295592330168416,3.52728556921599e-11,0.000741848535004503,0.000589888567586118,0.000660222231387148,0.00103760143282575,4.1880323642836e-06,5.34049814143927e-07,1.77738959637019e-08,4.92425693985566e-07,1.56101438384038e-09,2.9213933554065e-06,0.0300181147817613,0.0295960231179134,1.01064558164609e-09,9.06243439566556e-08,6.40025569447865e-08,5.62182477289936e-09,0.810049684464267,69.1592217963265,0.000739247502293317,30.0020538114326,2.63717429036752,2.16148392840022,178.734172769062
605,2.0606076132314e-07,0.00672948847389785,0.0164363440211398,0.000343348334730762,8.96714193607454e-05,0.000181547449580788,2.03145373910814e-06,9.08681663862984e-06,0.00233791419468346,1.58222519980151e-20,0.000111987456344204,3.80714292536537e-06,0.000220088290559865,0.000176672062162534,2.35817030111695e-06,0.000117200343366878,0.00123223007713206,4.48388048565666e-07,0.0022794024244312,0.00233147664027086,0.0869255381331767,5.30538519765173e-11,0.0011193902077279,0.000819551243064684,3.88981520627131e-06,0.000329466879339434,7.06768247251747e-10,6.4632749138272e-17,0.00568252151581366,0.00291486483088858,0.0205944522704803,5.00411374111147e-05,3.76597011895381e-05,2.71950749931198e-05,0.000187302580064341,4.1922767035887e-05,0.00137773618360678,0.000894212116015591,0.00243249718117485,0.0694017141736465,0.000287748277446977,0.00783116471671154,0.000384914333358546,0.00567215096898038,0.000364040782645651,2.36874545948162e-10,0.00337593725735339,2.06550657433484e-06,0.00605796478029494,0.00064122372297486,0.00459155986001461,4.56230399659587e-05,0.000380736021123482,0.000800868427584574,0.00300862252954071,0.00553229610009783,0.00141127680430139,1.31638429301566e-12,0.00367332213827905,0.00205284829729432,0.00136249862249067,0.00281960348536306,6.31392454836977e-06,7.73886037719812e-07,2.94369916546685e-08,7.57812203797706e-07,2.86338540009834e-09,4.37822015845792e-06,0.0707958081524306,0.0913086512719611,7.31217746097456e-09,1.49113724575161e-07,1.04142297909504e-07,1.93076551170277e-08,1.57751814278234,269.182976520893,0.00217998966095651,58.4262495767941,9.65729007386192,6.75434228416191,804.304864797568
610,3.7465136879137e-07,0.0100899777063005,0.0251900483289714,0.000576129794994774,0.000138709338713632,0.000280925099797754,2.30628666380674e-06,1.02739453001869e-05,0.00359246461573522,2.94863709663538e-18,0.00797062060842707,8.972754207794e-06,0.000479402347523871,0.000403561972818573,1.40641469905966e-06,0.000224742867645505,0.00189259267719757,5.91333932587474e-07,0.0032347693309808,0.00233547736712008,0.366332066407652,1.00734401494787e-10,0.0240947705710134,0.0160581400974946,3.78449793074801e-06,0.000360057283618331,5.584088347464e-10,1.63398589706692e-14,0.00845907290818528,0.00909102883233169,0.0816271012981939,4.66260169095111e-05,3.82552084012725e-05,3.39699686839782e-05,0.000152902320456735,5.5905440894534e-05,0.00215972851558436,0.00329911887063608,0.00871823676007855,3.43605971117657,0.000466566096087828,0.0272962318426021,0.000542556824233201,0.00260229192371722,0.0016535758309171,7.42004791616001e-11,0.0105443622304292,1.51611633575186e-06,0.0244124086862081,0.00116479256651396,0.003772195051776,0.000105012868660814,0.00671119211479711,0.00139010733500765,0.00568031808210638,0.00852104479487164,0.00245254458614562,5.10461234143293e-10,0.00646271089911795,0.00317225876180823,0.00149920094332105,0.00779753202783333,4.86635097066118e-06,5.79344229980336e-07,2.3963400111037e-08,5.90594416089274e-07,2.6766985979439e-09,3.36941059683734e-06,0.0873174187825837,0.134268929681797,1.6135169881213e-08,1.21479079071239e-07,8.40434331876299e-08,2.88909339723586e-08,5.63838298558895,790.404356431909,0.00303592804755484,208.828727066677,15.1970657990212,9.8069027178942,1385.61057802906
615,3.8653957539467e-07,0.0088147555410599,0.0223199546146568,0.000532379989742196,0.000123528262444977,0.00025035382708318,1.70032120048625e-06,7.5523118476553e-06,0.00319767998627734,1.48428259363212e-19,0.0110453006802378,8.84133932527906e-06,0.00049106940767359,0.000420154270417955,1.28807333792759e-07,0.000221284759748804,0.00167003537477388,4.43656938194028e-07,0.00272304158164221,0.00499608858653988,0.446678997882661,5.91559551085217e-11,0.0328093738335321,0.0217986730096054,6.65418716107032e-06,0.000253534900471313,2.95273733848581e-10,4.56645330073247e-15,0.00739986859301024,0.0148572210376996,0.0986214844104596,2.84051909145872e-05,2.67315012668669e-05,2.7865467117937e-05,7.54641372276841e-05,4.6590773909985e-05,0.0019409794976395,0.00393938551514488,0.0103601634418278,4.74122024857032,0.000434114674615567,0.0322805434677746,0.000454173685642324,0.00060833286018439,0.00203652244575275,2.55962011219051e-10,0.0122076751305389,7.6019927622165e-07,0.0295852221024077,0.00113251043514871,0.00180822883571112,0.000115345937572623,0.00909498791194992,0.00132000544705834,0.00557715049275224,0.00755444903938733,0.00233561126986145,3.6316035503757e-11,0.00619138417989917,0.0028401909486237,0.00108921670880818,0.00796483056210238,2.50131461733238e-06,2.95150944880852e-07,1.20210574457028e-08,2.9817382985844e-07,1.6532766760712e-09,1.73834424116636e-06,0.0688797732072605,0.117831984706582,1.58852799228811e-08,6.18497948272723e-08,4.26704380447343e-08,2.52432001266334e-08,6.69674917435478,902.899731928173,0.00249840562568835,248.027624497174,13.6590470128749,8.37401900644748,1321.84152832012
620,1.23775256171589e-06,0.0238814544117855,0.0611132142792251,0.00149103813716355,0.000339512912522846,0.000688733299246554,4.16009911670559e-06,1.8439984410886e-05,0.00879581807408774,1.12051515684659e-18,0.0376338197094804,2.43735829732753e-05,0.00145493199931541,0.00125488111975824,1.50538498378195e-06,0.000645428281769909,0.00454793818400981,1.05560684507623e-06,0.00714741930226832,0.0189194249760387,1.45580281041768,1.71229717817683e-10,0.111161088288278,0.0737334322673551,2.09413839580828e-05,0.000586357101312631,5.65622927052424e-10,1.78812442446138e-14,0.0201426667720688,0.0530375553699098,0.3203154889561,5.84341641901322e-05,6.64293252387467e-05,7.43739167576272e-05,0.000109384172873857,0.000125375338791336,0.00536977385054519,0.0127364402917614,0.0334335471648494,16.1139127689869,0.00124294794621778,0.103999809614134,0.00120220698164768,0.00669064814457517,0.0066607051194493,1.53527993197029e-09,0.0389818646658827,1.42006954938263e-06,0.0962151342102932,0.00329932233941235,0.00232108749052036,0.000373965699082143,0.0307772042134117,0.00378543242004481,0.0162705533462964,0.0206608028273617,0.00672342992845131,2.97319899707244e-10,0.0178936983046752,0.00785757370076595,0.0026687670447961,0.022323636708799,4.63998085962341e-06,5.5538227364797e-07,1.93412423810299e-08,5.21455379804596e-07,3.56414472370681e-09,3.24766897022759e-06,0.177660748207155,0.323909174023929,4.54740354062906e-08,1.0367195117068e-07,7.20914232784362e-08,6.87787521659715e-08,21.6073383143038,2867.65169003959,0.00645705863454774,800.271651098558,37.6627244419756,22.2883238693072,3824.77542562805
625,2.01031760214328e-06,0.0326330518881907,0.0842178058715184,0.00208189887232748,0.000469585344713488,0.000953664719303294,5.35282327280942e-06,2.36918978492021e-05,0.0121670362504944,5.85185520078047e-20,0.0595855806765557,3.2350506313271e-05,0.00210821485529663,0.00182589431069005,3.54274073587695e-06,0.000929524922612686,0.00623680135271158,1.32655532250548e-06,0.00946502910280546,0.031360399125282,2.25530973539553,1.71330298977245e-10,0.175531253205687,0.116259400247637,2.81773504343112e-05,0.000702960384614748,6.14862463082121e-10,1.23587916292226e-14,0.0276862042060361,0.0857348760507851,0.495370922388815,6.38187400076319e-05,9.20303445393306e-05,0.000100421798370492,5.63026658633967e-05,0.000174800929981287,0.00746002799826088,0.0196515761790047,0.0515331001603588,25.4533686106555,0.00178452587724693,0.160228652934421,0.00163488909812353,0.0141356465023389,0.0103355949071071,3.03848169224363e-09,0.0597372575815278,1.57044390306587e-06,0.14887458094576,0.00475901913823289,0.000576296417025272,0.000604641156782335,0.0485724098588974,0.00539539665596601,0.0234441975669996,0.0284248157947078,0.0096254851829641,2.08426161334977e-11,0.0257100376882445,0.0109283492923505,0.00348090329341672,0.0298769462719482,4.99724327721872e-06,6.13848423631281e-07,1.61996421003128e-08,5.13900871831675e-07,4.2459127001076e-09,3.52031797908169e-06,0.237866496078638,0.450749695496122,6.42811917380958e-08,9.33704662415254e-08,6.62588069080475e-08,8.90470359792501e-08,33.3042622042211,4383.74302679745,0.00851059639283716,1233.49120178293,52.0137305746518,30.0321774936526,5512.44201962373
630,1.75624746146578e-06,0.0238699587580161,0.0620344384187474,0.00154569353035731,0.00034731418012197,0.000706240240527879,3.78388364722523e-06,1.67282827605516e-05,0.00898436757811387,2.31874655332471e-17,0.0485435297429418,2.23532002570821e-05,0.00161010862085251,0.00139634369292879,3.07605794712599e-06,0.000708587751045856,0.00457749207370298,9.46160264337703e-07,0.00668939996096439,0.0261942832088925,1.81405729535183,1.03546056191092e-10,0.14278580091846,0.0944266289973737,1.84730309323643e-05,0.000453563851258059,3.8818365165428e-10,7.42777631433748e-16,0.0203747252295927,0.070634030363947,0.398047006537658,3.78007959898209e-05,7.2930457688918e-05,7.0993819529259e-05,1.7348926396452e-05,0.000133157557092372,0.00553094657199244,0.0157699517653437,0.0413223012500827,20.6851198029586,0.00136459093354535,0.128522075132063,0.00121069513267528,0.0132418099811313,0.00832080806607019,2.71780301030627e-09,0.0477107330693729,1.02554237847975e-06,0.119622679451677,0.00363019811247954,0.00116870165299888,0.000523950345183298,0.0394914188613731,0.00407591937581,0.0178611397636283,0.0209014264639496,0.00730884937402355,3.85297190186308e-09,0.0195959383487927,0.00811023817259595,0.00251527990886813,0.0208307693754434,3.16661623179422e-06,3.99251391163406e-07,7.47874255333797e-09,2.97428436081441e-07,2.85170914346185e-09,2.24202810755709e-06,0.173010044988103,0.335936855049598,4.79550337815205e-08,4.79338443318752e-08,3.50454274833957e-08,6.12992747081161e-08,26.7084373680051,3498.15515302203,0.00605969746142608,989.201519990692,38.2632388785086,21.7279999727958,4217.24319671155
635,3.48733644613816e-06,0.0395666244539989,0.103437672831891,0.00259056294697775,0.000581988706509676,0.00118505791060743,6.16190421833316e-06,2.72124447181924e-05,0.0149934775566507,1.25598040005582e-19,0.0876273796449434,3.4009463917558e-05,0.00276575227332713,0.00239497745463605,5.08701969279455e-06,0.00121665084905004,0.00761767402064658,1.62313287259532e-06,0.0106460524167707,0.0480314437409251,3.24679823826637,1.61460081057115e-10,0.257502518215633,0.17000637839617,2.55549720388229e-05,0.000653994284025545,5.84717939746674e-10,5.20298596855597e-14,0.0339710627126766,0.128382244338789,0.711942804582822,4.91961898190884e-05,0.000136750664238529,0.000109751675463247,0.000124528432250765,0.000233685879913648,0.00927138991775631,0.0281834011675475,0.0737961171485184,37.2376540495146,0.00235450318578263,0.229750329133658,0.00206490975557271,0.0260806037148021,0.0148996915388185,5.03641564271315e-09,0.0849264591298491,1.57849146882034e-06,0.213856173746382,0.00621882831613003,0.00441466165211031,0.00103419540622734,0.0711751509003956,0.00692542063552849,0.0305800691527114,0.0347848382399883,0.0124956673087357,1.00084014323491e-09,0.0336227773089824,0.0135981114333329,0.00421435644572703,0.0327115978569099,4.75598736864367e-06,6.12403173961531e-07,8.05981368612668e-09,4.12126554065438e-07,4.46253071852866e-09,3.38164249983415e-06,0.286999541466639,0.566587298784397,8.10576736863303e-08,5.86319740561247e-08,4.50180382057859e-08,1.03607414115405e-07,47.7085367367493,6228.19420494753,0.00984744879136033,1766.9832849861,63.5605301528119,35.7145606503664,7266.05152916142
640,3.10114668128265e-06,0.0293188205490332,0.0770464007164717,0.00193767815276243,0.000436192387328584,0.00088945997279935,4.53534566365813e-06,2.00074870345013e-05,0.0111564762808184,4.99807187166416e-17,0.0697454714060565,2.19835406292256e-05,0.00211960824899055,0.00182648918104539,3.28278028760389e-06,0.000931373984365767,0.00567324086734991,1.31283815383712e-06,0.00749267179082284,0.0386603713873916,2.56767065389072,3.02195191285378e-10,0.204829471443345,0.134981288147457,1.47449224042595e-05,0.000406387448072837,3.61598653940994e-10,3.58390129361933e-14,0.0253123065636766,0.102671087057475,0.56273945673795,2.60213198589624e-05,0.000118216168809659,7.26314991507793e-05,0.000167730050968513,0.000185784570722249,0.00693593299255464,0.0222652930155997,0.0582557788041482,29.5483572311111,0.00181034780334532,0.181673038472267,0.00159924841472685,0.0221527686939636,0.0117845788182827,3.80623660459038e-09,0.0668339202300523,1.09172464031859e-06,0.168896811585235,0.00472932837991569,0.00517864610695122,0.000918388355947668,0.0565716741677896,0.0052292808512391,0.0232608834001781,0.0258409716496022,0.0095109034969763,1.87212428872082e-08,0.0256526712896184,0.010164755162706,0.00321378068244281,0.0232941724493337,3.23808114252514e-06,4.22892755480713e-07,3.734207083172e-09,2.60988396650991e-07,3.04630632396199e-09,2.3071115348165e-06,0.213011217105061,0.426200405681431,6.15542964563479e-08,3.18051217170598e-08,2.59253053056311e-08,5.93496645892342e-08,37.6740573491199,4906.82059219816,0.00718824040907062,1395.33595944639,47.096543656685,26.2954691923572,5571.04703568045
645,5.54710995418931e-06,0.043622092244026,0.11520103346879,0.00291145171451912,0.000657411911960046,0.00134250150793629,6.76109166523385e-06,2.97933825481476e-05,0.0166288201633559,1.7362865797104e-16,0.110604635538556,2.54720919479404e-05,0.00327213501363505,0.00279336100900483,3.63399639955496e-06,0.00143232149506318,0.0084971488895388,2.23197427824722e-06,0.0103992510085813,0.061873891127044,4.04958530262692,1.48650237128977e-11,0.324705041833123,0.213541016075712,1.57543384873819e-05,0.000470703944736669,5.27911880587292e-10,7.91519643779662e-15,0.0378647575837315,0.163446031525756,0.887127248981761,2.12673926644857e-05,0.000210556461375299,9.18650216309093e-05,0.0003726453742317,0.000299910024136703,0.010409319503892,0.0350863274720282,0.0917250345465166,46.6967555792726,0.00279105364600524,0.286757045613401,0.00252575634621056,0.0371624222821125,0.0185797934947071,5.89754060283637e-09,0.104886285131806,1.53505129122384e-06,0.265951145162192,0.00718564442035848,0.0109208036174411,0.00165065263275212,0.0895964961691486,0.00789414939453296,0.0353690937406983,0.0384707694942513,0.014514445609042,6.73405277674925e-09,0.0391358732410281,0.0152256194244706,0.00501019811585671,0.0343712358748495,4.48661034377162e-06,5.94684769563969e-07,3.32929037628514e-09,3.36954927603685e-07,4.4139495570396e-09,3.21477071678506e-06,0.316208775779915,0.642269434020454,9.57952004132879e-08,3.54118898565505e-08,3.17312514117815e-08,1.04814415063183e-07,59.3429467605576,7715.72187217444,0.0105521533878814,2197.88794990283,70.0621004124432,38.9202709454093,8554.8571553718
650,5.76750872407192e-06,0.0375932558368816,0.0998196225163971,0.00254117011477818,0.000575628351432575,0.00117712755146842,5.89412224196151e-06,2.59459072734705e-05,0.0143296050325718,1.54819845007357e-19,0.101433804439234,1.22123079710152e-05,0.0029535451626178,0.00248267555239532,1.75274660038581e-06,0.00128154176460253,0.00738786640621537,2.29121615925983e-06,0.00810172893401963,0.0572396387268947,3.69405011992026,2.9961304233561e-11,0.297733294640303,0.195360472582776,8.66704937531945e-06,0.000267145227679345,4.17882681871618e-10,1.73489542968255e-15,0.0328199860095667,0.150452791868325,0.808880461992085,7.1934630104676e-07,0.000222890643959476,6.37050851806763e-05,0.000439387738407134,0.000283639667437535,0.0090521126736374,0.0319800599274609,0.0835274257775937,42.6544282690604,0.00249619787291644,0.262036661763895,0.00234689385960803,0.0360086503776715,0.0169318332027955,5.11009900445955e-09,0.0951548653362017,1.25509055660089e-06,0.242149266550149,0.006309815186219,0.0128103092492123,0.00173892063488142,0.0820674761139948,0.00688819422036853,0.0310826940857158,0.0330886114770945,0.0128603974511237,4.83291926373477e-11,0.0345052202979406,0.013198930843405,0.00462768234652136,0.0306710343651065,3.61983675991722e-06,4.86852170906429e-07,1.17411146624414e-09,2.49533795813832e-07,3.66149311671567e-09,2.6099104830855e-06,0.269510164992055,0.559981640587357,8.96026312858917e-08,2.04850419464853e-08,2.19007688417706e-08,9.07906552120373e-08,54.0656273288762,7020.23663320682,0.0089390435391726,2002.43180775417,60.5901759433811,33.359932658233,7614.39090533782
655,4.27761051557418e-06,0.0229185264875497,0.061298179769818,0.00157885817219821,0.000358546224759782,0.000734114646756009,3.6896812243223e-06,1.62286026722632e-05,0.00872898860729812,2.6221129784224e-18,0.0662867154496499,1.9995918679308e-06,0.00192105985973664,0.00157636310090515,1.2744630658808e-07,0.00081977805564091,0.00455850535897866,1.73625157420966e-06,0.00420165585462275,0.0377618676807529,2.40003035232341,1.49965280139806e-11,0.194576848247478,0.127354949664861,2.74726950332789e-06,5.748055006405e-05,2.39033881060189e-10,2.41938172604853e-14,0.02015290596639,0.0987417773687552,0.525262021406221,1.26750918472608e-05,0.000172115554376763,2.95750658843418e-05,0.000350452227662911,0.000192786439924674,0.00558371888484972,0.0207579010537398,0.0541609963570898,27.744727945043,0.00158965904964162,0.170724569739311,0.00156867661053379,0.0249655320177127,0.0109792489652577,3.16503873639529e-09,0.0614200615783454,7.35923513140625e-07,0.156980658093759,0.00392995002135627,0.0105680662960836,0.00132214825978234,0.0535713651426861,0.00425937470744552,0.0193594167883325,0.0200630548491263,0.00813089615988069,3.26595966183905e-09,0.0215546901447046,0.00810613079862445,0.00312453613040129,0.020361136553086,2.08401925965981e-06,2.86045595003938e-07,4.06182125440724e-10,1.26934440032994e-07,2.19252767387914e-09,1.51799306727663e-06,0.160160997928818,0.345912994632107,6.22997535824525e-08,5.5727552118403e-09,1.00598397877904e-08,5.8214978828864e-08,35.0768211407541,4549.91203627116,0.00528599939571473,1299.14242814999,37.4715028898629,20.1714764523981,4826.44065828923
660,2.13998182506389e-06,0.00924492794353303,0.0250212167053232,0.000656926987565216,0.000149358600574609,0.000306096819719667,1.57250535007558e-06,6.91439757734134e-06,0.00352432531152778,3.46880524154688e-17,0.0293332492316426,7.07994195531671e-06,0.000854957341480475,0.000676392279816141,3.47752980423914e-07,0.000354611476063079,0.00187059883932858,9.15883921678426e-07,0.00124498394265791,0.0169026996375842,1.05467001996079,3.06565589045201e-11,0.0861288553836379,0.0562184272985288,2.96957566206785e-07,3.32486867921709e-05,8.94744812408206e-11,1.38724549581195e-14,0.00821877257714605,0.0439375886412803,0.230671589317312,1.2083202196971e-05,9.18530699046536e-05,8.8142700813134e-06,0.000182290168383406,8.92066605956145e-05,0.00229586655274854,0.00911039620624062,0.0237430945510843,12.2094246849257,0.000680840986260807,0.0753365901391455,0.000708025198837507,0.0118229413561932,0.00480853342021798,1.31462694531026e-09,0.0267683789187759,2.92533239783033e-07,0.0688046821920082,0.00163947383156877,0.00590158264370937,0.000689861098169802,0.0236836824071903,0.00175910420422351,0.00805951023538679,0.0080099818152136,0.00347099785334097,1.27242257182147e-08,0.00899696828280615,0.00331428623228116,0.0014698359099968,0.00943821775623832,8.04633117632387e-07,1.1401602465376e-07,7.4471536247325e-10,3.92657992440659e-08,8.90395124787369e-10,5.96210897688887e-07,0.0615357246879523,0.142418641089512,3.0404976234791e-08,1.52553200941634e-09,2.49957345536516e-09,2.49625263437636e-08,15.3866053561352,1994.29750687777,0.00199849996880247,569.874734014216,15.7248670222294,8.00478171561145,2062.22602691629
665,2.65282991451472e-06,0.00919059640068013,0.0252155722501072,0.000683816795928433,0.000155113478673425,0.000318077699116165,1.67192700487477e-06,7.35445185496204e-06,0.00343812520839402,8.1324315460925e-18,0.0323750914998725,1.78309877497189e-05,0.000968521087879149,0.000727649209926916,7.2728937535981e-07,0.000385212970355837,0.00194730708541078,1.18964596079442e-06,0.00055266193324713,0.0189496945191498,1.1532257510608,2.69355865475192e-11,0.0951214520142127,0.0618988153580814,1.85329239964301e-07,0.000117421980104196,7.95577897097775e-11,2.13094868800693e-14,0.0082351179477064,0.0488888730806822,0.251999860350039,2.19757539539973e-05,0.000125962330687086,6.66007109936404e-06,0.000231317081396276,0.000103399365825074,0.00231622904380276,0.00994330646293879,0.0258776269270732,13.3893171115075,0.000726378244669543,0.0828745449834006,0.000847442792622381,0.0141633939101073,0.0052292538623882,1.3241775733291e-09,0.0289400112202646,2.76187007366422e-07,0.0749918594846887,0.00167989090174087,0.00826231434111176,0.000911826228969081,0.0261186591924077,0.00178669875698937,0.00825020533074008,0.00778396689565065,0.0037036799673928,5.42126598512818e-10,0.00919298812874807,0.00332829612564261,0.00178107746877998,0.0128781569153823,7.22895496048956e-07,1.08734909966762e-07,1.71968048842893e-09,1.74308730340028e-08,8.86653472363724e-10,5.55503139127408e-07,0.0538749175404504,0.143049686906548,4.1917378809906e-08,7.94683836913495e-09,2.05399778539198e-10,2.84772644219219e-08,16.7820070044007,2173.82708415294,0.00192060912795733,621.556390655041,16.464224854681,7.85528459611019,2186.74840613494
670,1.49491284268386e-06,0.00419099471300168,0.0116333910013514,0.000332070536209211,7.46386373151905e-05,0.0001530910780588,8.02447887508315e-07,3.53646956395466e-06,0.00146714489641509,1.33972039118314e-17,0.0162501019014333,1.62767023070466e-05,0.000514770057893244,0.000362663626118597,4.44679560760816e-07,0.000194022973346151,0.000979303612938475,7.68426666928435e-07,0.000189074536562516,0.00972067017583636,0.571464087756859,5.51967556254402e-12,0.0477973638666102,0.0309983126837288,5.38045892429834e-07,0.000111851056431721,2.9555386044675e-11,1.21549478753666e-14,0.00374173230193657,0.0248317273310055,0.124717107710655,1.63435131924986e-05,8.0981438186169e-05,2.99865842675325e-06,0.000131391401915545,5.45809728695921e-05,0.00104937398182649,0.0049137829586317,0.0127661407277692,6.67304440496806,0.000355831017014135,0.0414132940167297,0.00049150432079583,0.00784405780833012,0.00256979572411396,5.94344024352456e-10,0.0141146217874443,1.10276079105119e-07,0.0370123661175549,0.000768764839831212,0.00527134232366034,0.000554350349563179,0.0131022869152921,0.000817580492185484,0.0037939978278682,0.00339759428696539,0.00181846263364967,1.86711686931508e-09,0.00417480288594604,0.00150933676046528,0.00101298528453295,0.00898310700899784,2.60828616024229e-07,4.44700771067936e-08,1.52895848888983e-09,8.88520286863355e-09,3.97395439747972e-10,2.17427279193737e-07,0.0169922699408635,0.0643142879065163,2.95815889993062e-08,8.38785468939504e-09,2.18971234088618e-09,1.5728720353879e-08,8.28596779998312,1072.71509188611,0.000889515144634915,306.888017217056,7.83348685901711,3.58655244591521,1051.22080782735
675,1.2077189341035e-06,0.00271386990207643,0.00763517640574524,0.000234608457253598,5.18611617958197e-05,0.000106351598545812,5.42969222030002e-07,2.40461080239224e-06,0.000837184409783933,2.33015770542866e-20,0.0116471604703173,1.88934122563409e-05,0.000402011726894846,0.000263248741025457,2.92841815324189e-07,0.000142060361265992,0.000736886056804504,7.48431555973153e-07,0.000518431016666484,0.00716908985700558,0.402645135273029,1.53688408060441e-11,0.0343123864253773,0.0221702093047543,1.01313861532358e-06,0.000128316041430545,1.21687206772986e-11,3.46166882320372e-17,0.00239026195444734,0.0180870577501628,0.0877228562225652,1.62671068128272e-05,7.54463832248349e-05,2.93155484036139e-06,0.000104958395595818,4.10981152574512e-05,0.000659980918905019,0.00344881577743005,0.00894109061926819,4.74525534187947,0.000250515437254856,0.0295105255794458,0.000413393281119211,0.0062983829435986,0.001788978607427,3.81978960447183e-10,0.00972792759792909,5.64026076756582e-08,0.0259496307596795,0.000488213924616808,0.00479302061861604,0.000483634246565783,0.00938768252747989,0.000525021396556381,0.0024402149392705,0.00204703898812886,0.00128826158854522,3.51222788217752e-11,0.00261090009993919,0.000959846565739239,0.000843681896028096,0.00903217941748827,1.00894979446563e-07,2.39101618212748e-08,1.78911619028729e-09,2.27093848166927e-08,2.53973141507654e-10,1.05651401926608e-07,0.00214398919971001,0.0403199815287338,3.11989467107586e-08,1.02827966110352e-08,3.60907511665688e-09,1.22794124529624e-08,5.80894368086326,751.668890639917,0.000581601610232668,215.146313446752,5.31365318497634,2.3374820052401,717.454576361574
680,1.01763177491946e-06,0.0017733438802901,0.00509134607471565,0.00017318428529145,3.73667979195237e-05,7.65741997151046e-05,3.72533225727731e-07,1.66678269492739e-06,0.00043683209840261,1.26624128041421e-18,0.00863878896510554,2.10616675707468e-05,0.000332915083562202,0.000201831171382416,1.26977450162872e-07,0.000109308793548257,0.000591725544347313,7.80229400952144e-07,0.000708263138202747,0.00551131872764384,0.29205846768382,1.1744541446802e-11,0.0255008023642095,0.0164100498434794,1.51171013374408e-06,0.000139410531873,9.64872455140312e-13,3.51233378525066e-16,0.00152677070127429,0.0136965470788968,0.0634839910834809,1.60369830861163e-05,7.29268016758879e-05,3.60772181391793e-06,8.55755020172701e-05,3.19318989381819e-05,0.000406390392682116,0.00248839853135122,0.00643425475523395,3.48850727808612,0.000182684831356598,0.021725889849337,0.00035987951223802,0.00530211976712698,0.00127600003548444,2.43143347178622e-10,0.00684395495233982,2.07444048494485e-08,0.0187076955135076,0.000306146264152634,0.0044881488683675,0.00043665660335999,0.00696134035165003,0.000338389372986447,0.00156897354790428,0.0011859027161635,0.00095178985167708,2.16481136629956e-10,0.00159133768623936,0.000609264075212178,0.000739730987715946,0.00934690864149648,7.35868630098309e-09,1.04000843508595e-08,2.03571810934656e-09,3.32157357170409e-08,1.62582559563139e-10,3.12358209574736e-08,0.00824518865541964,0.0249849822820919,3.44506873279046e-08,1.19709945785603e-08,4.75147901541874e-09,9.8912179969494e-09,4.18506406969956,541.320662876528,0.000371803856637863,155.002573185583,3.72057603989713,1.53441958808776,501.930017627794
685,9.16664752076827e-07,0.00115537600327977,0.00344023020732334,0.00013489682205274,2.81726724773989e-05,5.76567511335007e-05,2.6114352475431e-07,1.19235399380515e-06,0.000176682288384342,2.02235660340426e-17,0.00676844104759469,2.35069001345272e-05,0.000296920961446923,0.000166891744140561,3.48659475551976e-08,8.99250408819783e-05,0.000509695009902591,8.76836203201929e-07,0.000839915463552214,0.00450885209859332,0.222387572523041,1.28107283388056e-11,0.0200267809052945,0.0128308361457465,2.06198334432747e-06,0.00015120358281508,8.20605442511216e-12,4.68256374456773e-15,0.000962540056444181,0.0110094464202727,0.0481941890530278,1.61581832592617e-05,7.40480542862514e-05,4.68267791463556e-06,7.27402128571811e-05,2.60744475751276e-05,0.000235841020947433,0.00188139555370153,0.00484883922766137,2.70578345299786,0.000139715791557229,0.0168647309414424,0.000328597795587259,0.00476383989646431,0.00094947890370509,1.47752017017856e-10,0.00499516255079108,6.07384339288279e-09,0.0141372249669384,0.000186495994588129,0.0044097847454308,0.000414975408999414,0.00545284904402792,0.000218126763090563,0.00100322425774224,0.00061087156984006,0.000745685659514042,3.40070162957965e-09,0.000916243956819205,0.000380880161899794,0.000691614476163739,0.0101242995903095,9.1538909842768e-08,4.64184210341799e-10,2.38029317990794e-09,4.34324306628809e-08,1.00745731403423e-10,2.48064163602149e-08,0.0161818021511668,0.014885084954631,4.06985368075368e-08,1.40761521427172e-08,6.03685157341598e-09,7.31931814767246e-09,3.1581536491985,408.372332415433,0.000221190420712102,116.968819647642,2.74202175545529,0.994649048224593,365.440201048627
690,8.54028293521427e-07,0.000673642829159468,0.00216921751065145,0.000105441489471205,2.10794443923726e-05,4.30467322393029e-05,1.75665802928238e-07,8.35716318209207e-07,8.40051623689609e-06,1.29067867208573e-17,0.00539881633100697,2.56319614147066e-05,0.000273388896740597,0.00014340356561175,1.91582891525114e-07,7.59161131703232e-05,0.000447628729517911,1.01374585204386e-06,0.000920569489274892,0.003782511397306,0.17111107285874,9.43093237746953e-12,0.0160152757174977,0.0102119537246629,2.6339572245261e-06,0.000160325405959225,1.50036195516422e-11,9.47060901569555e-17,0.000533578847888252,0.00905339026022458,0.0369360935169445,1.61395146528649e-05,7.57238258160872e-05,5.82069855553409e-06,6.21791687186138e-05,2.15066174127283e-05,0.000102893400628242,0.00143404699086821,0.00368077129930673,2.13322451863655,0.000106741343119356,0.0133006448545869,0.000301518824396189,0.00439031661003995,0.00070799722788883,7.63312381885756e-11,0.00362184628332274,2.92394093343695e-08,0.0107750809749122,9.65522002150816e-05,0.00437737812718227,0.000399125390735015,0.00434746499586601,0.000128471409381716,0.000579798737352303,0.000166697958910536,0.000593746165971822,3.63555472199769e-09,0.000409335241408296,0.000208037251819914,0.000660191501573551,0.0110373501621279,1.6554521436854e-07,7.93370154334737e-09,2.70810847021053e-09,5.34791971006267e-08,5.9288096150519e-11,7.24234981276336e-08,0.0223041838085996,0.00712684537244373,4.84458621418455e-08,1.6112222943979e-08,7.20596374930828e-09,6.81163826524255e-09,2.40131682756324,310.464732687911,9.39330484963634e-05,88.9377982119588,2.04702337342354,0.560878188688305,264.592221594205
695,8.61705633494025e-07,0.00028400071668473,0.00117576298122512,8.46993034415014e-05,1.59045837632543e-05,3.23632028273798e-05,1.1106727944131e-07,5.79944788747828e-07,0.000147638156184403,1.59642316712828e-17,0.00457347755623848,2.87185892719976e-05,0.000269807421762187,0.000133480216991632,3.54675109871691e-07,6.82912015370456e-05,0.000412903911081338,1.25002485297697e-06,0.00100937551816488,0.00339291928630676,0.138564037149586,5.31005949548141e-12,0.013602101662009,0.00862845141771003,3.41013700142869e-06,0.000175027792527496,2.3439787572781e-11,5.26881738439695e-15,0.000198089719084544,0.00794428983300131,0.0297569084703362,1.674263267867e-05,8.11332723590897e-05,7.20777415311123e-06,5.57892439961739e-05,1.86184901414219e-05,7.06815935031876e-06,0.00114690684352952,0.00292846389297531,1.78236995245604,8.3370329905055e-05,0.0111161476664369,0.000288426201661546,0.00431914417613602,0.000549248125287468,7.00379320540695e-12,0.00269379357734135,5.5511308223757e-08,0.00862222233236531,2.72533550869371e-05,0.00457982532664576,0.000404835283812432,0.00367955629666743,6.08597057618176e-05,0.000259151101133285,0.000207819226319118,0.000497415037732823,8.22015717621552e-10,1.54899202317857e-05,7.29428162844364e-05,0.000668049279012587,0.0126480521043519,2.50994666089475e-07,1.71041059882165e-08,3.25915432733439e-09,6.7384063139338e-08,2.38200832907808e-11,1.25264457503563e-07,0.0281679835798929,0.000760360371533122,6.18792895172688e-08,1.94160411466822e-08,9.01311578061178e-09,5.39576028434509e-09,1.91439403075292,247.536923278419,2.0985991690047e-05,70.9036025396524,1.61137436436884,0.19570492804931,195.817574773717
700,9.66703966922888e-07,0.000102598184578509,0.000241069512286191,6.93093023081579e-05,1.17148680526431e-05,2.36771209740647e-05,5.3439393839869e-08,3.74314873509477e-07,0.000277206157099009,2.76986030903262e-17,0.004209383852394,3.4037038079227e-05,0.000290943638569755,0.000137552368526117,5.59979879992112e-07,6.66228669304613e-05,0.000403954557485933,1.67311588543606e-06,0.00115396383440478,0.00332770702084554,0.12053892918987,3.84582600204414e-12,0.0125491103995448,0.00791527213464684,4.65213439353172e-06,0.000202632087549354,3.54108881031074e-11,2.74711021563783e-14,0.000120351849867092,0.00760883996803828,0.0257105996809479,1.85136655922054e-05,9.30993484312338e-05,9.18544363209556e-06,5.37420947587257e-05,1.71984899390317e-05,0.00012029207448872,0.000981210915097677,0.00248851467092852,1.61318796290045,6.56355673366946e-05,0.0100703147187951,0.00029237801337068,0.00463398863066893,0.000450002498004185,7.04683314192406e-11,0.00206374757166802,9.34696828988861e-08,0.00738715673728562,3.72856573728116e-05,0.00517330882415547,0.000443119496020187,0.00338132329593929,7.4219061223936e-08,3.11801089988115e-05,0.000609287060028158,0.000443601799185285,3.50402597101635e-10,0.000357105945010259,5.58670067159398e-05,0.000731199770742688,0.0155832940075734,3.76268509902824e-07,2.99485233041282e-08,4.17025854788066e-09,9.02047842452293e-08,1.00530095804403e-11,1.99767423972767e-07,0.0355314141224966,0.00581759083553715,8.52739821491123e-08,2.49483959256796e-08,1.18997054941785e-08,4.96153517785987e-09,1.63096228391646,210.993703237177,0.000149975772529603,60.4061220926981,1.36327541496136,0.183556190709104,147.080605866951
705,1.18615776654418e-06,0.000597212298497475,0.000915593572495328,5.26756297030154e-05,6.93971138684975e-06,1.37573006796584e-05,1.6848223691213e-08,1.47631633697526e-07,0.00042191158705169,5.74010136864569e-17,0.00412790232554102,4.20992795437299e-05,0.000335491543473012,0.000153769214212967,8.43592252798197e-07,6.87159858539569e-05,0.000404139463158597,2.37167919959662e-06,0.00136570165254568,0.00349958264112067,0.110046468442403,6.47730867687928e-12,0.0123299416062994,0.00772699453337558,6.62741223746143e-06,0.000245463483343734,5.48948874337623e-11,9.35714995759527e-15,0.000507952123844479,0.00780131058420705,0.02325681737118,2.14740514980086e-05,0.000112320714830033,1.19322601318672e-05,5.44913959966346e-05,1.64482538769095e-05,0.000265692572129743,0.000875405527663935,0.00220006793968646,1.54873607501223,4.65098484790176e-05,0.00969498628191498,0.000305330425702114,0.00531872126226739,0.000376325350075834,1.88301192516654e-10,0.00153300687743076,1.55498094690748e-07,0.00660966136093522,0.000113671672727762,0.00620530877551876,0.000514297451338813,0.00330767160658096,7.15756477555055e-05,0.000371649152006202,0.00113855182430556,0.000405480837337906,1.08498449945643e-09,0.000798147424605058,0.000213608449528644,0.000848658283496044,0.0202193932525809,5.75233855633383e-07,5.06252457677329e-08,5.64590740325179e-09,1.27149021324196e-07,5.23605993303155e-11,3.17380314317392e-07,0.0452005477372997,0.0144047615818665,1.25106559983723e-07,3.39535509970839e-08,1.65912442698474e-08,4.39909131339912e-09,1.44678384403858,187.387771054951,0.000326388425108347,53.5846957614113,1.20711122328844,0.683620693594621,101.849722997402
710,2.91503320000588e-06,0.00247768547437646,0.00486891438296304,5.09776917022758e-05,3.52344151845538e-07,1.92186918721231e-06,2.29845855811747e-07,3.30025411583118e-07,0.00111661719821005,4.82164670912044e-17,0.00787041510185943,9.98633462560884e-05,0.000754964919940065,0.000340325077195329,2.32874333007934e-06,0.000135687672198278,0.00073226515582739,6.47529604331904e-06,0.00308651782592958,0.00720944428078565,0.191004778978701,1.96722174305906e-11,0.0235372320758001,0.0146374418621933,1.81561507454145e-05,0.000571727921315053,1.62526005404714e-10,4.58042059739932e-14,0.00196974153049129,0.0156386075399473,0.0398336122664106,4.78869190805093e-05,0.000260868943575669,2.9122386740824e-05,0.000106012362262153,2.91057150241829e-05,0.000887014866562603,0.00146885105070745,0.00364320132172353,2.87048351832151,3.42340578168425e-05,0.0180904405394448,0.000590746517982364,0.0119500104331953,0.000567312435686101,7.25533838394898e-10,0.00178094371999967,4.88003649043318e-07,0.0111520558085175,0.000407207441950878,0.0144994160794061,0.00116001382938345,0.00628372110566113,0.000319365621898231,0.00157377150006572,0.00356538926847781,0.000667730231758122,4.65092999186989e-10,0.00259842933786205,0.000816661262120096,0.00191067150166835,0.0504477172800812,1.67787560085694e-06,1.59964909083123e-07,1.47908951629342e-08,3.47422801148699e-07,2.14638185846375e-10,9.52969686251485e-07,0.107766677906142,0.050451680133225,3.52938764877093e-07,8.98440095565312e-08,4.48095389875995e-08,4.41114931703262e-09,2.40727811793805,312.565836374721,0.00110368356155651,89.1586523710985,2.0109867496463,2.67260221392437,85.228758700108
715,9.06936732138021e-06,0.0103355031860531,0.0220514232182583,7.31720101689229e-05,5.08751919646362e-05,0.000107904204876425,1.25466494675905e-06,2.95422540138239e-06,0.00342663184394327,4.31666414500323e-18,0.0183354587060679,0.000288317823607374,0.00209039776509163,0.000939472950575126,7.63668634592637e-06,0.000318329803943373,0.00140016783626002,2.1364384960034e-05,0.0084775239993165,0.0183476552899637,0.38970321551925,3.66958221683043e-11,0.0548459966928501,0.0337719509486354,6.08194213667987e-05,0.00162467588259893,5.80887490076142e-10,1.28437689560305e-13,0.00787216819039723,0.0386167219303446,0.0795581496489352,0.000129869614029266,0.000738014217169667,8.48952986432731e-05,0.000247907704156193,5.69149692037372e-05,0.0033114022757009,0.00283343730394184,0.00687490765873529,6.42157920170684,0.000123006781637028,0.0410625326753906,0.0012898998370844,0.0332504594355691,0.000879167133500555,3.07766096951581e-09,0.000779558350214121,1.85443021426457e-06,0.0217584573089793,0.00155173676966921,0.0418550895915675,0.00322131983764067,0.0145651576831894,0.00134377775057387,0.00648281953236431,0.0128876026444144,0.0011191432366154,2.02755794015683e-09,0.00936953113300336,0.00324992830437763,0.00527770864466195,0.152561351056236,5.97035755122152e-06,6.09442894565404e-07,4.75331140657877e-08,1.16833853438837e-06,8.93236533424946e-10,3.46993465071712e-06,0.30762331463246,0.194035626967575,1.21003155894525e-06,2.92654803507698e-07,1.48405269666185e-07,5.15164801415629e-09,4.57841046723398,597.728918795879,0.00419391855809038,169.57121414076,3.81611037531184,10.9093516140056,161.197527267018
720,1.70313140830371e-06,0.00234022901343837,0.00520975488353884,5.3812528681003e-05,1.79103278953657e-05,3.7327154368258e-05,3.28113673824426e-07,8.76039428574583e-07,0.000597442398732378,1.22845004392798e-18,0.00245905795563267,4.85009769536763e-05,0.000338564862761913,0.000153601361993811,1.44242470427482e-06,4.06788247833626e-05,9.42045314651376e-05,4.02287790018596e-06,0.00135804067143102,0.00274067009010632,0.0421286050262019,3.7987218644044e-11,0.00734737204110393,0.00446016815281997,1.19246613265157e-05,0.000269575367227436,1.21845565800805e-10,1.19318687358646e-14,0.00172397796908499,0.00556865129778029,0.00824269841196934,2.04089724545867e-05,0.000121412598677421,1.41556537431717e-05,3.25389215521282e-05,4.8207950619719e-06,0.000695765900242102,0.000272015273658486,0.000627716189192059,0.807403033539519,6.15327478531259e-05,0.00532412656365972,0.0001364673067722,0.00547277006563878,3.65221481102727e-05,7.29308936936446e-10,0.000512592673828025,4.11712096514884e-07,0.0021506555076729,0.000327170121723767,0.00714696914394281,0.000526689464257981,0.00193980530230815,0.000302434929164581,0.00144022993921132,0.00265989267541198,4.54415410255315e-05,3.33921424664851e-08,0.0018952756479502,0.00071066465990794,0.000853952487048292,0.0265506257341862,1.24584541646149e-06,1.35471451302644e-07,8.98132153879019e-09,2.31598170411079e-07,2.04313225248828e-10,7.3902678963778e-07,0.0505865965709504,0.0415405318894083,2.39878802913574e-07,5.59200497920288e-08,2.89179780808727e-08,2.59845645205076e-09,0.425548607472387,56.4089186824477,0.000896720669507604,15.7611167512419,0.342681140188852,2.44257831432395,95.5133055927662
725,1.18075080533168e-06,0.00221955468973831,0.00507387253916159,7.85713074284115e-05,2.17181047287533e-05,4.48518954395137e-05,3.20838649535749e-07,9.04382595602248e-07,0.000497158683175894,6.24688600932887e-17,0.00120518048476909,3.26030632188039e-05,0.000205651313859963,9.10544709482518e-05,1.07112788929174e-06,1.32540204608414e-05,8.79109982497429e-05,2.85008329749762e-06,0.000908569216854296,0.00159541228498858,0.0114265919713059,1.40325957122987e-12,0.0035893697056793,0.00211663521854057,9.25431050736424e-06,0.000180028129989606,1.04090336860489e-10,2.30381026814421e-14,0.00160668171491066,0.00307744632539397,0.00183246812595659,1.25969460219549e-05,7.95732290345061e-05,9.33033025878533e-06,1.47181224675464e-05,4.89984495513554e-07,0.000602909982500449,3.50212760138742e-05,4.04906470650262e-05,0.344050986773708,7.80492125557827e-05,0.00245685667072623,1.33482763463866e-05,0.00360821348644219,5.63460639108524e-05,6.28877240231233e-10,0.00081370609664717,3.69512741345006e-07,0.000357982468674993,0.000279478957649612,0.00492322705898069,0.000346752324841156,0.000939664807937553,0.000276459425493442,0.00128867740535617,0.00229622224544854,0.000107147556029977,5.29066889489652e-11,0.00156650622660662,0.000648679834436945,0.000558692895522357,0.0171723891293544,1.05053438167042e-06,1.21715901066809e-07,6.80591317537909e-09,1.85746496159007e-07,1.80751360092541e-10,6.37220972823059e-07,0.033733855657619,0.0357464324584552,1.8727993836877e-07,4.30555244589635e-08,2.27494404962121e-08,7.17159208595252e-10,0.0373390649393917,6.19848771549152,0.00086273311325373,1.38295292972017,0.0132405475633709,2.33504453841289,124.415418224156
730,8.36715883440395e-07,0.00254154503381423,0.00592112570533289,0.000112808185904103,2.88476437987348e-05,5.92466749138458e-05,3.59747240729536e-07,1.04283865607107e-06,0.000576238848335755,2.70881043054192e-17,0.000517848267016329,2.60539275069905e-05,0.000127400379122619,4.91053333809197e-05,9.2633378215388e-07,7.65514735595552e-06,0.000252033776231492,2.17062282198779e-06,0.000757682603313673,0.00102361059660752,0.00747193479565212,2.09363468006283e-12,0.00152849510433206,0.00081293989369507,8.52258974375311e-06,0.000143937305112346,1.09601668256811e-10,1.21822978576983e-13,0.00184400939162822,0.00178841091179191,0.00217634143734646,8.94434710820214e-06,6.17652911507114e-05,7.18934657646462e-06,4.48089244299601e-06,4.07160421680955e-06,0.000634230593483512,0.000116985071450289,0.000341356692849024,0.07755012364546,0.000101693797421066,0.000861867703993063,0.000132596964716029,0.00278993403444845,0.000124237281249909,6.83621885651247e-10,0.00110836576173196,4.00760093723054e-07,0.000781264066392604,0.000288777380310357,0.00402919541176406,0.000271833319471256,0.000390813971085856,0.000304848147571682,0.00138520493022608,0.00242344450609284,0.000248417481304559,2.36062098264604e-10,0.00158310286006111,0.000723229078061247,0.00044103817607508,0.012036919145025,1.07510710686481e-06,1.32353265243626e-07,6.22804799580316e-09,1.79759901863444e-07,1.942805850927e-10,6.67091443507274e-07,0.0270342965400948,0.0371861283523125,1.62870459948068e-07,4.00621780755868e-08,2.15431012548758e-08,2.10196135468577e-09,0.213803921868478,26.0118769530884,0.000975768268292569,7.91865727875071,0.285993387788905,2.68755180074576,166.693073742105
735,5.35205724238847e-07,0.00292350300923509,0.00692191369497109,0.000147564221642306,3.63501689739346e-05,7.44294554418671e-05,4.11593469055602e-07,1.21177600521961e-06,0.000693049125706143,5.39934163749e-17,2.57298635324425e-05,2.19370033939741e-05,6.01995991153535e-05,1.06255299347499e-05,8.33177441285329e-07,2.70492590952063e-05,0.000405931382437204,1.48001426515797e-06,0.000671800911313013,0.000591946058558173,0.0231670657786228,6.3477890022394e-14,9.72086060091555e-05,0.000225233939519227,8.23589308271772e-06,0.000120971380168008,1.20526352338218e-10,1.76694102427196e-14,0.00214608972839414,0.000797779343333022,0.00552602493767185,6.30647435305543e-06,5.01618075160726e-05,5.65858388294406e-06,3.83962499067647e-06,7.26265567302479e-06,0.000687779608309461,0.000245268966475153,0.000665114415030418,0.138427471221705,0.000125282702188505,0.000402930133229691,0.000228250928548461,0.00221941490226709,0.000184505900943042,7.56056166392287e-10,0.00138945198533539,4.61523877658287e-07,0.00173811817684145,0.000310568951139043,0.00344721842348589,0.000223296949933337,4.16050063310172e-05,0.000344830928810685,0.00153678087262292,0.00263620358429672,0.000386052034127707,9.21566563320337e-10,0.00168089056843249,0.000823132698681213,0.000369440757951687,0.00789915106222062,1.17469613061178e-06,1.52903501358221e-07,6.03428243872711e-09,1.85417147156124e-07,2.21009868053239e-10,7.45436232856856e-07,0.0226529778194223,0.0401642386833806,1.40355880571903e-07,3.95505580883248e-08,2.16131505903316e-08,3.43844351143851e-09,0.42637708407143,53.1466322370357,0.00106744013889174,15.791751610827,0.555389105895925,3.07037898130476,212.227535997696
740,2.69309007551371e-07,0.00326619139454254,0.00785200209029354,0.00017939269610536,4.32574257555663e-05,8.84178478873004e-05,4.67595263613733e-07,1.38919896170178e-06,0.000808496212849905,1.61854365867499e-16,0.000505520021474099,1.89599501179641e-05,2.48102935812289e-06,2.63224095515707e-05,7.61218646648813e-07,4.51988437218385e-05,0.000544738567600942,7.00579530933094e-07,0.000604540472503821,0.000217863635775038,0.0372545470276343,2.99546967479421e-12,0.00152542245351127,0.00114330383934895,8.02986093724379e-06,0.000103159030127873,1.41913398945058e-10,4.28528809350084e-13,0.00243570550513778,6.58297743638919e-05,0.00853880784335169,4.07300394154032e-06,4.13914341031504e-05,4.36374322544094e-06,1.13094408003369e-05,1.02908262025862e-05,0.0007392461080865,0.000361102909651845,0.000957801461372965,0.331359621137531,0.000146376298293917,0.0015162002486617,0.000302208838618143,0.00174395597780786,0.000240238335072542,8.73893389694423e-10,0.0016530798125506,5.4157319884199e-07,0.00259923368140722,0.000334663808013904,0.00298104780959274,0.000185786349255476,0.000420687528183766,0.00038565823583457,0.00169749011191492,0.002837702708685,0.000516389164971121,1.23371040519171e-09,0.00180032289533074,0.000919631746987819,0.0003175993327494,0.00412597245903328,1.31832799636533e-06,1.80049085198727e-07,5.99719459848479e-09,1.9663624270442e-07,2.58104682176873e-10,8.53801462021876e-07,0.0191757904200618,0.0431902463258368,1.11468247181681e-07,4.01742930161957e-08,2.22880629525266e-08,4.37731344420827e-09,0.618475046207023,77.5955665839618,0.00111487007650865,22.9065034613283,0.837056892815981,3.38019827810359,257.548433726889
745,4.53528000108808e-08,0.00375008281100414,0.009152703617108,0.00021930697802396,5.21440539057779e-05,0.000106467627833772,5.54313091122809e-07,1.65608453880169e-06,0.000963483215023541,4.32040306762035e-17,0.00100537966987682,1.77557943094276e-05,6.53239352264184e-05,6.54093353924032e-05,7.45033265970162e-07,6.56797758754994e-05,0.000704778984054941,1.54796376504867e-07,0.000576415785400239,0.000131623872297105,0.053374730655914,1.3649268413122e-12,0.00300660363044883,0.00211011735868257,8.21676328413849e-06,9.34685520280541e-05,1.67867604163632e-10,1.43375973125193e-13,0.0028466740855192,0.000908401409118716,0.0120233494510617,2.1880861010087e-06,3.65477426203358e-05,3.40172276674885e-06,1.93637204280775e-05,1.39805818166876e-05,0.000828075936002803,0.000497292119003815,0.00130480353181322,0.541551229500076,0.000174133473887741,0.00269243272350688,0.000376779297228182,0.00139943412718371,0.000310683491054851,9.92508862462452e-10,0.00201676754417597,6.74500173587087e-07,0.00360444352897276,0.000379537031590903,0.00273142242702583,0.000164039995891961,0.000814062638635679,0.000449273555473334,0.0019641932155302,0.00317788908609996,0.00067545214930679,5.69634673221375e-11,0.00203846855944612,0.00106345657825411,0.000294047460580476,0.00062703807889081,1.58527906410718e-06,2.25129954092261e-07,6.38961063465519e-09,2.24499161422698e-07,3.18816205956855e-10,1.04619489348415e-06,0.0172138691203061,0.0485127721574454,7.99031113133106e-08,4.37733760962645e-08,2.45988189949679e-08,5.62136780822519e-09,0.845573253089432,106.381139660717,0.00118641939306798,31.3175616086982,1.20626940573229,3.80521504296258,319.561854593459
750,1.62941073403855e-07,0.004231955831511,0.0104899612599236,0.000260463540575947,6.12872852230662e-05,0.000125048780031925,6.50176049029266e-07,1.94971397146313e-06,0.00112379285095885,2.4815837159225e-17,0.0015536677187169,1.71829408963015e-05,0.000132923240081491,0.000108104298136025,7.43390946136598e-07,8.76521406748381e-05,0.000867148805080186,1.12817126692588e-06,0.000551919752794924,0.000505976431557763,0.0713507253517857,2.42845648583325e-12,0.00462332766182997,0.00317143536393283,8.26475531851773e-06,8.53184622849311e-05,2.05982853400869e-10,1.27417057129741e-13,0.00327406415830014,0.00181839933234301,0.0159161496625511,2.3715387753849e-07,3.29217585997113e-05,2.45931584090051e-06,2.82450689031596e-05,1.80569351919284e-05,0.000920994225775182,0.000649911756053889,0.00169433528991444,0.774632281574128,0.000203188859876663,0.00398239343915253,0.000441242380134652,0.00105754000523155,0.000390981319811046,1.13414224617035e-09,0.00243367239009379,8.3971062900748e-07,0.00472920970059454,0.000431160933610216,0.00251537247164881,0.000145700614780451,0.00124319370982433,0.000520080442922047,0.00226837447284635,0.0035273709279945,0.000848693991355173,6.23065086797446e-09,0.00231857485272649,0.00121553112842084,0.000278609455492014,0.00304414247455394,1.93061279224309e-06,2.81587731850695e-07,6.95227075402101e-09,2.61056674786143e-07,4.01301152947564e-10,1.29392281537242e-06,0.0155686750494113,0.0541753217885794,3.65124151081164e-08,4.88551996320519e-08,2.77493792135688e-08,6.54630478114476e-09,1.10031457178585,138.624152444221,0.00123332893236853,40.7524401339221,1.65980584845586,4.1946068120157,390.080503640481
755,4.0491265676039e-07,0.00534334029009509,0.0134607678616643,0.000343840144490775,8.0214924976712e-05,0.000163589841379766,8.5238925239814e-07,2.56309520048551e-06,0.00146393062308556,1.17786003401561e-18,0.00247350860624933,1.95203682500181e-05,0.000234581225003512,0.000176260480096116,8.56576402293613e-07,0.000126591164530263,0.00117015418788436,2.44075644764571e-06,0.000600763444009745,0.00104938132574396,0.104580077297172,1.48661994125124e-12,0.00733307482554338,0.00497477773712449,9.06339737986818e-06,8.88533277415592e-05,2.92778910723394e-10,4.78078626910462e-14,0.00421697842485584,0.003227080379214,0.0231824321439121,2.12292224152226e-06,3.44350395649461e-05,1.70694203980367e-06,4.35376291614577e-05,2.55556525124712e-05,0.00115546248215043,0.000938758207856161,0.00243736999966321,1.18367603296786,0.000265892810049539,0.00619120257064845,0.000561281022879798,0.000795942861299751,0.000550931453005169,1.41601153334962e-09,0.00332116396518986,1.17732046215115e-06,0.00684980383755442,0.000557127345878863,0.00263641221557621,0.000147297243750538,0.00196486106602932,0.000680274591673965,0.00297014268817681,0.00440808598978533,0.00118068912177215,3.86245687138833e-11,0.00300428508381134,0.00156256117182606,0.000306524200452817,0.00783063970015458,2.68372170716772e-06,3.96977822673375e-07,8.73789482138599e-09,3.49115749350488e-07,5.78684628709523e-10,1.82071245581999e-06,0.0160943523357453,0.0683065874127127,2.29642908461496e-08,6.30368986846408e-08,3.61380852018076e-08,9.10908843222426e-09,1.58484072986859,199.824389308266,0.00142589903482629,58.6978793855724,2.52331337497837,5.15604870743997,535.002934774895
760,8.30528455485713e-07,0.00804698946707644,0.0206226024872056,0.000539366442130506,0.00012486363149807,0.000254560619312007,1.32373954026903e-06,3.98970137621051e-06,0.00227407121544835,1.77374286773271e-16,0.00453364452601661,2.77015792415746e-05,0.0004473766288455,0.000323097208092625,1.20983001164296e-06,0.000214230516825833,0.00185754773539229,4.85607260257658e-06,0.000789879258079095,0.00218930522916487,0.181799369129262,5.35656161255838e-12,0.013399914838854,0.0090343048091009,1.11882746790202e-05,0.000112379649205573,4.97252291657394e-10,4.91532625546972e-13,0.00648323348239098,0.00627454732020525,0.040126138956978,6.55612613393041e-06,4.47019305027202e-05,7.87400891051142e-07,7.80098709417498e-05,4.24709360075953e-05,0.00174183709991327,0.00161549040589748,0.00418349856863564,2.11610488645557,0.000417366464563574,0.0111793429048348,0.000831757599028962,0.000493799410090832,0.000932044433296348,2.09902977521498e-09,0.00547990217054451,1.96420503965336e-06,0.0118150735487131,0.000872142053979736,0.00334685632937101,0.000180205146293305,0.00358372518825341,0.00107167930765025,0.00469687296162299,0.00660473061617267,0.00195197237116934,6.3098216617306e-11,0.00471866051456189,0.00240860232039358,0.000417171780567166,0.0169262553446403,4.50913799226211e-06,6.66736096988685e-07,1.35243742565145e-08,5.69525235743215e-07,1.02073065243575e-09,3.08559553658835e-06,0.0202483813171567,0.103596717667597,1.33199757875652e-07,1.00326637901746e-07,5.79250465888547e-08,1.48294902277111e-08,2.72205795569833,343.370301399012,0.0019528507297386,100.817095086848,4.55054761531657,7.53340327989224,880.871435907923
765,1.68299420019938e-06,0.0138383254828237,0.0361253413615315,0.000964178337596526,0.000221556818384767,0.000451589885404953,2.32311135300461e-06,7.01822587133222e-06,0.0040338119503129,3.45272317588753e-15,0.00935090799511888,4.6939428991897e-05,0.000925844020685792,0.000654144755701128,2.0031677067809e-06,0.000410022068002678,0.00333053296259492,9.67854252983279e-06,0.0011987784843427,0.00486816456286817,0.361792556626488,1.97108688774698e-12,0.0275701691983677,0.0185187185590982,1.40929986059258e-05,0.000165662607403555,9.80420439006075e-10,1.63669464043104e-12,0.0113894256314332,0.0134152998556468,0.0796101877760494,1.69439923459469e-05,6.92803052771728e-05,1.36389670804011e-06,0.000158020593342724,7.96397541450443e-05,0.00302094134367383,0.00319180427200173,0.00825275760248911,4.29447554622555,0.000754563545118707,0.0228270677398792,0.00137576972830188,0.000257501748291839,0.00181946237088768,3.4555040827519e-09,0.0104916642204005,3.72358272847905e-06,0.0233957674888622,0.00158388732373674,0.00494052909629576,0.000255845219269601,0.00736768140940462,0.00194766411057428,0.00858994903128417,0.0113560760375482,0.00368690017553252,2.28766034040556e-08,0.008596303827706,0.00426406452797725,0.000673220774812169,0.0365711815880437,8.75195126552795e-06,1.27424193382555e-06,2.46185736134691e-08,1.08330837866288e-06,2.10890876569358e-09,6.01581441109834e-06,0.0296821587520864,0.181050704017368,3.86102638621129e-07,1.8827930172926e-07,1.09152277828513e-07,2.87531537401266e-08,5.37103060060212,677.716011497584,0.00302802811050773,198.927331624862,9.35192705190231,12.5196490797571,1670.15582473115
770,1.08616066593247e-06,0.00844700622747167,0.0225009628147511,0.000611262226431554,0.000139411111949728,0.000284129683647858,1.43164291873785e-06,4.33691190021989e-06,0.00253561667285958,1.45966268129393e-15,0.00682550937680536,2.95138277818023e-05,0.000659204533956595,0.000460020387705412,1.21599018229556e-06,0.000277212818089935,0.00209853770749498,6.28349444570687e-06,0.000652290106118421,0.00372332821086722,0.257698434757139,7.51292647798729e-11,0.020085553134261,0.0134601299557994,4.91366541277904e-06,8.91076258195296e-05,6.92365527946367e-10,4.69578086131972e-12,0.00710654377316825,0.0100189953422799,0.0565829956667845,1.39672536264564e-05,4.01022264093781e-05,2.34323085008801e-06,0.000113680790533349,5.26410377143595e-05,0.0018756028883527,0.00226177525180113,0.00584360566630869,3.1011885956426,0.000489894694867639,0.0165474338730101,0.000785954293806546,0.000800628984274777,0.00127847453966036,2.22731861248985e-09,0.00726453018876265,2.50416378325409e-06,0.0166154944094675,0.0010387179390896,0.00266254620926692,0.000132118973189157,0.00536758390954573,0.00127088552885905,0.00565512183340261,0.00696815957101122,0.0024805729068357,1.47892785723884e-08,0.00565091848843036,0.00269704614706012,0.000401440662487825,0.0260010108989223,6.11661687473545e-06,8.65243181292799e-07,1.65317484098154e-08,7.49059602590902e-07,1.61044333077758e-09,4.20787467465402e-06,0.0157870533407082,0.113521486589711,3.14252871796841e-07,1.30752246434141e-07,7.601678708584e-08,2.29246636535095e-08,3.80273497713463,479.915143672883,0.00164632213241017,140.842233770259,6.8215055888322,7.34876295160436,1136.0981122723
775,2.94709088761942e-06,0.025386291551894,0.0691725974987559,0.00190815775301217,0.000431828486028037,0.000880194441393143,4.3147020017253e-06,1.31166822069119e-05,0.00779696870570738,1.97321237150128e-15,0.0246708255684267,9.57996627858292e-05,0.00225938851166468,0.00156617490909486,3.82952712460462e-06,0.000921427852971445,0.00643990006331938,1.88842707912387e-05,0.00176555063374552,0.0138532425818044,0.916526901143521,9.59389906078403e-10,0.0724973176581425,0.0485138536025364,2.80801224899988e-06,0.000245790224900265,2.66442142893181e-09,8.80522471639073e-11,0.0218467756095769,0.0367376284633325,0.200950691150767,5.42600170705004e-05,0.000121240266442431,1.1089614669532e-05,0.000406932303677531,0.000171600815190559,0.00579629522899635,0.00801586995811752,0.0207060002469551,11.1321272265342,0.00159064962847925,0.0595371131524021,0.00211999719459166,0.00430792784504682,0.00450565617170586,1.12353195408595e-08,0.0253323650631331,8.39700446589689e-06,0.0590095893451977,0.00342249607191457,0.00742892075374525,0.000351006390011253,0.0193854257254096,0.00414017925389707,0.0186466593355051,0.0211993037250365,0.00827029262635311,9.95655579815726e-08,0.0186434221712051,0.00846578623648039,0.00123156873187133,0.085908456627514,2.15619069695823e-05,2.93183939540376e-06,5.70264265787341e-08,2.63893723263902e-06,6.15634736776271e-09,1.47803903289605e-05,0.0423970997943274,0.355409716719504,1.11640306006136e-06,4.66482734923367e-07,2.7186760920026e-07,4.37199641668891e-08,13.4702016802131,1700.16636177958,0.00431767104717507,498.897073883043,24.5445014197815,21.0873212831354,3859.04467280825
780,7.58559421530822e-07,0.0119282995943439,0.0333788867504493,0.00093237922202089,0.000209314218613943,0.000426856665603083,2.04087479695371e-06,6.23389032084663e-06,0.00368026479887199,3.55114300953287e-15,0.0141593230326725,5.14696616186146e-05,0.00118614638178468,0.000819537550300215,2.07386902639731e-06,0.000479696712068433,0.00304456808120088,8.51418857914739e-06,0.000756070680989674,0.00807874593506223,0.521166696522721,4.36955877351058e-12,0.0415717485144991,0.0277958071885676,3.85996652026437e-06,0.000112752551169195,1.42015827570659e-09,1.75030021070215e-13,0.0105097975306085,0.0212525401710496,0.114170393316976,3.2658901845996e-05,6.15168091850784e-05,6.62586042212917e-06,0.00023330050367453,8.89511266527503e-05,0.00284611590705647,0.00454858911441571,0.0117515394523715,6.36453546350966,0.00082575731302205,0.0340803274665557,0.000820470102531442,0.00291784077612522,0.00254886188757262,2.71765980124812e-09,0.0142312445633944,4.63666068754669e-06,0.0335414962245383,0.00181102864217687,0.00355103089590049,0.000158216229877914,0.0111270431122321,0.00214943242150015,0.0098437617947336,0.0101932756743107,0.00435780330291483,1.36686502533597e-08,0.00986520815939247,0.00419967839777492,0.000621309062868448,0.0416944519488808,1.24395024507335e-05,1.63410494116587e-06,3.22394686886942e-08,1.53600872830736e-06,3.88641815720826e-09,8.5076938478776e-06,0.0183626197442123,0.177614522634524,5.79502350148081e-07,2.7518496351652e-07,1.59720635650509e-07,2.69738592177587e-08,7.64181274422164,964.590329476488,0.00169655339436008,283.030517690726,13.887360142522,9.34505243050005,2091.89901364244
785,2.66075304871531e-07,0.00425607508417577,0.0122824202877631,0.000345894039381794,7.71457531828914e-05,0.00015747827571209,7.41084629373401e-07,2.27853643220946e-06,0.00125776765056848,3.75699050170975e-15,0.00628987058783053,2.22388213954081e-05,0.000462799547663877,0.000318784543589973,9.60128656717438e-07,0.000189999065649679,0.00107416208945754,2.84568653375604e-06,0.00024827579919379,0.00361323676193701,0.230574491624738,1.04453247838218e-11,0.01845912373299,0.0123356000636482,2.64737587356502e-06,4.14723964094801e-05,6.60840780327335e-10,5.11743719937638e-13,0.00383800870025836,0.00947226840338318,0.0504921178782065,1.51273682319553e-05,2.52871659270067e-05,2.44581969882884e-06,0.000104880839312884,3.60245475020089e-05,0.00108123815287501,0.00201058451325061,0.00519597109631286,2.82280288652278,0.000333249430683623,0.0151226187602362,0.000214760911230183,0.00137221243827827,0.00112563147057948,1.22926751534673e-09,0.0062564087962728,2.10155996292295e-06,0.0148404159586104,0.000747790443768011,0.00144151254360371,5.94640811075428e-05,0.00494539855619028,0.000863878195873141,0.00404797956201174,0.00377344764971409,0.0017630246201212,1.54465628893737e-08,0.00407048882500007,0.00159865999684696,0.000249582698138647,0.0144454124778096,5.79120922121894e-06,7.44092072719171e-07,1.47642435487541e-08,7.24551337552288e-07,1.96486829499605e-09,3.95000266297033e-06,0.0063480135544181,0.0687788452045986,2.17146945566109e-07,1.31541765753451e-07,7.63577092383258e-08,7.5670126960395e-09,3.37757121553501,426.351428621142,0.000489440353088873,125.095420276019,6.01086044803571,3.10385201995091,879.929014872175
790,7.63090989318916e-07,0.0024710757358856,0.00738164210137511,0.000208297039109354,4.63200166585873e-05,9.47046139554188e-05,4.44278971902675e-07,1.37822911934681e-06,0.000632854934915139,2.51286119121397e-15,0.00463038563312303,1.64093175774159e-05,0.000286382552166537,0.000196057222310759,7.94353718710986e-07,0.000122471471494482,0.000604062123506255,1.53675674669941e-06,0.000133687335840043,0.0026622493926735,0.169642734354019,5.23670441174731e-12,0.0135876112614658,0.00907629890427836,1.67142367855086e-06,2.55030795459092e-05,5.29281930244452e-10,1.32196979210953e-13,0.00227590191549947,0.00697556098899621,0.0371466561338271,1.16502290407167e-05,1.77294359954822e-05,1.04332674942752e-06,7.91543577825504e-05,2.45636274464736e-05,0.000680940666533186,0.00147921666436552,0.00382366981285289,2.07789305965388,0.000223425765083636,0.0111325238528799,7.18614179553081e-05,0.00100585523348177,0.000828727018415027,1.08732049752594e-09,0.00459094313770817,1.69321688052909e-06,0.0109194353367767,0.000514336591264115,0.00104975356589092,3.92624301532182e-05,0.00364236016562526,0.000574375760004478,0.00277188850201982,0.00230785551838061,0.00117130981428412,9.7635800472705e-09,0.00279725924238873,0.000998444798159992,0.000169151337188153,0.00756409123494757,4.64966577162543e-06,5.98314600340193e-07,1.15977843564077e-08,5.90916659670689e-07,1.66437856558881e-09,3.17675269143537e-06,0.00381470571100403,0.0440783068361129,1.29202673761068e-07,1.07326955739526e-07,6.25091824308076e-08,4.76775140157813e-09,2.4848374107982,313.668304434314,0.000222347110975589,92.0311610341392,4.26727577521009,1.6566857796782,613.923041807501
795,1.19978843118337e-06,0.00152401662850306,0.00474443690139549,0.000132854872642174,2.96248887790725e-05,6.07431199488011e-05,2.91837205065096e-07,9.16270981306229e-07,0.00025408423913535,2.36325179005286e-15,0.00372829022104918,1.36299767332818e-05,0.000180323198846937,0.000121753450946659,7.62011755944518e-07,8.40437035807015e-05,0.000346965546962145,8.93561212178479e-07,7.73058290503508e-05,0.00213404094051474,0.136944811475553,4.86163989868657e-12,0.0109426839160086,0.00730705314554269,3.92264492906819e-07,1.70684458191614e-05,4.79767066608525e-10,8.39229632118684e-14,0.00142950067947319,0.00560328441494985,0.0299933743799909,9.87583895999925e-06,1.39111112940412e-05,5.870267996254e-08,6.62131705292993e-05,1.87453991028632e-05,0.00046868121460547,0.0011950316044476,0.00308942227932706,1.67524768547312,0.00016404968985791,0.0089725437276199,2.46453869596458e-06,0.000761420670104047,0.00067099609404974,1.09916778533018e-09,0.00370786841688799,1.59496695975205e-06,0.00881358374634148,0.000388545741882291,0.000899864644835965,3.01661412480246e-05,0.00293369187382651,0.000416065772359689,0.00208456163318449,0.00153599786515856,0.000840088597023055,4.4765332838526e-09,0.002110501467763,0.00067103339801961,0.000126605173066262,0.00348429198833312,4.25219707864653e-06,5.59135183114292e-07,1.02944797279576e-08,5.4944819629627e-07,1.55097135432438e-09,2.92093565354509e-06,0.0026343551865038,0.0308584397023922,8.07905182904376e-08,9.84645195545689e-08,5.76490385404291e-08,1.77865642003316e-09,2.00742542126474,253.405643281161,9.34091147617105e-05,74.3492137054219,3.27628923382708,0.913526986188711,468.371058366057
800,1.72536854247881e-06,0.000975487284487112,0.00320821089759409,8.74967168757619e-05,1.97931166588296e-05,4.08057688457132e-05,2.10955330369247e-07,6.72871787883626e-07,2.92077697205762e-05,1.08687655170831e-16,0.00327594365869625,1.27122304836403e-05,0.000107113325282006,6.96294372095739e-05,8.31437762697467e-07,6.0250241839765e-05,0.000188380831276674,5.60144756405862e-07,4.71174427936484e-05,0.00185666804392999,0.121019304923362,5.05037240842437e-13,0.0096199077393774,0.00642196944699498,1.1347848130972e-06,1.20809253133074e-05,4.95419866953017e-10,1.52940678583634e-13,0.000927142799930612,0.00489818966804867,0.0265186259984431,9.21994904215485e-06,1.2120971030103e-05,1.10640307928286e-06,6.13055335353673e-05,1.60804706826034e-05,0.000351494910626016,0.00105775823822718,0.00273434191590922,1.47595643832713,0.000131499380525194,0.00789998028499902,5.20148252229911e-05,0.000585574110783835,0.000596157504174455,1.2377997154683e-09,0.00328752089656574,1.73574176254925e-06,0.00778460628493661,0.000321500764697824,0.000894793842730085,2.68726937301027e-05,0.00257780123624208,0.000326741191907501,0.00171770514650107,0.00110749906429363,0.000644973088239881,4.77591736684014e-11,0.00174292454270255,0.000479236215675437,0.000103454192047912,0.000578311536947922,4.40811878217029e-06,6.01244384145423e-07,1.03248771079831e-08,5.79487553292387e-07,1.58470904948296e-09,3.05569712418641e-06,0.00209328124286334,0.0235407286447185,5.27045943749842e-08,1.01231617870447e-07,5.97847630203853e-08,1.26846728147764e-10,1.77680456221643,224.293460930901,2.02219220424146e-05,65.8076931697081,2.71048632015381,0.48747816455657,389.432595819541
805,2.36635819965548e-06,0.000583753946078485,0.00209413693225326,5.32096594548706e-05,1.25733154301029e-05,2.62238761485892e-05,1.59802240762309e-07,5.19975028696624e-07,0.000293336740524944,4.87197543192261e-16,0.00296404335514683,1.25563424495908e-05,4.20343615063528e-05,2.24924965555958e-05,9.58934728712055e-07,4.11223266584903e-05,6.70719729091991e-05,3.55856782120652e-07,2.75711277755096e-05,0.00165321833953027,0.110498318227729,1.36465622840317e-11,0.00871131731082204,0.00581408163921912,3.00169328478243e-06,8.06347364707757e-06,5.39651133996197e-10,3.64687134819856e-15,0.000555532180747697,0.00439539151584545,0.0242324370917624,8.96315796002622e-06,1.10028545910331e-05,2.21795550721318e-06,5.93218856225818e-05,1.47099739839465e-05,0.00027089708456137,0.000968228266635775,0.00250213422667841,1.341081583112,0.000108515844938283,0.00717077235771035,9.21970783174512e-05,0.000412731088941124,0.000548672834421654,1.45081009308399e-09,0.00301973225529776,2.03057422805107e-06,0.00710017760984328,0.000274936241377452,0.000959218825604152,2.603403290763e-05,0.00233131892288733,0.000261536104632901,0.00146396531730313,0.000814083625920923,0.000495030136595048,3.95712284516385e-10,0.00148563971478409,0.000336784035916827,8.59941611724753e-05,0.00198151518350248,4.85883302978905e-06,6.93636111789486e-07,1.09651104941604e-08,6.50673924260951e-07,1.66448623121059e-09,3.40888079712112e-06,0.00180963265670832,0.0184595493316354,3.28587273616415e-08,1.0954062828313e-07,6.529501799627e-08,4.33309521331599e-09,1.62635307777965,205.299735513692,3.03240019591324e-05,60.2354141332135,2.27486834130481,0.189800579663745,332.595696699981
810,3.56796687777372e-06,0.000316658066653124,0.00137233221672579,2.7919564855928e-05,7.67378351032571e-06,1.65079847774511e-05,1.43134185246457e-07,4.76758050836465e-07,0.000636976461568786,3.15159682231633e-16,0.00307070405131476,1.45861941801741e-05,2.48084522072879e-05,2.78730092267638e-05,1.28409930176817e-06,2.71216902092197e-05,3.90699438045719e-05,2.50246595215421e-07,1.57240233306169e-05,0.00167302266660747,0.115967016858929,7.19485754370606e-12,0.00903589970591167,0.00602964872213017,5.92636790539965e-06,4.76070782572184e-06,6.98249762599011e-10,5.30893989410149e-15,0.000288384751844842,0.00449925723108687,0.0254603026579762,1.00983954993155e-05,1.1492740512724e-05,3.85644429873646e-06,6.67118612326532e-05,1.60109702668047e-05,0.000238543629310961,0.00101973673090921,0.00263370049760707,1.39771137086722,0.000102489489246505,0.00746292169663794,0.000144358356267514,0.000255083586452789,0.000582074696630819,1.92612204140894e-09,0.00319668606453228,2.81009102498056e-06,0.00743796336569936,0.000270286580587406,0.00121523023966165,3.02359875312037e-05,0.00241250795028173,0.000236041090820536,0.00143603931026835,0.000676094214485302,0.000414571938900843,4.03108022729144e-10,0.0014523393366275,0.00024894906048275,7.92090574602184e-05,0.0050159605607977,6.29185622040182e-06,9.46161366708079e-07,1.37713986438198e-08,8.60337535394109e-07,2.01921726566198e-09,4.4850396832294e-06,0.00188798174450409,0.0165450814262816,2.01699677216304e-08,1.38873008158872e-07,8.37652530561633e-08,1.18431977784977e-09,1.71274424351805,216.201906605822,7.70849981894876e-05,63.4351035012926,2.14564152601145,0.0404481537653512,323.968406964618
815,1.26137319158527e-05,0.000106779217836283,0.00148984996431026,1.01632194569483e-06,5.91581217351155e-06,1.50572593892546e-05,3.25713516970422e-07,1.11099807490352e-06,0.00260469528618324,6.63635257693337e-16,0.00765006900834198,4.17493435916664e-05,0.000269381219327593,0.000226917410492821,4.15238787145338e-06,2.36140302928858e-05,0.000379528455439569,3.91805608318775e-07,1.22317621049378e-05,0.00403295933689563,0.293996225040534,2.99446418358335e-11,0.0225497326055235,0.0150460491481125,2.41049934962649e-05,2.68030468871725e-07,2.20954173091515e-09,1.8727003197064e-13,1.42953658972499e-06,0.011023665495456,0.064642767332936,2.76768379419052e-05,2.87556286102325e-05,1.42658785397043e-05,0.000182936667808143,4.35924303001828e-05,0.000504458321362232,0.00259732070420283,0.00670212420800069,3.51061482725786,0.000232817947991227,0.0187088466617202,0.000489217591602021,4.96793190380472e-05,0.00149630255987577,5.99997073122432e-09,0.00819641319901999,9.55722970952114e-06,0.0188040196487409,0.000642070463180656,0.00377714300713496,8.76131502585232e-05,0.00599813086374377,0.0005007125448562,0.00340863255553342,0.00132785025370403,0.000765854760730605,1.7473098818555e-09,0.00341670453713966,0.000365517481657296,0.000163057769204431,0.0210578576847837,1.99370449953459e-05,3.1711672806527e-06,4.24235108587913e-08,2.79523345165832e-06,5.79744577579782e-09,1.44751133073961e-05,0.00495626741851396,0.0356352105045705,1.68597954308176e-08,4.29413310229041e-07,2.61935677144584e-07,6.35171435499702e-09,4.36190399438755,550.59669028819,0.000297268619779704,161.552366755992,4.74638288117339,0.653003406212003,754.529175082671
820,6.84521668213517e-06,0.000213396178802682,0.000157634258588582,2.96237871572865e-05,2.85873721909112e-06,4.2159576229621e-06,1.26207236838169e-07,4.38318605206737e-07,0.00150354482850549,1.79242459326667e-17,0.00298322290658644,1.9087802253455e-05,0.000204271388885361,0.000164662501807486,2.09301089788057e-06,1.05695174690608e-05,0.000264765003135182,7.80773473894504e-08,4.09277044656971e-06,0.00150295795969719,0.11727769149818,9.96696842372877e-12,0.00881385715477414,0.00588133079080922,1.41241472049176e-05,5.92633078996129e-06,1.09982185959366e-09,7.77955883857083e-15,0.000283502980267861,0.00420267519037986,0.0258358545534243,1.19810412822021e-05,1.10747817963977e-05,7.66010476480575e-06,7.94234306768584e-05,1.92854327957038e-05,0.000167243110372456,0.00104226572128896,0.00268612911364085,1.38373905577863,8.29892625339373e-05,0.00735607396989695,0.000244000282745001,0.000283563464294105,0.000607185203123361,2.88422426580884e-09,0.00331557365883502,5.16467538309476e-06,0.00747134083595848,0.000240240247905967,0.00185734991731519,4.08771409752309e-05,0.00233151368912157,0.00016074516212582,0.00127602464185367,0.000400959124668395,0.000183981715192959,1.07006879358984e-11,0.00125741685161946,3.90697411924985e-05,4.39398949539856e-05,0.0120907885248944,9.98834673057443e-06,1.68872470293896e-06,2.07790963493228e-08,1.44480934662741e-06,2.57165372154273e-09,7.41245849303958e-06,0.00210597320025755,0.0120488032476451,6.39511539587677e-09,2.10219483294507e-07,1.29589632781974e-07,2.25723216919449e-09,1.75005522363701,220.90065511552,0.000153140925513593,64.817022280479,1.58576432126463,0.457357574483384,272.91117941044
825,6.2201551789947e-06,0.000301673354039386,0.000581683939134823,4.04062944805502e-05,5.32624114756046e-06,9.39254799350255e-06,9.29909902279858e-08,3.24812439001336e-07,0.00139320663197563,4.87613724001151e-16,0.00198735138492254,1.51206384704069e-05,0.000216356820343501,0.000171968968844061,1.7794713918236e-06,2.21770392434214e-05,0.000258262175879517,9.56070127100065e-09,7.42212168124574e-06,0.000941556296812918,0.0803837324531074,5.24474471687728e-12,0.00588953333260136,0.00393134760074914,1.33469038970797e-05,9.29714529272387e-06,9.42037808306403e-10,9.22702498343319e-15,0.000378932865264963,0.00271703586209662,0.0177497535614603,8.89734532641516e-06,7.01859570921672e-06,6.62511852755473e-06,5.93150830399034e-05,1.504440658198e-05,9.55618313297586e-05,0.000719562914595038,0.00185154155346373,0.934471645425499,5.09382482520838e-05,0.00495238371248703,0.000197739589872975,0.000449043119902133,0.00042459290357248,2.31472168591548e-09,0.00230981554361159,4.80467925289296e-06,0.00509349884745444,0.000154850533096665,0.00156336367996131,3.32234757201799e-05,0.0015458463956577,8.39647244698896e-05,0.000823363563344665,0.000204994977812502,3.89188812276248e-05,5.14585108632411e-10,0.000788645814820544,4.57831863925872e-05,9.79917870177398e-06,0.0109943666899941,8.56234635147638e-06,1.54785439515054e-06,1.75370005460658e-08,1.28859457395006e-06,1.91194346528345e-09,6.52131939913774e-06,0.00155825237154645,0.00704241764769166,1.30323851181499e-08,1.76921050392701e-07,1.10042068237171e-07,1.19802822667454e-09,1.20793271660651,152.466175129748,0.000122266175676109,44.7383720445271,0.857515049252565,0.427199270241825,166.955033962075
830,6.75284199383996e-06,0.000358501030096314,0.000828223203197959,5.027907849471e-05,6.97940193321483e-06,1.26193206948653e-05,9.33057712506749e-08,3.23328252702945e-07,0.00150400437775912,7.57632828638297e-15,0.00162489643848034,1.47703031862473e-05,0.000253724683963821,0.00020077471416691,1.81301631493404e-06,3.18494647648324e-05,0.000277771845740029,2.0365188495737e-08,8.45967460259728e-06,0.000709980500575218,0.0679927170779303,1.93795116845301e-11,0.00483413710204138,0.00322949435266969,1.46805035007018e-05,1.3235439575493e-05,9.68271847925491e-10,9.19207438527175e-14,0.000456221462619352,0.00213801648990298,0.0150544335775869,8.07693768264522e-06,5.06472268822355e-06,6.63865606343886e-06,5.43266987031998e-05,1.47114399890514e-05,6.86480330156522e-05,0.000613708518981483,0.00157624542701318,0.776801760663759,3.90846313063851e-05,0.00410165069087485,0.000185821054905732,0.000629342763198747,0.000367083699539631,2.20119990946032e-09,0.00198850142789977,5.47447689229805e-06,0.00427872470143365,0.000123854374388437,0.00160133920960779,3.34250154740233e-05,0.00125561342970989,5.04525068380962e-05,0.000658602813947033,0.000132655340765856,4.02610459935966e-05,6.04298698806025e-09,0.000604370513841568,9.63168198070052e-05,1.51696765670328e-05,0.0115550497676944,8.9231678971785e-06,1.73711786040187e-06,1.81347410735378e-08,1.41236896541451e-06,1.68768048276312e-09,7.00953646427252e-06,0.00142054216963556,0.00520306012957143,1.75597118604056e-08,1.82341748918025e-07,1.1418835978079e-07,1.82966543980183e-09,1.0299577585367,129.997366196811,0.000109058316705553,38.1466986478204,0.522741463317479,0.428092719196015,124.038714522674
835,7.79118320561841e-06,0.000389174115725259,0.000984034281095454,5.9647289685333e-05,8.18788918385177e-06,1.47912663411051e-05,1.10996606958122e-07,3.78419767190187e-07,0.00169510304146944,2.98080795633014e-15,0.00147274044771354,1.58313007959483e-05,0.000304400210687091,0.000240847567229896,1.965305336974e-06,4.13586291235341e-05,0.00030255093973292,3.37599147357977e-08,7.68856781461687e-06,0.000582539953937366,0.0639474278630001,1.2658400751606e-11,0.00440165971844974,0.00294501585306416,1.67927098965255e-05,1.80873497675583e-05,1.10506024819733e-09,4.04956024278741e-14,0.000516249567776475,0.00185199819057669,0.0141992876453453,7.98798981782791e-06,3.46513155173554e-06,6.87489550627228e-06,5.44166287245572e-05,1.60054858312001e-05,5.74067011643555e-05,0.000582204927420292,0.00149240062721996,0.717154087169937,3.43951855515069e-05,0.00377165021044914,0.000178156238291469,0.000839302173338371,0.000352660949837596,2.27566840572685e-09,0.00190204387116316,6.79705526387209e-06,0.00399110740275862,0.000111249204687359,0.0017747664318511,3.69823736330819e-05,0.00112837356323165,3.17204114112323e-05,0.000589562514136202,0.000108054956972862,9.83966440709979e-05,2.12934687077083e-09,0.000510406380823637,0.000134683274322696,4.25778602088786e-05,0.0125941004667952,1.00514701742274e-05,2.12385622020272e-06,2.05093148386916e-08,1.69453490325123e-06,1.61721006692704e-09,8.19195129153223e-06,0.00141618122877897,0.00450545316729288,2.06587204932258e-08,2.05820080404931e-07,1.29503075281266e-07,1.86468014100573e-09,0.976803903918859,123.284358932634,9.43488656303944e-05,36.1780397219735,0.308598920528816,0.41929962645585,101.58604543583
840,1.03093169421147e-05,0.000426734661183609,0.00115873516285483,7.61162421671621e-05,9.89079525580946e-06,1.75485152533146e-05,1.63822838770325e-07,5.48805817195842e-07,0.00215701989635162,8.75370871008035e-15,0.00164000527264272,2.01700584166438e-05,0.000410564162974953,0.00032564115015663,2.44522508512154e-06,5.69417476900889e-05,0.000362829169259594,3.38946857310413e-08,4.95303543314758e-06,0.000585245567888123,0.0736464022377669,4.25006488387595e-11,0.00492463694801669,0.00330261018884411,2.15517070355559e-05,2.70527342277346e-05,1.43887709496957e-09,1.87505124810231e-13,0.00061250979414232,0.00197159672501212,0.0163941799933804,9.3463288711647e-06,1.91867034425334e-06,7.91592379610564e-06,6.47612997170914e-05,2.09110482537004e-05,6.35104583540022e-05,0.000675588221687723,0.0017287203708901,0.812412643197514,3.90387467733052e-05,0.00425757921662499,0.000181980920801641,0.00121785186311534,0.00041285105853359,2.66061295778778e-09,0.00221813320258203,9.95670861640171e-06,0.00455607958056596,0.00012422024550875,0.00230269832120071,4.86400988905123e-05,0.00124418918837336,2.62506098301413e-05,0.000651995760491294,0.000135692879857978,0.000158589445065536,1.05268102767629e-08,0.00052751163934865,0.000182237724648843,8.65880747634913e-05,0.0153608370384291,1.32371727311244e-05,3.06245437513255e-06,2.75442358867791e-08,2.41306215333271e-06,1.79431116039174e-09,1.12678898514164e-05,0.0016739782114748,0.00517709477557936,2.42023482221174e-08,2.76374135223602e-07,1.74252392072334e-07,4.4630662243295e-09,1.13315627915798,143.014657225839,7.70498390412842e-05,41.9688933695838,0.186119093228818,0.421799820468397,103.471468856222
845,8.47706143890779e-06,0.000271309407413546,0.000789894224215527,5.81330292573569e-05,7.0786755918442e-06,1.21768076145925e-05,1.49304620097352e-07,4.9358191572653e-07,0.00169011957064831,8.45821938672018e-18,0.00116934468322225,1.59812135234991e-05,0.000338896150520066,0.00026942864376052,1.84134046473214e-06,4.68412803891554e-05,0.000266881495756634,1.29881411656088e-08,2.40018622809628e-07,0.000374456571964724,0.0541707139843783,9.83875658093159e-13,0.00352852092543221,0.00237397526022161,1.63657991334917e-05,2.44456993849467e-05,1.17489959433783e-09,1.14408216723651e-15,0.000432115669352266,0.00134332320272914,0.0120862844459711,6.70234153684123e-06,6.0698836011057e-07,5.2017845540558e-06,4.76492499156958e-05,1.70283024481543e-05,4.73516507122223e-05,0.000500175094114659,0.00127829960405697,0.588685171850506,2.95785400157823e-05,0.00307491158645198,0.000123410852319185,0.00106203025211837,0.000307355414662096,1.96140570913773e-09,0.00164653710299518,8.98309002654717e-06,0.00332391518908097,9.00121314658878e-05,0.00185462649035397,4.04548007184198e-05,0.000878975420610689,1.62052692670548e-05,0.000462256542343086,0.000116873771950068,0.000135933010541023,3.8918871476103e-14,0.000343610455716983,0.000143784002225333,9.66855944281922e-05,0.0115042314445471,1.0687603361218e-05,2.7209730541608e-06,2.31681514177447e-08,2.13960585186141e-06,1.26030124242608e-09,9.55731129468336e-06,0.00119309504714763,0.00403355840025983,1.58567590457191e-08,2.33601921430744e-07,1.4725109220607e-07,2.77188862516416e-09,0.838874894773628,105.872087686509,3.95135249008527e-05,31.069547455498,0.0338033300558266,0.249937243157239,68.3289667319043
850,7.8974731941063e-06,0.000200417269612621,0.000618469774852116,4.9657465314617e-05,5.82387223011764e-06,9.68431925082524e-06,1.45673895704523e-07,4.77356479750092e-07,0.00149989472728118,1.05477494340394e-17,0.00091890806702262,1.39395003981744e-05,0.000312577136103983,0.00024861813592733,1.51416932806472e-06,4.28863838802451e-05,0.000226676550930238,7.13422097356653e-10,1.43733334061904e-06,0.000253120459452763,0.0441685899165011,1.46346151086011e-12,0.00278981311396801,0.0018851235146456,1.33600246860237e-05,2.43882644381919e-05,1.03831876200299e-09,8.09155232179554e-16,0.000349186538101404,0.000995080174778833,0.00988053508638983,5.16590807520046e-06,2.64561492448543e-06,3.41587613413894e-06,3.81814902728871e-05,1.52258487132468e-05,3.95397521235837e-05,0.000410712521181713,0.00104882261080886,0.471654976142357,2.53694284058343e-05,0.00245350323654976,0.000107028579781765,0.00102133212854925,0.000253722472987345,1.65449251532097e-09,0.00135542250247046,8.84628125767264e-06,0.00268932308576093,7.32266480694787e-05,0.00165976016620435,3.79058571741673e-05,0.000685091562010306,1.13902188437996e-05,0.000362903046709068,0.000105947332561738,0.000126328623359813,8.85179713540986e-13,0.000237176319489582,0.000128553211065426,0.000113872211568866,0.00980803019369812,9.43598394677095e-06,2.64190353586953e-06,2.17073363213075e-08,2.09142356169854e-06,1.03652723430579e-09,8.88703942644998e-06,0.000907209582463588,0.00354076262183102,1.14231941610238e-08,2.21313226446032e-07,1.39266516808704e-07,2.72589896148003e-09,0.688997611579946,86.9550029183472,3.04682371371585e-05,25.5185179481716,0.0649001060047139,0.179330954600367,49.2179972238702
855,8.35605531740264e-06,0.000173681731567802,0.000560638633090701,4.79886373382039e-05,5.53835500846671e-06,8.89672572202715e-06,1.55588417657486e-07,5.06768232582874e-07,0.00151295463532902,2.07705238573544e-15,0.000802993510762131,1.35759932666237e-05,0.000324830330518028,0.000258138601594769,1.38859444522792e-06,4.40889480061206e-05,0.000222445546496565,8.00798823562099e-09,2.17071581371034e-06,0.000176485090030351,0.040339889542665,2.07050946276534e-12,0.00245674009721407,0.00166950453429078,1.19588570156039e-05,2.70810622616032e-05,1.01998304384135e-09,7.45248969788678e-17,0.000325154717179092,0.000803291383001187,0.00905124921917656,4.33938395509262e-06,4.85470441328036e-06,2.17314676760427e-06,3.38696404903148e-05,1.51695491754524e-05,3.70189941228239e-05,0.000378062318461764,0.000964923641541373,0.42199830762767,2.47557283806838e-05,0.00218417169612766,0.000107895370319464,0.00109594845766191,0.000234766781120557,1.59980907881416e-09,0.00125006889622405,9.68697099439881e-06,0.00243716319938369,6.74890680294197e-05,0.00166828067693742,4.01150353006836e-05,0.000594009656678995,9.20935273659729e-06,0.000319213137730031,0.000105281690668093,0.000129934256576502,9.75790948334569e-10,0.000171346770466083,0.000130928723713003,0.000144048196116557,0.00954726143651605,9.25941700513641e-06,2.85489016917072e-06,2.29008779902799e-08,2.28611744335057e-06,9.88445997784454e-10,9.21480722560614e-06,0.000765572297949556,0.00349703078749987,9.20588692087648e-09,2.36802753353837e-07,1.48635049019514e-07,2.92353116598541e-09,0.634531187963118,80.0794968303544,2.97132554021016e-05,23.5012354780028,0.152689534841177,0.155931169440511,38.8130337004963
860,8.70997642064114e-06,0.000153366554974524,0.000511274261665621,4.57764340803408e-05,5.28153047936371e-06,8.20660569705388e-06,1.59974432865092e-07,5.18855194858896e-07,0.00150466639933613,1.43538629825259e-16,0.000679364242131324,1.29067592378498e-05,0.000331370789251156,0.000262872420151321,1.24647370924596e-06,4.43730251162611e-05,0.000218153915544441,1.44302045642427e-08,2.37555681949275e-06,0.00010125358881818,0.0360072690812362,2.34586109090715e-12,0.00209914611678439,0.00143713950794801,1.02654456546512e-05,2.91665522655293e-05,9.74335278312652e-10,2.46281068025952e-15,0.00030287843700447,0.000608022685480435,0.0081071391263004,3.45243492636513e-06,6.96829932766328e-06,9.61308392069525e-07,2.90791205083741e-05,1.47307703791597e-05,3.36096344400963e-05,0.000340448076775888,0.000868599834093161,0.367624696240071,2.39215403231316e-05,0.00189103044177407,0.000106874592774445,0.00114620765245243,0.000212484602948982,1.53629998083024e-09,0.00112696227086041,1.03421123856666e-05,0.00215760988660499,6.14413373729437e-05,0.00164365866964373,4.16774463484657e-05,0.000498577934357632,7.50112954761152e-06,0.000274527852778241,0.000101138213547809,0.00012968362862782,4.29041774286867e-11,0.000106868839356466,0.000131846928790589,0.000172424292458122,0.00921354752363245,8.83450803015441e-06,3.00996954857263e-06,2.3733629377877e-08,2.44421336917576e-06,9.4192773291601e-10,9.33166037080987e-06,0.000634059416138187,0.00337954873656531,7.27630170198596e-09,2.49181532569773e-07,1.55986626910637e-07,2.54003840236049e-09,0.571797496164103,72.1607276396845,2.93263466535744e-05,21.1777565655987,0.229118840478603,0.140750224121316,28.9083702993523
865,9.75853999688689e-06,0.000150137258323589,0.000511356316665134,4.71888810526847e-05,5.5026604344848e-06,8.29212466055495e-06,1.74399086890454e-07,5.63905356296278e-07,0.00160854293284611,1.69289028264602e-16,0.000607669573175231,1.31389620238101e-05,0.000363114678483544,0.000287403391803433,1.20296439251559e-06,4.78759750194318e-05,0.000232639908565426,2.03944307682696e-08,2.52618263528227e-06,3.44223253824165e-05,0.0344062303370627,3.69807800900806e-12,0.00190221818434428,0.00131522899376943,9.22817131209546e-06,3.33560098830441e-05,9.91526677224705e-10,1.65763354609314e-14,0.0003076405303492,0.000459956554137488,0.00777773571061682,2.81405796935668e-06,9.66919321371651e-06,1.38085479601067e-07,2.64473736144423e-05,1.52971023172453e-05,3.21225115916668e-05,0.000328587686497435,0.000838145372813704,0.341241654939542,2.50432528332121e-05,0.00174188353573731,0.000112991231861895,0.00128115030644156,0.00020610122465624,1.59526268044569e-09,0.00108800736135715,1.18374144947041e-05,0.00204329921415644,6.05090499766061e-05,0.00173927494522875,4.64953961731465e-05,0.000442173249916679,6.79320945518018e-06,0.00025264823968183,0.00010313782554923,0.000137908547412917,9.49054396678281e-11,5.20087018664905e-05,0.0001431716655706,0.00021564490537585,0.00962310537640467,8.98067835588729e-06,3.40395043243022e-06,2.64622326651102e-08,2.80558132274226e-06,9.71404053698551e-10,1.0136750727454e-05,0.000568981541444664,0.00349944262156634,6.2015875616822e-09,2.82078544601397e-07,1.76165018229996e-07,1.97861551048831e-09,0.552377572259051,69.7081564245865,3.12421721624786e-05,20.4584965106892,0.318385638065487,0.141729551515406,21.8141754787099
870,1.10434135862288e-05,0.000152375956447496,0.000525966192510056,4.94931693528234e-05,5.87420706432902e-06,8.61332140811952e-06,1.90659364040311e-07,6.15024679604055e-07,0.00173496773357348,1.14527851433503e-14,0.00053888398298504,1.35071747634792e-05,0.000402382621220918,0.000317697179844746,1.17665768452058e-06,5.21647540379754e-05,0.000252958929534816,2.59152700740547e-08,2.6284222406075e-06,3.68905086219051e-05,0.0331570634597131,3.43734305479306e-12,0.0017170382637846,0.00120317799118603,8.12987334340375e-06,3.81574919944878e-05,1.01157139165248e-09,1.43466112933723e-14,0.000319659578436131,0.000306988244853484,0.00753035844622328,2.15075198017754e-06,1.2768441083384e-05,1.28228462935616e-06,2.39262501266431e-05,1.60210751579606e-05,3.01131232340305e-05,0.000320310757796924,0.000816961151311282,0.317566903036486,2.67503955112381e-05,0.00160529568989759,0.000119825659791389,0.00144324883379143,0.000201877540200718,1.69334773656541e-09,0.00106008696227063,1.37218773676069e-05,0.00194956954896442,6.07361199300226e-05,0.00186298321800771,5.24567031296458e-05,0.000388354203533154,6.50516698140804e-06,0.000233996284636687,0.000105047830963334,0.000147386892794027,1.57538764608183e-08,5.00797874144802e-06,0.000157429342502293,0.000267128282681359,0.0102242494522993,9.16253631726619e-06,3.9005037510187e-06,2.99205542921098e-08,3.26258965872096e-06,1.0246620580295e-09,1.11539011739213e-05,0.00052261147199144,0.0036612567352691,5.35735923869705e-09,3.23569241458069e-07,2.01781105973252e-07,4.01451464049144e-09,0.539075888215543,68.0275413558897,3.36151722535748e-05,19.9658384109457,0.415135141782227,0.147722695463317,15.011498134626
875,1.24333316642682e-05,0.000157132685921188,0.00054663851010176,5.20665758267151e-05,6.31656762859073e-06,9.04436388427117e-06,2.06761392624771e-07,6.65697935314385e-07,0.00185688353902768,1.14771851308179e-18,0.000463932830091984,1.38434223458902e-05,0.000444628480610237,0.000350168028312798,1.1507411111445e-06,5.66185754004305e-05,0.000275832246305541,3.1077962891402e-08,2.72987171729401e-06,0.00011429166604174,0.0317896262966642,3.21567533155537e-12,0.00151586302418674,0.00108220399675575,6.84092200254432e-06,4.30726644483654e-05,1.02344158676289e-09,6.97203554588171e-17,0.000334075052935445,0.000140705814295723,0.0072593408313335,1.41419231112864e-06,1.61681451893012e-05,2.47612536118459e-06,2.1123083505924e-05,1.67068822770114e-05,2.68575031593856e-05,0.000311186244781547,0.000793751239517782,0.291766578920771,2.87653633239197e-05,0.00145625035368432,0.000125598036834586,0.00161810693010207,0.000197019089546583,1.78845300929583e-09,0.00102874989444367,1.58898589921996e-05,0.00184810885660125,6.13012143220701e-05,0.00199354168984573,5.90456221949708e-05,0.000330471075927506,6.53779497207822e-06,0.000214566559532108,0.000105114134891155,0.000156280235060176,1.11192612049223e-12,6.54555809929653e-05,0.000172547029333246,0.000324834129933997,0.0108842999739651,9.25847051805648e-06,4.46748112631129e-06,3.37951225125549e-08,3.7917062236882e-06,1.07518608898232e-09,1.22707929891653e-05,0.000483788520781819,0.00382306709061844,4.56168221595215e-09,3.70889827217738e-07,2.30816076620935e-07,2.91204264120647e-09,0.524452276905122,66.1799289241817,3.59955143806112e-05,19.4242195687676,0.516380987340972,0.155658659925774,8.11881544040686
880,1.48754643553845e-05,0.00017510909849691,0.000611782924215155,5.87056719522655e-05,7.29700240495026e-06,1.02389082854575e-05,2.38258975115758e-07,7.65955382402689e-07,0.00210257145704872,3.02531858182304e-17,0.000409290285681741,1.51327183500285e-05,0.000523653264971448,0.000411371987170598,1.20413218834046e-06,6.54435529260667e-05,0.000321905200252237,3.86095221629058e-08,3.0905169396784e-06,0.000211891065301437,0.0324174596417315,3.68728798077518e-12,0.00138889186142522,0.00101869388971915,5.74484177796905e-06,5.12953138797535e-05,1.0955981756242e-09,4.067795839174e-15,0.000374501737061768,4.21228060565324e-05,0.00745063273544158,6.47332097047838e-07,2.12400330877661e-05,3.95892252660381e-06,1.93101615093717e-05,1.85589003958831e-05,2.36020017311986e-05,0.000322240281737952,0.000822161813988296,0.282208423012908,3.32993631955714e-05,0.00138470534116131,0.000138933051173381,0.00193228035187519,0.000204847767518519,2.03288102176853e-09,0.00106363046656108,1.96233124108786e-05,0.00185998652975595,6.65085221524061e-05,0.00227980494247887,7.08967150393816e-05,0.000287089716856413,7.35828936428473e-06,0.000207443243827105,0.000110072411282078,0.000175903695405941,3.33793919757804e-12,0.000138136634678139,0.000201278736106343,0.000416057651399007,0.0123995823695144,9.90531846704436e-06,5.46150066454669e-06,4.07795784235349e-08,4.70292608952993e-06,1.22402162143236e-09,1.4430608242804e-05,0.000481128146310075,0.00426397578725647,4.04621728968687e-09,4.54025849874986e-07,2.82074751344095e-07,3.01584090944281e-09,0.544001545628779,68.6441835554772,4.10158493703735e-05,20.1482664935852,0.665480890153464,0.176213371351334,1.21283918578016
885,1.73673500458787e-05,0.000193029282219335,0.000675847290338653,6.51567790573202e-05,8.30749212227874e-06,1.14622548310896e-05,2.6846648458799e-07,8.62079113025181e-07,0.00230763205206014,1.97461030791642e-14,0.000331697979077178,1.62235855495684e-05,0.000603863396438425,0.000473223333832377,1.24004899916405e-06,7.40109539635868e-05,0.000369078604109572,4.62155005500183e-08,3.54967755441264e-06,0.000324757067002826,0.0323033238647061,3.86260095196146e-12,0.00119774266033613,0.00091551869397965,4.19274350737351e-06,5.9203638198388e-05,1.14006084144479e-09,7.01150874611888e-15,0.000412998683859345,0.00026306026000107,0.00748170013782032,3.07541616443264e-07,2.68006312494526e-05,5.55167588511582e-06,1.65851510204459e-05,2.01905158842402e-05,1.73639553370421e-05,0.000326930364450402,0.000834514951927423,0.263006774614861,3.81317446214914e-05,0.00126007149200755,0.000148726634321068,0.00226050246469345,0.000208520491540593,2.27774164865461e-09,0.00107720376872134,2.37248237663215e-05,0.0018247419838583,7.12578038345248e-05,0.00256177041687832,8.34533192580866e-05,0.000227271572872879,8.45620257217535e-06,0.000193081615178136,0.000110126983077219,0.000193206798950826,2.39070717904907e-09,0.000220336049230698,0.000229421377903939,0.000517240419789343,0.0138781134150694,1.03014123218308e-05,6.54224724537852e-06,4.8291109904148e-08,5.7153282864819e-06,1.38437435340462e-09,1.66640820560699e-05,0.000471810596393778,0.00466973785184749,3.34683446172305e-09,5.45342447686531e-07,3.38263679638118e-07,3.01309595692044e-09,0.553037902004586,69.7813323775226,4.57153327077466e-05,20.4829445578824,0.824093442678533,0.196245250820378,6.6887879160706
890,2.69206414423103e-05,0.000285750393254398,0.00100144233526578,9.68652541100714e-05,1.26744515153842e-05,1.7251912208358e-05,4.0313552876432e-07,1.29346501573058e-06,0.0033295411374673,7.72571904617858e-15,0.000317409745106153,2.32361081384673e-05,0.000927960667005184,0.000725482245898684,1.71202380238895e-06,0.000111451852620173,0.000565648152237216,7.30456057671783e-08,5.6606326315146e-06,0.00061232128210738,0.0428070355431665,4.25029752732052e-12,0.00129005444801787,0.00105617889491545,3.0538863671582e-06,9.00814211416996e-05,1.56678334883739e-09,3.01945997200049e-14,0.000609036774383521,0.000702400455853072,0.0100065449365528,1.9302051692303e-06,4.44447291788585e-05,9.74846532654731e-06,1.77787594911176e-05,2.92939262694636e-05,1.05082948525417e-05,0.000442534983068138,0.00113039187634827,0.319466610842095,5.88015374457894e-05,0.00147766463733886,0.000209049766863286,0.00352987861143723,0.000282882250854254,3.42273290645645e-09,0.00145580751998082,3.82000119785547e-05,0.00237274940800644,0.000102603632253873,0.00385270609030974,0.000131134967250908,0.000207894741136221,1.33733788798351e-05,0.000232992195756951,0.000141603653554795,0.000281927420265162,3.32375397577519e-09,0.000420435534173777,0.000347573551829449,0.000851624427589613,0.0207591979927329,1.41626120112882e-05,1.04465793924339e-05,7.6361101045311e-08,9.25730974267885e-06,2.11833859968836e-09,2.57187978537441e-05,0.000620759243275436,0.00683752016659094,3.36690601226716e-09,8.74341362819499e-07,5.41600590752328e-07,5.85086107100813e-09,0.75040055680588,94.679350515727,6.78669511930559e-05,27.7926892735197,1.34295787235681,0.292132463473289,20.791291840553
895,3.62711112070196e-05,0.000371474564118571,0.00130219509926062,0.000126311663737871,1.6963834504056e-05,2.28517019201621e-05,5.29002004892962e-07,1.69644180712344e-06,0.00411587870040231,5.33775152624841e-16,0.00019361754146099,2.91411493422448e-05,0.00124447951103155,0.00097070941486403,2.0757247683557e-06,0.00014633946425532,0.000758972745750521,1.00257597453248e-07,8.19909978406811e-06,0.000963420823758233,0.0493949148910739,8.19379218814924e-12,0.00107081971349699,0.00100052987543026,5.16103721614534e-09,0.000118188861151339,1.86337253266167e-09,6.4528921248294e-14,0.000785825908906861,0.00130932667011869,0.0116770351502191,4.3604170435113e-06,6.36952312028653e-05,1.43532184920816e-05,1.47201545870811e-05,3.71359409138777e-05,9.2658087564597e-06,0.000523736881228237,0.00133911872901672,0.327794609567984,8.00013458004325e-05,0.00143346243307759,0.000251403056433767,0.0048240360023004,0.000334996229180826,4.50953802746119e-09,0.00172162329373844,5.36149539440558e-05,0.0026744494658337,0.000130028310551423,0.0050831972713211,0.000180271048863095,0.000109372808339433,1.88935054804077e-05,0.000233971045835122,0.000149699356772939,0.000357913940620079,1.00901275048939e-11,0.000660691723534145,0.00045813541966544,0.00121891906463746,0.0271690707392361,1.68513802935245e-05,1.45538796668097e-05,1.05505299621358e-07,1.30812465636096e-05,2.8592566972283e-09,3.47344385016943e-05,0.000717806736244362,0.0087695457227463,2.35403636018501e-09,1.2247517592508e-06,7.57587056652876e-07,6.13414501620899e-09,0.890634956300171,112.366302715249,8.79213232462852e-05,32.9865642276843,1.89455655532935,0.380405869413657,39.945094385836
900,4.66526559123026e-05,0.000465588613644094,0.00163179680926632,0.000158753754425409,2.18852544339553e-05,2.92688497875565e-05,6.67385093155102e-07,2.13976351502947e-06,0.00475307091956116,4.56039625534006e-14,2.28781935282621e-05,3.5192499591311e-05,0.00160037075149017,0.00124553356290355,2.42718027927449e-06,0.000184044372395059,0.000979999213038684,1.31708635962152e-07,1.17924669371408e-05,0.00141497677011176,0.0545197485985083,1.5631890618714e-11,0.00061238182397552,0.000810411395884246,4.72108048560087e-06,0.000146580936250734,2.10636448643232e-09,1.17535051309251e-13,0.000974102919106031,0.0021269391799646,0.0130679320536487,7.70009975904665e-06,8.69596488286444e-05,1.97095293720557e-05,8.54217026668916e-06,4.52106579637766e-05,4.4708240428265e-05,0.000595967848695333,0.00152582885233539,0.306206466597781,0.000105589067258666,0.00120990820813652,0.000281697632840949,0.00634755502423262,0.000380542374336571,5.72831273627001e-09,0.00196107704255153,7.20314633187012e-05,0.00286542896767179,0.000159370842907006,0.00647152725436073,0.000238430554532181,5.64627754655051e-05,2.60268992642907e-05,0.000205557125536108,0.000135366787482803,0.000434187413879616,5.5619830917486e-09,0.000961441566626846,0.000576907163252928,0.00166989033679539,0.0341775390093999,1.90643693153e-05,1.94265769727823e-05,1.40045790387726e-07,1.7708941280294e-05,3.75366051929807e-09,4.50973392667474e-05,0.000801306333041108,0.0108304011582908,4.40059431710156e-10,1.64774678621467e-06,1.01790547816379e-06,8.75945112161422e-09,1.01690835774992,128.288650818821,0.000109237648996673,37.6633613172421,2.55106381679193,0.475988087091564,64.8693147922073
905,0.000143037117256192,0.00140492357224587,0.00491514735057334,0.000477616248803367,6.79445629611437e-05,9.0411780726349e-05,2.00623313334616e-06,6.43300833880922e-06,0.0129557659222066,2.85033743455219e-16,0.000856381382897849,0.000101016726169085,0.0049124834019502,0.00381195780959239,6.80328949830829e-06,0.000550903595000111,0.00304300458863517,4.12752829328232e-07,4.10217961350457e-05,0.00487015209684281,0.142031284076448,2.40671813239492e-11,0.000320619585198802,0.00113413125616024,2.71482917689029e-05,0.000424342084786979,5.62592981026705e-09,3.49439338631034e-15,0.0028852156021882,0.00783896315052881,0.0346497294486225,2.96509722341374e-05,0.000282028405341821,6.35077957024139e-05,2.61305043185631e-06,0.000130939338823098,0.000234543740991278,0.00161263000852164,0.00413628728434231,0.611319255921529,0.00033563895233994,0.00189751083970827,0.000773681493748274,0.0199724712481538,0.00102426853356992,1.74326944150274e-08,0.00531980166327592,0.000230398490876642,0.00717875190699394,0.00046909838323827,0.019728771636843,0.00075418384684414,0.000736335104826615,8.78599488018078e-05,0.000332088258364653,0.00020878516623755,0.00124965334956903,3.8115443222053e-12,0.00328124643865411,0.00173489419102717,0.00545485122977144,0.102804092577057,5.10135673941469e-05,6.17938535509635e-05,4.43563681521828e-07,5.71281907764709e-05,1.18402811421698e-08,0.000140041873886529,0.0021568040975295,0.0320433695426685,5.44282681712355e-09,5.29238803421788e-06,3.26411383831743e-06,1.86884802186376e-08,2.76336913717865,348.585615131401,0.000330119893969518,102.347223830491,8.17119931031313,1.43429241642634,236.413473776317
910,3.74731630995994e-05,0.00036517300818957,0.00127268226799628,0.000122640628457171,1.81439465880709e-05,2.40455482546642e-05,5.11136334527069e-07,1.63968289159786e-06,0.00304501011334529,1.60485673805296e-15,0.000422950115323898,2.44009141156039e-05,0.00128678024360194,0.000994263357137866,1.63180467553374e-06,0.000140170608297722,0.000812672740380525,1.09661020467481e-07,1.20319648996584e-05,0.0014092604519974,0.0308189212506501,5.32358883993061e-12,0.000640645567825856,4.23240999917122e-05,1.00274326383797e-05,0.000101796073318714,1.26496142403286e-09,1.80947658176966e-14,0.000729714135139422,0.00238694842050304,0.00769934306833296,9.25681844003949e-06,7.77041909737918e-05,1.72913610448011e-05,7.65252478123274e-06,3.2079396252623e-05,8.30717444795441e-05,0.000367725700939057,0.000945601214104668,0.0773057337876953,9.14439631404827e-05,3.81167113542954e-05,0.000189286417500895,0.00535630731128651,0.000231110593086645,4.53530046619832e-09,0.00121665884454566,6.28092145242273e-05,0.00147502539307196,0.000118222608693754,0.00512972525308913,0.000203505549863373,0.000332655717174857,2.59183575841697e-05,3.75711317382567e-06,7.83445491023443e-06,0.000304300539073382,8.93447043728706e-12,0.000946637351983607,0.000447055327042757,0.00151793009197873,0.0264206530627465,1.15075206366866e-05,1.67652273837051e-05,1.19839727735221e-07,1.57093487337667e-05,3.19419919723723e-09,3.72029023770709e-05,0.000499815969988891,0.00811211128072483,3.0361227241677e-09,1.45119617670028e-06,8.93042209589393e-07,4.01456038166766e-09,0.633682963886849,79.9277909700858,8.65267638414748e-05,23.4697836999993,2.22483805134602,0.372784163338016,70.8844993027461
915,2.5575119804144e-05,0.000248715154740291,0.000862501637203696,8.19993159901376e-05,1.26728363513569e-05,1.67371174929901e-05,3.36852044991013e-07,1.08147225927795e-06,0.00188075230227125,9.46917720446243e-15,0.000419330375989477,1.51165420506943e-05,0.000877726100858753,0.00067465440549525,1.02177353901714e-06,9.25747516061284e-05,0.000567622973476697,7.54452447240881e-08,9.03508612540482e-06,0.00104975679935785,0.0168348982287634,5.03724347327279e-12,0.000803575132757719,0.000250556600242048,8.5828631915091e-06,6.15063206957283e-05,7.28512965735195e-10,6.56858952470911e-14,0.000480982383914043,0.00184955049518923,0.00434961630082245,7.27667490998781e-06,5.55331684021689e-05,1.21628250415242e-05,9.60806595686153e-06,2.02753935826386e-05,6.9279022744074e-05,0.000214964236855092,0.000554751607016368,0.00161441418209296,6.50485230318389e-05,0.00027602721528705,0.000121906946562228,0.00373733526787079,0.000132668358389674,3.08732809790376e-09,0.000713879872737817,4.4493099072585e-05,0.00074170297593237,7.78295743366779e-05,0.00347252138561515,0.000142923819241607,0.000317366473588984,2.0029548949762e-05,5.65560426064153e-05,5.13715312674707e-05,0.000191201419224931,4.13777724079795e-11,0.000705069645670732,0.000300812459045336,0.00109804539533364,0.0177044760096503,6.65502502762595e-06,1.18274990013965e-05,8.43056688403166e-08,1.12285210385108e-05,2.2563901079399e-09,2.57750918866744e-05,0.000303464216513203,0.00536021262873352,3.07096468924301e-09,1.03673444188433e-06,6.36337537576697e-07,4.80716526260328e-09,0.373243922999271,47.0718501019263,5.92176161338194e-05,13.8238710471437,1.57228837725697,0.253704698819503,53.9599696447935
920,2.50443003246025e-05,0.000244097038581292,0.000841721894169177,7.86646441574993e-05,1.27274623657608e-05,1.67575740479246e-05,3.16493368564544e-07,1.01736806661414e-06,0.00168015871458149,6.76221590884828e-14,0.000534431117131696,1.32105843388418e-05,0.000859260836879884,0.000656549925944476,9.20493287284802e-07,8.75180202755758e-05,0.00057012294052659,7.40865082421693e-08,9.56887567198318e-06,0.00111216209234416,0.012542740632279,5.46075150897276e-12,0.00113327256702042,0.000453315738324731,9.8835152226726e-06,5.11779124318737e-05,5.84788310240784e-10,4.07436032332829e-14,0.000455473324357863,0.00202185163254061,0.00341045230731069,8.01663682705034e-06,5.67674713370717e-05,1.21967893728735e-05,1.33727630982912e-05,1.82040192905226e-05,7.84370216765693e-05,0.000176729569821354,0.00045838843216597,0.0527800272985564,6.64948011714812e-05,0.000555802258502247,0.000112973849773094,0.00374027573293932,0.000105850140111403,3.00123246327535e-09,0.000589837351835497,4.51179137832526e-05,0.000478594316579529,7.37429050465603e-05,0.0033739172304038,0.000143961622788432,0.000394866872370451,2.21089833133962e-05,0.000114667559553241,9.69518885850646e-05,0.000170691098617131,2.1489137725242e-09,0.000747807661645556,0.000290953927190906,0.00113808430748915,0.0170492889324587,5.41213729776783e-06,1.1951278743692e-05,8.49904385798664e-08,1.14918876091573e-05,2.28079571220613e-09,2.56459700951634e-05,0.000265884876061968,0.00509207525979492,3.81067661528877e-09,1.06201359743157e-06,6.4983581353627e-07,8.41718330546126e-10,0.310051447696205,39.0955042748027,5.81214482814319e-05,11.4834011840753,1.59023787492054,0.248418359265406,57.8733647175975
925,2.85704397807529e-05,0.000280004391518458,0.000959687858581455,8.79444324301506e-05,1.49040240743126e-05,1.95665260212024e-05,3.44382713572317e-07,1.10888066801412e-06,0.00176098743724307,3.87976347583232e-14,0.000747210612014465,1.31899526819305e-05,0.000980716637414952,0.000744579593827931,9.68866666363368e-07,9.62597732585986e-05,0.000667888724983231,8.4339796740322e-08,1.16222821856399e-05,0.00136391764409212,0.00999785616570565,1.22255000426909e-11,0.00167595977800585,0.000745383929287506,1.27421479942767e-05,4.69158000049293e-05,5.29481458436728e-10,6.0105838597602e-14,0.000503515701763962,0.00254316028855315,0.00296432312442129,1.01177269034473e-05,6.74582967955528e-05,1.4179439956879e-05,1.94514056400329e-05,1.88362456977337e-05,9.99861092672943e-05,0.000164795142278792,0.00043059359915947,0.116540607522307,7.9270340468354e-05,0.000949773904223647,0.000122106117307198,0.00436265399440831,9.38983816708499e-05,3.41858875425647e-09,0.000553973274525743,5.32377081323449e-05,0.000276029533616753,8.16625401854667e-05,0.00382314945730132,0.000168923003106861,0.000542259714368162,2.81580729434193e-05,0.000199348351849821,0.00016432181695438,0.000175602586246163,6.31508132370051e-09,0.000918193648200983,0.000328276123256009,0.00137311520014153,0.0191681596471819,4.98547638358153e-06,1.40596903328776e-05,9.98628570073899e-08,1.36835475630701e-05,2.6970692554424e-09,2.97796088622792e-05,0.000273144835352568,0.00564620251829195,5.16393922357843e-09,1.26818369523111e-06,7.73524746429218e-07,1.36452798960923e-10,0.293402383193739,36.9873441068659,6.63934342417894e-05,10.866763467228,1.87076659035253,0.283787608687198,71.3645670539354
930,3.44433669700892e-05,0.000340331860221271,0.00115894856696138,0.000103959370518566,1.84435250008001e-05,2.41445214897955e-05,3.93796600857207e-07,1.27069686002215e-06,0.0019621565826818,5.151910362336e-14,0.00106370666406509,1.35901535609547e-05,0.0011842802839943,0.000893208350335442,1.08046310163e-06,0.000111839630649688,0.000827270728893231,1.00983267104975e-07,1.47084529353435e-05,0.00175966672222491,0.00706167549543533,4.24130641534798e-12,0.00247126391535313,0.00116511282764086,1.6899109640443e-05,4.16522048904466e-05,4.86459617416063e-10,1.18047121300845e-14,0.000589871882806458,0.00334982710424018,0.00250407370917632,1.33319665089805e-05,8.46048745477886e-05,1.73588432841708e-05,2.81875468616801e-05,2.034591171102e-05,0.00013169458925008,0.000156246530846078,0.000412907996916489,0.206350391818315,9.99416739715495e-05,0.0015164546618851,0.000139598091425487,0.00538343162913257,8.15162964031399e-05,4.15372832534173e-09,0.000531199820980054,6.63612418561673e-05,2.08724050932732e-05,9.58821118248869e-05,0.00458624896314521,0.000209522472334517,0.000760613430352156,3.7450825862078e-05,0.000323506306567044,0.000262452065705553,0.000188481656171491,3.51077963134e-09,0.00118526296274039,0.000391715852956652,0.00175035671381102,0.0228342660203867,4.65538911868425e-06,1.74806223453813e-05,1.24027711600332e-07,1.72043669455598e-05,3.39133151605119e-09,3.66207873489722e-05,0.000298508595663284,0.00662773936009998,7.07046597670265e-09,1.60085168572017e-06,9.73308293507995e-07,1.98878024999531e-09,0.284401235194706,35.8402342687496,8.00752573182181e-05,10.533380815874,2.32387137129375,0.342872450699088,92.1069110003504
935,4.38840723382814e-05,0.000438190119766571,0.00148196221545829,0.000129972306491855,2.41072097701757e-05,3.14680466418741e-05,4.73328095267375e-07,1.53143486023455e-06,0.00232165543366232,7.25179324923081e-15,0.00156141970868305,1.43441061650065e-05,0.00151370733180347,0.00113413492123468,1.27668248378703e-06,0.000137386145071116,0.00108310660610915,1.27226194255231e-07,1.94214149798483e-05,0.00239217617393021,0.00286272127337175,3.98659823854996e-12,0.00371407798394395,0.00181629448311405,2.31931835546549e-05,3.30233667090801e-05,4.38030591729741e-10,8.03866816518939e-14,0.000732884240284765,0.00463234235808574,0.00188047865243273,1.84034571168359e-05,0.000112081836277848,2.24004787301495e-05,4.1628731148629e-05,2.28898281588559e-05,0.000180512807454427,0.000147285127620267,0.000396690474995418,0.344905727426398,0.000133263162796906,0.00239810685643741,0.000168927665524342,0.00703270389556852,6.42268048349776e-05,5.32894352135287e-09,0.000510692199426683,8.7335756854644e-05,0.000356440469563905,0.000119357893258145,0.00582816281430008,0.000274792506699631,0.00110217183231122,5.1969413776441e-05,0.000518447836164358,0.000414984291377481,0.000210451470747173,4.57593267960993e-09,0.00161020047512555,0.000494108337259493,0.00235879503789243,0.0288391050600224,4.32828945033765e-06,2.29557908929194e-05,1.62806631956339e-07,2.28335875004065e-05,4.50234386760247e-09,4.76591963479968e-05,0.000346240499175536,0.00823581975392879,9.8525787277535e-09,2.13626493921835e-06,1.29445478936024e-06,2.58572791961775e-09,0.277966858636479,35.0103379031608,0.000101997449620581,10.295060961004,3.05047674540074,0.438030680452862,124.761319677006
940,5.44706308935502e-05,0.000550854922856828,0.00184923439315667,0.000158441033222144,3.06676664551205e-05,3.99124433453807e-05,5.51375151497075e-07,1.78981956983534e-06,0.00268588466150182,1.58961315989295e-15,0.00219560432007275,1.41243327279458e-05,0.00188835977803852,0.00140580510303319,1.47341538960364e-06,0.000164626484520062,0.00138142542037174,1.55222834887991e-07,2.46807816317875e-05,0.00316299466492218,0.00383841586892998,4.758714704768e-12,0.0053085408318663,0.002661461086815,3.05755927986008e-05,1.51746365752669e-05,3.23500759691687e-10,1.69766478162462e-15,0.000890895605050052,0.00621173426420581,0.000762618312954207,2.45916710606659e-05,0.000144680881398567,2.81085226745454e-05,5.84796652503795e-05,2.46392236868153e-05,0.00023842355967623,0.000120972689551718,0.000338167434991516,0.528557025714519,0.000173226259268827,0.0035525204772576,0.000199610201771448,0.00897111032358398,3.12208848354958e-05,6.68742348150188e-09,0.000436732949218396,0.000112008296987068,0.000904324967344541,0.000145190871707627,0.00723674097366969,0.000351361824404367,0.00153177167378533,6.93297700797499e-05,0.000775558225277026,0.000612732097168008,0.000224206110171151,2.30004663273024e-10,0.00212397674069106,0.000607016242412579,0.00309939338012813,0.0356126120681633,3.45964780705555e-06,2.93875741262497e-05,2.08352558529118e-07,2.95025633947722e-05,5.8120364716156e-09,6.05559347285631e-05,0.000394757824651835,0.00998225442222345,1.30090676374328e-08,2.77776800371391e-06,1.67816746849551e-06,2.82062791283687e-09,0.244536632465368,30.7697960975803,0.000126495385452458,9.05689086618693,3.90308716881613,0.54537681468485,163.822514713423
945,5.74363524771776e-05,0.000589607513669969,0.00196333054073104,0.000164237863803101,3.3098134576065e-05,4.29426345026677e-05,5.43017871575806e-07,1.76936046192499e-06,0.00264589376779787,1.2241335085587e-13,0.0025924921301515,1.10660946533936e-05,0.0020055532651562,0.0014842249590925,1.44480983272585e-06,0.000167955024491046,0.00149651951495522,1.59834468561572e-07,2.63274790567971e-05,0.00355124940450809,0.011677905750729,2.18006156910159e-12,0.00633991118760187,0.00323602172554803,3.40210787457155e-05,1.18374215137034e-05,9.10099575869855e-11,1.56141951984655e-14,0.000924723660505448,0.00705493458721093,0.000809521299743679,2.77998178715993e-05,0.00015880645711135,2.99483825370727e-05,6.87296518456325e-05,2.20057137129448e-05,0.000265466607494755,6.44322068497394e-05,0.000199496137716887,0.663124385621498,0.000191419661475008,0.00435858083480453,0.000201005938888115,0.00975019817667024,1.77703257535134e-05,7.14591550894813e-09,0.000261066410008434,0.000122612497616074,0.00143141539163069,0.00015048528119005,0.00766063797543359,0.000382061437906035,0.00178902496301969,7.75402494572793e-05,0.000957342655203494,0.00074647017178466,0.000196880282857457,7.4827676660151e-08,0.00237417068896035,0.000632906353587801,0.00346462722262142,0.0375122228220279,1.57767400936409e-06,3.2119580140771e-05,2.26591071869248e-07,3.24535078010343e-05,6.35030884776624e-09,6.5716803505617e-05,0.000386816813551356,0.0102868209768089,1.40844170786456e-08,3.06794665234141e-06,1.84898198539427e-06,1.68364313613893e-09,0.155597972217385,19.5352210550201,0.000133207784382777,5.762853542124,4.24735394917798,0.577061744757561,182.141524660364
950,6.53897254736589e-05,0.000683044614929066,0.00225404056770808,0.000184008934704595,3.85030980142011e-05,4.97957603117874e-05,5.7495869880305e-07,1.88130563481058e-06,0.00281713395163261,8.36989837820947e-17,0.00327946527377149,8.34154691900497e-06,0.00230561137497372,0.00169743737742545,1.52593415903823e-06,0.000185618649404675,0.00175001654693604,1.7641137890004e-07,2.99437781289227e-05,0.00430794121722879,0.0218905799508944,5.28119093407443e-12,0.00808236200328842,0.00418135752914262,4.06380856401974e-05,4.54599148870817e-05,1.53408189814162e-10,6.93242832012049e-14,0.001042659076302,0.00863794533693573,0.00272789944683844,3.38552353033323e-05,0.000188529599178837,3.44751707505456e-05,8.6388203720763e-05,2.05379000310629e-05,0.000317487060467793,3.21557696747632e-06,5.30034265250949e-05,0.876961644390768,0.000228609946309108,0.00567666001009387,0.000219478875315877,0.0114828507984,7.78900941931931e-05,8.25126287138851e-09,7.83774463775026e-05,0.000145697212498783,0.00216996687653608,0.00016888911736457,0.00879248473862233,0.000449175795926288,0.00223978519865258,9.23700738495737e-05,0.00124965517960545,0.000961187895245616,0.000178168762418669,2.24184996088809e-09,0.00286054265412251,0.000711301623347006,0.00419028039633338,0.04286418575924,6.06957034631399e-07,3.81157383072677e-05,2.65784237768306e-07,3.86526947924251e-05,7.45351071266078e-09,7.74538392164915e-05,0.00041299703710122,0.0114526274430995,1.60809008957505e-08,3.65410661216494e-06,2.19703740735077e-06,2.78503352814186e-09,0.0639218408622971,7.94481973343471,0.000151383682212832,2.36742353632311,4.99929888355488,0.659515306638721,218.240609725338
955,4.95216859207672e-05,0.00052782849708721,0.00172420629930549,0.000137298129034746,2.97374831215269e-05,3.83305745448894e-05,4.03561616477829e-07,1.32674088911556e-06,0.00199448437108093,3.06341933087772e-15,0.00274654640360574,3.18670076964269e-06,0.00176853095435982,0.0012965069214996,1.06941202736725e-06,0.000137082513961169,0.00136107451835676,1.28428994477305e-07,2.23353541200933e-05,0.00348286491025598,0.0231042842984459,3.25581352909952e-12,0.00680235576803047,0.00355631113831011,3.20261330428498e-05,5.85375920822959e-05,3.15378869610687e-10,1.5327897612241e-15,0.000787735913149977,0.00703455085187518,0.00342716759368155,2.74060569122752e-05,0.000149267550460446,2.64268877508682e-05,7.17978813328712e-05,1.21474445356483e-05,0.000251793715781384,4.99350173112189e-05,8.95602400605614e-05,0.759322806511433,0.000181913055987974,0.00486327158309265,0.000160326455498063,0.00903573039365635,0.000103118978412054,6.38034222008112e-09,0.000101448799700273,0.000115409186569075,0.00205611679200266,0.000126412159141156,0.00674649531978982,0.000351879092820866,0.00185732992986889,7.20988375401064e-05,0.00106849478599445,0.000809815211335223,9.91705834480998e-05,2.73577564597869e-10,0.00229060522721696,0.000530460339928223,0.003380823218096,0.032764787937308,2.21699118455044e-06,3.01590703691617e-05,2.07530184751605e-07,3.06451351521826e-05,5.82580538109081e-09,6.09200117975583e-05,0.000294670862283942,0.00848533484148368,1.18735258791192e-08,2.89628204338093e-06,1.7380673389776e-06,1.64332178340609e-09,0.0358214361280532,4.6188531381587,0.000114378515579627,1.32676901382104,3.92422749248299,0.501633778581424,173.853245221906
960,5.30662885335087e-05,0.000578971926355017,0.00186944781298111,0.000145127323086606,3.24251856694555e-05,4.16449969128523e-05,3.99940483247085e-07,1.32198077410475e-06,0.00199368677764385,1.00300827007877e-13,0.00324758192521481,1.8211297195494e-07,0.00192638110869631,0.00140792638977345,1.05939397454765e-06,0.00014410909226763,0.00149764121457869,1.30753526712113e-07,2.31668613223547e-05,0.00399668294140609,0.0318806418331771,4.05432712042915e-12,0.00806392827425309,0.00425170942103805,3.54521593774437e-05,8.80279206894814e-05,5.46002645557708e-10,3.50202030684188e-15,0.00084936031562505,0.00811623923995842,0.00514564837103132,3.14077145701694e-05,0.000167803318757785,2.86940087093684e-05,8.4138452671434e-05,9.38491738714117e-06,0.000282119129409141,0.000109547407582763,0.000234451156374228,0.920739584415958,0.000205289761405755,0.00585426068458892,0.000166949138296114,0.0101143364007208,0.000158965209072178,7.00954423686006e-09,0.000277391754934864,0.000129487580171258,0.0026577298379125,0.000134163713339622,0.00736770349926538,0.000390820759134087,0.00217535719292054,7.82125368844403e-05,0.00127770425188917,0.000952653625884306,6.65579752922743e-05,7.90430067275411e-08,0.00259494462546293,0.000557761375923931,0.00387392741078561,0.0356706506721574,4.1738934787905e-06,3.38090230077323e-05,2.28970856802827e-07,3.436799657805e-05,6.43235760022739e-09,6.79452521125615e-05,0.000298618901218716,0.00889454198368868,1.19371210552633e-08,3.24355240733194e-06,1.94311377465487e-06,1.86690654293539e-09,0.128171613309838,16.2873206706658,0.000122186478033856,4.74715995193117,4.37304080670323,0.540134519193325,196.099231840008
965,0.000118645676438834,0.00133631694040566,0.00425332355529834,0.000320999454221914,7.39081122560431e-05,9.45521651376689e-05,8.28287275887328e-07,2.75432313988374e-06,0.0040156182190651,1.32212525213255e-15,0.00803143280840981,6.92608668633687e-06,0.00440392010087782,0.00321014370045247,2.15858662406668e-06,0.000316779301259476,0.00345606915157015,2.81488530625176e-07,5.03940238134486e-05,0.0096342526237335,0.0880867420092253,8.0871766156103e-12,0.0199603237770015,0.0105948573595436,8.11302323236064e-05,0.000255195715274427,1.61427110992016e-09,1.56569482308049e-14,0.0019182070137567,0.0196530200667459,0.0149424660671535,7.54581569589959e-05,0.000396559127690538,6.53321556052368e-05,0.000205984251158709,1.26080571285798e-05,0.000665626193852312,0.000373744263242216,0.000841337193331848,2.32138004431614,0.000488219636566781,0.0146874528621779,0.000350965806039939,0.0238295716309173,0.000471947613828781,1.61845303656934e-08,0.00100136720577693,0.000303383563560955,0.00702856822950348,0.000298306863549308,0.016951847269011,0.000910209419623467,0.00533009384576683,0.000175779276941793,0.00319662026650666,0.00236206985210651,4.65862357225553e-05,8.79408104084717e-11,0.00616831785040262,0.00121553659996431,0.00933607387617525,0.0816159232729468,1.27913875070779e-05,7.91755493858281e-05,5.2729285019389e-07,8.05487919410216e-05,1.48712702821404e-08,0.000158708650775362,0.000632652209061421,0.0195126676003334,2.41697427997875e-08,7.5891865732251e-06,4.54115466950639e-06,3.15447859642588e-09,0.491598751824994,62.3084622226915,0.000274008009325245,18.2075267678629,10.2381532217968,1.21966060702769,463.696180293004
970,7.24370799724418e-05,0.000853307445522893,0.00266838901195633,0.000194651511728519,4.6329425420175e-05,5.90295219000296e-05,4.69534651175942e-07,1.5719930481337e-06,0.00203758727584546,7.46259001875334e-15,0.00545537069227462,9.1852042848049e-06,0.00276955218949871,0.00201218591903792,1.16075526011632e-06,0.000189539762223141,0.00220122701821055,1.66192028090903e-07,3.06625428890457e-05,0.00640120064927505,0.0650779732833577,3.9644526151938e-12,0.0135561436380613,0.00723238858361507,5.02793584273345e-05,0.000195919533759699,1.17064832017791e-09,8.86679249622735e-15,0.00118340505709051,0.0131144189045912,0.0114078444179382,4.9896094919354e-05,0.000258575751055096,4.09469571935388e-05,0.000138304834607347,2.11111094114929e-06,0.000436067339056817,0.000312526151246221,0.000720370288875805,1.60069626609009,0.000322035681804828,0.0100951733975425,0.000193326966253606,0.0155006530866596,0.000368880285225955,1.02824987389437e-08,0.000857854475974249,0.00019341809057109,0.00503060332914389,0.000182117011885812,0.0107831382837898,0.000583127661473693,0.00358696588284512,0.000108414075477303,0.00221238005762979,0.00163847410196144,4.85667687933568e-05,9.92265514442255e-11,0.00404596602597525,0.000717254825529423,0.00621284351506948,0.0513722678941455,9.39569125570535e-06,5.04715946722742e-05,3.31577709560798e-07,5.15260808778796e-05,9.44305314193792e-09,0.000101179660572387,0.000365941526177195,0.0117584314606549,1.30336558471691e-08,4.86598201742711e-06,2.90591525989282e-06,1.1955598730087e-09,0.4332708124079,54.8563987431047,0.0001699620853909,16.0471841684333,6.60876144750073,0.75977553492912,301.791167049557
975,5.44103836272215e-05,0.000679136941272666,0.00208118275008645,0.000145726857000539,3.60401688721346e-05,4.57373510775159e-05,3.27611970123395e-07,1.10619507397165e-06,0.00111282495044013,2.69942274362068e-14,0.00458974100592909,1.11869024854818e-05,0.0021585900000305,0.00156208746865071,7.31663714321506e-07,0.000139010546059724,0.00174471444820891,1.20776183832794e-07,2.33255688542129e-05,0.00528263912462216,0.0584832818266641,2.81256756450612e-12,0.0113938026988237,0.00610254339849989,3.8029237395872e-05,0.000182094792436942,9.87211654043032e-10,4.78894122130692e-14,0.000901454988876854,0.0108656513542673,0.0104931478072102,4.09195821682418e-05,0.000209553603205589,3.18069593367123e-05,0.000114790061414254,3.12794279137087e-06,0.000356317370725445,0.000304920606843304,0.000712482591020647,1.36258289683171,0.000265022490504603,0.00857742809553371,0.000127717016858466,0.012541622784584,0.000347566711561505,8.10664392559703e-09,0.000846543590003392,0.000150613151742144,0.00441280672412615,0.000137413139730258,0.00854206811830828,0.000462962247223788,0.0029893558453805,8.25033537188087e-05,0.00190421374293057,0.00142074846622393,0.00010642090499363,1.73036464715912e-08,0.00329901991927922,0.000516385592281574,0.0051428131384292,0.0401045732999657,7.81640579580022e-06,3.9307194195779e-05,2.56378318377274e-07,4.03928809061808e-05,7.41787897370064e-09,7.89562010247403e-05,0.000259499066482274,0.0087627834873919,8.23410210965347e-09,3.85001520462647e-06,2.29269410595415e-06,5.26601508720118e-10,0.435449903516299,55.0996471063131,0.000131384729892128,16.1278751442495,5.30021102152379,0.588829681579194,243.695289035941
980,3.65759011811987e-05,0.000490309922850317,0.00146964890727237,9.7981903514603e-05,2.53585068231582e-05,3.20646812577714e-05,2.04405531948456e-07,6.97818748755332e-07,0.000391199624142125,1.88233870082986e-16,0.00348384017698202,1.0938464161535e-05,0.00151747051104142,0.00109304236545386,3.80132547490943e-07,9.08714643747101e-05,0.00125336296916104,7.82159980606013e-08,1.60506967644127e-05,0.00394201200149974,0.046811908744628,1.42807052906347e-12,0.00863365586854447,0.00463802179926963,2.56408260992363e-05,0.000150419337532303,7.12729716341449e-10,1.94228636734287e-14,0.000618809781347876,0.0081358520116303,0.00854586252862532,3.02987527142242e-05,0.000153610127542465,2.22827228031451e-05,8.576930272993e-05,5.7506872855369e-06,0.000263654797988525,0.00025885822427082,0.000610238226859116,1.0436651840016,0.000197758005269248,0.00656487040486738,7.3226721416872e-05,0.00918694681780624,0.000289918327703476,5.75935321612007e-09,0.000721814256053551,0.000104357297551815,0.00346492017771893,9.31726945608112e-05,0.00613270295991963,0.00033152732511107,0.00224703719278369,5.62580187873515e-05,0.00148123773058707,0.00111518333283221,0.000128103999303202,2.90042227748939e-11,0.0024337288595147,0.000329880934067364,0.00385387268975285,0.0282718655906157,5.5939828933545e-06,2.72455515048241e-05,1.77193491969257e-07,2.8241238760554e-05,5.21528154952277e-09,5.49051717016665e-05,0.000165602351659567,0.00586993120348946,4.04633061678195e-09,2.73212778752834e-06,1.62198890515408e-06,5.41711683936672e-11,0.376725892334717,47.6511485551694,9.21368923273433e-05,13.952888410184,3.84478588838684,0.413505711489421,177.785356947455
985,3.32118994967773e-05,0.000485251598027786,0.00142086006216717,8.93611213989697e-05,2.44168883202719e-05,3.07841199170209e-05,1.72098413576883e-07,5.95800443673588e-07,4.79267452799789e-05,1.99766468908776e-17,0.00360802969060206,1.37059408537175e-05,0.00145394456222714,0.00104179359786099,2.20673926623903e-07,7.99069190841191e-05,0.00123393584874993,6.78282618868515e-08,1.50277462602495e-05,0.0040207530152092,0.0506407772307559,1.53377688599529e-12,0.00892045429649289,0.00480291893862538,2.3406205913588e-05,0.000167829376619309,6.91387047013426e-10,7.20293026979142e-15,0.000580033135941695,0.00832063662698877,0.00936941169002745,3.0626280779528e-05,0.000153921239148932,2.12950126410159e-05,8.72976047731296e-05,9.13223915643069e-06,0.000266496517661074,0.000292728373442009,0.000694409857826128,1.08826966863083,0.000201940252280341,0.00684677829734131,5.40129407637151e-05,0.00920819631079989,0.000325303162962543,5.57359625441475e-09,0.000815849560788082,9.78075280197012e-05,0.00368943330026292,8.57133460932712e-05,0.00603014012197458,0.000323656217096874,0.00230362643609736,5.1829222228292e-05,0.00157218767053648,0.00119422519291538,0.000178580683016083,1.92188983623948e-11,0.0024549449686695,0.000282074378717984,0.00395109115619079,0.0272033641615347,5.35765756033814e-06,2.55500761544508e-05,1.65335725795861e-07,2.67086987037004e-05,4.94339709455375e-09,5.16484894488883e-05,0.000144195278401064,0.00533321006071141,1.85134244679801e-09,2.62728957783419e-06,1.55427440487549e-06,4.30663810096597e-10,0.431606838647247,54.5787918828395,8.86155795968491e-05,15.9855191093694,3.81335857603058,0.3978829371652,177.169903563176
990,3.55050962064166e-05,0.000574919289879577,0.00164340526441121,9.64734881015146e-05,2.81299412469536e-05,3.54015469681393e-05,1.70492576525262e-07,6.00953810762994e-07,0.000585976138644943,2.22137988353742e-16,0.0044552019139839,1.96998851839813e-05,0.00165797941010706,0.0011810898497305,6.79429903955356e-08,8.23837327445199e-05,0.00145471212507201,6.82437882011873e-08,1.66440924420278e-05,0.00489674349592141,0.0648473253278347,9.83324879446115e-13,0.0109828535870259,0.00592331471295098,2.51895336262156e-05,0.00022177067740698,7.85859300023828e-10,9.04531689804532e-15,0.000650165845180241,0.0101513101536422,0.0121261184674285,3.69252713720735e-05,0.000184123549687143,2.42632726484258e-05,0.000105809273291576,1.48339242495877e-05,0.000321027245093854,0.000388094859474981,0.000924973153121161,1.35044058014422,0.000246207695931668,0.0085050456257485,4.27910864700604e-05,0.01103036016263,0.000430405089902209,6.41096724582887e-09,0.00107681079509583,0.000108171929423445,0.00466127208025821,9.33026983911032e-05,0.00709188552482147,0.000376253360192138,0.00281442294855841,5.61477991094958e-05,0.00198713512958406,0.00152116530192769,0.000272549120535865,1.25371667749077e-11,0.00295727370748847,0.000281177578914193,0.004839997230089,0.0312075684464729,5.96124353350137e-06,2.82791742437797e-05,1.81525031233555e-07,2.98293995128153e-05,5.50921556834354e-09,5.73197193545346e-05,0.000148996320406508,0.0057289420633369,7.03486431648417e-10,2.98640851830002e-06,1.75959203974261e-06,9.19311648014868e-10,0.577681982267272,73.0368667764456,0.000102116397258067,21.3957282491425,4.51752793439464,0.458369597543697,210.718741465337
995,3.06331520148708e-05,0.00056068705268039,0.00156452768623356,8.46964920946146e-05,2.66965464712256e-05,3.35880216060004e-05,1.36480919865391e-07,4.92409014156159e-07,0.00108464975458388,6.87212293562094e-15,0.00451260135363136,2.26239124290052e-05,0.0015469460243957,0.00109502505339318,1.29183876815032e-07,6.82932349058692e-05,0.00141288527446715,5.39710552073216e-08,1.49195151756435e-05,0.00489740424943058,0.0677326306501624,1.09123334453083e-12,0.0110859904484854,0.00598633441057263,2.19198298640974e-05,0.000239351993933503,7.07284771009413e-10,2.58059176453823e-14,0.00060115125767202,0.0101592029168769,0.0127755609063814,3.65273155879448e-05,0.00018079463804308,2.26772721963162e-05,0.000105092790112005,1.82749148876501e-05,0.000316648723914747,0.000416872758929055,0.000997291214608445,1.37233142544646,0.000246227270366343,0.00865855273665897,2.19674606728502e-05,0.0108595548818606,0.00046292358984841,6.02404533677344e-09,0.00114733863538983,9.68997782725421e-05,0.00481175399421272,8.24768896104243e-05,0.00685962794926675,0.000358188579992438,0.00281896482547138,4.8920243794461e-05,0.00205542535437301,0.00158313722055647,0.000323270697879317,1.30201895112705e-09,0.00292531986472026,0.000223848231057832,0.00487114741184444,0.0293532607862335,5.29381575542162e-06,2.53579190301626e-05,1.60841489134978e-07,2.70150457326938e-05,4.94972305177165e-09,5.1498359408488e-05,0.000125433501356983,0.00498900263566808,3.86734713519964e-09,2.75532667535423e-06,1.61585169132536e-06,1.28303777143975e-09,0.625035911421067,79.0124042738341,9.69978782302752e-05,23.1495779385054,4.39663834958143,0.434957298066165,205.76217054983
1000,2.66460467663184e-05,0.000564930529387493,0.0015396310229952,7.58091540766017e-05,2.62325361732045e-05,3.30586524480936e-05,1.10778775776898e-07,4.11926639110206e-07,0.00159197152758953,2.8878814574511e-14,0.00470820196100101,2.62554858199317e-05,0.0014818970419461,0.00104187841222917,3.31129992714776e-07,5.69332868989682e-05,0.00141976097130933,4.09119542986954e-08,1.34956071504862e-05,0.00504986837496116,0.0725477718531969,2.0481969437922e-12,0.0115208292965888,0.00622671646384059,1.92890562217638e-05,0.00026542345211188,6.88330612927504e-10,1.37058084457008e-13,0.00057755274188597,0.0104681409566831,0.0137820065435193,3.72230394103268e-05,0.000182895307766183,2.18351716565608e-05,0.000107430960390517,2.20952564020059e-05,0.000320731921367373,0.000456943230367626,0.00109661826502833,1.43439930800916,0.000253327665989025,0.00907302913643483,3.39068502319698e-06,0.0110304456557657,0.000508965948680468,5.81661149131711e-09,0.00124305835706419,8.80788836705451e-05,0.00509989088678454,7.41097151987124e-05,0.00684932933331695,0.000350543621511746,0.00290666454390472,4.2659731844484e-05,0.00218290036069622,0.00168868972372816,0.000380026988355574,5.37030494464905e-09,0.00298252297241286,0.000177840088876204,0.00505564402782979,0.0284141568393051,4.69876111278266e-06,2.30800538983934e-05,1.44039198397907e-07,2.4859671341018e-05,4.4863568329625e-09,4.68999142938289e-05,0.000107555627018944,0.00440272755125053,7.36363221877404e-09,2.5870902360792e-06,1.50915640767207e-06,1.52904257268397e-09,0.689079428500207,87.0983006491481,9.53829864014768e-05,25.5215631126112,4.41360588014327,0.42697377108375,207.136193985805
1005,1.60397412000016e-05,0.000406710393045945,0.00108385401263724,4.7780197432843e-05,1.84855367545139e-05,2.33886193253113e-05,6.31971545298864e-08,2.4426490401695e-07,0.00148242498952386,1.31473922902454e-13,0.0035010790538188,2.13988637270963e-05,0.00100767046790478,0.000703418844310576,3.8358956424226e-07,3.28684763853893e-05,0.00102142333629709,1.91751649726056e-08,8.43439642655718e-06,0.00371368250504679,0.0551814759009713,2.58471023939404e-13,0.00852907472927283,0.00461275194003532,1.17956114276194e-05,0.000209524255998306,4.40670482870309e-10,1.94294903809472e-13,0.000400372606378699,0.00768067263297341,0.0105461647294996,2.70321193448115e-05,0.000131820398505797,1.49880541410847e-05,7.82141684301298e-05,1.84105521707978e-05,0.000230518379316841,0.000354375476825344,0.000852877716951571,1.06712619365914,0.000185300002247344,0.00677156194430941,1.00222590923323e-05,0.00799555311214009,0.000396160335523055,3.95342938319066e-09,0.000949360163440136,5.59908289269616e-05,0.00384198461558002,4.66285597807554e-05,0.00488285830327768,0.000243956358329897,0.00213469385688576,2.53677937070363e-05,0.00164554576595795,0.00127628950566473,0.000308943749901092,6.66432624188166e-08,0.00216756150443277,9.70926081960187e-05,0.00374231289738846,0.0195780614986745,2.85441873140682e-06,1.46974015829938e-05,8.91865671993415e-08,1.60295120670753e-05,2.80514621818687e-09,2.98182272290592e-05,6.46742923491517e-05,0.00270585253640276,8.21615559344831e-09,1.69985740627182e-06,9.84852156364026e-07,1.13472454355024e-09,0.536964052689292,67.8648618485728,6.72027508425316e-05,19.8876327754957,3.16164771731553,0.300070174884498,148.735878421852
1010,2.9896974568915e-05,0.00094815908081417,0.00247525718415199,9.59535607365634e-05,4.24088818843626e-05,5.40124983227268e-05,1.15666438423711e-07,4.69535507429812e-07,0.00416398301136381,2.99245020491355e-15,0.00841265686455059,5.57149651434103e-05,0.00220334490873036,0.00152671386200731,1.22609142354883e-06,5.92585353940504e-05,0.00238577256060734,1.94380384804915e-08,1.62202964796292e-05,0.00882919830277356,0.135224839931278,1.0738571892393e-12,0.0203939570459257,0.011035119360494,2.22822537435634e-05,0.000534349386717108,8.26813439284145e-10,9.5825568295327e-15,0.000911515580025159,0.018184759962498,0.0259768816327085,6.3417532721121e-05,0.000306728074640116,3.32467205749449e-05,0.00018384896794311,4.83266772365791e-05,0.000532268846491109,0.00088291690097254,0.00213063020672576,2.56214951320483,0.000436438733182397,0.0163211862084723,4.95531064993229e-05,0.0187467133223179,0.000990445573056616,8.71504744168031e-09,0.00232013582412198,0.000111565988154603,0.00933117436679651,9.25262657830165e-05,0.0112636905025668,0.000547275834151915,0.00506248972127037,4.52480585357644e-05,0.0039887023769305,0.00309608984119743,0.000790962706617115,1.71794334948943e-09,0.0050886078524162,0.000165007071269182,0.00895373544941451,0.0435207850116027,5.1009229320077e-06,2.93560178318269e-05,1.73659819224402e-07,3.25770767246426e-05,5.51944699423696e-09,5.92938665521106e-05,0.000120365042357426,0.00519699893030952,2.58440019606286e-08,3.55600435151933e-06,2.04356290739392e-06,3.63055630219808e-09,1.34336165395029,169.76917437618,0.000153867462645928,49.754312884722,7.32676079700533,0.684725751153188,345.397831100155
1015,9.18785606649196e-05,0.00390485943860961,0.0100111816723826,0.000334378615761267,0.000173084546378511,0.000222531516391183,3.77916574473732e-07,1.6208434400233e-06,0.019663233312376,1.78000564320832e-14,0.035647306238721,0.000253227210153171,0.00844612590392146,0.00580914415398582,6.36120009869202e-06,0.000181326514430606,0.00987543451425595,3.1551874454702e-08,5.05518248158711e-05,0.0370280853713698,0.58292557414956,2.1748441628131e-12,0.0859538232898987,0.0465298294569648,7.08073905702223e-05,0.00240436954821006,2.90918820221461e-09,1.34141191441112e-13,0.00373342096072861,0.0757801483516238,0.112478695080658,0.000262210446600943,0.00125675328580282,0.000130088483469168,0.000761461446824646,0.000219132556401907,0.00215038971504383,0.00386088545716291,0.00934188663479931,10.8354245123209,0.0018038335669867,0.0693334939573293,0.000298050348289221,0.0775701498507904,0.00434166649827576,3.34722979869134e-08,0.00990870111579785,0.000380501134403059,0.0398862234687881,0.00031279090810375,0.0458664896652057,0.0021596639061453,0.0211566231011738,0.000122848572092496,0.0169518276104579,0.0131467702975463,0.00349009888517237,6.12098673096255e-09,0.0210496967360875,0.000483092289508494,0.0377721225703354,0.170238984745796,1.56855076896728e-05,0.000100468229356936,5.66388419273089e-07,0.000113511301698155,1.7871291541378e-08,0.000200683130209908,0.000391461210988149,0.0166819475083158,1.38065352533782e-07,1.27544460522579e-05,7.26124838802786e-06,1.63655753094628e-08,5.89623694584632,745.095643213641,0.000625096578199956,218.379882895495,29.9745178229893,2.7697928529563,1415.69692862601
1020,1.10226868992883e-05,0.000710596502080678,0.00179486003224754,5.05200480925936e-05,3.14662322098213e-05,4.09685116596799e-05,5.74986316670437e-08,2.57098736138801e-07,0.00394690631926416,1.40658220911915e-14,0.00666480681690958,5.02821353577108e-05,0.00141854943363586,0.000968990520555313,1.38824976297189e-06,2.36485292586695e-05,0.00181277810528078,2.76388413771413e-08,5.82822480895551e-06,0.00685281989311305,0.110648311275625,7.56050205154752e-13,0.0159772024348523,0.00865298921852183,9.59914965318123e-06,0.000477819960298038,4.98419043454218e-10,1.37927109934192e-15,0.000690464139496804,0.0138999337519966,0.0214331530940844,4.78089639754848e-05,0.00022674973294178,2.25172498184432e-05,0.000139170891700052,4.30741912138946e-05,0.000379297224506219,0.00074206173344307,0.00180041833141478,2.01962241576138,0.000326792290595939,0.0129894252257428,6.84216474677715e-05,0.0141698277806059,0.000834880276853362,5.60429110729154e-09,0.0018506249426423,5.73576969364043e-05,0.00750954673397112,4.43351568731682e-05,0.00824670929299262,0.000375233926437118,0.00389821419092544,9.65032082714462e-06,0.0031580760342362,0.00244375597294807,0.000665344537361933,8.06897344132107e-09,0.00383745725282014,6.45136573010103e-05,0.00702716126627769,0.0293007056307887,2.57337821536215e-06,1.52124542800031e-05,7.5715645713264e-08,1.71926813482488e-05,2.23594697292493e-09,2.95611691059111e-05,5.80083409712442e-05,0.00214826808844375,3.14838591519503e-08,1.94796483719631e-06,1.0975299032133e-06,3.06516134753607e-09,1.13721157979474,143.698902723465,0.000112806683702316,42.1190822719905,5.41680906701029,0.497208156645925,256.280681391415
1025,4.41387707723054e-06,0.000774067572807787,0.00192634500806154,4.41560791395491e-05,3.457860179662e-05,4.58784320110361e-05,5.97218069951818e-08,2.65859693391194e-07,0.0047458768390837,4.09682476427923e-15,0.00746079415347686,5.92451135572677e-05,0.00139908862209399,0.000949566070726924,1.79357607799227e-06,1.60697198700068e-05,0.0019898607072942,6.02171043787415e-08,1.18839542666019e-06,0.00759299980318222,0.125476251700369,1.36497996568457e-12,0.0177659247934053,0.00962532482366001,6.02565424903264e-06,0.000571868675581332,4.5616418590664e-10,1.04454979206458e-14,0.000780207259141494,0.0152556280439824,0.0243862700142758,5.21442809472372e-05,0.000244951569102831,2.33407421107163e-05,0.000152341345563438,5.00372498239492e-05,0.000400349100246239,0.000850834229099028,0.00206984437582664,2.24972881900219,0.000352431064432521,0.0145593230288809,0.000105706400590556,0.0155054773998776,0.000957026466094867,5.55818431285255e-09,0.00203882261008628,4.77712742771919e-05,0.00845182259304887,3.25020362158256e-05,0.00888232958322643,0.000386645483358304,0.00429551811935395,6.7307114249271e-06,0.00350898457137694,0.00272262531328851,0.000749769366294349,2.02072974801289e-09,0.00418128670588315,5.25557908925482e-05,0.00782448921713851,0.0301137737587959,1.96116882613314e-06,1.27606030195424e-05,4.66901513823759e-08,1.45726065952931e-05,1.22077401418116e-09,2.40436421696806e-05,3.58235972113415e-05,0.00117864435942777,4.29615547873284e-08,1.62184712181503e-06,8.95923394618315e-07,3.76012159899662e-09,1.30802442742411,165.274806091794,0.000120106031090572,48.4454969890129,5.86505306060807,0.532236820086822,277.873815504982
1030,3.77090459453449e-06,0.000538364345830961,0.00131582184889015,2.28053579040598e-05,2.4439295691031e-05,3.32493979078707e-05,4.91643234364965e-08,2.03619424100614e-07,0.00372338083835366,6.18281771162747e-14,0.00533946634349684,4.42947057784336e-05,0.00085192273113397,0.000573932299842994,1.47491019957549e-06,3.41429183553256e-06,0.00138899568540328,6.88927962673981e-08,3.93403543080348e-06,0.00537791250190609,0.0907569128236274,3.34360384343516e-12,0.0126141058248008,0.00683498336135041,3.6429928103733e-07,0.000440821983230634,1.53594775467996e-10,2.31851189955365e-13,0.000569120970329012,0.010719486582248,0.0176873871142266,3.62760361008335e-05,0.000169522490348683,1.53426344923721e-05,0.000106408261794883,3.67523143768392e-05,0.000272389972932344,0.000621474568447585,0.00151580544837987,1.59829748317458,0.000242087867952889,0.0104228205491711,0.00010576494882606,0.0108531821515394,0.000699470128412472,3.46355357302637e-09,0.0014085297529125,1.79306511129387e-05,0.00607340411691016,8.92809338032516e-06,0.00611894795069955,0.00024991950519041,0.00302175939575262,2.01994766360107e-05,0.00249100165569549,0.00195375771868581,0.000537513610958893,3.06932790080596e-08,0.00290672980573774,2.39218917308731e-05,0.00557012600440986,0.0197258971170714,2.34848126148066e-08,4.91576771538381e-06,9.1756388809043e-10,6.13962377422587e-06,1.84851768762097e-10,8.81763305290074e-06,1.7808427633427e-06,0.000213123660700536,3.80124631937188e-08,6.83111192272974e-07,3.58473911883724e-07,2.91594374922231e-09,0.958022839585237,121.04548281964,8.02667674633272e-05,35.4824304372723,4.06025157357063,0.360337731070468,192.520010371113
1035,7.94451752242366e-06,0.000365748636553293,0.000875496722167167,9.76959440423818e-06,1.6906004142093e-05,2.36576507055048e-05,4.70769497417087e-08,1.7601652425511e-07,0.00287082081398628,1.22084234171073e-15,0.00373630593479804,3.21758551584224e-05,0.000484953017792198,0.000323470989483641,1.17318354825277e-06,3.53182495329609e-06,0.000945213042804263,6.858529736587e-08,6.29658837772925e-06,0.00372407790457887,0.0640521353931028,1.3042789341608e-12,0.0087473576530667,0.00473900575728805,3.73300280140302e-06,0.000333385500630005,3.1239294326349e-11,7.66819339187133e-15,0.000406803013866973,0.00737350343864661,0.0125115048381225,2.46102112393432e-05,0.000114918744086861,9.76661822192671e-06,7.24962840224157e-05,2.60806422738408e-05,0.000181722600476206,0.000442469814798914,0.00108203741031436,1.10785064557621,0.000162039174546679,0.00728959478299746,9.51741184252933e-05,0.00743146700998578,0.000498639340598081,2.01567886018115e-09,0.000934362591474011,8.99126164988186e-07,0.00426232725232649,4.83406885940942e-06,0.00412271643140387,0.000154543609899106,0.00207565849305112,2.62617202283132e-05,0.00172818044295257,0.00137708685398884,0.000375763468298171,5.59805186664806e-10,0.00197212230838605,6.7595703857759e-06,0.00387765916952509,0.0125840135073663,8.59889602620685e-07,4.26758619546777e-07,2.4058154094871e-08,1.07369913432676e-06,9.58480813397704e-10,1.79936649114057e-07,1.42913190491603e-05,0.000965440977051982,3.27156362988575e-08,1.10363237092162e-07,3.42821565114177e-08,2.40532975590213e-09,0.683696930211108,86.3815407551581,5.20724188759633e-05,25.322178324594,2.74791880813666,0.236736080181726,130.327328489191
1040,9.90920872294976e-06,0.000262547594646094,0.000613903394960163,2.60851228630756e-06,1.23250053918826e-05,1.77620295133613e-05,5.09284886148577e-08,1.74643251135368e-07,0.00233146152672535,3.16267713288322e-16,0.00276482077471326,2.45788919266953e-05,0.000273665124253692,0.000179716445804445,9.7681600919091e-07,7.06963240928568e-06,0.00067927209177875,6.6927231431493e-08,7.20868512434647e-06,0.00272718943846024,0.0477158469079697,9.51683568618789e-13,0.00640834275765146,0.00347008919353864,5.23295244696267e-06,0.000266724739000666,1.78599031632916e-11,1.3557053010197e-15,0.000306479879898658,0.00536903788968951,0.00933784548995179,1.76106034123958e-05,8.25172810259682e-05,6.51580550922276e-06,5.21254042656183e-05,1.93327094807773e-05,0.000128077457242832,0.000332218411401095,0.000814604743798702,0.810500274804906,0.000114334493066928,0.00538773899133741,8.49178254675012e-05,0.00538359570962045,0.000375048227793683,1.1887223581437e-09,0.000643902936804393,6.88062069053736e-06,0.00315987103789439,1.22614850643097e-05,0.00293796332159545,9.84975721972997e-05,0.0015058609092562,2.89821804238053e-05,0.0012675722049507,0.00102893710422629,0.000277615311822584,1.85636188734773e-11,0.00141275636634696,3.13507241347945e-06,0.00285543284940706,0.00844704778282812,1.04368211610335e-06,1.63069501814781e-06,3.64024807820974e-08,1.48153291581882e-06,1.36355461750721e-09,3.80197513663723e-06,2.01627079509719e-05,0.00134538265109498,2.90851203461338e-08,1.98808414190652e-07,1.3892909398426e-07,1.91881437952065e-09,0.514394595458825,64.9890970276803,3.55633858076194e-05,19.0517014114983,1.96594911092985,0.163502619032998,93.2153049707975
1045,1.38930411900175e-05,0.000254900934146135,0.000580720369681805,2.04958553368293e-06,1.20808021332592e-05,1.79305440673642e-05,7.40765921506095e-08,2.39924578877172e-07,0.00254062768571293,1.32890140702979e-16,0.00276951140009584,2.53150561562591e-05,0.000187623431687372,0.000119504076669917,1.09024327115274e-06,1.1524015180603e-05,0.000660651369462088,8.35485414897885e-08,9.5637219686932e-06,0.00270384798182449,0.0480361211058919,1.28134534909678e-12,0.00634955978555777,0.00343524214374429,7.7135009262086e-06,0.00028832490640351,6.21661845899436e-11,1.12620212764141e-15,0.000310231327109398,0.0052966105180466,0.00941443025428727,1.70204230886518e-05,8.03248418056516e-05,5.83250237732364e-06,5.06401871636201e-05,1.91607879181498e-05,0.000121864023695377,0.000336809194170443,0.000828140590320194,0.801320711585112,0.000108949709959061,0.00538748323725315,9.80736664123334e-05,0.00528178800375016,0.000381118428002615,8.90805603992086e-10,0.000589999039338222,1.36867470231971e-05,0.0031676755365706,2.1192053234867e-05,0.00283445972633369,8.23483921767393e-05,0.00147714509254107,3.8787992340891e-05,0.00125839201657089,0.00104125070952487,0.000277707715908924,1.40284914868099e-11,0.00136822902903319,1.24425614181084e-05,0.00284746278151743,0.00763353054609442,1.45554148465682e-06,3.38440649955322e-06,5.45231594250461e-08,3.62786404823865e-06,1.99634782506945e-09,7.38695426635862e-06,3.00186467477946e-05,0.00197833420503433,3.40599904118128e-08,4.73906634266489e-07,3.00590817414577e-07,2.05183488562252e-09,0.522430055587421,66.0025764743893,3.27297935834862e-05,19.3493090361855,1.90277130760046,0.152040366781503,90.1504153743081
1050,1.83921067024805e-05,0.000257153791091461,0.000569319956629504,7.02289085510999e-06,1.22069201487623e-05,1.86376844104812e-05,1.08265951974766e-07,3.39247998670554e-07,0.00284742295475004,1.27892183635635e-13,0.00288560099371903,2.70646931794535e-05,0.000105763704291273,6.15742294630241e-05,1.25062431123446e-06,1.65349167377975e-05,0.000668912914156225,1.03931086835519e-07,1.20823363091181e-05,0.0027890900868158,0.0502214170070842,1.79927653413619e-12,0.0065390068235811,0.00353315348259905,1.07213399559307e-05,0.000323056756850579,1.34359983435992e-10,2.18036650124839e-14,0.000323055346240185,0.00543866963994331,0.00985384035860524,1.70715717674257e-05,8.14295028653692e-05,5.36221795053053e-06,5.102835481204e-05,1.95073500464878e-05,0.00012014488562536,0.000354341045700518,0.000873746514064079,0.822873122801976,0.00010785386080154,0.00560122790185239,0.000114009162753765,0.00539258390705335,0.000402247189010601,6.35368175717015e-10,0.000552260028997726,2.15986290049853e-05,0.00329962572140826,3.13270080800552e-05,0.00284472591241854,6.87644948574487e-05,0.00150568670474188,5.0436014154519e-05,0.00129923626005566,0.00109449224518338,0.000289023425373744,7.19503090867853e-08,0.00137686654703128,2.42059212984784e-05,0.00295504259699022,0.00713454572584712,2.14077930928899e-06,5.41989585074237e-06,7.4194006672592e-08,6.00914056074876e-06,2.66115920751362e-09,1.15147286784302e-05,4.26032788652054e-05,0.00269176382912852,4.03837372169603e-08,7.6101428315155e-07,4.71057212700604e-07,2.3062216311307e-09,0.550466519284131,69.54306580444,3.11653993919571e-05,20.3876961394142,1.9139214868506,0.146258110217575,90.5645701238131
1055,2.34565190487234e-05,0.000265444776937086,0.000569522452121985,1.27380414737147e-05,1.24919882810393e-05,1.95816124202735e-05,1.55908602921373e-07,4.7939618672265e-07,0.00322852114580193,3.62188406348555e-17,0.00308015681293762,2.9601085085636e-05,1.90498385389191e-05,3.8185295717258e-07,1.45193785724038e-06,2.22911888643626e-05,0.000695078894091986,1.28244102347854e-07,1.472109389865e-05,0.00294871021578734,0.0537122481304681,1.8026895012151e-12,0.00689478571616534,0.00371885012893703,1.41095806599311e-05,0.000369032933301549,1.97309594373057e-10,7.90416223076461e-16,0.000339653983313845,0.005724233551759,0.0105472422889653,1.74985827213883e-05,8.46545891123355e-05,4.9678265026302e-06,5.24900789573018e-05,2.00882566582446e-05,0.000120483089275787,0.000381058494908813,0.000942434316116713,0.864686613624761,0.000109309858090399,0.00596436797764586,0.000132321210767224,0.00564354329947366,0.00043435402895958,3.9643902375881e-10,0.000520205816354371,3.04986353267132e-05,0.00351760034060852,4.29785640901214e-05,0.00292545462820181,5.56851417333539e-05,0.00157117246632795,6.40068414985123e-05,0.00137401499313353,0.00117545116835732,0.00030865555068003,7.67408214493128e-12,0.00141841473933986,3.98717221713348e-05,0.00314381326916913,0.0067852828259937,2.83647728451418e-06,7.7065785608354e-06,9.54250199269283e-08,8.68168460462691e-06,3.3921850192519e-09,1.61330464144599e-05,5.56615005830889e-05,0.00349711202084492,4.81129538219212e-08,1.0694862303864e-06,6.53432862514248e-07,2.68042646113891e-09,0.592745901591242,74.8829616383554,3.02045931340211e-05,21.953599441574,1.97004771815139,0.143278411278931,93.057421257129
1060,3.03437572967479e-05,0.000289979765187668,0.000601105368064142,2.03428275113578e-05,1.33408103254827e-05,2.14248267362168e-05,2.29494170992093e-07,6.97858550592525e-07,0.00382860233614183,1.71278593708953e-16,0.00348499260970877,3.42802162558499e-05,8.08132243492783e-05,7.29008489135476e-05,1.77036752768956e-06,3.01518747697796e-05,0.000767405964153979,1.62952655315259e-07,1.81305212451797e-05,0.00330645611230929,0.0608051154774513,2.33170995051764e-12,0.0077025304359454,0.00414509654196856,1.85175541376363e-05,0.000444132093903635,2.64919994124355e-10,5.69794011699535e-15,0.000371490769751345,0.00638839072731014,0.0119458995800277,1.89748065362914e-05,9.33686438993286e-05,4.80178637549729e-06,5.7062011720665e-05,2.16484977436342e-05,0.000126623981082354,0.000433430242353106,0.00107524066392544,0.96230312783501,0.000117434401455121,0.00673109388932075,0.000159291876464652,0.00626433143055632,0.000496489898066476,1.55627105498378e-10,0.000510698632531338,4.11813466484252e-05,0.00397036847688468,5.8661891332881e-05,0.00318994650411724,4.41939772991967e-05,0.00173695030144099,8.28521574666182e-05,0.00154016079187155,0.00133344359457067,0.00035069506207472,1.68674906850854e-10,0.0015484291855682,6.37651165967281e-05,0.0035481747172737,0.00678648191651557,3.61514503232477e-06,1.0442657286949e-05,1.23090479290284e-07,1.19920153507586e-05,4.35786032131149e-09,2.17304252925172e-05,7.30388006212931e-05,0.00457953166469733,5.93623318255141e-08,1.45705545239738e-06,8.84391140206652e-07,3.18385982775979e-09,0.674936391338087,85.2648433212446,3.07787978208754e-05,24.9976943293434,2.14639916434698,0.147747233026967,101.159732743835
1065,4.17861404447806e-05,0.000348381333146121,0.000695300124197096,3.27241448047794e-05,1.53827399040279e-05,2.52437821699636e-05,3.60173311406695e-07,1.08864384027818e-06,0.00493267211490185,6.07076506819282e-15,0.00434483820177942,4.37473173273936e-05,0.000221539676640145,0.000177047799599242,2.35785212132628e-06,4.32233139600448e-05,0.000936510468387096,2.22030571981433e-07,2.35856844020155e-05,0.00408886387444287,0.0757464716086416,3.34353744538249e-12,0.00947963994816806,0.00508701747621629,2.58501096533634e-05,0.000584833927193043,3.90638220032547e-10,1.09327061125361e-14,0.000436910791403999,0.00785770096452919,0.0148841058572559,2.26401042729326e-05,0.000113556163201326,5.02133653875526e-06,6.81371605677595e-05,2.53831916379746e-05,0.000144576472654855,0.000542085835939864,0.0013489552198726,1.17952832579709,0.000139221529233911,0.00837081698764218,0.000207211793741764,0.00766784515452418,0.000624651644441979,1.16806322875077e-10,0.000545234814857514,5.84837114749421e-05,0.00493204454367128,8.42173997072092e-05,0.00383506080421427,3.4138421558368e-05,0.00211558561163802,0.000114385118995671,0.00190220480873343,0.00165895339253626,0.000440980879596676,3.66411880427908e-09,0.00186307939925714,0.000106757580102346,0.00441711520278901,0.00741893630104407,5.02867719858887e-06,1.48688181367187e-05,1.67605114543616e-07,1.72520579574205e-05,5.90217649334879e-09,3.07907571296464e-05,0.000102792789326643,0.00634591114949453,7.88892447795171e-08,2.05947019347988e-06,1.24581222076408e-06,4.12069392738008e-09,0.844841874086639,106.727495806441,3.4212964565518e-05,31.2904976193031,2.57242164619995,0.166497268610086,120.902959326899
1070,8.94037175230029e-05,0.000667947900906626,0.00127833636721096,7.98520991137756e-05,2.76117978128264e-05,4.61406704754844e-05,8.77944720761747e-07,2.64659474293502e-06,0.0100137267252135,1.66814773417787e-15,0.00866555013101389,8.94013171406428e-05,0.000664901778021334,0.000513946355901831,4.97897030173425e-06,9.61728989837804e-05,0.00183547693534296,4.71165166036966e-07,4.70312656300348e-05,0.00809792750687435,0.150752828130229,7.22154629321708e-12,0.0186645154953018,0.00998157887811655,5.60332766821357e-05,0.00122203708306114,8.9768920108077e-10,6.57188555929978e-16,0.000795259568112908,0.0154620169929592,0.0296195698135652,4.31760075918471e-05,0.000221056738964981,8.21049734430636e-06,0.000129681387476045,4.70277558517098e-05,0.000259057128974611,0.00108228899884036,0.00270155428239147,2.31289760325541,0.000264841125324737,0.0166569864025713,0.000423173492397229,0.0150290892334075,0.00125604505142348,7.23219660739433e-10,0.000927484084819361,0.000129161720595931,0.00978803596148346,0.000186192815135421,0.00738300892465968,3.33840580997306e-05,0.00412348315324417,0.000245239699588713,0.00375793891571343,0.00328194744844909,0.000891675457607184,8.46688046749491e-10,0.00358921061697375,0.000276366106939121,0.00880752107149898,0.012869074002998,1.11217213423328e-05,3.29127156523837e-05,3.52193111089505e-07,3.82582724328428e-05,1.23214354699349e-08,6.777079499135e-05,0.000225577999811186,0.0135739829697404,1.63911969374794e-07,4.44969333409972e-06,2.68723825229542e-06,8.56188488375471e-09,1.68774533064851,213.207492602247,6.00706801524148e-05,62.5091915419464,4.92191600555714,0.29714849168624,230.562512898358
1075,0.000584530578584297,0.00400720099325824,0.00731904317364458,0.000590255097327228,0.000149503322874578,0.000253256571163971,6.54158978276317e-06,1.96987588553684e-05,0.0627408967376766,1.15506382351899e-15,0.0542390288924789,0.000573802612715536,0.00541994302521406,0.00413560991026798,3.27615132005938e-05,0.00065461453862259,0.0113414077250334,3.05547958916372e-06,0.000280242165441923,0.0504021930390235,0.940381029876593,4.31617208764059e-11,0.115367671155046,0.061447028441707,0.000364431443613614,0.00793943705795726,5.65137526113347e-09,4.90611845520467e-15,0.00433052254704243,0.0954709582853882,0.184689148339654,0.000258427945848587,0.00135109130199233,4.13383240944798e-05,0.000772424924909443,0.000270347335231422,0.00141558817308889,0.00676669463813703,0.0169413374447833,14.2409765249431,0.00158751396630845,0.10406453907018,0.002660114052745,0.0925533717212751,0.00791726771615362,6.88924810321039e-09,0.0050211761673428,0.000851440174606458,0.0608688933278663,0.00124769327013462,0.0446718989840808,5.18840658818874e-05,0.0252443271513331,0.00160198320602494,0.0232979253298226,0.0202346383675786,0.00569992673421099,4.78335813244178e-09,0.0217374377605642,0.00219142336419436,0.0551949114680097,0.0694095358744842,6.98950626929667e-05,0.000217278166152938,2.24442774342311e-06,0.000254758180982571,7.87305203108826e-08,0.000446207720849454,0.00145893882455026,0.0880768183696904,1.04566361646863e-06,2.90365767404461e-05,1.75047631841933e-05,5.36818739303424e-08,10.5554032257101,1333.41665079448,0.000325678002600709,390.94145335697,29.4828613486639,1.64370746849298,1375.71491459998
1080,0.000124522940234339,0.000801145308822636,0.00138832593793551,0.000142224085741926,2.54038379128703e-05,4.33621324769121e-05,1.59165768659328e-06,4.78947844389314e-06,0.0128984556164843,5.11555971000235e-13,0.0113539829751319,0.000123196552084855,0.00136321586330895,0.00103511946169098,7.18717538308034e-06,0.000145576810368801,0.00235560748410029,6.43164530738962e-07,5.23666847052862e-05,0.0105100049882625,0.195935630654795,9.01578666604389e-12,0.0238658613146201,0.0126511550067353,7.48842939053855e-05,0.0017067285601995,9.71342334860106e-10,1.20862521029011e-15,0.000730694585463885,0.0197087438771401,0.0384541457087819,5.18535876038994e-05,0.000276322106189028,7.0281397093175e-06,0.000153958958252527,5.1518798050787e-05,0.000247893946860785,0.00141182912307194,0.00354442304076554,2.93611990754392,0.000319893995402443,0.0217579026727379,0.000547535896909767,0.0190896037152297,0.00166662273535634,1.8101723611596e-09,0.000949534258247808,0.000174436214503582,0.0126362951991943,0.000269901316051154,0.00905924893841359,5.56682478693615e-06,0.00517620698611804,0.000338861872766071,0.00483159309573058,0.00413980136473982,0.00123051686437376,2.92455021759267e-07,0.00441565572875019,0.000570672192544239,0.0115885545092502,0.0123917213266764,1.25325646310947e-05,4.45324038417305e-05,4.62335150457355e-07,5.36070896168437e-05,1.65032316247787e-08,9.18498361165805e-05,0.000290786268513538,0.0184370426303397,2.17795042996391e-07,6.11675342210158e-06,3.67924981403923e-06,1.03143297806456e-08,2.2022461509828,278.197470554831,5.78121639367836e-05,81.5647834523259,5.88979399153575,0.299343838617378,273.580226384288
1085,8.25701007444317e-05,0.000506547692847553,0.000826549673204044,0.000106118407879396,1.29524849012481e-05,2.22900499989634e-05,1.1944933569551e-06,3.59244801078907e-06,0.00823281911731621,1.69714598779006e-19,0.00750270213046067,8.33293808482282e-05,0.00104275602427891,0.000788737154174348,5.00110987012962e-06,9.94641483865566e-05,0.00156041687675173,4.08179352279808e-07,2.88441514532933e-05,0.00693047690226681,0.1287133905193,5.45496877596322e-12,0.0155966825749389,0.00822427397818136,4.6985924468604e-05,0.00114549442852147,5.18853420755152e-10,2.78979199781173e-15,0.000342312434807034,0.0128592998731384,0.0252361862023166,3.29433308196719e-05,0.000178358533744733,3.87761862587337e-06,9.71082802688493e-05,3.08720626063627e-05,0.000129111749006243,0.0009279623515751,0.00233504366513156,1.91434182531508,0.000202305107987657,0.0143768687878853,0.000348911315006583,0.0124412952504682,0.00110439389306822,1.30776268898199e-09,0.000591533521688034,0.000109732938054935,0.00826400945014131,0.000179981821865703,0.00581259148568281,8.01914012509577e-06,0.0033516194709086,0.000221657335085021,0.00315966425714787,0.00264416400303327,0.000842680245185516,8.84822189198533e-11,0.00283430099989492,0.00046295268669661,0.00768411279900697,0.0069576278375734,7.04437222844558e-06,2.80493215054728e-05,2.91732773795695e-07,3.45252551765795e-05,1.05190794393914e-08,5.86153302870763e-05,0.000189462684596628,0.0117654939286727,1.38728314047959e-07,3.953599688245e-06,2.37593029013326e-06,6.48808501517166e-09,1.44687418570077,182.774228107053,3.25143161686525e-05,53.5879986416057,3.7041059595617,0.170852259557276,171.189140808427
1090,5.47502506023442e-05,0.000322296578695405,0.000491169813883479,7.78840813645377e-05,6.51856737831047e-06,1.1430026197725e-05,8.77291116620692e-07,2.63743746757592e-06,0.00520098321659014,1.43790203961107e-16,0.00495589987565021,5.60969834513444e-05,0.000787422210602667,0.000592242446799249,3.49669621595278e-06,6.63636570270797e-05,0.00104323518754314,2.54472718643579e-07,1.50709061292025e-05,0.00457500948677437,0.0844284195067615,3.26176289688099e-12,0.010194025812691,0.00534560387086558,2.92482583084846e-05,0.000761485670293363,3.02744136926118e-10,1.79640346541697e-16,0.00012422117752277,0.008410218392166,0.01653323622566,2.09268508399549e-05,0.000114954793824044,2.12440177258552e-06,6.11914193055988e-05,1.85040547914663e-05,6.1472966138692e-05,0.000608616971484119,0.00153432793121664,1.24979320256969,0.000125741380979428,0.00950845375702204,0.000222238479689451,0.00810789940065646,0.000728850556542989,8.56416008734211e-10,0.00037471267321014,7.12424624654592e-05,0.00539274915895512,0.0001189491291812,0.00373483740801414,8.03299886137217e-06,0.0021672304429802,0.000144268107403311,0.0020605677823488,0.00166947278845828,0.000576187176758311,2.67927635740883e-10,0.00181533605472188,0.000369146947531157,0.00508854484336165,0.00386832510906648,4.21796620068046e-06,1.82604807264002e-05,1.80511440372712e-07,2.24569701681607e-05,6.56820479630931e-09,3.85590760519608e-05,0.000124105657723287,0.00734095093082938,8.7001648785231e-08,2.52700850926003e-06,1.51470942381084e-06,4.15523005335546e-09,0.948240155327981,119.784284935639,1.84464312392947e-05,35.1200444297757,2.32333540886622,0.0974646357786468,106.797709524961
1095,4.0259400049159e-05,0.000228068309637495,0.000321989541519206,6.23364007889885e-05,3.55130539403187e-06,6.44994870739301e-06,7.0033658948528e-07,2.10388752382689e-06,0.00360787385333478,4.78315254848403e-16,0.00362084465089527,4.15802393734731e-05,0.000650700250380531,0.000486277915131548,2.71372633096258e-06,4.82890149284778e-05,0.000773358913192886,1.7417068483138e-07,8.26931394082211e-06,0.00334465111463006,0.0611950583856551,2.17214771780054e-12,0.00737277268525146,0.00384359551635809,1.95467421001062e-05,0.00055551076780865,1.56781168480547e-10,3.37059876896883e-15,1.35107345656265e-05,0.00609868374961366,0.011966355033417,1.47073499529747e-05,8.18720039313873e-05,1.29514393077589e-06,4.26775646062978e-05,1.23204896815251e-05,2.71174440890995e-05,0.000440829060573675,0.0011129310382734,0.90374472839346,8.51100855101262e-05,0.00696287668388304,0.000158396657734886,0.00584588470492471,0.000530264083187318,6.1142751762866e-10,0.000266235460198511,5.02864184864931e-05,0.00388588167970876,8.62773313684732e-05,0.00265873764539486,7.73400890026188e-06,0.00154861632715599,0.000103407510891012,0.00148353777931165,0.0011578579570454,0.000436124920573979,2.23165405076371e-10,0.00128419592914042,0.000319152927621655,0.0037246764076129,0.00230056636900634,2.43691230775359e-06,1.29235460036019e-05,1.22150458709511e-07,1.59944240243636e-05,4.54189883217702e-09,2.76348050736101e-05,8.67848958627535e-05,0.00499822263781961,5.98274699094896e-08,1.78137013727352e-06,1.0630816269933e-06,2.82406180836225e-09,0.686109101821592,86.6707201660759,1.1467007606226e-05,25.41147322684,1.60831054448334,0.0611525412267955,73.5032338820814
1100,3.48257007470292e-05,0.000189928151801942,0.000246318566166117,5.77261766726567e-05,2.1745425923336e-06,4.21470775398102e-06,6.45590238460996e-07,1.93689755558359e-06,0.00291709618448708,2.98864211356433e-15,0.00309814598599421,3.59451299799621e-05,0.000623941418599388,0.000463271166777882,2.47449007910484e-06,4.08894062559509e-05,0.000669484780045637,1.39622834440165e-07,5.05609501800207e-06,0.00286659065227031,0.0519032372160477,1.30930865057286e-12,0.00624688960938599,0.00323654522169139,1.48964363296048e-05,0.00047148120409013,5.54822840228762e-11,2.07178233311992e-15,5.42545818170585e-05,0.00518979487332311,0.0101328367700931,1.21186338556787e-05,6.8242486830822e-05,9.65411297862225e-07,3.49755909242343e-05,9.68205607246029e-06,8.12329567783781e-06,0.000373461633362184,0.000943806636633677,0.766130571845849,6.65606295395612e-05,0.00597589650451811,0.000134479721378042,0.00493721352220717,0.000450552111182805,5.25926803245596e-10,0.000223458714740336,4.03925125084619e-05,0.00327416368477454,7.2743387261319e-05,0.00221965436513998,8.04546505961694e-06,0.00129477829866214,8.64213567880527e-05,0.00124931610958421,0.000937786422795814,0.000387253151085574,1.67830009185706e-09,0.00106291786271329,0.000316901753222754,0.00319176300873798,0.00148941698528769,1.31792325840086e-06,1.04072881114238e-05,9.65835484123923e-08,1.312531188054e-05,3.71072239306378e-09,2.26669014138885e-05,6.96379757662651e-05,0.00396410337202709,4.7941417722325e-08,1.47625557814612e-06,8.76600570483222e-07,2.19637292859901e-09,0.580503745105616,73.3301137252357,8.19858343014455e-06,21.5001577328926,1.30115477535079,0.0444670303794961,59.096382581359
1105,3.27562549590664e-05,0.0001717497429323,0.000202810935283828,5.72028310498101e-05,1.33299330990572e-06,2.91871909331505e-06,6.36006947084867e-07,1.90516346557547e-06,0.00254354967452432,5.26598034332999e-16,0.00286520117933363,3.34954744467538e-05,0.000641438468014598,0.000473502191935653,2.44071980072902e-06,3.74692013471264e-05,0.000622270600357573,1.22001915319207e-07,3.23996378180812e-06,0.00265760059206144,0.0475501209134745,1.03964989780249e-12,0.00572202204150938,0.0029452318880831,1.23364595337895e-05,0.000430243093865101,9.39282368771453e-13,4.36094764767107e-15,0.000108736588437707,0.00478082104864736,0.00926626382342493,1.08070668898326e-05,6.14447027947025e-05,8.21831509311508e-07,3.10954172914178e-05,8.30514521538181e-06,5.77118181574588e-06,0.000341621705993743,0.000863901674549977,0.702384833332756,5.57102452589054e-05,0.00554596984949378,0.00012591312146008,0.00450733960484164,0.000413003338244173,4.99065671292616e-10,0.000203276737930914,3.54436652340444e-05,0.00297776273678945,6.58433810919878e-05,0.00200491542996771,8.61483304042237e-06,0.00116904450875564,7.77618252027528e-05,0.0011362319586601,0.00082137706972369,0.000371948051875667,2.13563629901251e-10,0.000950328589582501,0.000334002418952808,0.00295600537770186,0.000888230200863349,6.85515652520793e-07,9.15928354842293e-06,8.30801650505232e-08,1.17000907599116e-05,3.29010390550731e-09,2.03018810084672e-05,6.21443389723476e-05,0.0034102408585431,4.14901847530377e-08,1.33433451766276e-06,7.88691935844309e-07,1.85921957760337e-09,0.530212324980238,66.9769886623161,6.18410922604833e-06,19.6375092686095,1.13556725583605,0.0344290735613768,51.2305577653423
1110,3.05190170198537e-05,0.000153471164559384,0.000163511953535504,5.53073448708567e-05,6.83262496539868e-07,1.9238535597906e-06,6.10886315931434e-07,1.82712634977972e-06,0.00218240725096459,1.16190145053787e-13,0.0026060138527384,3.06615236886584e-05,0.00064401896541941,0.000473184310259364,2.36201086644062e-06,3.4069362783309e-05,0.000563391007402428,1.0697839715863e-07,2.13138587730136e-06,0.00242448577573507,0.0428227167980796,5.36773054170597e-13,0.00515508586421379,0.00263501266773094,1.03707733038344e-05,0.000384636276484056,3.08873098840321e-11,2.17499562497735e-14,0.000148486826233089,0.00433581617541861,0.00832880224500934,9.48250596897104e-06,5.43765239998984e-05,7.09599351488237e-07,2.72398292382154e-05,7.07359559075037e-06,1.64891370843734e-05,0.00030711350306993,0.000776954634952309,0.633357024604241,4.56380501968314e-05,0.00506262316610177,0.000118485835398431,0.0040469011755633,0.000372024027736796,4.79883560558426e-10,0.00018119954637052,3.18921245774484e-05,0.00266070546734621,5.82769673640598e-05,0.00178198271347624,8.82046656757275e-06,0.00103724688965627,6.8616735115357e-05,0.00101590451621819,0.000710343190569429,0.000351329898693824,7.14136288825525e-08,0.000835358297004547,0.000340570726596486,0.00269310045162147,0.000304701834176207,4.02551911904414e-07,8.26809020214252e-06,7.14098989626348e-08,1.05193928905827e-05,2.88635307952069e-09,1.85042517782973e-05,5.74067598837679e-05,0.00292956079313312,3.55048779585569e-08,1.20269024165155e-06,7.08364697074507e-07,1.76367532483858e-09,0.475870420748147,60.1122940231527,4.44498057552133e-06,17.6248432268052,0.97300573289172,0.0256988248766875,43.5798086329986
1115,3.21662173695449e-05,0.000154671455662649,0.000147338668514532,5.96350199523659e-05,2.25471015720745e-07,1.34259830460478e-06,6.54553173238846e-07,1.95472616422803e-06,0.00210911135488434,9.69702994656337e-17,0.00265976212279381,3.14828268090395e-05,0.000721326042005174,0.000528142302953205,2.55457611786781e-06,3.53222570417132e-05,0.000565225893571897,1.09120051641569e-07,1.9363642038978e-06,0.00248264576763047,0.0432638006337948,5.06783659239613e-13,0.00521108964648672,0.0026439141453048,1.00613225401299e-05,0.000384940722482178,4.50346326152281e-11,8.75829632594183e-16,0.000196966426936551,0.00441446089660381,0.00839733972503729,9.32849338285666e-06,5.39641294068886e-05,6.93381938782649e-07,2.67863058875178e-05,6.80377538483182e-06,2.74235860223831e-05,0.000309686668019298,0.000783704651989027,0.64053816256318,4.20035863792362e-05,0.00518468527520541,0.000127895010503334,0.00407664153999327,0.000376051826004279,5.42350263224843e-10,0.000179153823517062,3.31203478887266e-05,0.00266584649988108,5.75921496865885e-05,0.00177711337537799,9.96753612608055e-06,0.00103188306151663,6.78033061072117e-05,0.00101935050821526,0.000695096225462078,0.000372438885202052,2.55818478102608e-12,0.000823991946850382,0.00038397952126561,0.00275486845411535,0.000284032691867797,1.86606094482189e-07,8.60964260721906e-06,7.10626621622602e-08,1.08674166740306e-05,2.92469910330701e-09,1.93561933950298e-05,5.97418576330949e-05,0.00290998675698907,3.49007021069027e-08,1.24570365337897e-06,7.30970105079412e-07,1.62490137696291e-09,0.479037920165767,60.5122876962476,3.43908104655685e-06,17.7421568347699,0.934176477493969,0.0209761581242423,41.5150320540441
1120,3.72779162439028e-05,0.000170879034079431,0.000144297111197118,6.97465781020479e-05,2.24395721579586e-07,9.05067008256197e-07,7.62201691042292e-07,2.27268340018434e-06,0.00223822776619242,5.58067143854588e-16,0.00295900327830039,3.52640168838869e-05,0.000876287662629726,0.000640166670849297,2.99956314016576e-06,4.08021576332026e-05,0.000608231788715343,1.26768669796346e-07,2.65034853584448e-06,0.00277104571254534,0.047641891791688,6.68742546531074e-13,0.00574029774340751,0.0028891536274024,1.11295947845018e-05,0.000419641260605174,6.59255438321844e-11,5.28139068672751e-16,0.000262404874732793,0.00489819254586248,0.00922748096874533,9.99091799190638e-06,5.83445710164354e-05,7.45912382362391e-07,2.87265522100477e-05,7.1390434222555e-06,4.12431102948717e-05,0.000340386032532148,0.000861676250944731,0.705282830089372,4.26039110470561e-05,0.00578430994139753,0.000153674182474816,0.00447480638844508,0.000414799895096765,7.07838588050511e-10,0.000188794933538205,3.81916155760975e-05,0.0029102132111178,6.17520424164416e-05,0.00193012946932752,1.21378450895717e-05,0.00111799100621579,7.29130420304622e-05,0.00111576237814822,0.000751324077684888,0.000430559838583175,1.50124838796668e-12,0.000886439221249101,0.000465720957282953,0.00307480875157431,0.00108826444740253,4.09712961720491e-08,9.94875214583385e-06,8.00264988492491e-08,1.24664320826812e-05,3.31156017284226e-09,2.24186586118314e-05,7.08089962202726e-05,0.00328599060829924,3.83361493478595e-08,1.43815757498625e-06,8.42561083768732e-07,1.79527104096886e-09,0.525628393491719,66.3975181377813,2.73938568491676e-06,19.4677297046016,0.976562708444142,0.0180517673340468,43.0352988959294
1125,0.00015299493238791,0.000666753156745798,0.000495641703828605,0.000285195887363796,2.58436459223263e-06,1.54568011133918e-06,3.11395785720559e-06,9.27365607656632e-06,0.00843176030884459,4.87516315571446e-13,0.0115525609540277,0.000139013066844577,0.00372042290927521,0.0027157454774925,1.22887330035368e-05,0.000169814928880605,0.00225006528529498,5.42036505536605e-07,1.56918148340397e-05,0.0108509586748454,0.184147792845173,5.5242104048584e-12,0.0221794379728057,0.0110660617028306,4.69698501969746e-05,0.00160766612391998,1.50327371413177e-10,3.69176615408886e-15,0.0011595599447079,0.0190559334971094,0.0355898564000884,3.74383329681985e-05,0.000221220589918649,2.70257232746912e-06,0.000107779786018828,2.60603220780299e-05,0.000198014231303036,0.00131344931476846,0.00332682677398454,2.71989865478776,0.000155562964813511,0.0226244675271802,0.000660428327523344,0.0172280398703628,0.00160984589828554,3.33689875070472e-09,0.000672881632158762,0.000162976590614287,0.0111494423248351,0.000231545582448909,0.00734335044964448,5.1742238274528e-05,0.00424707375879753,0.000275092107125789,0.0042915813117199,0.00289975071611557,0.00174594413634319,2.87557833621638e-07,0.0033497287684378,0.00195862474694552,0.0120607969660253,0.00775460911365682,9.94611172258568e-07,4.25118112368567e-05,3.30909109148221e-07,5.20734385016634e-05,1.34383880705409e-08,9.50412543925452e-05,0.000314655464486563,0.0136832419893292,1.52646090838436e-07,5.97233300215151e-06,3.50307380261592e-06,7.3375658404771e-09,2.02501834321061,255.800602268721,7.04714376698591e-06,75.000717509387,3.58036884701645,0.0522090108581549,156.365371465326
1130,3.66051361896622e-05,0.000151355608589334,9.86841823962612e-05,6.71771530692401e-05,9.43353863055966e-07,4.47788864005236e-08,7.3685102120764e-07,2.19269260953498e-06,0.00186392350195231,1.55183207763359e-15,0.0026052095723061,3.17898572409314e-05,0.000909396837053339,0.000664237501828014,2.88702542093143e-06,4.19841908116451e-05,0.000467797562594275,1.40435651433563e-07,5.62437592179537e-06,0.00245270627168816,0.0411317606747588,1.11401405464643e-12,0.00494608119516101,0.00244410358839725,1.22136598764897e-05,0.000357098496383734,3.67159232729946e-13,2.68490784060154e-15,0.000283013297588779,0.00427475643179328,0.00793257718246296,8.05478874675284e-06,4.84049918609668e-05,5.04494120733845e-07,2.31752170070152e-05,5.36429837093501e-06,5.18976351260674e-05,0.000292985206784076,0.000742885148592857,0.604088770604829,3.41681449776392e-05,0.00510392618245613,0.000166644963323375,0.00382797506856467,0.000362330648653856,9.25739967254393e-10,0.000130172155202691,4.17713994194569e-05,0.00246859644393188,5.00354190539311e-05,0.0016088321122564,1.2801765272422e-05,0.000931030460914989,6.00274311936497e-05,0.000955272765173116,0.000660352214842853,0.000408719305957491,8.43462293421246e-10,0.000732140865471396,0.000470518507928638,0.00273763798381606,0.00267174773108497,5.68388661116199e-07,1.08993049321557e-05,8.25421308031703e-08,1.29907657795381e-05,3.24705083506187e-09,2.40179723324697e-05,8.25847205322168e-05,0.00346413511086837,3.67672851315295e-08,1.468526437331e-06,8.62870826876782e-07,1.90456138257287e-09,0.451101387952976,56.9831574127164,9.18260530444824e-07,16.7074656144856,0.758204519936588,0.00824168876146519,32.7975072902594
1135,3.61544750677247e-05,0.000141679596768889,8.11749750290476e-05,6.45956784506246e-05,1.19489056668052e-06,3.69175621194152e-07,7.1753646968926e-07,2.1341968870683e-06,0.00171943089483953,1.93255435450288e-15,0.00240299685284608,2.98926885999836e-05,0.000907041030497967,0.000663777031673546,2.75596134405845e-06,4.36099287800245e-05,0.000382586424337974,1.54880950654984e-07,8.04899528478116e-06,0.00226531978972316,0.0376070317903214,1.41485618466785e-12,0.00450641753448937,0.00220287938245925,1.34067032022761e-05,0.000326564218368522,2.35404835851209e-11,1.30549610250195e-14,0.000271338978878948,0.00391184038539633,0.00723801039314308,7.0284822960589e-06,4.32810981429782e-05,3.13989136688111e-07,2.01791890886958e-05,4.30002714011966e-06,5.35662263858117e-05,0.000267683463340753,0.000679949259289644,0.54652427366312,3.23587102253709e-05,0.00470022455730612,0.000174354490315898,0.00347484665883384,0.000335349973578734,1.07955071129324e-09,9.14543598760641e-05,4.39438032773923e-05,0.00223793710204678,4.41554777848428e-05,0.00143501953169213,1.30401042275846e-05,0.000833860077866326,5.36929481872805e-05,0.000872228951300865,0.000630773597429678,0.000391501867230305,1.05062910562135e-10,0.000655920685219974,0.000457550876841067,0.0025478468547059,0.00346399421355592,7.77479758201037e-07,1.14605641162356e-05,8.76692646201879e-08,1.34363780744331e-05,3.33136401656846e-09,2.49463101845845e-05,8.90628619787339e-05,0.00375255499167893,3.7839559727356e-08,1.51192686577616e-06,8.91106175873175e-07,1.97434830018684e-09,0.411737904419605,52.0107436269926,3.87302096023079e-07,15.2495562731686,0.657288324815195,0.00495211977594129,28.147780342206
1140,9.35175294004943e-05,0.000347312125614989,0.000176650335564726,0.000160975953484402,3.65237799478743e-06,1.61828229264382e-06,1.83043801270833e-06,5.44319271936384e-06,0.00421461411976575,2.75978734812766e-13,0.00575197143697046,7.34310667457439e-05,0.00234417591577459,0.00172078432700585,6.78586608166974e-06,0.000120363137486405,0.000764250043311508,4.56445016935782e-07,2.87328964630371e-05,0.00542175953440736,0.0893309138328337,4.61786553181484e-12,0.0106384102057936,0.00513625888361197,3.91624444320317e-05,0.00078259388037875,1.09380255040163e-10,7.92794201816247e-14,0.000647651900976459,0.00925423610449607,0.0171604571420412,1.57321449583157e-05,0.000100331297882392,2.54091110191903e-07,4.50053211987192e-05,8.0972866688254e-06,0.000139141358266148,0.000635952819073816,0.00161994578055208,1.27592491398026,8.43467343388539e-05,0.0112035858416297,0.000478667750360368,0.00817231075407957,0.000811066619460423,3.25007969985274e-09,0.000123312123934068,0.000120169958397259,0.00527358353656608,0.000101046830963928,0.00329919500614608,3.47422713844242e-05,0.00193537753378131,0.000125037660036131,0.00207491942342378,0.00160667296146104,0.000973946842223306,1.41238925140201e-07,0.00152962410902927,0.00114322323040906,0.00617230073277685,0.011104594013776,2.36193911759217e-06,3.13080768619346e-05,2.47344400671801e-07,3.6393845603143e-05,9.08408182871875e-09,6.74780346308932e-05,0.00025101303827433,0.0109154535289029,1.04954574999872e-07,4.09894945204312e-06,2.42290607166649e-06,5.20714573978509e-09,0.977724000317691,123.506102620871,2.62806837519463e-07,36.2120043930128,1.48158380475995,0.00715764392412352,62.7935742662331
1145,4.07176838631062e-05,0.000144159445482583,6.52422333279879e-05,6.73674050618929e-05,1.81277518397978e-06,2.92879967485819e-07,7.93046047861044e-07,2.35843467625917e-06,0.00173872478079796,1.59974046789516e-15,0.00231213710240659,3.05358564022031e-05,0.00101828669662827,0.000750004787361747,2.80261382769791e-06,5.66092956338986e-05,0.000233746896655409,2.26958462513957e-07,1.56488096450838e-05,0.00217780717956556,0.0356664596004619,1.58096731339642e-12,0.00421232966383888,0.00200403383938191,1.8730458719714e-05,0.000318156243686323,3.47362122889139e-13,2.69579571156576e-15,0.000256722303940383,0.00366716218875757,0.00683869812342957,5.84421960109932e-06,3.90836267446661e-05,9.70649334340859e-08,1.66405701613107e-05,2.04486375033313e-06,6.0478210419686e-05,0.000254127562944991,0.000649811165066231,0.497724432840806,3.95575521283444e-05,0.00448089571223333,0.000220046093319773,0.00322146464085051,0.000332148002060136,1.68693313416557e-09,1.04467267222817e-05,5.3095912486234e-05,0.00208902791990645,3.86562521499787e-05,0.00126496383318677,1.56120308737409e-05,0.000750281292797124,4.8574205364449e-05,0.000833032743275252,0.000702686501989138,0.000410288421084365,7.46725570878924e-10,0.000599597226551497,0.000485178814640878,0.00251879520116744,0.00576175987363986,6.20454225200367e-07,1.38167759511907e-05,1.17989894631238e-07,1.63213250634789e-05,4.29946365690201e-09,2.98446497705324e-05,0.000109657043890589,0.00534495306291945,4.9592404128395e-08,1.87684053381271e-06,1.11313164213977e-06,2.14935191705142e-09,0.390644486366937,49.346218044387,2.47185758969434e-07,14.4683134572137,0.561308486481865,0.0011263934888703,23.5308132305203
1150,3.99584549451435e-05,0.00013581736918062,5.37169598043251e-05,6.38357423687751e-05,2.0142310488836e-06,9.66729442335793e-07,7.84546511074312e-07,2.33387090153297e-06,0.0015973110929669,9.83332709340987e-16,0.00210015897579323,2.89253763819273e-05,0.00100168439204294,0.000739888378613132,2.63132128573294e-06,6.02718148468486e-05,0.000137508276358788,2.48692115842772e-07,1.76827313352733e-05,0.00197747638455124,0.0321906300450495,1.23558371592025e-12,0.00376589142238862,0.00176025788629937,1.94890837198778e-05,0.000294485626642091,8.38868688846476e-11,1.05459198171822e-14,0.00023423797046175,0.00328135444791512,0.00615969855543024,4.87381458027902e-06,3.44836228620581e-05,1.85898385278663e-07,1.38579623737811e-05,4.47413129733365e-07,6.01597798199158e-05,0.000229640865680702,0.00058988514029888,0.437019753337332,4.38466197611207e-05,0.00405615388773385,0.000225489369456694,0.00286369290112662,0.000309793993348231,1.91851259365179e-09,9.19050673252116e-05,5.04475088641785e-05,0.00186949446513777,3.3145401432908e-05,0.0010890995220272,1.57903409516189e-05,0.000650485836822471,4.20281813680842e-05,0.00075936016904272,0.000701602591074428,0.000395317388244507,1.65874648579091e-10,0.000530311066692012,0.000475931965488524,0.00232907159328114,0.00653883651462197,1.53228570543971e-07,1.31151448726434e-05,1.24813670966148e-07,1.60448364812996e-05,4.55061302037468e-09,2.87300039551852e-05,0.000106353676408923,0.00580346748445048,5.22697504919552e-08,1.92014435038687e-06,1.14133194447338e-06,1.87773686274324e-09,0.352967823988689,44.5869299837704,7.82808407450286e-07,13.0728793497676,0.479703582461195,0.00105162265889954,19.8629644358277
1155,2.41389253613122e-05,7.8960743802117e-05,2.64914563948658e-05,3.73940944508206e-05,1.37071444426979e-06,1.55431944897576e-06,4.82598645125109e-07,1.43629422762171e-06,0.00089783936176247,1.25015794852741e-13,0.0011748842794714,1.69910551535016e-05,0.000607937800683892,0.000450185895500769,1.52954043928342e-06,3.93622409507008e-05,3.1070508213856e-05,1.64871619569774e-07,1.18696121957362e-05,0.00110602514476145,0.0179000320624986,9.97137381939852e-13,0.0020710434939718,0.000947805964220201,1.24882137961617e-05,0.000168970231138823,8.43720851281178e-11,2.38100654442523e-15,0.00013329215724525,0.00180581670044632,0.00341767361224196,2.48108464431015e-06,1.87665061613076e-05,1.23048539350851e-07,7.08050645403742e-06,7.36931667720515e-07,3.70289511575358e-05,0.000127908479888106,0.000330345222484164,0.235089765148311,3.01166502984103e-05,0.00226569086809554,0.000140755581628054,0.00156415222027679,0.000179173823024334,1.30170216500887e-09,0.000113339411741964,2.9703318394301e-05,0.00103011755273881,1.74369169451457e-05,0.000572783302921206,9.81952377110604e-06,0.000343069296179535,2.22410791390542e-05,0.000427848604343774,0.000432144978587257,0.000235993250437212,8.60366199934106e-08,0.000288402386073085,0.000290392958066064,0.0013302401237439,0.00446183477712336,4.52153926151479e-07,7.71609152794137e-06,8.02973222008505e-08,9.69530298224485e-06,2.915755505014e-09,1.7119360934898e-05,6.47592715905049e-05,0.00383143879436441,3.36616309950009e-08,1.20128451943195e-06,7.15166640117552e-07,9.24691061644292e-10,0.196598410397525,24.8343642828657,8.58861031291053e-07,7.28141972839499,0.251783609600216,0.00208560080840101,10.2755249376424
1160,2.93801674386192e-05,9.24151055010213e-05,2.5008638151494e-05,4.43262882570675e-05,1.8655023506097e-06,3.09146497046203e-06,6.02689140941836e-07,1.79496987536002e-06,0.00101609339003624,1.38062861927011e-14,0.00132285438389512,2.02101558236792e-05,0.0007438268005641,0.000552150555623472,1.7936013380177e-06,5.13992082868422e-05,2.08393462215499e-05,2.17133905715663e-07,1.57845576965269e-05,0.00124485038036071,0.0200391648980488,1.04242968656753e-12,0.00228833691571369,0.00102112190588741,1.63324710725089e-05,0.000196154171642286,1.21138493233513e-10,6.86461672617433e-15,0.000153837899920436,0.00199563033078607,0.00381712604515963,2.50007846189614e-06,2.05523984340459e-05,1.56722566535838e-07,7.17754947294915e-06,2.20530729598984e-06,4.60599074247251e-05,0.000143507750245792,0.000373046653899202,0.252722044495022,4.10923120393186e-05,0.0025529400031595,0.000175310751938634,0.00171467634692359,0.000209799424734108,1.73634910225302e-09,0.000215473889650046,3.64738844797603e-05,0.00114224663684144,1.85312978061109e-05,0.000599643407035542,1.23360562768838e-05,0.000358647207898466,2.37865583790358e-05,0.000486163484501271,0.000533617519824661,0.000283831148402248,9.18639582153945e-09,0.000314955725115335,0.000356883479449274,0.00153374900005281,0.00601791809163103,6.86239647796303e-07,9.46993370442442e-06,1.03009646429355e-07,1.19788859602418e-05,3.68609904575286e-09,2.10949603418133e-05,8.34022533857874e-05,0.00504709024594221,4.31420013471602e-08,1.50328114653981e-06,8.97067750993013e-07,1.18809708450174e-09,0.220614248910319,27.8681145292987,1.57039162801728e-06,8.17089344890723,0.264833184337538,0.00449498042554183,10.6181562782779
1165,3.97721638478764e-05,0.000119919315130035,2.38328958610356e-05,5.87100359287952e-05,2.80107319110578e-06,5.61803495793496e-06,8.42078157500365e-07,2.50986006854667e-06,0.00128463312624585,9.58510161183875e-15,0.00165275061110731,2.67890666047626e-05,0.00101178219161768,0.000752836267185864,2.33273036165795e-06,7.39346232233702e-05,0.000101017643592976,3.15091837626773e-07,2.31476033139902e-05,0.00155386326235051,0.0248989692436785,1.70325899568096e-12,0.00279866503497346,0.00121147528882616,2.37430094991977e-05,0.000253634804356532,1.71861373887757e-10,3.04362882917435e-15,0.000197797863241047,0.00243879717893416,0.00473101522000747,2.70486300647405e-06,2.49149231028459e-05,2.67591070628503e-07,7.80382925210368e-06,4.87603282497896e-06,6.4065670126725e-05,0.000178805923665941,0.000468484446754553,0.298520626467409,6.08518993198052e-05,0.00320047095931927,0.000240660156532195,0.00207858035426608,0.000273843463129069,2.53020268287597e-09,0.000402377105732367,5.09754429192697e-05,0.00140553596744411,2.21649272828303e-05,0.000686014244998811,1.73434122916497e-05,0.00040790238445727,2.87565850507954e-05,0.000613260666277367,0.000726270690851522,0.000378021913342477,4.87139496019119e-09,0.000380429420715631,0.000484140221180788,0.00196849860902201,0.00889417214427094,1.02290478562979e-06,1.32287010587217e-05,1.45668330027113e-07,1.66574872234842e-05,5.13653177953497e-09,2.93903665548059e-05,0.00011995956498633,0.0073438956085864,6.14335183085263e-08,2.08299163869669e-06,1.24459789847976e-06,1.60961849753018e-09,0.275015787521241,34.7402641302231,2.90376960354526e-06,10.1857619600892,0.307096380203547,0.00899580301520457,12.036734365541
1170,3.92807356215611e-05,0.000112965313742721,1.32446754103637e-05,5.6998242559155e-05,3.05441369451535e-06,6.62506077848794e-06,8.62546547130129e-07,2.57192962387068e-06,0.00119612581311075,8.01733197023378e-15,0.0015012366601386,2.58660423762809e-05,0.00100300129353588,0.000747931014051092,2.20696850014031e-06,7.67698061533741e-05,0.000165133226382326,3.31213412792217e-07,2.46510651558602e-05,0.00140871537791689,0.0224949105816365,1.60637107704047e-12,0.00247976462045432,0.00103433613033025,2.48166863966907e-05,0.000238987560995288,2.02384272055397e-10,9.21036316044006e-16,0.000185097363588871,0.0021559764438538,0.00426288088178236,2.01230418358908e-06,2.18531011372101e-05,3.62229770886051e-07,5.86365748190982e-06,6.8031001269678e-06,6.54532380151834e-05,0.00016211264602192,0.000428812841137721,0.252853845944902,6.38431235738266e-05,0.00292627457920063,0.000238995241650372,0.00182395429189658,0.000260652523887027,2.66187688493922e-09,0.000509067538916408,5.14743327920902e-05,0.00125744397175799,1.97504039353078e-05,0.000558104053525154,1.78642368804045e-05,0.000328162893482098,2.61159607652352e-05,0.000562062246281889,0.000713556788526239,0.000364925671038881,4.76668926667148e-09,0.000332816282999938,0.000473197706473136,0.00184325542433924,0.00948093073749984,1.31195861497935e-06,1.33514489160867e-05,1.4896941201987e-07,1.68099389519642e-05,5.21067551699373e-09,2.96337330042335e-05,0.000124085328927253,0.00775602527792839,6.37408476550726e-08,2.09586968200348e-06,1.25272271200565e-06,1.58461602453205e-09,0.249569881320024,31.5260623926013,3.6977686050492e-06,9.24331943727839,0.256403968694028,0.0120134074596192,9.74878360287864
1175,3.26785173219958e-05,8.90556157813132e-05,2.03350130146803e-06,4.68259137305178e-05,2.79728405417356e-06,6.04377544336651e-06,7.47077225225588e-07,2.22757127431289e-06,0.000951290540534238,1.32390202894894e-14,0.00114322227504723,2.09576082407088e-05,0.000836178052485463,0.000624792060227286,1.75331948484861e-06,6.64152409526792e-05,0.000186353864489949,2.91139647630312e-07,2.20504829825176e-05,0.00106903203332938,0.0170382398656754,1.18341143735088e-12,0.0018330523417189,0.000729928870461334,2.17598741476898e-05,0.0001889764567305,1.94906412695943e-10,2.35326699751863e-14,0.000145059746392835,0.00158639766174032,0.0032196547778432,1.13218091449352e-06,1.59382495684287e-05,4.18443292316075e-07,3.38738482720192e-06,7.41057972881284e-06,5.65609962533332e-05,0.000123342204185566,0.000330025037288473,0.175996307247859,5.4700598411954e-05,0.00225174288352948,0.000198326971875519,0.00133432136295375,0.000208422132639388,2.34506578339128e-09,0.000515788794571813,4.36906167718593e-05,0.000943126002078064,1.5290187867262e-05,0.000367991101038933,1.55395403000235e-05,0.000212463119237492,2.08337984711276e-05,0.000431110169325229,0.000583402924727083,0.000293969043147659,5.54172016665952e-09,0.00024299119701828,0.000383222459024571,0.00145276493658797,0.00842912486068851,1.31089290294338e-06,1.13288988308488e-05,1.27437609039204e-07,1.42339405938347e-05,4.41648618331009e-09,2.51229135729361e-05,0.000109665992209394,0.00686712151344484,5.54368328817107e-08,1.7678696755212e-06,1.0574235943972e-06,1.43597971850148e-09,0.190161447157653,24.0216514932073,3.81436601481992e-06,7.04300728942828,0.176889259873102,0.0127995864332322,6.44097600836338
1180,3.40311629265732e-05,8.71843223839895e-05,7.72714365215764e-06,4.83819908631475e-05,3.19253349180005e-06,6.41914119865319e-06,8.1226850200706e-07,2.42139972623756e-06,0.000964100059562789,2.9492339618362e-14,0.00108331225905273,2.11531574208294e-05,0.000870910506519429,0.000652081059123307,1.73145169092414e-06,7.11581210780488e-05,0.000239389006621871,3.18105984041925e-07,2.46441098839938e-05,0.00100712481144882,0.0160558471058916,2.21689873687665e-12,0.00167441515916836,0.000628002104621417,2.41102671932126e-05,0.000185878769226564,1.85080077875635e-10,3.1268343793767e-15,0.000141061117507728,0.00143732340837828,0.00302479648002561,6.04176478830766e-07,1.42587038381507e-05,6.33467650623165e-07,1.91748502809593e-06,9.64349149305633e-06,6.13295072321334e-05,0.000116892329110381,0.000317182279946429,0.147830147796132,5.67966711447017e-05,0.00216607415789597,0.000204391824117512,0.00120556289078153,0.000207719940428743,2.5406159571206e-09,0.000629959103399872,4.75760361004855e-05,0.000880472622893711,1.54688136887798e-05,0.000285403979102965,1.70122993790726e-05,0.000160041287603761,2.19467103936729e-05,0.000409922752917097,0.000588415554808957,0.000292468410055868,6.9227010230972e-09,0.000219286434897245,0.000380620209621981,0.00143120661351894,0.00929676987915824,1.31359826067828e-06,1.23363785840578e-05,1.35327635328839e-07,1.52436735322994e-05,4.60864803641227e-09,2.71556845721859e-05,0.000124984608264525,0.0075784282092884,5.99994110017884e-08,1.85514583845624e-06,1.11065129321486e-06,1.48780818108027e-09,0.180623233831379,22.8169601010755,4.78973912113037e-06,6.68973812182672,0.14848073590503,0.016455929647095,5.05976644493723
1185,4.96090356121115e-05,0.000118342954331787,2.63435148781404e-05,7.03105304526117e-05,5.07336313905832e-06,8.8767049224849e-06,1.23874775107583e-06,3.69159773748477e-06,0.00139574909305975,8.88688286775473e-14,0.0014262960418879,2.96959595118975e-05,0.00126702164938512,0.000950752748926596,2.36551358356582e-06,0.000105616884086179,0.000406841231485785,4.83802480379753e-07,3.84973736960874e-05,0.00131380044174435,0.0210137130081276,4.35392883932321e-12,0.00210390098580473,0.000727636849090698,3.76248904719648e-05,0.000253557759752651,2.21429002803559e-10,1.23122962134765e-14,0.000189766876891542,0.0017812517123969,0.00394589604654305,2.95081490775279e-09,1.7293996761627e-05,1.37756062710507e-06,2.0046026747565e-07,1.70209179664143e-05,9.34233660226584e-05,0.000154081619506504,0.000425426676487105,0.163999749941065,7.96284047701293e-05,0.00291151652665293,0.000292639301164634,0.00149773130336628,0.000287998085707322,3.82235035166722e-09,0.00104526962181533,7.40855357330138e-05,0.00114296241916397,2.30415933041601e-05,0.000276205481027584,2.62796764018165e-05,0.000147038560211323,3.42281869982949e-05,0.000538175494973132,0.000816789998405381,0.000400372265771572,5.25431971650676e-08,0.000272185294300037,0.000515988685944621,0.0019693854341083,0.0142418810502728,1.53259605263384e-06,1.92148038213452e-05,2.00068885567429e-07,2.31079592488093e-05,6.6542415767884e-09,4.17533405646752e-05,0.00020341415997501,0.0116656059273143,9.05535656590593e-08,2.71486911244544e-06,1.62725172252531e-06,2.51006387706857e-09,0.238893814637259,30.1782502598813,8.23887585985914e-06,8.84789963092398,0.166954441311516,0.0288282505023812,5.0765899208765
1190,4.53117151524286e-05,9.95080615984989e-05,3.85036532321494e-05,6.4323563984772e-05,5.02709787792361e-06,7.04449105049827e-06,1.18543871303898e-06,3.53142450289887e-06,0.00129306041186747,3.06566981809751e-15,0.00116568691471264,2.59001008033226e-05,0.00115237741564391,0.000866789395545894,1.99204032833685e-06,9.72272698470247e-05,0.000417169016706713,4.58859532393169e-07,3.76319187831063e-05,0.00105860362232578,0.0170598148332127,3.76158900092613e-12,0.00161650432595022,0.000496803267044117,3.68021220718937e-05,0.000213923831550681,1.64906250386261e-10,8.398938922072e-15,0.000157530479379571,0.00133727827304881,0.0031921052613096,8.74746143849489e-07,1.24744330939866e-05,1.85727919058948e-06,2.52530897138758e-06,1.83998949052232e-05,8.95937193750915e-05,0.000126220306226128,0.000356198431805112,0.102685219701362,6.69793687779077e-05,0.00244652061059161,0.000260548766199723,0.00113770923617588,0.000248085195263702,3.58665576559071e-09,0.00106011770032951,7.29220534115923e-05,0.000922295429558096,2.25966117424373e-05,0.000126366666409037,2.56621398742848e-05,5.84845019727323e-05,3.50967610331066e-05,0.000434416983858255,0.000696624313591248,0.00033614985042838,2.59586571004763e-09,0.000206505044358045,0.000424450187220496,0.00169298559729557,0.0135806100551768,9.45838310534982e-07,1.89202618181511e-05,1.84426796904337e-07,2.20702833912107e-05,5.97661058711859e-09,4.04985667519031e-05,0.000208744494078357,0.0112191311690347,8.54873157594234e-08,2.48171395725409e-06,1.48908301421684e-06,3.12033951532471e-09,0.196669710201783,24.8446654116043,8.72947665473492e-06,7.28404207270876,0.109189434852476,0.0309959685507461,2.6085520616764
1195,7.25683360548773e-05,0.000144693262249494,8.587152387168e-05,0.00010365201229642,8.70050501727822e-06,8.56903164413946e-06,1.99128215783673e-06,5.92965019033507e-06,0.0021433848534253,1.9305483087514e-15,0.00165088351231972,3.91888943294352e-05,0.00183360903275305,0.00138279494281938,2.87867822259577e-06,0.000155365613077993,0.000729868548263194,7.59642686059476e-07,6.44259466123001e-05,0.00146718829796956,0.0239706505715525,7.88391561095111e-12,0.00210180548753216,0.000532020759755417,6.31095748262929e-05,0.000310921902796461,1.53652143488444e-10,1.98052651780012e-14,0.000224783839482473,0.00167034275501734,0.00446770675404526,2.92723675753052e-06,1.43679619586995e-05,4.25913826672805e-06,9.05238243780866e-06,3.42781217413167e-05,0.000151332496346902,0.000179407699132041,0.00052056707054542,0.0885701507517185,9.33051667492374e-05,0.00359468498717268,0.000403637744439705,0.0014630892961318,0.000370610858768768,5.85118269013239e-09,0.00184558071500006,0.000126276514380396,0.00129248728083708,4.047534847511e-05,2.5941941524451e-06,4.43106572264311e-05,2.2650567455964e-05,6.52873748630538e-05,0.000598927463803886,0.00101767050590057,0.000481448173528077,2.65231970424233e-10,0.000264964476051352,0.000586294823174612,0.00254238155275164,0.022577715337476,5.74396150877825e-07,3.27815028868831e-05,2.96384849624408e-07,3.70375157670583e-05,9.29261157983005e-09,6.90833198385903e-05,0.000379091756004643,0.0188709484480564,1.40960131245953e-07,3.96021062567773e-06,2.37954693022145e-06,6.00406643659604e-09,0.28155800012475,35.5690367418828,1.59961044938319e-05,10.428032851044,0.107941426923403,0.0574873293158217,1.01483306496777
1200,8.42350281657261e-05,0.000149890668249574,0.000129014212558349,0.000121582603132142,1.08757891285991e-05,5.63596698884067e-06,2.42604787993246e-06,7.22175087785658e-06,0.00262166694078374,1.17966888183273e-14,0.0016689653343551,4.24206779429037e-05,0.00210976038865971,0.00159570267611076,2.92233101703024e-06,0.000178143372946062,0.000906395904525698,9.0763355102427e-07,7.9855526722442e-05,0.00143502921065198,0.0239947963861922,1.12475161705213e-11,0.00187345301126502,0.000316602893067362,7.85961991036184e-05,0.000319661751906075,1.50179553795398e-11,1.09029054221317e-14,0.000226393416836087,0.00138007197930164,0.00445251603263036,5.36097623454828e-06,9.73036439659289e-06,6.87549216247578e-06,1.73327663994147e-05,4.56603641828949e-05,0.000185968279117694,0.0001823151527049,0.000548398884635271,0.0138707132519908,8.64759629639684e-05,0.00381517951462118,0.000449625705355453,0.00129168511572415,0.000395659578853405,6.87075144515988e-09,0.00228493768565275,0.000159301823681049,0.00129766012735897,5.41186214884489e-05,0.000227872876249611,5.5935299592047e-05,0.000154923223281854,8.98358023665447e-05,0.000575922568830672,0.0010457458105739,0.000481170563805801,6.6575737429808e-09,0.000232621220937545,0.000550575538277156,0.00275421516170873,0.0270668595784064,7.46548829066306e-07,4.13835908970154e-05,3.43524127309767e-07,4.51941543186246e-05,1.03358465847725e-08,8.5792223714267e-05,0.00050367618870295,0.0229543253209086,1.67820680958588e-07,4.56296866132967e-06,2.74627247164499e-06,8.6141363834928e-09,0.28911300222686,36.5244059464682,2.10037006024242e-05,10.7078305479782,0.0497875458192131,0.0762543903983541,2.42344947540979
1205,8.15187331973251e-05,0.000135121982799222,0.000136068935747799,0.000118879125080146,1.13269268159049e-05,6.63798734882039e-07,2.45822895000816e-06,7.31526327748561e-06,0.00268721633753722,7.22731242621156e-16,0.00138179553356799,3.75925738627365e-05,0.00201354637627804,0.00152861076304818,2.34085755452728e-06,0.000168400465475188,0.000932087343353604,9.16882882819107e-07,8.24703200436648e-05,0.00112747394976858,0.019718718991993,1.43371812669884e-11,0.00127614163768735,2.84355640666756e-05,8.19109492680369e-05,0.000263443147382584,1.68683202796773e-10,5.36569936598542e-15,0.000175992821737522,0.000788468566577739,0.00364621912165111,7.30407206689829e-06,2.17291291004521e-06,9.01135975075582e-06,2.45134186208851e-05,4.99909803515104e-05,0.000190457611397789,0.00015306151303519,0.000481897697217795,0.0721429159181919,5.8082145829034e-05,0.00332955701719615,0.000414370253135322,0.000864224474914924,0.000346558028348167,6.61510920729291e-09,0.00232949269003774,0.000168471125247731,0.00108053336044397,6.69516098837637e-05,0.000441880434138285,6.90102597734773e-05,0.000265631711656385,0.000109314874953015,0.000437946477362334,0.000872469931088954,0.000382759064734416,2.09408896285823e-12,0.000157716695237061,0.000410411850223212,0.00246864499379778,0.0267793036079522,2.34290105233756e-06,4.38030842908715e-05,3.31383866862997e-07,4.61728642012132e-05,9.43780817532312e-09,8.9312495108792e-05,0.000566160143229314,0.023314071596247,1.67553371870276e-07,4.37713789267174e-06,2.63924023689977e-06,1.04350214654449e-08,0.246584194291035,31.1524898874877,1.88575700049401e-05,9.13267873891366,0.0107514824164876,0.0747364293599573,5.06183899432047
1210,4.70423363234948e-05,7.78342327108937e-05,7.23960565083915e-05,6.9095765003467e-05,7.03206880345863e-06,2.32941409819894e-06,1.48300350613242e-06,4.41190654250807e-06,0.00163355572369542,3.66085930476893e-15,0.000669629472647811,1.94703050776573e-05,0.00114104155803774,0.000870185148763457,1.02354550535162e-06,9.42241636792498e-05,0.000571891924123386,5.56552704298397e-07,5.06403984861924e-05,0.000502371485524945,0.00955830432026512,1.0034030182596e-11,0.000441658883180343,0.000132364986717383,5.06700187974942e-05,0.000122681474818102,1.70746881243763e-10,2.36131580796169e-14,7.1508756629914e-05,0.000142834976926915,0.00176575440564687,5.56786900409804e-06,3.16514644274222e-06,6.82881575104702e-06,1.93063436650632e-05,3.22685492313739e-05,0.000116365246425088,7.64792685295767e-05,0.00025465958109144,0.0896947339715547,1.74955836907745e-05,0.00169204226390968,0.000227844974557673,0.000282507778410379,0.000178449967709734,3.79813359368593e-09,0.00140906425385462,0.000104712408420635,0.000539309365822257,5.312603029535e-05,0.000380192459516309,5.83876316221343e-05,0.000214387576157023,8.21563950542218e-05,0.000184361888886951,0.000426523752764475,0.000172792706460742,5.62026127088697e-11,5.60784529597249e-05,0.000180762906844152,0.00130962145805216,0.0156658584024177,1.99171946213131e-06,2.72454073771239e-05,1.90525655905755e-07,2.79566590908326e-05,5.1512553092442e-09,5.48101499468792e-05,0.00037232343312854,0.0141705313173924,1.0052537928047e-07,2.50253529769534e-06,1.51184200099432e-06,7.25494061309513e-09,0.126092843065466,15.9304574671953,8.75307675409622e-06,4.67005656560889,0.028513965567651,0.0386381482647558,3.84883181049509
1215,3.7428997297944e-05,6.30373021106848e-05,4.99377327638407e-05,5.52895602338281e-05,6.00857510588853e-06,3.87805095262414e-06,1.23637501757564e-06,3.67740177864005e-06,0.00136254293987188,8.57647499995138e-14,0.000436867366068753,1.36388275164841e-05,0.000891342523372563,0.000683053072310087,5.35751228325879e-07,7.25565879011312e-05,0.00048271585079639,4.67655362862198e-07,4.26855797040875e-05,0.000284965014437574,0.00628530814182278,8.94003314029425e-12,0.000126815345115764,0.000217085867668993,4.26503042634349e-05,7.32639901528921e-05,1.46284430158715e-10,1.10097682350567e-13,3.27787879185726e-05,0.000131096288220275,0.00116296972890985,5.59802563735897e-06,6.14853659361249e-06,6.87600218690988e-06,1.99547189951441e-05,2.85319263252519e-05,9.81350085377837e-05,5.24292391176197e-05,0.000187038134053303,0.108761418253258,8.73061184160805e-07,0.0011544705888918,0.000173950792603948,5.87775747068643e-05,0.000124916515673131,3.00827433575808e-09,0.00117170565112715,8.71505471988611e-05,0.000373061143565867,5.70073088073036e-05,0.000400594387844469,6.727763963829e-05,0.000216049086211549,8.3434485390735e-05,9.34277239638643e-05,0.000281987842233965,0.000100883294049095,6.36627609069266e-10,1.85693394390145e-05,0.000109028186806163,0.000953109091159591,0.0126217290259319,1.65112689438868e-06,2.26910472348992e-05,1.5011656636315e-07,2.2911492028099e-05,3.89755047745478e-09,4.52779364791783e-05,0.000329792737808047,0.0118876739962835,8.32551227138138e-08,1.96326430694921e-06,1.18727520904384e-06,7.55758821161364e-09,0.0892288049906272,11.2733371510764,5.78288898120963e-06,3.3047236951075,0.0351916508122055,0.0268562224400816,3.53008134150827
1220,3.42284141867163e-05,5.79206404520166e-05,4.0507197041727e-05,5.08372944547688e-05,5.88682520525158e-06,5.23621574117188e-06,1.18974797774894e-06,3.5382626714873e-06,0.00130087336154181,2.93539913928212e-15,0.000315994653622938,1.07592539592915e-05,0.000802289134922113,0.000617700734284908,2.32398612558241e-07,6.43562970921063e-05,0.000466886528820366,4.5244786940373e-07,4.11838447796727e-05,0.000158288277022984,0.00461691781964797,9.38915981685264e-12,8.42273087540796e-05,0.000297784415821844,4.07263662742579e-05,4.46073317869809e-05,1.10915065644834e-10,2.06983371349684e-15,9.90714663335359e-06,0.000341936794479415,0.000857680714847928,6.2563768775069e-06,9.00678891631672e-06,7.68225646919187e-06,2.28151330614636e-05,2.8874579261305e-05,9.49940688678385e-05,4.08086463818526e-05,0.000158687894241695,0.13332180108073,1.10045900342605e-05,0.000874677749577807,0.000154192529404066,9.34376237154429e-05,9.88743755498959e-05,2.78609936932914e-09,0.00111806836921651,8.12949700083537e-05,0.000296788235259416,6.7387047384549e-05,0.000455714578680414,8.46687986765464e-05,0.000237760363909023,9.40896237033453e-05,3.78718680647205e-05,0.000209047259049093,6.11909763148875e-05,3.27694748912077e-11,6.36541633654711e-06,7.5282874515896e-05,0.000794222604701084,0.011727240153229,1.22713267837593e-06,2.11819212709084e-05,1.36577241202344e-07,2.11874944787151e-05,3.43798833116874e-09,4.21093220911394e-05,0.000329412724190201,0.0114545122830922,7.93604104660824e-08,1.7769514418939e-06,1.07684455280977e-06,6.60403669556578e-09,0.072468013324563,9.15597476204831,4.99269824356012e-06,2.68394942070292,0.04205053303363,0.0224829924583719,3.59314912143925
1225,2.97609352484473e-05,4.89334069295645e-05,3.48805444365687e-05,4.44741111347056e-05,5.46902388297264e-06,5.86795946660407e-06,1.09395199503516e-06,3.25316762069589e-06,0.00117682662286514,5.5863307438281e-17,0.000204342291500094,7.8782163212386e-06,0.000689565768746421,0.000533142100652839,1.48985052458973e-08,5.45537886336607e-05,0.00042808086933504,4.16341860138381e-07,3.76522486075278e-05,5.00109668968576e-05,0.00305594657072562,8.67011766148014e-12,0.000246957306872626,0.000345481021017184,3.65290550133053e-05,1.96629774383634e-05,4.37535212794751e-11,1.34549165839822e-14,5.98103550564288e-06,0.000491221881296345,0.000571232715108323,6.47676856367937e-06,1.08110863118359e-05,7.91243853426799e-06,2.40572058840855e-05,2.76954846637166e-05,8.71342223895303e-05,2.94363272109053e-05,0.000128016565362727,0.145541742917512,1.95087778325036e-05,0.000598757977207252,0.000131493124342844,0.000206738761208281,7.28250924530431e-05,2.46697552464885e-09,0.00101353649301716,7.05940422034015e-05,0.000222460633804579,7.26383528579843e-05,0.000474797769336682,9.63161115983572e-05,0.000241749386766529,9.75023453091887e-05,7.63274598096934e-06,0.000142234732364353,2.87162047674478e-05,4.01177560719551e-12,2.62686921105747e-05,4.94789624223114e-05,0.000627049577983237,0.0104227760754178,5.36180764108626e-07,1.84097890248061e-05,1.1759333925292e-07,1.83268458008857e-05,2.91197915459523e-09,3.66019420914124e-05,0.000307734967014704,0.0104765249312877,7.16389290226718e-08,1.52373983544624e-06,9.24661653703846e-07,6.14782907160684e-09,0.0553887634753178,6.9983390893408,4.82814319097844e-06,2.05138356498845,0.0461740301085059,0.0198298416650364,3.5206254595974
1230,3.10849199179055e-05,4.71853830924859e-05,4.22155537605433e-05,4.68062494190277e-05,6.08687685743406e-06,7.33909604713573e-06,1.214351744937e-06,3.61113888404709e-06,0.00127529007750717,8.98598526646191e-16,0.000140428797719681,6.71880584891053e-06,0.000715928093623528,0.000555414670371907,2.27010651646296e-07,5.59663048066152e-05,0.000470308946627433,4.59849126576891e-07,4.12474641681062e-05,3.92169069943071e-05,0.0021727739350194,1.03646615653392e-11,0.000443693917575621,0.000454464206370653,3.89286411461855e-05,1.25658759007612e-06,3.4864644313196e-11,2.03013009859168e-13,1.78067886358847e-05,0.000719501417412028,0.000409642385598668,7.88661124115597e-06,1.44336474768828e-05,9.532449927454e-06,2.97227851837066e-05,3.18234448840834e-05,9.55680061046633e-05,2.42516151002179e-05,0.000123213597715205,0.18367461842417,3.02887592425947e-05,0.000451362865301691,0.000136414406961134,0.000346372780891181,6.24622056010446e-05,2.60411484584284e-09,0.00110325282746843,7.24087593910355e-05,0.000195145284802638,9.07505022846091e-05,0.00058015141912852,0.000126164181936612,0.000290485142900444,0.000117785866643577,4.98568271398134e-05,0.000109923869769514,7.29659913577376e-06,5.79918360929249e-10,5.03131242532539e-05,3.95189965374463e-05,0.000592411234220141,0.0112118068253326,2.28711599088082e-07,1.89034271300122e-05,1.18844964672458e-07,1.8786639667973e-05,2.92123235566886e-09,3.77154898147763e-05,0.000340515006372667,0.0114847920043943,7.73230565198768e-08,1.54319864980038e-06,9.31968863353011e-07,6.86171435357107e-09,0.049640151500167,6.27236161443336,6.33079739128614e-06,1.83846121059764,0.0615148581678031,0.0236278317626575,4.29320594474793
1235,3.46116951252997e-05,4.49079204992432e-05,6.17560335126476e-05,5.26197631206211e-05,7.20221045151571e-06,9.33905835098607e-06,1.44357242082195e-06,4.29281821830055e-06,0.00146984844336625,1.151968790245e-15,7.35727905900055e-05,5.85131380307234e-06,0.000797313797621979,0.000620048003407164,4.64626341764942e-07,6.17599910490319e-05,0.000549708807097876,5.40399894978165e-07,4.80822543707394e-05,0.000147106425909675,0.00121473163280022,1.07974890975114e-11,0.000710978074190153,0.00061703482030498,4.38046943426297e-05,1.90263295165341e-05,1.48089083830198e-10,2.43103169059276e-14,2.80935944494138e-05,0.00103892681054698,0.000232168762007277,1.00609769489881e-05,1.95960426475993e-05,1.19645263647782e-05,3.83457116148715e-05,3.88782051845138e-05,0.000111166476760443,1.91876802664673e-05,0.000124375105505827,0.2411701586016,4.41382230061655e-05,0.000301643568889396,0.000152811016260828,0.00053251571118753,5.43881362415942e-05,3.04972160501839e-09,0.0012799029652806,7.81640486971264e-05,0.000172311249766384,0.000117310896873529,0.000743643799275999,0.00017023338510506,0.000368714049897784,0.000147821046625835,0.000102107050750944,8.17664866726933e-05,1.37921922510318e-05,1.5552206050965e-11,8.36276666494665e-05,3.46995809864476e-05,0.000593766631874329,0.0129611741150158,1.32053937670538e-06,2.04330822643004e-05,1.32726562395302e-07,2.03118295758399e-05,3.30356335992413e-09,4.10320612521273e-05,0.000396976931638097,0.0133857182881747,8.85279224257866e-08,1.71016200286292e-06,1.03887835823728e-06,7.68897622093872e-09,0.0452006525059941,5.71199793967003,9.35424396462438e-06,1.67401844039841,0.0890915333729538,0.032770181926585,5.80961787233162
1240,3.91898744861473e-05,3.79705895296059e-05,9.74909800468468e-05,6.03048749832805e-05,8.64362725321072e-06,1.16950524341908e-05,1.75201146991476e-06,5.2102616243465e-06,0.00171947390003133,3.11192737090696e-15,1.4615234680405e-05,4.85177285776213e-06,0.000909126832398909,0.000707907237481368,7.32988212306202e-07,7.00336154838422e-05,0.000652371862568905,6.44122702543971e-07,5.69251796333761e-05,0.000287557367471037,0.000125000570366737,1.26211866503094e-11,0.00106836644972848,0.000835682756253245,4.96882936818963e-05,4.32324414801247e-05,3.0594553567996e-10,7.72721456704814e-14,3.54904483313311e-05,0.00145894876022994,2.05507181310018e-05,1.28641229538856e-05,2.62072124318296e-05,1.49708936478538e-05,4.94459158424935e-05,4.81746312265357e-05,0.000130841421871957,1.17700576352374e-05,0.000123860348187161,0.316878576888215,6.09766576958878e-05,0.000103566971002563,0.000176313741104583,0.000773777752886689,4.41916559548629e-05,3.58546958299618e-09,0.0015096201733292,8.49751791136645e-05,0.00013620856606623,0.000150390372734871,0.000958714699008228,0.00022714197093836,0.000473722209339419,0.000184474502095851,0.000168969211613896,4.86032717644134e-05,3.65161275833727e-05,5.63766952059801e-11,0.000129245031146583,3.29165768390704e-05,0.000601336405453116,0.0153613085242399,2.84304993274764e-06,2.22494493011843e-05,1.47510725287301e-07,2.21540273150974e-05,3.7446088060796e-09,4.5092575395206e-05,0.000465516484054329,0.0158186740818212,1.02277449974346e-07,1.89694441022075e-06,1.15240464057707e-06,8.28583788142768e-09,0.0379852777657852,4.80125807617276,1.42324041368148e-05,1.40676057645614,0.133162781039619,0.0483664142827575,8.26153214292756
1245,7.13079046109635e-05,3.69465780165467e-05,0.000249950098629301,0.000111379569961156,1.66312105558189e-05,2.29550425281943e-05,3.42851901813502e-06,1.01967757757699e-05,0.00322747643123807,7.72118355485891e-16,0.000217138498770778,5.75363102742522e-06,0.00167773935085764,0.00130645711489658,1.63941475761926e-06,0.000129084146791673,0.00124280638349669,1.22934326540258e-06,0.000108211082912644,0.000754399562371708,0.0033163183750573,2.20344231818792e-11,0.00246736631477248,0.00179752200920085,8.98116667746251e-05,0.000115066797055224,8.31883853344505e-10,1.80380570534142e-14,6.00857383425577e-05,0.00320158157396524,0.000630538901639654,2.61074339634579e-05,5.50443393378273e-05,2.95725201835142e-05,0.000100955958825116,9.56838853338403e-05,0.000246351223466665,4.34550023461083e-07,0.000187778258592297,0.661840031211388,0.000129385377156464,0.000268934130567531,0.000330999613837172,0.0017322177736801,4.79302590597714e-05,6.86422318620399e-09,0.00286064823695391,0.000147233239783774,0.000118609227752924,0.000303192704513315,0.00197121846926746,0.000475831584795546,0.000976380802250807,0.000362614560874233,0.000406884982991384,1.09419977071409e-05,9.70343192664583e-05,8.72482457156584e-09,0.00030567535946037,5.51325380716454e-05,0.000970270743902475,0.0294897597147047,7.82262242739402e-06,3.86249211929641e-05,2.6336027694727e-07,3.85766043953248e-05,6.89337650158776e-09,7.92201995521382e-05,0.000867480745271052,0.0299460422906781,1.8874842313851e-07,3.38096754712198e-06,2.05378119536234e-06,1.56087068936606e-08,0.0404298701194899,5.11357380355005,3.4512970293555e-05,1.49719740130335,0.321838548790191,0.116288510536212,19.2790135383664
1250,1.78767549498849e-05,1.24304044622685e-06,8.71550310916981e-05,2.84314077970272e-05,4.40013542752173e-06,6.08339972898689e-06,9.26910689323684e-07,2.75703619362034e-06,0.000833624126902987,1.62703520378226e-15,0.000106592044636409,7.1544078843142e-07,0.000429715545440091,0.000334201413620613,4.66949328064496e-07,3.31775692428083e-05,0.000325993899789783,3.21904388689449e-07,2.83263606859367e-05,0.000250912049801846,0.00172572062479015,5.22173797886215e-12,0.000764118255123499,0.00052886412332166,2.21659555787809e-05,3.7084729133955e-05,2.8100360171758e-10,2.23228107205608e-14,1.09037399172314e-05,0.000950210801825688,0.000332472539847198,7.22107439402927e-06,1.56527668418135e-05,7.91532712201115e-06,2.80290026824855e-05,2.61178507722001e-05,6.36503211026198e-05,6.10231661838967e-06,3.53477821923327e-05,0.189050310967147,3.66238333451462e-05,0.000189754420906955,8.66279163075374e-05,0.000520289061825783,3.5450236538235e-06,1.81424922087576e-09,0.000746608736161144,3.48833093742214e-05,1.02539414718389e-05,8.25993176751225e-05,0.000555525590911766,0.000134614358403217,0.000277304020799069,9.63850766131427e-05,0.000127853307046943,1.63251827294835e-05,3.00255763440464e-05,1.50461997457484e-08,9.66463112204874e-05,1.42342032665313e-05,0.000213162479456238,0.00785894356598429,2.65378287900062e-06,9.17182128253232e-06,6.47376497020466e-08,9.20349624280969e-06,1.76267188394237e-09,1.90913704304865e-05,0.000219863815346265,0.00778426137852033,4.75625348997886e-08,8.2997293125968e-07,5.04035933330249e-07,3.46609469465881e-09,0.00138323213293159,0.176733544706702,1.13501536223849e-05,0.0511743542440668,0.107039674132192,0.0383682840129164,6.25906795202972
1255,6.8810999946049e-05,5.59220859302621e-05,0.000457268828685699,0.000111804349266785,1.78455478758898e-05,2.43196614775233e-05,3.85585409843899e-06,1.14704432276965e-05,0.00330254369874736,2.71332337260789e-15,0.00063342306521797,1.54468320649828e-07,0.00170247413555798,0.00132067963636905,1.9203370577119e-06,0.000132559755931184,0.00131252013039604,1.28720033753059e-06,0.000113808588934019,0.00122292934929212,0.0106769197198651,1.86051024855484e-11,0.00357070174117466,0.0023787973810324,8.32286207694806e-05,0.000170490633608277,1.36719631079478e-09,1.46303343828835e-13,1.30922036345119e-05,0.00427555725760488,0.00207727029142238,3.03649241038568e-05,6.73986796812048e-05,3.2000195602872e-05,0.000118055083774653,0.000109186167946348,0.000251621668695569,5.2070435004901e-05,7.93635610284755e-05,0.825027260757835,0.000155217503421724,0.00123782867212022,0.0003520039047479,0.00235768194525619,2.07137377536327e-05,7.42300911354612e-09,0.00299047519982544,0.00012593580670872,0.000231511104942096,0.000339263652236411,0.00239549732205777,0.000574362816237121,0.00121090590592076,0.000386171005699553,0.000596553984158115,0.000135870295289471,0.000129337478279593,9.73485793847555e-10,0.000459902931331305,6.24711862401816e-05,0.000707223873817386,0.0323841787093392,1.29631924763442e-05,3.31987821692299e-05,2.43893779828325e-07,3.35385932569009e-05,6.98332799275067e-09,7.03485590872132e-05,0.000843433277987377,0.0309515271991831,1.82368077488118e-07,3.12476621831569e-06,1.89612222855665e-06,1.33974490712057e-08,0.0360634235441629,4.54584718752581,5.63920915619411e-05,1.33591830287715,0.543425400405385,0.192275510381613,31.2549295083356
1260,6.21273552750584e-05,0.000107737658977524,0.00055123811953273,0.000103491794049948,1.69569998498255e-05,2.24308199751005e-05,3.76855827207732e-06,1.12121078838147e-05,0.00306635074700478,1.22545906076111e-14,0.000799208012539956,1.99229000671719e-06,0.00159402165062749,0.00123182406614985,1.74939216939285e-06,0.000125793940014491,0.00123960778442131,1.19959032331427e-06,0.000107231026780684,0.00135837335315289,0.0139526892955028,1.559585306775e-11,0.00386923402446106,0.00250385723782306,7.25607803532455e-05,0.000174806433492662,1.48849860377703e-09,7.08095478295557e-14,2.72450242922327e-05,0.00447330305740733,0.00273812295249429,2.96797730625273e-05,6.7299143071867e-05,2.98440351267217e-05,0.000115340618215037,0.000106807117973398,0.00023263378768951,7.81007925547269e-05,7.2218918118395e-06,0.841888169963885,0.000151086830863374,0.00161622401008568,0.000339025143057634,0.00247644476801413,5.17930176890277e-05,7.12778681851098e-09,0.0028079780277518,0.000105831995379353,0.000426042591364073,0.000321022967315809,0.0024178880701106,0.000565379600540371,0.00124302947729826,0.000355997079309291,0.000638784038325567,0.000189299676754091,0.000121145375004504,6.1392277810229e-09,0.000506372913496536,6.89885627784041e-05,0.000537388940352247,0.0315074886224096,1.41915642498952e-05,2.79833123822875e-05,2.15090298613309e-07,2.85301354479418e-05,6.52638132739924e-09,6.05634225927906e-05,0.000746260427078587,0.0287463398060565,1.61872139471094e-07,2.75553269211888e-06,1.66995647198512e-06,9.79722452154193e-09,0.0786540348017341,9.92449879427032,6.47594794378136e-05,2.91334121295051,0.641902019678885,0.223177690572583,36.4975196562676
1265,3.15671057852149e-05,8.88249333428875e-05,0.000363511040434191,5.41842015657876e-05,9.16515886499161e-06,1.16778495267585e-05,2.07766528627748e-06,6.1821021856633e-06,0.00160400156192355,2.02222789009636e-15,0.000536294587099143,2.04555109606952e-06,0.000844175722186381,0.000649618478152758,8.52068612510425e-07,6.76082105580148e-05,0.000659190328779656,6.92589463480054e-07,5.58174802170549e-05,0.000833113198912825,0.00966539614083555,5.93854393000605e-12,0.00233857694601813,0.00147917037218128,3.91028207504961e-05,9.86945002618404e-05,1.04680750756313e-09,1.95486972178971e-14,3.74126503291485e-05,0.00261846528149222,0.00191083617706042,1.61598551581901e-05,3.75671756165452e-05,1.5440859355252e-05,6.26696265744836e-05,5.87696493920176e-05,0.000121640671085755,5.84726635513792e-05,3.65715754501762e-05,1.26822946493669,8.20230668145889e-05,0.00110255530473042,0.000179944455833271,0.00145036577222529,4.48501095501916e-05,4.21856037817953e-09,0.00148750882976417,5.08595671298763e-05,0.000351014560714907,0.000169353128465316,0.00137029449604079,0.000310406573558023,0.000718577468941645,0.000182602354551594,0.000381356776533578,0.000133978346030632,6.19213334951903e-05,6.44139976708014e-10,0.000309181663964812,3.33515250985616e-05,0.000221091837161189,0.0172417485866982,9.96658604455841e-06,1.35090097834243e-05,1.19274245724558e-07,1.39868716382046e-05,4.10706705915983e-09,3.03907761544616e-05,0.000386080297522208,0.0171851134400382,9.66093192046837e-08,1.5070268228111e-06,9.11821300573876e-07,3.73462660664272e-09,0.0682983819620567,8.62033212256561,4.06173502795896e-05,2.52969313060464,0.42034054967992,0.142428794432476,23.7052407442137
1270,2.36109758630199e-05,9.40143860670021e-05,0.000339819552483518,4.216576629339e-05,7.64659391930453e-06,9.26852519414282e-06,1.78954865285439e-06,5.32794419586092e-06,0.00123711392210107,5.25093081639461e-14,0.000508817515248409,2.23982309546501e-06,0.000655167121500941,0.00050225165257292,5.53446456133524e-07,5.30249862085128e-05,0.000518470691220364,1.39614329199676e-06,4.19271365675663e-05,0.000740331008322243,0.00942798425670109,3.64989081669086e-13,0.0020600215198939,0.00127969045894548,6.6703997691191e-05,8.22528510525665e-05,2.40362216564673e-09,1.29755988544101e-12,4.58738059704969e-05,0.00224243090664547,0.00187545581979791,1.26515761455003e-05,3.06265947324932e-05,1.12850109138642e-05,4.86967829894456e-05,5.05608437332577e-05,0.000101383156973979,5.98140735377303e-05,5.99355866674284e-05,2.74582733214372,6.51644009444791e-05,0.0010581661136917,0.000135082683791986,0.00123900162628399,4.87378104904281e-05,6.14221528653854e-09,0.00116460538431605,3.77929080106047e-05,0.000368015548681925,0.000130924625610987,0.00113888534546056,0.000250303702165856,0.000609705966954022,0.000136955765360243,0.000329958064069932,0.000130373395868908,5.50227536302116e-05,1.5712730047389e-08,0.000278118607533036,1.250088041537e-05,0.000126057463852022,0.013762444904503,2.28132575418444e-05,1.0078446566881e-05,1.92974272639212e-07,1.31154377649734e-05,9.08126615633253e-09,2.85465374898907e-05,0.000374785729650082,0.034375942912908,2.36293924665861e-07,2.27123648999351e-06,1.36735908403451e-06,7.34540670780451e-10,0.075684037152873,9.55375744242704,3.60779029700712e-05,2.80320758908575,0.395748339413654,0.129369682055874,22.181748807688
1275,2.04781651064819e-05,0.000106372073473957,0.000355220924648094,3.88969673765824e-05,8.21954128209798e-06,9.15954329261721e-06,2.25044941944372e-06,6.71385780541529e-06,0.00110615998874137,6.60562974793526e-15,0.000542845045662953,2.31974354615651e-06,0.00057783671906512,0.000440963751855446,3.02061275767614e-07,4.67313257605749e-05,0.000480272877733389,4.52661897424552e-06,3.64296668419583e-05,0.000751535088034811,0.0102998306849483,6.26879582806137e-12,0.00208190854821262,0.00127613531061452,0.00017520591160629,8.13013091906869e-05,5.96033704100620e-09,1.97473144059976e-12,5.55410660811554e-05,0.00221005524704476,0.00206044193454175,1.08776423254321e-05,2.84484139066838e-05,8.33113364582936e-06,4.08288010955548e-05,6.37455266441584e-05,0.000123222937030109,6.72857719379483e-05,7.10644238496893e-05,5.01059411777849,5.88420004868245e-05,0.00113731461845252,0.000106429429618939,0.00121637686860595,5.58897272338608e-05,1.13480819812769e-08,0.00105874925489454,3.93784691735179e-05,0.000365238267271505,0.000115827102562259,0.00109271152177789,0.000234651810127447,0.000596099902168878,0.000117143563419941,0.000318096288607359,0.000132941876460705,9.35183856084408e-05,1.19520128801545e-08,0.000309499927045287,5.54514525195378e-06,7.68538838664256e-05,0.0125107970044041,5.62204287738399e-05,1.03895806842161e-05,3.97762204938653e-07,2.11825173834572e-05,2.07402510586998e-08,4.45863415514547e-05,0.000635072793063162,0.0964881153612129,7.15432813839918e-07,4.48404233683027e-06,2.69723260097396e-06,4.60091330050756e-09,0.0896794920933791,11.3212191339925,3.60684540246634e-05,3.32154127970922,0.421652450821621,0.132180312960861,23.5183128645894
1280,1.68026181785175e-05,0.000107768695938364,0.000340774869674222,3.44269271326942e-05,8.66900231222369e-06,8.88143513076605e-06,3.48986813666069e-06,1.04372280540597e-05,0.000934479588178712,1.95339538840942e-17,0.000534522558181285,2.23201144181714e-06,0.000474432779630979,0.000358328221765388,1.46708073437932e-08,3.77205320427977e-05,0.00042790436127426,1.22593823985894e-05,3.02358431621106e-05,0.000711731330071484,0.0103468488652788,1.0638178073556e-11,0.001968851058724,0.00119554729767711,0.000308255204459687,7.8370335818753e-05,9.02929400513309e-09,1.02777938559261e-12,5.86502894687939e-05,0.00204362862737315,0.00208060343174444,8.28384777584258e-06,2.44814750261566e-05,4.16497161248213e-06,2.90408292716215e-05,9.82472884595489e-05,0.0001647699058842,6.88503591093715e-05,4.81141539359477e-05,7.20487648421233,4.99515849657327e-05,0.00112493678678784,6.04022030168397e-05,0.00112000220379023,5.84482504319495e-05,1.33361915078479e-08,0.000906349365357379,5.07142607857907e-05,0.000216790025531939,9.53195250928633e-05,0.00098705251217616,0.000212002966551464,0.000544414452027311,9.28798771895972e-05,0.00027959261212101,0.000116438540924115,0.000190917913833308,8.15541226053879e-11,0.000368316035588638,2.01908525425632e-05,3.86868103620133e-05,0.0104592521747012,8.49950992101404e-05,1.31122487056199e-05,4.59878346665838e-07,3.0439165606618e-05,2.42443954515013e-08,6.74609036118843e-05,0.00113043975263551,0.19847902399145,1.46743799720935e-06,5.10586828860361e-06,3.06858394250219e-06,1.04637782236113e-08,0.0952333680108606,12.0228366006961,3.33080756339347e-05,3.52721615376368,0.41530035235849,0.124470651750581,23.0688522394805
1285,1.82874172293315e-05,0.000139187216480402,0.000424739812093753,3.94769746960559e-05,1.09309615216305e-05,1.07435337356146e-05,7.8265149061353e-06,2.34426659570417e-05,0.00104578995357117,1.03609373436826e-19,0.000684310762422488,2.61154969279955e-06,0.000520738859831424,0.000388873704784196,3.77896316640005e-07,4.07785697799118e-05,0.000503248643307544,3.96370448449708e-05,3.39217212405956e-05,0.000883053991480538,0.0134657234590575,1.29185761829884e-11,0.00244329591640638,0.00147280832393105,0.000504848275522785,9.96326157247832e-05,1.20773599333274e-08,4.10028486769774e-13,7.81418178601061e-05,0.00248648067635908,0.00271944663863095,7.96232222019323e-06,2.76497460889812e-05,4.56407425222389e-07,2.49248619250327e-05,0.000213343725541535,0.000267347097038465,9.09072871792304e-05,1.2119233939666e-05,12.2336995391494,5.5517226967023e-05,0.00144532239536174,9.87473675611368e-06,0.00135725699545167,7.74634403372408e-05,1.45832406340392e-08,0.00101316642355407,9.02156206841755e-05,0.000104522423542089,0.00010324451255876,0.00117711148552491,0.000264391326650529,0.000645780016431621,9.70453492533178e-05,0.00032921589003425,0.000132886566101026,0.00046488510413035,1.74102527357244e-10,0.000639593855799021,4.08123705051278e-05,1.57716527829019e-05,0.0111705545220944,0.000113759419417634,2.33025521415008e-05,4.32385017345579e-07,4.31610872542401e-05,2.24571688323233e-08,0.000109155027152301,0.00245373497319118,0.431975832485282,3.08450984379512e-06,4.74054278930734e-06,2.8605356309891e-06,8.60245114490075e-09,0.129000980857924,16.2862951176465,4.0020658597054e-05,4.77785841488937,0.531502862236191,0.152132874128874,29.4169322503002
1290,1.74109373777964e-05,0.000152598582262881,0.000455912054850047,3.81050631407132e-05,1.07011511779784e-05,1.04650046433243e-05,1.48024905373396e-05,4.43707989835766e-05,0.00102290043613744,4.32317638914134e-20,0.000753984222465652,1.79794049628985e-06,0.000506469573732561,0.000378431380816545,6.15120224049897e-07,4.00383649752433e-05,0.000505719249383533,9.87141883640401e-05,3.41274333246271e-05,0.000948186190172846,0.0150306360046025,8.99667840766958e-12,0.00262525947990016,0.00157118332836933,0.000561664612110841,0.000105977822541673,1.06795944286436e-08,1.87361867106416e-14,8.79850250449809e-05,0.00262676584342304,0.00304469513422904,6.60869294823644e-06,2.74706184682572e-05,3.57473939612534e-06,1.88398695357364e-05,0.000376176824924722,0.000316178822921086,0.000103012410578306,0.000143435108573732,16.7070305062811,5.16939950082757e-05,0.0015991339875756,6.88634451624398e-05,0.00142899442577877,8.30900462003189e-05,1.28135865137311e-08,0.000963671146379915,0.000117018995656342,0.000755993366413188,9.86043077105352e-05,0.00122262153839937,0.000302273782785074,0.00065192275121413,9.02896798153367e-05,0.000354228601211311,0.000140512238228876,0.000835532749556113,2.20477606386163e-08,0.000982154769893927,5.89375457453001e-05,1.36691301565657e-05,0.0099907429417328,0.0001005734835369,3.09939541552146e-05,2.69167242153061e-07,4.05637726141394e-05,1.36908592319337e-08,0.000119802281459567,0.00420564164813192,0.696048070770665,4.66137643251128e-06,2.92166630498839e-06,1.77068654123745e-06,5.29211085371663e-09,0.148398351406437,18.735560505828,4.14067642846872e-05,5.49626631454137,0.584474183930376,0.159769784614745,32.2423832022701
1295,1.62984010327426e-05,0.000160510923551526,0.000473719672834017,3.52778570037183e-05,9.63828478439352e-06,9.55043775351522e-06,2.55733364938761e-05,7.66839377566464e-05,0.000982560526141498,1.91221632071513e-19,0.000805348525508029,6.80702133845092e-07,0.000489769769335156,0.00036852189911735,6.64672000033853e-07,3.96886065925269e-05,0.000489219063544437,0.000204600692646787,3.4647207603433e-05,0.000991123895183294,0.0162148212492467,7.67002747693497e-12,0.00274618024233546,0.00163137901548436,0.000519680517043502,0.000105311439797013,8.01424628277007e-09,6.47074652636919e-13,9.49101328153288e-05,0.00270829718683728,0.00329093096045783,5.62630896087063e-06,2.70843449296585e-05,6.79316516958075e-06,1.55823361469863e-05,0.000579617281480376,0.000313605154744634,0.000112911098708108,0.000323705319034611,20.9605535803387,4.69954229483278e-05,0.00171602968153786,0.00015121335636567,0.00146974547266345,8.47459299129882e-05,1.16120897541455e-08,0.00087223268716225,0.00011473327011358,0.00163117064679424,9.37153855105018e-05,0.00124315111204071,0.000348174594560734,0.000630269423322141,8.46577352396002e-05,0.000385356499341212,0.000152728940940307,0.00125997732487873,4.99891445310361e-10,0.0013947509306472,7.5056146380224e-05,4.43926768901272e-05,0.00858067550991962,7.54589269483132e-05,3.15088901310015e-05,1.49733054167547e-07,2.9727762056312e-05,7.55699671329265e-09,0.000102569339826409,0.00629428283286672,0.969807894084035,5.90747006305743e-06,1.62306164647209e-06,9.80897365853742e-07,4.03139969899957e-09,0.163868095754645,20.6889512975138,4.15406660274857e-05,6.06921267197917,0.621757752888436,0.162410439391038,34.1938745374641
1300,1.59095786593043e-05,0.000172055581303538,0.000504664040784046,3.40288735832521e-05,8.81417668266253e-06,8.90839494951554e-06,4.34785724796368e-05,0.000130398852545006,0.000981521305951709,2.45927648682712e-18,0.000884772559354826,9.88797473335423e-07,0.000504310964889206,0.000376634465520363,7.88560849019698e-07,4.14338315221251e-05,0.000487930265016797,0.00037518958279663,3.74425193990623e-05,0.00106905783043312,0.0179485459426957,1.01102596510918e-11,0.00296596199995863,0.00175090738443569,0.000463224635695657,0.000104593858643001,5.72917525815168e-09,4.14506144441235e-12,0.000104454749636846,0.00288775921999105,0.00364865021691305,5.23984701889579e-06,2.75843574039549e-05,1.06751704811018e-05,1.26118457369721e-05,0.00084224602279224,0.000288566868821991,0.000126669376666238,0.000557279205131063,25.8060836258046,4.87968362559711e-05,0.001891831733968,0.000232390897436991,0.00156526958639226,9.65884432309126e-05,1.07391622897274e-08,0.00079979034660976,9.44574295038239e-05,0.00274585596012029,9.22032867131533e-05,0.00131163777597571,0.000416868698529475,0.000623319040319381,8.24935202674527e-05,0.000433679183701882,0.000167770357477243,0.00176469048810483,9.52605092608641e-09,0.00191390809923594,9.0146954825052e-05,7.37183662838281e-05,0.00795019068487611,5.40155983259931e-05,2.67809016428616e-05,8.51274839127869e-08,1.94743827412818e-05,4.31255296481584e-09,7.72638050793785e-05,0.00860667513251588,1.26544424111277,6.92046790620407e-06,9.22275557759913e-07,5.55800412664883e-07,1.9572330786295e-09,0.184695151025275,23.3186998931391,4.28587251219742e-05,6.84057822801239,0.678700042244444,0.169548696966509,37.2164434695607
1305,1.53136401230839e-05,0.000178129207886394,0.000521596337420691,3.29141021808623e-05,7.88630114482171e-06,8.13916708492454e-06,6.83491357880285e-05,0.000205010262316496,0.000964020077201938,8.66692293426705e-17,0.000946606343708296,1.06464149224299e-06,0.000510679934164608,0.000379441270299955,9.58563960369896e-07,4.26217860274188e-05,0.00047828099818602,0.000574965464427181,4.0502157792706e-05,0.00112583722517469,0.0193064549523677,1.18033934659173e-11,0.00312895672416353,0.00183763795795823,0.000404400104535011,9.92749997422319e-05,3.84016446579574e-09,1.22298437200635e-13,0.000111374825059986,0.00301167537424133,0.00393010508498832,4.63700010675796e-06,2.73732743788285e-05,1.44451880135495e-05,8.63324001000266e-06,0.0010964569529856,0.000243036267667342,0.000137673001909356,0.000792328786520017,29.5972763762525,4.91089447405286e-05,0.00202801559939376,0.000286097817573169,0.00163282397287059,0.000105998442963087,1.03242132491149e-08,0.000705855185702833,7.28430236250885e-05,0.00384579219887791,8.85188129787362e-05,0.00135823651042489,0.000480414636749933,0.000602552148228004,7.84641089861641e-05,0.000470822559710713,0.000177012304848149,0.00220301822972431,1.14971049430722e-08,0.00238344919633504,9.93588785305759e-05,9.87044452555274e-05,0.00765478951700182,3.61546453518374e-05,2.12212190119966e-05,4.99923476731985e-08,1.20827993608395e-05,2.54056412986933e-09,5.45279700713975e-05,0.0105921829342946,1.47781876504382,7.15793163196507e-06,5.38054869699429e-07,3.25826092880966e-07,6.05772811002802e-09,0.201476991612179,25.4377000425095,4.30395452113402e-05,7.46211906859642,0.719714836639967,0.172099469655601,39.3541679909124
1310,1.44034229274206e-05,0.000176908254658158,0.000519026377452886,3.1896831969483e-05,6.88673484450206e-06,7.24862799478571e-06,9.82625382173475e-05,0.000294751011205489,0.000922787813487264,9.6153449173007e-18,0.000978762343529576,5.61487565339915e-07,0.00050095270524799,0.000372238194825329,1.10091967925697e-06,4.26655484142907e-05,0.000458634730082405,0.000734612700826206,4.32333761154526e-05,0.00114816241193806,0.0200291618036366,1.19195936849793e-11,0.0031972625673266,0.00186941747746292,0.000335047981932344,8.97370097888794e-05,2.48280417997657e-09,1.78489672471196e-11,0.000114377808301493,0.00304606712997076,0.00408165221533383,3.85097620007858e-06,2.63176461639534e-05,1.70428486960367e-05,4.52887086759246e-06,0.00128447100627452,0.000190824913780823,0.000143933703632996,0.000975884549959265,31.3631085414907,4.66910024141216e-05,0.00209810083206284,0.000297000926683165,0.00165439421197084,0.000109722380606552,1.0357767152735e-08,0.000596849343271911,5.41550531866705e-05,0.0046806256039615,8.24310576406449e-05,0.00136861916397611,0.00052350126704972,0.00057012208422717,7.23661519945924e-05,0.00048711116844302,0.000178305857623843,0.00246307953146563,1.40931619322668e-09,0.00268861665760078,0.000101526043674878,0.00011764291449103,0.00780131845771202,2.34138753166845e-05,1.61207167098912e-05,2.83412603004949e-08,7.31264826314833e-06,1.47485571532342e-09,3.73406722135079e-05,0.0116688893122011,1.53285959951363,6.53978683149587e-06,3.15963439325558e-07,1.84536632244777e-07,4.34572334983631e-09,0.211318055931581,26.6803628371798,4.17312598255728e-05,7.82659412212438,0.735759905178981,0.168537025562999,40.1206153632057
1315,1.72532801592844e-05,0.000219965550786462,0.000648783615098493,4.05092008655864e-05,7.65064687861334e-06,8.19718424722976e-06,0.000167998707354274,0.000503950215702821,0.00112217078079866,1.62738402634262e-17,0.00127606262621527,1.32062934794729e-07,0.000622531375656403,0.000462887507829003,1.55677095555316e-06,5.41354231445543e-05,0.000561459884368618,0.00101914891404232,5.90486461685201e-05,0.00147887078591508,0.0261504450103357,1.37913920244689e-11,0.00412668976475124,0.002403427206131,0.000326805496388143,0.000100658033775379,2.03277408848105e-09,2.1201893712086e-12,0.000147745054206728,0.00389572881877048,0.00533337868545294,4.01040378238208e-06,3.19727226167706e-05,2.34642672579884e-05,1.04144744080945e-06,0.00178538333958319,0.000184443849281207,0.00018886715015187,0.00139612506616355,39.9073020802928,5.60723660274074e-05,0.0027331161814855,0.00034109809196166,0.00212305073219076,0.000142521429802179,9.02888385068716e-09,0.000635292245972831,5.02266234555863e-05,0.00662477579830631,9.70392879200467e-05,0.00174969173665259,0.000700287335763215,0.000695805572197817,8.41938989796995e-05,0.000624563511245142,0.000221929485958879,0.00324401396531331,4.8089777178636e-10,0.00360695783484381,0.000126150176665624,0.000168723083610237,0.0110804942126224,1.91523113532723e-05,1.51922478103306e-05,2.20330916332236e-08,5.64516603998603e-06,1.12438018967384e-09,3.23313955896334e-05,0.0148221057933767,1.8209132447311,6.84735906030511e-06,2.3672401396053e-07,1.43708074500076e-07,6.78153075157278e-09,0.278241614927447,35.1300991914233,5.09494045435429e-05,10.3052341840491,0.946042572835462,0.207714226556857,51.4468879309073
1320,1.09366270361805e-05,0.000142456703555288,0.000423758216971515,2.79347952172753e-05,4.4807828890932e-06,4.8798897456429e-06,0.000141828032354357,0.000425453628654369,0.000720587355298105,1.79293842647388e-15,0.000872596653347484,7.38419327606363e-07,0.000407214172102755,0.00030305815851446,1.11123161374517e-06,3.62015790344904e-05,0.000364593616318424,0.000623100427803094,4.27358340783441e-05,0.00100042123228247,0.0178746975421751,7.39561490984096e-12,0.00279731950275716,0.00162329889857685,0.000148218572012816,5.79813154299579e-05,8.51143247255716e-10,1.85740909975557e-12,9.99116387299128e-05,0.00261931212960622,0.00364734812755328,2.25516636111571e-06,2.0447288163749e-05,1.58177323840758e-05,1.72421724177671e-06,0.00123461384749038,9.14920187824717e-05,0.000129424267294878,0.000979539959873838,25.1506664886481,3.5490512779601e-05,0.0018650441981613,0.000174036866410248,0.00143470259678398,9.67847458123651e-05,4.70034507299051e-09,0.000356837223422083,2.41811656723584e-05,0.00460031963011899,6.01365251239198e-05,0.0011798292100031,0.000477741709149512,0.000458843228293773,5.14592960865931e-05,0.000412563851382338,0.000142305528655116,0.00210314774985602,2.4395311921681e-08,0.00240631755800756,7.94914260208083e-05,0.00012359851548658,0.00877085584827628,8.02936401959027e-06,7.40065412443455e-06,8.80097634794828e-09,2.28931262071342e-06,4.48498890454144e-10,1.46057850780156e-05,0.00889943005441205,0.995992563463956,3.32792269564801e-06,9.47683297221423e-08,5.77802688036543e-08,3.37698219680122e-09,0.191410513394279,24.16711801243,3.25640458607083e-05,7.08926577322204,0.636397417813,0.133975187214426,34.5143210880443
1325,1.01711834396799e-05,0.000134937222039105,0.000403583324841773,2.85776255894301e-05,3.77061191520148e-06,4.12386032011208e-06,0.00016465271851314,0.000493928411776648,0.000676422206386032,2.64269548197769e-15,0.000871481989755098,1.40150577072765e-06,0.000390224527318057,0.000290506351990224,1.12775789506428e-06,3.56076582592293e-05,0.00034431736427942,0.000473472692823224,4.3685803755401e-05,0.000988861507346871,0.0178154189624448,7.67552265884064e-12,0.00277173006844089,0.00160227644598284,7.89861692984773e-05,4.67608518082989e-05,5.48177468849988e-10,9.47406140323301e-12,9.8014692643408e-05,0.00257605115243797,0.003636102060513,1.92663596176649e-06,1.91990237872696e-05,1.46812092136554e-05,3.38509503565023e-06,0.00118957127220306,6.47476567790619e-05,0.000129030096821796,0.000945928627267334,22.4540476025101,3.31012233522604e-05,0.00185683009782256,9.88920822153316e-05,0.00141909434258319,9.58724416922798e-05,4.57088484869762e-09,0.000297734493258902,1.69911260859122e-05,0.00439728739464118,5.45724051491006e-05,0.00116583711719682,0.000462462761851,0.000455981531092617,4.60141939240869e-05,0.000392367659282121,0.000131844306549513,0.00187044535212839,2.89226219344774e-08,0.00223097966905635,7.34241577511414e-05,0.000130804494089544,0.00998572794030751,5.21992315327039e-06,5.253748047058e-06,5.54366606381781e-09,1.38081429436819e-06,2.94092517969723e-10,9.82323536340313e-06,0.00705315054791387,0.731486398717336,2.05829416600853e-06,5.9699884764458e-08,3.67732374957417e-08,2.43833959461406e-09,0.19172957864472,24.2074868443433,3.05320525164268e-05,7.10107951373906,0.624062340307284,0.126307722711601,33.7553204909739
1330,1.49025813306436e-05,0.000202888034537727,0.000605880706166816,4.56377338826392e-05,4.86032845542953e-06,5.2341806224989e-06,0.000286315131292217,0.000858899462793129,0.000997102276266187,1.08142884370215e-14,0.00136934549054426,3.27569639737187e-06,0.000589676717679091,0.000438723868063932,1.84361247152601e-06,5.54310629945346e-05,0.000506820780165343,0.000543928813839845,6.75394509123021e-05,0.0015377932617152,0.0279091224497355,1.31799598530957e-11,0.00432412983521159,0.00248974581753986,4.64936504918229e-05,5.52750966028712e-05,6.15028229905825e-10,4.40953704136634e-12,0.000150370928363614,0.00399020623964573,0.0056971842059813,2.4602511475729e-06,2.83722747876307e-05,2.09760882129368e-05,8.20166256658741e-06,0.00174448702178034,7.02077488028283e-05,0.000201787217074738,0.00137646074971879,31.6880487274734,4.86355318911803e-05,0.00290626620904753,5.14558081439631e-05,0.00221018553274575,0.000149152115972378,4.75085027695909e-09,0.000399841848022395,1.92051626757987e-05,0.00633226869278408,7.75604042151911e-05,0.00181537789152357,0.000688407404372878,0.000729197673869066,6.4213470030514e-05,0.000581513121172622,0.000189782761395364,0.00249103209441971,1.16805538618319e-07,0.00313884527723324,0.00010945123973738,0.000216231506814273,0.0166762372139089,5.82214150082304e-06,5.98310053506161e-06,5.02241542837174e-09,1.40282093705602e-06,2.59601684493608e-10,1.08799766899795e-05,0.00855118507341532,0.850614862671199,1.93741587240091e-06,5.56571643717904e-08,3.38974951586343e-08,8.83775613629537e-09,0.301588241759726,38.0781825628937,4.54862625014679e-05,11.1699037210209,0.962221530483139,0.188327704717971,51.9143916218405
1335,1.45159102684212e-05,0.000204095392706076,0.000605899695876121,4.7603405984819e-05,4.09471149041745e-06,4.27093147860908e-06,0.000318801144811951,0.000956356095667162,0.000976906336268259,6.76332906576646e-15,0.00142841227006243,4.45855237564131e-06,0.000592042199342082,0.000439858985933765,2.01422658157778e-06,5.73760444395943e-05,0.000495588250602785,0.000404925237219635,6.8817036280499e-05,0.00158812869108967,0.0290123705434113,1.05201875024075e-11,0.00448193377022711,0.00257041071870986,4.66897665160802e-07,3.88886451455367e-05,4.83987483481607e-10,3.41931929080482e-12,0.000153197521807066,0.00410750771956581,0.00592316630525346,1.95967013788754e-06,2.78274731676588e-05,1.97368560736139e-05,1.16615254130886e-05,0.00166458292963746,4.85765491394096e-05,0.00020918515114128,0.00129268405017039,29.8088575636925,4.7465122974236e-05,0.00301908392936192,2.57001621461067e-05,0.0022875691469281,0.000153864112185884,3.81103121408119e-09,0.000361985010010764,1.48716511664725e-05,0.00588437081423395,7.29496425567893e-05,0.00187980151511165,0.000670766919716583,0.000782722500101177,5.91041045410556e-05,0.000569333458360665,0.00018135030161037,0.00212636928907884,6.31991725949384e-08,0.00286832251724016,0.000109734302341455,0.000236401989396847,0.0176560794578315,4.56652721715637e-06,4.65829759575815e-06,3.61581633323687e-09,1.00167161590649e-06,2.02276501398246e-10,8.31696086733916e-06,0.00683355508896726,0.660514551797057,1.14136719682349e-06,4.06203869974608e-08,2.48181438030449e-08,7.10313357950581e-09,0.314587466915786,39.7195414343519,4.53806053297276e-05,11.6513486908716,0.985077654756808,0.187583497751455,53.0214535335475
1340,1.42337483392613e-05,0.000207727111108592,0.000611825703909884,4.91099838439275e-05,3.46102351403104e-06,3.45140359299207e-06,0.000347268359756664,0.00104175582806945,0.000965622451279725,1.79350849060651e-16,0.00149812465403898,5.6074696775883e-06,0.000597569520953209,0.000443054702101348,2.19082886227414e-06,5.96375212220954e-05,0.000490753128343276,0.000295700657554397,7.11701117518124e-05,0.00164998563191126,0.030320744263455,1.04670045365745e-11,0.0046742463794938,0.00267037201868885,2.91966035214703e-05,2.2061880430822e-05,3.92336679638023e-10,1.95833849782367e-11,0.000157585592420363,0.00425567557777678,0.00619081854189182,1.48541896390316e-06,2.74518438833627e-05,1.85790655907358e-05,1.51931242176049e-05,0.00157660490324886,3.15634461171971e-05,0.000217945228533247,0.00119548020695374,28.2938829690008,4.66585657303318e-05,0.00315367884409988,8.38089923683919e-05,0.00238332654809729,0.000159528434260863,3.43476582588518e-09,0.000332143221189212,1.19128911954886e-05,0.00538515340641188,6.89571243912722e-05,0.00196049682297061,0.000651428015817806,0.000847999993854624,5.45057946075113e-05,0.00055950403458598,0.000176249776100597,0.00177327953705672,2.46168603393049e-09,0.00259981973324719,0.000111126206660452,0.000259374735927514,0.0183195490475018,3.7129309380682e-06,3.74655702188467e-06,2.83098657860609e-09,7.5174814442499e-07,1.63274431392882e-10,6.59571454794068e-06,0.00547691832263677,0.518660454751053,6.02689038336353e-07,3.20618175311414e-08,1.97066550337505e-08,6.38618370989029e-09,0.329750357255083,41.634077263038,4.58801078035734e-05,12.2129291628311,1.01469099790459,0.189098252646931,54.4959226383306
1345,1.38586513122169e-05,0.000210698883892384,0.000615714344058966,4.96189596278589e-05,2.9510506035162e-06,2.80252304348158e-06,0.000367304958496023,0.00110186389974457,0.000951578159975926,7.12318342971049e-17,0.00155850310469356,6.60624222211e-06,0.000597907738792943,0.000442216142871429,2.32764272759719e-06,6.13055623327485e-05,0.000487555926885442,0.000207688430886748,7.43229821665152e-05,0.00170171744372411,0.0314384088836954,9.87461577556158e-12,0.00483893828339037,0.00275433852522044,4.59439141301315e-05,5.05095698409021e-06,3.21675614287304e-10,1.82485129196007e-10,0.000161830350809977,0.00437806100208533,0.00641933845546837,1.06576511702747e-06,2.68759807760005e-05,1.72871291973841e-05,1.83731406368773e-05,0.00146849042802962,1.77081367570732e-05,0.000225303813316086,0.00107769761880834,26.7225646035961,4.55865325854388e-05,0.00326860612888116,0.000126337128480158,0.00246621094149394,0.000164077962279078,2.15854437715465e-09,0.000303183803337119,9.64650473867573e-06,0.00480544015444604,6.47430343541688e-05,0.00203178028135618,0.000624175922363639,0.000911390433890329,4.9732001086374e-05,0.0005454121819757,0.000172800107483856,0.00142749666702545,1.10156341713708e-09,0.0023176077102975,0.000111362881899263,0.000281691674411207,0.018642571316281,3.08312811280276e-06,3.04299956879393e-06,2.64345466167504e-09,5.78081343110385e-07,1.49600689334908e-10,5.3021688585281e-06,0.00432134489439065,0.406408881065276,2.29101510520077e-07,2.93988590621589e-08,1.84319216142608e-08,3.77233346446498e-09,0.342806716274459,43.2826411590306,4.63375574218981e-05,12.6964907848352,1.03794166331705,0.190319102729921,55.6339404342724
1350,1.07632258861739e-05,0.000170863703988458,0.00049623531158706,3.96670596595812e-05,2.09147551781151e-06,1.92039866854747e-06,0.000304431679975069,0.000913252861875449,0.000752063018927027,3.13433521282155e-17,0.00129211366402134,5.96259819389209e-06,0.000476453846722774,0.000351463970777282,1.94361108615762e-06,5.00313948048486e-05,0.000391384090848567,0.000111379168418072,6.31530428271925e-05,0.00140008532129556,0.0259909755627031,7.46977163778026e-12,0.00399538155413708,0.00226657906541158,4.3869771627831e-05,8.98381104018068e-06,2.14596171902930e-10,3.74831098516454e-13,0.000133454781939072,0.00359332328930145,0.00530720783299029,5.84627937251411e-07,2.09685211393074e-05,1.28054204297356e-05,1.6927143456928e-05,0.00108364480923299,5.2635398189691e-06,0.000185761243459782,0.000761669347531281,20.1715550211819,3.55315677810475e-05,0.00270096147320633,0.000125836889736955,0.002036754907774,0.000134531766784035,2.01234682595105e-09,0.000220622966385296,6.27573543464405e-06,0.00336360846588931,4.85318243650177e-05,0.00168133600724279,0.000475167175509447,0.000779453483011523,3.60113409825277e-05,0.000423958836478104,0.000137254581122367,0.000889332231250498,3.01550840840723e-10,0.00163822639554182,8.81952173087804e-05,0.00024297041466148,0.015090116498611,2.02743475604436e-06,1.98438209753379e-06,1.34025090393204e-09,3.62323107949251e-07,8.31396176842764e-11,3.43682389956575e-06,0.0026599349993335,0.255488241636797,5.46066721885263e-08,1.58390928212507e-08,9.67433621677704e-09,5.63440624052622e-09,0.284087356268934,35.8688149309964,3.75369592708621e-05,10.521705420191,0.847438045894846,0.153611135041388,45.3422576168845
1355,1.3486079222726e-05,0.000224030902573189,0.00065412809860612,5.67800966128612e-05,2.57720049265559e-06,2.38269336495056e-06,0.000349077224429902,0.00104717464254748,0.000976375121779154,2.20466566205509e-21,0.00174672257641381,5.61996865634707e-06,0.00061414777213797,0.000450339264588091,3.12275849393641e-07,6.65299494712463e-05,0.000519315839477683,0.0019577511698534,8.97499416779517e-05,0.00187992904194703,0.0350080663893581,3.45732650391439e-11,0.00536298663985362,0.0030068654374042,0.000351602053234613,2.60613652039382e-05,1.52800827037496e-09,1.19321366104955e-12,0.000181408764507417,0.00480849251102665,0.00712886576154486,7.56898428236829e-06,3.15495977563652e-05,1.51543596135579e-07,1.19279278944491e-05,0.00106963659764271,5.10715109759236e-06,0.000252000683270589,0.000616909733538142,18.1193688104657,5.95347218029679e-05,0.00365735994547119,0.000537708755628099,0.00274253069177868,0.000189699280086351,3.86892680970408e-09,0.000262013973124876,1.55490106819702e-06,0.00272141920759516,7.51503428372389e-05,0.00226615755193699,0.000544232434670128,0.00111739657721689,6.15746131777074e-05,0.000558078702701376,0.000263753109421027,0.000304562004970595,1.44357961376493e-09,0.00140854750955651,0.00013449031596113,0.000371556277981974,0.0319155975326163,1.43120344251411e-05,6.49887579099953e-07,1.36459830415094e-08,1.7051233947192e-06,8.54064284274056e-10,5.33661482360806e-06,0.0154624431416551,2.62860801261985,1.00389722833585e-05,1.3148723339543e-07,7.88706316353813e-08,1.93790353665738e-08,0.384128130696467,48.5002709854809,4.98759095807282e-05,14.22697371694,1.1303737331061,0.203375421097614,60.3863228362799
1360,1.33424407889275e-05,0.000230309784853075,0.000677000166802571,6.23045221311979e-05,2.69855394328653e-06,2.63673866337986e-06,0.000264649989444868,0.000793889628572468,0.000997921616105239,2.83315170416604e-17,0.00184551063168476,5.53257558442404e-06,0.000624719010403554,0.000456998698855456,1.1364967751366e-07,6.92834850662941e-05,0.000546287630963957,0.00128666789804622,9.9498885286681e-05,0.00197564469785643,0.0369220582106218,1.35246533967333e-11,0.0056452186904439,0.00314836853916992,0.000439766364266125,4.01979961920429e-05,1.49004442316308e-09,6.09273377500228e-11,0.000193671642211607,0.00503871936246311,0.00751231102851419,1.02008563681254e-05,3.3257007452339e-05,8.19426878260262e-06,2.36106376064414e-05,0.00065371627210752,1.52126339728491e-05,0.000264848918074041,0.000131679505068148,17.2571137251901,6.31850393889449e-05,0.00385377450648902,0.00073980720383419,0.00289431568381896,0.000201776599017264,4.44799265519869e-09,0.000325718112414805,7.32640947587775e-06,0.000578338548891011,7.67418487828335e-05,0.00239816523216689,0.000434261937177862,0.0012928436160734,5.98863532143608e-05,0.00052733619871037,0.000273499835130976,0.000711162474156534,1.03976871889959e-09,0.000509735591019985,0.000136347468007854,0.000410385064817769,0.0301540763859892,1.39445505852603e-05,2.060040657379e-06,1.68160887819698e-08,2.34483272817829e-06,9.60860886538655e-10,9.44932916560944e-06,0.016816402766727,2.06600737620634,8.30665454135883e-06,1.61068444330667e-07,9.6574321648245e-08,4.81127248818385e-09,0.406199920736876,51.2872252196692,5.2054864821072e-05,15.0444702021575,1.18065031395965,0.211551173717996,62.9870309985197
1365,1.25486571914014e-05,0.000226729467525337,0.000667928522322627,6.02164020966818e-05,2.8980746655404e-06,3.08192852030881e-06,0.000178884170380561,0.000536591927871671,0.000973807369664861,1.91857097969526e-15,0.00184782150096009,5.43200811751705e-06,0.000601378700938915,0.000438968085849505,1.92190906199218e-08,6.78137588997767e-05,0.000551608131984896,0.000795404502634618,0.000106719733005978,0.00197031644070992,0.0369516205132828,1.9295853218446e-10,0.00564112573084407,0.00313829850005413,0.000374504887849556,5.00521617783498e-05,1.5924678288189e-09,1.27342748339404e-11,0.000197150170574728,0.00501079839972021,0.00751740989627887,1.07146234316209e-05,3.20001762770859e-05,1.0894788753419e-05,2.5686151449844e-05,0.000314800779715726,2.31179508309283e-05,0.000263993581694045,0.000246931323389625,15.5894471167433,5.97238934341773e-05,0.0038484615341277,0.000683145887980105,0.00290064879987358,0.000200975624077146,3.89199176083339e-09,0.000360792552338866,1.13035525584211e-05,0.00106852601685136,7.10120417958319e-05,0.0024117131378704,0.000326924900324785,0.0013795107012667,5.09461600141897e-05,0.000472890827289756,0.000256824512743459,0.00132074847598482,2.54732734390202e-08,0.000120429828981952,0.00012330428450987,0.000422001723091553,0.0254248530199151,1.50135795112734e-05,3.25625232638263e-06,1.94974677568967e-08,2.78909346724931e-06,1.01278342908936e-09,1.1758235439851e-05,0.0141122554246416,1.54280340837804,6.51623016727278e-06,1.85775191822082e-07,1.11350289837324e-07,1.91790139241884e-08,0.407404146141531,51.439356683779,5.17150305354558e-05,15.0890751603356,1.17104908108519,0.209535333434704,62.4032326416594
1370,1.34792820196581e-05,0.000256204060997258,0.000756080224480402,6.38198160035916e-05,3.76376723911314e-06,4.36458875706278e-06,0.000125225648136259,0.000375607471165924,0.00109274012799046,5.55181786252763e-17,0.00211204506985571,5.95414995863937e-06,0.000659031943771819,0.000479992719494056,3.07430323632759e-07,7.51203838938603e-05,0.000642679327827406,0.000567935109732629,0.000132953187555197,0.00224638829275419,0.0422665477770227,4.36723496215252e-13,0.00644243026856871,0.00358046979298236,0.000351381353065701,6.47331944714851e-05,2.00592467045594e-09,5.68022279234257e-15,0.000230448650991316,0.00569566322513,0.00860003714867878,1.22438626640378e-05,3.46374426007028e-05,1.31322753205783e-05,2.85393202884062e-05,8.02909213206697e-05,3.3899321288667e-05,0.000301094075206964,0.000599584241602039,16.0870876790493,6.30568549115727e-05,0.00439043034898089,0.000667818784947725,0.00332469180053439,0.000227657558332945,3.84077623852956e-09,0.000434044700356858,1.52108252473738e-05,0.00257483945808265,7.42297559111145e-05,0.00277502896961578,0.000280710326338773,0.00164736469685647,4.77492646216991e-05,0.00048933208445342,0.00027863554219158,0.00188931473595135,4.40379231741064e-11,0.000586707809440972,0.000122664235225036,0.000492478156829569,0.0250794074561708,1.87552389088956e-05,4.37765633154397e-06,2.56947596537712e-08,3.65896638873576e-06,1.40884132587861e-09,1.52691080022052e-05,0.0128148851735752,1.31683915768536,5.92043088910701e-06,2.43436201622358e-07,1.46334945391691e-07,2.66115690918035e-09,0.466923715573334,58.9544386126765,5.88794628774813e-05,17.2935063495762,1.32885228094434,0.237931243641388,70.74482204655
1375,1.3704015526129e-05,0.000274422936415065,0.000813664547988203,6.33342720459609e-05,4.77985027165018e-06,5.9622169572397e-06,6.82933581473168e-05,0.000204804639781344,0.00116891695399668,4.26265635140616e-18,0.00228563697410334,6.05364141671522e-06,0.000682641694692833,0.000496313225660315,6.56439311470742e-07,7.82117910143681e-05,0.000714953499029205,0.000385127095706325,0.00015851754075196,0.00242846043438861,0.0458288174752512,1.39378958150216e-12,0.00697308366741483,0.0038759407788849,0.000316241260388042,7.40728138529074e-05,2.33084221335861e-09,7.93327417986895e-12,0.000256311671754565,0.0061372920320487,0.00932794644930582,1.3002137483434e-05,3.51489861014726e-05,1.36249094817229e-05,2.85296069500529e-05,0.000129871096972264,4.35887966257416e-05,0.000325888823649333,0.000899579158703364,15.7241390818186,6.21894753648561e-05,0.00474555491518706,0.00061028720096879,0.00361458671629008,0.000243747107614477,3.27633865447516e-09,0.000478953834779584,1.80317593607513e-05,0.00383201813513679,7.31356087819253e-05,0.00302992580422014,0.000229056437860236,0.0018380528567761,4.08367079131203e-05,0.000484027811652435,0.000290419900158024,0.00223007775476259,5.07805512394327e-10,0.000918093743032411,0.000110854583824463,0.000540690726678175,0.0245223765388138,2.17905969053802e-05,5.16110969120599e-06,3.15539670478024e-08,4.43652620044538e-06,1.71005498547935e-09,1.80539923290335e-05,0.0108117076966119,1.06479227283867,5.09457599043415e-06,2.97107262807409e-07,1.78855298873706e-07,3.58514819584469e-09,0.507227552099389,64.0433114662978,6.36836457565542e-05,18.7862387268043,1.4308747844628,0.256763293456699,76.1172107624491
1380,1.13800224381175e-05,0.000239932508473207,0.000718108577976738,5.19348226291e-05,5.02235409449503e-06,6.62622880633547e-06,1.53101173850584e-05,4.58633612729507e-05,0.00102836640303002,1.94006739935436e-15,0.00202180130922308,5.0000253608358e-06,0.000577652115739286,0.000419607889562872,8.5843866206237e-07,6.61398844658935e-05,0.000654128561550719,0.000213494964615227,0.000155383505097946,0.00214905893851195,0.0406663581777599,3.78891124662816e-12,0.00617496307429789,0.0034365185448183,0.000236199942432419,6.54128496174799e-05,2.16010549157516e-09,2.98230812494562e-12,0.000233938811065877,0.00541209794422225,0.00828113495173296,1.1155896473253e-05,2.88741265538444e-05,1.0797331643236e-05,2.23149377227545e-05,0.000249080234906474,4.39083576987322e-05,0.000288889682501884,0.000954583654866982,12.5651053337759,4.94784774526566e-05,0.00419494989128221,0.00045803146254743,0.00321793517299261,0.000213087581939887,2.23472337046195e-09,0.000423783726405955,1.71204881179436e-05,0.00403441560455485,5.85808879908076e-05,0.00271007610134799,0.000154821307212322,0.00166165091957211,2.68976863308912e-05,0.000393686732901734,0.000249090129139608,0.00200350417552074,5.55121184154177e-08,0.000936966344313482,7.70920601430282e-05,0.000481115011979065,0.0205266592408062,2.01866787644811e-05,4.87463391844817e-06,3.10933292199824e-08,4.31285853148088e-06,1.65552648573794e-09,1.71034576838003e-05,0.0074209117106804,0.703761028780335,3.55249349494843e-06,2.90896641858635e-07,1.75214134894975e-07,4.47168267111507e-09,0.450907095198892,56.9322423960284,5.64610173780768e-05,16.7002856742355,1.26214509497459,0.227220315398065,67.1001440636714
1385,1.06698007379939e-05,0.000239003371827197,0.000720507249597031,4.88592510753008e-05,5.89034829959093e-06,8.09787362458578e-06,1.7420644045956e-05,5.2328611353221e-05,0.00101920034386682,7.79018948647638e-18,0.0020109767440035,4.59741728578145e-06,0.000549173564145875,0.000399073147836197,1.11955897907546e-06,6.25361942302191e-05,0.000679124684919737,0.000132316273157796,0.000172564316542623,0.00214143113864973,0.0406361859587751,6.31325819605269e-12,0.00615575252705346,0.00343360423633445,0.0001997037396423,6.21162220482909e-05,2.18345227385584e-09,2.18600176668708e-12,0.000238899187422897,0.00537366508972447,0.00828038880301152,1.0676571571785e-05,2.63743144716154e-05,8.83216297749234e-06,1.86149136178425e-05,0.000335888696742082,4.78010804766198e-05,0.000288580212817481,0.00105784335110256,11.2520841505605,4.38377185361234e-05,0.0041709651523001,0.000394447215934675,0.00322580164752092,0.000209547281360632,1.59956190208763e-09,0.000417408023418669,1.81691188955927e-05,0.00443491940240519,5.23052041947774e-05,0.00273041384346634,0.000120443379270548,0.00168253384611116,1.78033894489771e-05,0.000363297491840533,0.000248567312253464,0.00193167190648891,3.84500628930433e-10,0.000959765959844378,5.54561482648855e-05,0.000476644801706951,0.0200930209100414,2.03888908963439e-05,5.16126577960003e-06,3.36714172221681e-08,4.60783900316634e-06,1.74718745600627e-09,1.79332680347664e-05,0.00571837527146401,0.521075632635192,2.73996693783814e-06,3.12013208507923e-07,1.88370921373345e-07,6.2211866943087e-09,0.451420460576023,56.9970886418226,5.80271805145979e-05,16.7192913024255,1.25686945198504,0.229979657269527,66.8091912852775
1390,6.37757523981736e-06,0.000153310982008624,0.000463480050490827,2.98697864893441e-05,4.2722128275961e-06,6.04642090155788e-06,2.5156914971555e-05,7.55126847915145e-05,0.000640100061787071,1.2988665260742e-18,0.00127094666417159,2.68711671497351e-06,0.000331437563594899,0.00024128537532504,8.69357045507773e-07,3.74398059805266e-05,0.000448164377368055,5.17904519440542e-05,0.000121190684375508,0.00135722910975125,0.0258342793081747,5.2992963087289e-12,0.00390370000385414,0.00218407022378671,0.000107285198376135,3.64044816808348e-05,1.35294746786977e-09,1.85977958785826e-12,0.000153507422405601,0.00339452477749391,0.00526847997767156,6.43908513529383e-06,1.51323345858618e-05,4.02346379167797e-06,9.13318113017525e-06,0.00024516029314397,3.20396172180568e-05,0.00018348281378,0.000711926863634675,6.37129263203743,2.44648340695043e-05,0.00263533008844996,0.000219466083899159,0.00205645519176548,0.000131001035138722,6.55535370346715e-10,0.000259971493675098,1.22051346332022e-05,0.00296046884495673,2.93162969115663e-05,0.00174993843060493,6.16329638653471e-05,0.00108135010633631,5.79343439892023e-06,0.000215303735985897,0.000162665503567676,0.00114438910622455,6.85119035665362e-10,0.000579000299061524,2.23573960613312e-05,0.000297281641478885,0.0127922338792873,1.26192783595052e-05,3.46770433623381e-06,2.23992641332125e-08,3.05815708229287e-06,1.11904013717873e-09,1.17371033164801e-05,0.00280258238797674,0.243742005635038,1.32005126684508e-06,2.05490861486432e-07,1.24137813844288e-07,4.45842494512278e-09,0.287545235149134,36.3059468594937,3.81530587522662e-05,10.6498273025087,0.798343520762087,0.149549441287803,42.4482656496317
1395,5.98120493810919e-06,0.000154516719949832,0.000468568819770499,2.93884541898057e-05,4.72924858992821e-06,6.8335813334715e-06,3.39917318646517e-05,0.000102016576878059,0.000630596287321719,9.97106498514394e-16,0.00126400502180187,2.55680783952726e-06,0.000314730466694234,0.000229838955521552,1.02129669159605e-06,3.52276939663032e-05,0.000460512172668396,3.17353946522633e-05,0.000131856618582262,0.00135452654059701,0.0258627531459949,6.41990291649174e-12,0.00389866855047135,0.00218892511498213,9.05021472100249e-05,3.27733751775688e-05,1.26975761074202e-09,4.49330906551854e-12,0.000154326528383955,0.00337761204735872,0.00527901966519597,6.03755136475775e-06,1.35059612443329e-05,2.2471009927785e-06,6.12787571647911e-06,0.000259700541095045,3.32867757441948e-05,0.0001837145604043,0.000732376533019508,5.66363988034465,2.11494693855365e-05,0.00262017766235103,0.000193513280289511,0.0020643610096849,0.000128739925431774,3.98331327058145e-10,0.000254304971238827,1.29237826687756e-05,0.00302180056128124,2.54626056749651e-05,0.00176648126159301,5.20179451850587e-05,0.00109247363517803,5.88956199460939e-07,0.000201726623838246,0.000166780745038532,0.00104264591543804,2.82997856273605e-08,0.000522062199109024,1.05411921008013e-05,0.000289465607830764,0.0129050379081357,1.18300597917372e-05,3.680307590566e-06,2.26977409472786e-08,3.13642518459576e-06,1.07382083836108e-09,1.19208090900316e-05,0.00217484335527174,0.178653264828063,9.87057112747913e-07,2.05661685498634e-07,1.2431395004789e-07,5.08510465276092e-09,0.288396219493786,36.4134018630909,3.87379980769647e-05,10.6813388659972,0.799090924879426,0.152118443371573,42.5029137070205
1400,9.42197740654223e-06,0.000260998198820578,0.000795636877247978,4.97335347683492e-05,8.61026253058992e-06,1.26328330984182e-05,6.58500881572517e-05,0.000197619266405807,0.00104705656091225,3.73776681425798e-16,0.00212524392266685,4.35295948438714e-06,0.000505427444400773,0.00037064475688856,1.96978503366359e-06,5.60512705911183e-05,0.000788766380766087,3.26732850014704e-05,0.000238384251078422,0.00228619894979459,0.0437805336278322,1.31619826730275e-11,0.00658557966035656,0.00371130781447206,0.000128620836356421,4.88296042942608e-05,1.9320171582752e-09,1.54980114271393e-11,0.00026152528026531,0.00568545436217341,0.0089446270743576,9.43743349297228e-06,2.01373849764466e-05,7.0102695129187e-07,4.90376813581801e-06,0.000443377914261622,5.80511473939484e-05,0.000310996065628729,0.00124960413176867,8.50894865082593,3.02149846880818e-05,0.00440397350451066,0.000289599423185828,0.00350507094366356,0.000213506132066005,3.30458026594066e-10,0.000420281778559321,2.29479811617635e-05,0.0051183552961013,3.67101089567489e-05,0.00301663128977954,7.82678193927212e-05,0.00186354058726106,7.16646071471228e-06,0.00031950265623978,0.000283209252763305,0.00158063484266036,1.33761640403285e-08,0.00076570549962577,1.79527063957659e-07,0.00047352880325626,0.0219312507757696,1.79527460140937e-05,6.56012745622e-06,3.731223808161e-08,5.3292850592811e-06,1.63397990499244e-09,2.01220575052759e-05,0.00285743623989932,0.220628458709581,1.2293413372606e-06,3.33493434163372e-07,2.01270920736904e-07,8.27973545090856e-09,0.489022173158614,61.7447853151819,6.51467412520524e-05,18.1119164311952,1.35172445596284,0.258399094633736,71.9095385082838
1405,9.39817115522919e-06,0.000278226725712181,0.00085497365388329,5.4309151821049e-05,9.78172468707029e-06,1.45173295424726e-05,7.51741592727051e-05,0.000225595963824054,0.00110717929975147,3.10024139060968e-17,0.0022814752832614,4.84628448970466e-06,0.00051945166595929,0.000382167668214458,2.36813076910908e-06,5.70207573160072e-05,0.00085036056114991,2.12346904311622e-05,0.000270850654850535,0.0024639856133028,0.0473118329123122,1.46775831421119e-11,0.00710377892395263,0.00401838315933125,0.000117466308458121,4.55134405625864e-05,1.76374274939406e-09,8.08688905620168e-13,0.00028268812486884,0.00611257569339014,0.00967490397227813,9.3258310143001e-06,1.89236327261569e-05,2.50422478305667e-06,8.09993582535294e-07,0.000468829726885753,6.43419016927231e-05,0.000336003073793473,0.00134428882349639,8.17359224510641,2.72142495898684e-05,0.00472589117051685,0.000277493330776523,0.00380098011421728,0.000226336173360666,4.85150324346446e-10,0.000443237506797429,2.60521115863883e-05,0.00546931325750646,3.30618277566936e-05,0.00329062292311475,7.91321910549652e-05,0.00202630403978902,1.57721761836397e-05,0.000321910219428876,0.000298829364485632,0.00151347195392161,1.58346097072474e-09,0.000695138986150455,1.74531021907581e-05,0.000492350538016305,0.0236434796625495,1.63793760902286e-05,7.48409241387934e-06,3.77639182331047e-08,5.69371476560045e-06,1.48495484441649e-09,2.1412989304121e-05,0.00242603920901444,0.173368679304839,9.66367627220264e-07,3.2988981544653e-07,1.99854671392214e-07,1.05971369201943e-08,0.529249680933676,66.8239792948138,6.87088093169132e-05,19.6018100436664,1.45768490886748,0.276428821627018,77.5355264053612
1410,1.04656500519121e-05,0.00032987634292258,0.00102486398677302,6.71522316662058e-05,1.22867901760307e-05,1.83939669370959e-05,9.23765557044404e-05,0.000277217778183719,0.00131618276883543,8.97395446275368e-18,0.00275882212266543,5.98046402744953e-06,0.000604141033117741,0.000444495641317151,3.16196831639535e-06,6.54798188570281e-05,0.00101922365850652,1.52115729855968e-05,0.000341913029632983,0.00299113009597354,0.0575684043644245,1.9590176530257e-11,0.00863085303965644,0.00490023115364907,0.000122585673699846,4.67829018309108e-05,1.66523160570237e-09,9.58896502207225e-15,0.000344312600061273,0.00740328504776142,0.0117825947552723,1.02871364162247e-05,1.96910988387341e-05,6.86368091098571e-06,8.77264386911627e-06,0.00054743514361226,8.00223205897596e-05,0.000408602470812196,0.00161587863627204,8.86888596917245,2.77404220541732e-05,0.00571202388110829,0.000300242790211085,0.00464394711148523,0.000271459050691927,6.13273928203388e-10,0.000526542896994765,3.40213519376391e-05,0.0065350011845525,3.24976166826302e-05,0.00404446693749941,9.3860383094404e-05,0.00247710775921954,2.81371833222717e-05,0.000362393761719727,0.000343445572664993,0.0016214374163359,6.48271084657848e-08,0.000693045935408606,3.98476292875439e-05,0.000574600721398013,0.0285028767106515,1.54325972080778e-05,9.82021450490279e-06,4.1024173858012e-08,6.85145825926859e-06,1.3433724301488e-09,2.56966450342321e-05,0.00237643425356333,0.152804140982508,8.44258940733406e-07,3.45632236314245e-07,2.11590033043812e-07,1.3843266883328e-08,0.644792606779922,81.4126186961978,8.03672538709383e-05,23.8811549445061,1.76661459853596,0.328644324565641,93.9178749747067
1415,1.19301169768462e-05,0.000398708554717591,0.00125632312030203,8.58767199417216e-05,1.57046882967172e-05,2.36618506385615e-05,0.000113846974876442,0.000341650577265545,0.00161405152190957,1.54728322042768e-18,0.00344585818272044,7.46039244727621e-06,0.000729820846657902,0.000534769079517998,4.32996338021278e-06,7.78906459766674e-05,0.00124727940114387,1.09305627561019e-05,0.000440585776562968,0.00374982007951422,0.0723114794920796,2.56909590811607e-11,0.0108284040412861,0.00616996985534978,0.000132578685969697,4.84865522389684e-05,1.46465489254953e-09,5.53427912694503e-13,0.000433721693071633,0.00926029731933819,0.0148123398282169,1.1589195626986e-05,2.06460267674604e-05,1.32641778757598e-05,2.14915658207952e-05,0.00065060151807451,0.000102606136163198,0.00051271005461414,0.00199509215500568,9.97995602049235,2.97928577589087e-05,0.00713048083316299,0.000335668104741586,0.00586139521942341,0.000338880693050134,7.26919747391537e-10,0.000645929347744253,4.64676642153991e-05,0.00802675319064127,3.13858860568479e-05,0.00513551482474517,0.000118544546184679,0.00312077047172146,4.57654757051104e-05,0.000416135926568962,0.000391485345195922,0.00178497941475737,8.15221939529862e-10,0.000696808188134715,7.09227333660647e-05,0.000690524295184946,0.0351570479114103,1.35265276132387e-05,1.34615701385793e-05,4.37220128612091e-08,8.57724880508685e-06,1.05883463713953e-09,3.20597924762995e-05,0.00241477126877463,0.138384403467732,7.60848601985553e-07,3.56152932308413e-07,2.1766431752286e-07,1.76314486491572e-08,0.810750334561283,102.366700460449,9.57322022838307e-05,30.0277022877395,2.20527959354001,0.398418840033481,117.125966437333
1420,2.06355673367915e-05,0.000728254959696543,0.00233523219199438,0.000167755794761803,3.03617697355648e-05,4.59663025864765e-05,0.000212220741493338,0.000636871680521068,0.00303014816777296,8.80012320889183e-17,0.00659304014199766,1.65905993794978e-05,0.00134209566649327,0.000986475004707899,8.78532386314907e-06,0.00014235022667785,0.00231359606436199,1.13637764966354e-05,0.000860782105891153,0.00719884368155848,0.139028677582411,4.21625741887631e-11,0.0207989269785797,0.0118890383174894,0.000207302192481668,7.4553507284856e-05,1.90515691668232e-09,3.7131249827301e-12,0.000838595810417561,0.0177361306498355,0.0284985106094522,1.94958306448797e-05,3.25040231450618e-05,3.26037361572343e-05,5.88866400565818e-05,0.00117868783092882,0.000201121250658553,0.000984652425411981,0.00376618984724591,17.2905344537497,4.19904849145326e-05,0.013636459756996,0.000576013906768211,0.0113327876808728,0.000636726441265837,1.20762244517195e-09,0.00120586046716769,9.07884355883421e-05,0.0150834960886881,4.44678906508826e-05,0.00998851761248666,0.0002345077804852,0.00600376405198005,0.000104389885169035,0.000725244798899084,0.000663048723276013,0.00300923747824836,6.80659325366672e-08,0.00105773765373691,0.000169763721980907,0.00127360855820973,0.0657088126449717,1.75430941174451e-05,2.64643177673308e-05,6.76943561348739e-08,1.57456470065394e-05,1.05187159949149e-09,5.9538652982681e-05,0.0036719402779663,0.190660502082514,1.05496539670493e-06,5.27590722054007e-07,3.20821505375844e-07,3.31377372050978e-08,1.56008912740396,196.979432458108,0.000172274884139116,57.78087354543,4.20353740359878,0.730627409635289,222.941305120517
1425,1.85005138639646e-05,0.000685405492559512,0.00224614445352291,0.000170799951204237,3.03750427622964e-05,4.6142182854644e-05,0.000205184363042869,0.000615763396266011,0.00297532503011982,1.61095672054373e-17,0.00659755742597344,1.9014487705777e-05,0.0012956430243757,0.00095281985409803,9.18609907452864e-06,0.000136548498965164,0.0022230917125247,5.57117307076438e-06,0.000871437841623143,0.00722520195320257,0.139675155156036,4.73030251705782e-11,0.0208793450712737,0.0119693387162266,0.00017991371347829,5.73761876913292e-05,8.5663914979397e-10,9.38668749585045e-15,0.000850134711421619,0.0177554194599471,0.0286475014393688,1.69900067139357e-05,2.58361318084648e-05,3.87602823702258e-05,7.57619050866578e-05,0.00111331484635326,0.000206791161408243,0.000987882960424149,0.00371410667263365,15.7633835676972,2.87830174825594e-05,0.0136397599921041,0.000516368394766215,0.0114598899645823,0.000626092321912325,6.05251975321055e-10,0.0011694782812277,0.00010249051886461,0.0148189024433306,3.01266501939563e-05,0.0101600190733316,0.000246030678334083,0.00601981563118991,0.000118993438434479,0.000650196470042645,0.000555133588873803,0.00265706914612179,1.32824408043551e-07,0.000831935870394025,0.000199444808767124,0.00123056310076722,0.0640390944812597,7.76096364961825e-06,2.99428052894745e-05,5.0875989609705e-08,1.62388541727198e-05,1.17737479977488e-10,6.20102943938501e-05,0.00321616921948235,0.135717903609891,7.62696493158867e-07,3.54818617912993e-07,2.21926250379058e-07,3.19663761701322e-08,1.56836562869134,198.024388397289,0.000159759584796497,58.087375533248,4.17581644106297,0.691716150500733,221.052248050178
1430,2.74973330679551e-05,0.00105974076746377,0.00356979568281862,0.000289804783637146,5.03357120572946e-05,7.66192343865744e-05,0.000330422052646286,0.00099162201616865,0.00488730098933116,1.96808108624003e-18,0.0110368689939269,3.54563615276744e-05,0.00210481713960804,0.00154076701172524,1.61719406213189e-05,0.000219795104626498,0.00353928622060955,3.74797615140574e-06,0.00146210455904717,0.0121170644658659,0.23434969058675,8.63758697568228e-11,0.0350110849917252,0.0201250474260011,0.000281810220589538,6.92649381696335e-05,4.6611054401839e-10,1.2250161314152e-13,0.00144500145955549,0.0296902020012769,0.0480893155158967,2.38316769438255e-05,3.17970710304973e-05,7.50834653926312e-05,0.000158239416311969,0.00175764396203966,0.000359972650779485,0.00165426765099433,0.00612309732584221,24.1969615130485,2.97370667951463e-05,0.0228049691704985,0.000772339667718872,0.0193730503629926,0.00103367647353845,2.55858227790617e-10,0.00188783193431345,0.000220833889242071,0.0243672459486229,2.60985687674372e-05,0.0172759456849599,0.000432530476600127,0.0100548730778888,0.000222676754770246,0.000943801965192731,0.000693563929340051,0.00394355313514185,2.00888391892813e-08,0.00110705017251054,0.000379596826524931,0.00198742165004434,0.103967273150961,4.6516762336507e-06,6.43228166662712e-05,5.89427610590792e-08,3.19106376461979e-05,2.15564112041987e-09,0.000121859854629746,0.00512110444299222,0.158834898256938,9.11537096134391e-07,3.34949851688231e-07,2.20166478278208e-07,5.66169901129104e-08,2.63258880902301,332.394811736092,0.000243446147762171,97.5028225074963,6.90769885365135,1.07925421929922,364.787399868803
1435,1.86514894498515e-05,0.000738048166483361,0.00257653220249008,0.000225429080863219,3.80628233100005e-05,5.79902894774161e-05,0.000245133939013659,0.000735680117398962,0.00370029252939465,1.05924201798074e-16,0.00849853080135457,3.08003087572251e-05,0.00157900890685073,0.00114863517164885,1.30993796071691e-05,0.000163554542916249,0.00257041636867209,1.3236474039004e-06,0.00111967213890316,0.00934851097951555,0.180777946941486,7.04253696030156e-11,0.0269951652852517,0.0155560223229767,0.000207495520487561,3.45111970409499e-05,1.59438933928358e-09,3.75564226289994e-13,0.00113453316586502,0.0228281425499992,0.0371108359105241,1.43836807122114e-05,1.55565157923979e-05,6.52369363166954e-05,0.000147680851852339,0.0012815069654626,0.00029452744535253,0.00127294834216412,0.00465046589477382,17.2385647357324,8.17660425927037e-06,0.0175493212056646,0.000529404153187886,0.0150750701201909,0.000783634954220814,1.49660830564243e-09,0.00139045136418592,0.000215090198850951,0.0184811347168308,1.67477661712252e-06,0.0135207830199731,0.000350494542177456,0.00769729243114173,0.000188468636083489,0.000603205409158307,0.000319197553292811,0.00271203252141247,5.34310368902347e-08,0.000706436835770143,0.000324583530697346,0.00147996253400838,0.0769144806191984,1.50418939533764e-05,6.24245883713039e-05,2.79250976811676e-08,2.96786612542568e-05,2.63555786679006e-09,0.000112181607231544,0.00356185623674491,0.0840764742794838,5.56962068053778e-07,9.40867992767192e-08,7.13327233987621e-08,4.21541643294993e-08,2.03126888366777,256.471093469934,0.000167076116305717,75.2317689931499,5.23659162941804,0.762077940510857,275.711839610964
1440,1.71438186524013e-05,0.000683228604100747,0.00250263424437625,0.000238594554993776,3.90350487522144e-05,5.94713993623359e-05,0.000250164467740346,0.000750790808317849,0.00384136860669018,1.48838057706462e-16,0.00895371196255979,3.70098593440198e-05,0.00162390530288257,0.00117366320601647,1.42314639084746e-05,0.000167441052378008,0.00252914487679486,1.87985490637816e-06,0.0011630900986499,0.00986220664478325,0.190546700476481,5.84299071936226e-11,0.0284416098795474,0.0164233045872414,0.000208181556887205,1.81103347517525e-05,2.60445890101325e-09,6.67648100189832e-16,0.00122402319513112,0.0239828626982738,0.0391245643973646,1.11734245610838e-05,7.31966137156508e-06,7.44829683493766e-05,0.000180166461185159,0.00128785957765608,0.000334300942517926,0.00133810380063896,0.00483995776098838,16.9646303031212,7.51745000133763e-06,0.0184799113244304,0.000492529013571957,0.0160505049143922,0.000808943609800743,4.25925151049712e-09,0.00137446048645113,0.000258337080717288,0.0192258761432925,1.54778483406824e-05,0.0144768344422908,0.000390936427395381,0.00801672675237521,0.000212810381783495,0.000497895936758048,9.04099500463619e-05,0.00256551961909717,4.00464447019882e-08,0.000663064421560226,0.000370506951478431,0.00151758536698399,0.0768992229892566,2.43514498235124e-05,7.47251444006735e-05,1.44669963299004e-08,3.52473003915617e-05,3.09492972050891e-09,0.000130816350988676,0.00304464600937678,0.0598187707942743,5.39091102206066e-07,3.16539560346722e-08,5.79032558984871e-09,3.81344070219162e-08,2.14118237363741,270.348819793703,0.000152247136248359,79.3025673407254,5.40403365930272,0.720448633603848,283.483362624053
1445,5.25410750431096e-06,0.00020088572865231,0.000793824685781223,8.4382206512335e-05,1.338558673768e-05,2.03631958949236e-05,8.63299008446125e-05,0.000259095430265491,0.00134510365765748,2.11169476094451e-17,0.00316537360687649,1.5085704210138e-05,0.000561007824793969,0.000403293604866968,5.0191981965281e-06,5.76347295913413e-05,0.00083342032300047,7.85428333102489e-07,0.000411607036699815,0.00349182933886872,0.06723525939693,1.50531609774029e-11,0.0100453203855846,0.00580592962827704,6.50498878786763e-05,4.98936865128131e-07,1.01963345130918e-09,2.32313372039732e-14,0.000443565771808179,0.00844653541992761,0.0138049787160224,2.8660484604994e-06,4.80828614987759e-07,2.73220454337832e-05,7.00740197227e-05,0.000438396521293471,0.000127924833407303,0.000470706378446541,0.00169105693356465,5.66016045148399,8.74634632898235e-06,0.0065302636639039,0.000154741734241158,0.0057427992520194,0.000277594867547413,2.16521499121228e-09,0.000435809564950378,8.58983841141495e-05,0.00672014238152086,9.86127097407312e-06,0.00520947764952398,0.000149425613851393,0.00279503667014198,7.80699000712577e-05,0.000124981338732224,6.0066422902162e-05,0.000812365835395148,2.02931699126284e-09,0.00022156986185603,0.000138136471928917,0.000527977377187267,0.0256806321854425,9.49375749603904e-06,2.48153463384022e-05,9.59433487009695e-10,1.18207357855667e-05,1.00433354209781e-09,4.29504650415299e-05,0.000751405338490088,0.0138454424907269,1.7878448545975e-07,4.4631548211039e-08,2.36274504574303e-08,1.02954329753828e-08,0.754986595055364,95.3256803625688,4.3802983721796e-05,27.9622826683496,1.85649294361161,0.220095709272489,96.9370156399925
1450,3.1854738353525e-06,0.000108336183117502,0.000483829609471429,5.91106506932893e-05,9.12142188607362e-06,1.38352856135255e-05,5.93733573445374e-05,0.000178194519761096,0.00093925945066369,1.94505191682127e-17,0.00221636162727337,1.21095805962327e-05,0.000385185901280724,0.000275208591767805,3.42455458484028e-06,3.92512879548455e-05,0.000547720212707609,6.48229649205728e-07,0.000296298316733171,0.00245070340120126,0.0468602463592727,8.25269815017022e-12,0.0070236135730352,0.00405781378368099,4.14792935118781e-05,6.08617676262345e-06,7.81041933146854e-10,3.91323892830549e-14,0.000318300127507283,0.00588896095829021,0.00961939141007671,1.49027866815847e-06,2.50122273616593e-06,1.93382484137337e-05,5.22022708705843e-05,0.000297820997075856,9.64192314929394e-05,0.000326834593227323,0.00116933209754686,3.77431454385843,1.03322949825295e-05,0.00456999845893235,9.80440978817184e-05,0.00407960369992069,0.000187168097578606,1.87004681511261e-09,0.000256055404938278,5.5599827183917e-05,0.00465267532628435,8.86267321058409e-06,0.00372308740212944,0.000115651378803231,0.00193360138513115,5.54433740522588e-05,4.94250501868505e-05,0.000110687364111594,0.000508300787131982,1.87962058338187e-09,0.000150589167079661,0.000100284242605032,0.000367380813622776,0.0171968470114185,7.24983724623175e-06,1.60365834328106e-05,1.61648013953731e-09,7.57232990170723e-06,6.83533484377747e-10,2.74110787450025e-05,0.000404397956664849,0.00578567054268064,1.17801624497406e-07,5.07779692872504e-08,2.83555483945588e-08,5.92868968445025e-09,0.525205522277722,66.3131777895068,2.3734520496231e-05,19.4519212936861,1.25206646434665,0.128068339989449,65.0097883692001
1455,2.52063211273521e-06,6.9130678766114e-05,0.000375212616645266,5.41646531237656e-05,8.15199392541849e-06,1.23210859266267e-05,5.35582901502754e-05,0.000160743550930053,0.000860755061952076,1.02860284459868e-18,0.00202534915179037,1.25910672590172e-05,0.000346642980926476,0.000245822366501291,3.03088658390421e-06,3.49125729303484e-05,0.000473061285151832,7.12578645628873e-07,0.000281895044221492,0.00224587674367462,0.0425364274547806,7.50171627526609e-12,0.00640543018428257,0.00369617909897479,3.73904604959625e-05,1.14933306689247e-05,8.12772524677913e-10,4.88406873705214e-16,0.000298892395620362,0.00535474695383976,0.00872866980396065,9.72662812617904e-07,4.35571717405161e-06,1.77172452456482e-05,5.01523536407863e-05,0.000265772545979561,9.44771035085802e-05,0.00029535730259535,0.0010549066175609,3.30926026515786,1.32844502672416e-05,0.00417348882437068,8.234163196445e-05,0.00378904398838243,0.000163612705616834,1.9894518612503e-09,0.000180585604816823,5.23594672452776e-05,0.00420635898938116,9.45865338737008e-06,0.00347954915971745,0.00011775127207911,0.0017489498625983,5.10441102947431e-05,7.982594707649e-06,0.000166799766768642,0.000416452301511752,1.4557223143638e-10,0.000137530635554859,9.47576968536814e-05,0.000335575914296881,0.0151914124380238,7.52932786530541e-06,1.50436365329832e-05,3.07624476476254e-09,6.98038914449984e-06,6.38793616655432e-10,2.53653505452716e-05,0.000325892446769723,0.00254748478388377,1.03258432463056e-07,6.05252734092719e-08,3.41294120787887e-08,4.9030924464965e-09,0.475450687962842,60.0310468724045,1.63530968198858e-05,17.6091562934863,1.09443338509518,0.0944891869457929,56.4599413490899
1460,1.96900292179743e-06,3.70961701361999e-05,0.000281173415792424,4.91075112057144e-05,7.2305746260716e-06,1.0891649129826e-05,4.78371008914058e-05,0.000143574020589727,0.000781491124671366,1.07984842047865e-18,0.00182562063099681,1.28191790149819e-05,0.000309011129962324,0.000217249148718338,2.6528844912455e-06,3.07073931670445e-05,0.00040581198841269,7.64758066167425e-07,0.000265489043648931,0.00203047137007448,0.0380315785120178,6.46158764715529e-12,0.00575801635858388,0.00331733445802568,3.55498225101903e-05,1.6181513378751e-05,8.45994208628451e-10,8.31491059693037e-14,0.00027805144731946,0.00479836379679558,0.00780063923791428,5.28842489485544e-07,5.89669326647879e-06,1.60052026816511e-05,4.74077250270001e-05,0.000235215931191794,9.13821052261341e-05,0.000262743223247739,0.000938790065080201,2.87896904799478,1.54779428693278e-05,0.003759307014058,6.91862672505482e-05,0.00347516965862714,0.00014022642702016,2.01097477988391e-09,0.000109996767793361,5.48185906995624e-05,0.0037542758735625,9.69062867033011e-06,0.00321166601968684,0.000118196775353933,0.00156306408783642,4.64540207788554e-05,2.80736516808634e-05,0.000210043912300639,0.000338932952289425,3.45524768359264e-11,0.000127036679982857,8.87353988323684e-05,0.00030331806470054,0.0133323227374819,7.8281348393738e-06,1.56815479775102e-05,3.84125581193644e-09,7.17994375696313e-06,5.90411851732238e-10,2.62362202104075e-05,0.000278534462467598,0.000426947096017272,9.12048043903937e-08,6.38270410255222e-08,3.61703977345798e-08,4.2058846768778e-09,0.423732469820377,53.5010179138036,1.10427065930172e-05,15.6936749216583,0.938860133189868,0.0674886465538308,48.0923087041878
1465,1.48013361874434e-06,1.30925449472998e-05,0.000199996611186828,4.29116562035193e-05,6.2074101367201e-06,9.32768729681213e-06,4.11834637727699e-05,0.000123605471480415,0.000684240727342341,1.21319470567364e-17,0.00158193476797583,1.24518670678902e-05,0.000265705314445973,0.000185127024347012,2.23632287527134e-06,2.60794430649452e-05,0.000336867470940054,7.69994959329442e-07,0.000239812050938601,0.00176434901102455,0.0326624790599108,5.74726272262385e-12,0.00497130411802187,0.00285952057778663,3.27426241248304e-05,1.93599174544e-05,8.16763056741654e-10,8.11319197596012e-13,0.000249930906622531,0.00412876317983472,0.00669564806682459,1.53993844504336e-07,6.87675190989685e-06,1.38726304814694e-05,4.29581403999631e-05,0.00020097043032451,8.49674625088344e-05,0.000224441109755402,0.000803488048477675,2.41814803644422,1.6463321732283e-05,0.00325544936248274,5.66019459274484e-05,0.00306525814607818,0.000114874402502006,1.88683763568348e-09,4.76011903743409e-05,5.65020028638639e-05,0.00322408174147585,9.4634503038653e-06,0.00285092884889995,0.000113511862952544,0.00134476223540555,4.08400944083542e-05,5.54171060314967e-05,0.000231050787768172,0.000266859445798847,1.13579572581005e-09,0.000114353822966421,8.04526527193899e-05,0.000264107306535287,0.0112843023248398,7.5616543431358e-06,1.61075325542815e-05,3.98507535086556e-09,7.34751569682761e-06,5.07953454530552e-10,2.69150903931758e-05,0.000226794187360921,0.000821836950142094,7.86868787099738e-08,6.0785114753466e-08,3.45193043972589e-08,3.21797840019521e-09,0.362699728529195,45.7949285522813,7.38862319939518e-06,13.4332152807406,0.772013491636638,0.046263893718586,39.2514054515203
1470,1.44631112035637e-06,2.33060659769414e-06,0.000185213563214252,4.87671291291784e-05,6.96887094056331e-06,1.04633910381084e-05,4.61014097019241e-05,0.000138366943395865,0.000779374525936955,1.76821772711983e-16,0.00177990762285219,1.55591640856954e-05,0.00029742988435395,0.000205409596785096,2.44469742978895e-06,2.89408158558263e-05,0.000365306307964231,9.75602293889838e-07,0.000279451535842716,0.00198951458795957,0.0364208094394626,5.86981010398641e-12,0.00556697282591626,0.00319817586743938,3.8873991094092e-05,2.79906994259327e-05,9.93377675036946e-10,1.53589553969044e-13,0.000293207396611318,0.00460667957934692,0.00746125564020473,1.55260620492288e-07,9.73764584089217e-06,1.5528791192498e-05,5.02841925479094e-05,0.000223604641953306,0.00010206828027043,0.000248948727541416,0.000893693990018884,2.64430306604622,2.18679082811427e-05,0.00366131691816219,6.08459003825428e-05,0.00350944394482182,0.000121654670823157,2.25676816509155e-09,4.71922018131031e-08,7.49678236401082e-05,0.00359840245019958,1.19844688061399e-05,0.00328454541235339,0.000140479484943077,0.00150382168839637,4.68991007174338e-05,9.65766835922187e-05,0.000308918648964629,0.000274556126010924,1.20340414469039e-08,0.000133826859717038,9.54516116793821e-05,0.000299007889300099,0.0124143753833453,9.17829491583928e-06,2.13173712734981e-05,4.98767934742894e-09,9.71467242445317e-06,5.5317167176883e-10,3.57198950904512e-05,0.000233992847351438,0.00187279085797745,8.87108329868211e-08,7.23578993662855e-08,4.11496592823684e-08,3.47396866743958e-09,0.403214202413186,50.910321158631,7.06611513418676e-06,14.9337339395438,0.82418765175297,0.0424680054164492,41.591830091003
1475,4.77516310125356e-06,5.28984389929404e-05,0.000596894167699517,0.000187090947912184,2.65880479062947e-05,3.99742229430742e-05,0.000174151913882369,0.000522696055407574,0.00299739238388276,2.10393382828737e-18,0.00675822727675592,6.48829960535533e-05,0.00112557668495245,0.000770964024680572,8.98206053286045e-06,0.000109234443886678,0.00134410756545926,4.02985452046083e-06,0.00108806800027235,0.00756315851159115,0.137150848329091,1.88943988239782e-11,0.0210103282445972,0.0120644197618312,0.000153740161132998,0.000130043603294015,3.94511383397645e-09,2.0929774293087e-14,0.00116607161148669,0.0173183439183417,0.0280766879195793,1.71475620033407e-06,4.43750374283035e-05,5.81692732461645e-05,0.000197216966708413,0.000840703758046955,0.000409443316022724,0.000933076587359673,0.00335896367827837,9.76679578955397,9.48814117347001e-05,0.0139011625748767,0.000223260867986789,0.0135434704360195,0.000433873598310865,8.81689778753917e-09,0.00019359337130389,0.000329501500547544,0.0135656898327104,5.13727398919971e-05,0.0127522164737987,0.000580854707880005,0.00567919793089881,0.000182984471837802,0.000488299535428621,0.00132427840379155,0.000959732421083993,3.22903956343726e-11,0.000523456403076344,0.000385086777154877,0.00114298170747294,0.0460577812064773,3.65285426040408e-05,9.35170285220284e-05,2.00959290671274e-08,4.25366353375351e-05,1.98295780615088e-09,0.000157442926635769,0.000795781984856596,0.00946775694737069,3.37134062562303e-07,2.8297781576059e-07,1.60561659988639e-07,1.20309574098301e-08,1.51505629355729,191.292819706438,2.69425900873536e-05,56.1127075451376,2.97954838387396,0.142746540390014,149.322320415651
1480,1.37634054403691e-06,2.39964736950797e-05,0.00018004090529499,6.24987214732252e-05,8.9003706362481e-06,1.34330451829441e-05,5.72593757519308e-05,0.000171858010859376,0.00100394335326033,1.75115958005125e-17,0.00223682333300315,2.32931351090839e-05,0.000371600010184748,0.00025269613653493,2.85896443383011e-06,3.62641684399203e-05,0.00043308965617939,1.40301575451198e-06,0.000364456415838979,0.00250265795288937,0.0450962400075793,5.53685544945685e-12,0.00690202124952263,0.00396611911439415,5.17732949441414e-05,5.07352656555481e-05,1.32269812490752e-09,2.0727951660734e-13,0.000405623156816127,0.00566553764714184,0.00922461599879095,8.81916149212903e-07,1.69858116805844e-05,1.87906622455e-05,6.68474950539378e-05,0.000275437614041491,0.000140997131656457,0.000305711357288256,0.00110259602304063,3.14139233269695,3.4884686048035e-05,0.00460319080488411,7.21868448820764e-05,0.00454666840004855,0.000135057569873524,2.94214812145049e-09,0.000121064468560534,0.00012291555364578,0.00446236043260329,1.93028782883699e-05,0.0043054296167755,0.000206790440347071,0.00187038776257911,6.26976372605264e-05,0.000197192510598619,0.000473584940009043,0.000294500832715364,5.09847864191192e-10,0.000175078013933411,0.000136350501295101,0.000380668212504552,0.0148545939447376,1.22546162061008e-05,3.48333188675069e-05,6.8476149509184e-09,1.57877079058797e-05,6.06942876877695e-10,5.89573202299443e-05,0.000227011384244969,0.00355659782041483,1.11095949596299e-07,9.44033015583402e-08,5.34823020761292e-08,3.53782819391534e-09,0.497753790102289,62.846977730793,1.06449984868294e-05,18.435160897876,0.94637665117537,0.04763508342687,47.1634524697756
1485,8.32987578384801e-07,1.47727881782294e-05,0.000126756843911547,4.36387852801187e-05,6.27932875045017e-06,9.53925670063074e-06,3.93334112241553e-05,0.000118055470474354,0.000703008747553603,5.60399439558145e-18,0.00155159498195961,1.72890054064927e-05,0.000256999750659809,0.000173768969862279,1.89116409459763e-06,2.54740454539229e-05,0.000293523718868859,9.88478694613132e-07,0.000251618305802199,0.00173233096426478,0.0311606697025054,2.96957028674191e-12,0.00474436269168048,0.00273285138916714,3.48527243863084e-05,4.02108977044485e-05,8.81588720198161e-10,2.79226762647261e-13,0.000296280657548717,0.00387730308475507,0.00636890643787901,7.77610912123624e-07,1.32033045437257e-05,1.25529526495643e-05,4.70048075824902e-05,0.000188720323530603,9.97634953189605e-05,0.00021085985588902,0.000760473636493766,2.11118410254571,2.61997551254179e-05,0.00319679723211395,4.94081391278806e-05,0.0031893161018715,8.86137811304895e-05,2.01280188020727e-09,0.000115874108891881,9.14037253961245e-05,0.00307959036306183,1.52869820169747e-05,0.00303586352559993,0.000152047155069698,0.00129120448086661,4.53577224181014e-05,0.000156794128622874,0.000340288239949892,0.000190332283226859,2.5751438259414e-10,0.000119188601208628,0.000101720356913989,0.000265285915534648,0.00999062584138635,8.17733756389908e-06,2.58677520206739e-05,4.77938437885511e-09,1.16808903262152e-05,3.80988640190719e-10,4.39881927785962e-05,0.000128213086538968,0.00253952991156634,7.59512463793931e-08,6.48367848147049e-08,3.66785247802097e-08,2.15771082848765e-09,0.344334311082821,43.476052366834,9.8114257394727e-06,12.7530073376634,0.638212009032025,0.038175814652656,31.6988695836429
1490,6.90963511634598e-07,5.60837812109421e-06,0.000136598888878136,4.14736034933386e-05,6.08236387118532e-06,9.32515149242436e-06,3.6759946072784e-05,0.000110331603370251,0.000670240046780455,3.15366335683392e-18,0.00147128607140413,1.72795207506961e-05,0.000242565000993747,0.000163371129037658,1.6930221567662e-06,2.46921517026016e-05,0.000272625676226082,9.15982803295419e-07,0.000232597075816224,0.00163539281813138,0.0295449509117286,2.6614755623271e-12,0.00445076553122095,0.002575519186073,3.02537991479807e-05,4.23621915013602e-05,7.57222929570972e-10,3.41263435038879e-14,0.000295895306272489,0.00362064403513023,0.00603394292525405,8.36246624629231e-07,1.36350162347247e-05,1.12860649748996e-05,4.46679293848028e-05,0.000176043102821737,9.41810289787934e-05,0.000200038914100483,0.000719317669331103,1.92952568797132,2.62359091262389e-05,0.00303743455298707,4.66438307895242e-05,0.00304601920840191,8.04065283448614e-05,1.82797277985359e-09,0.000130128516901019,8.69942175248917e-05,0.00290865225774392,1.66268012491201e-05,0.00291283471934333,0.000150223624919226,0.00121841631743063,4.5169857475012e-05,0.000161874784670662,0.000319894579492016,0.000168729041745325,2.45412559144295e-10,0.000106431995057966,0.000104093762562339,0.000252004558288387,0.00912334217416368,7.02729147699327e-06,2.45873212477854e-05,4.46990166811757e-09,1.1064984042426e-05,3.21373154194982e-10,4.19621384595065e-05,9.40149049838073e-05,0.00229112194908497,6.99432715261389e-08,5.99167638603213e-08,3.37978703016099e-08,1.72322572157585e-09,0.327678811224666,41.373114749485,1.28015217895491e-05,12.1361430162448,0.599093288756602,0.0459044943797256,29.7473030037536
1495,7.24941560413656e-07,1.16886856058466e-05,0.000201338247747649,4.93821383017179e-05,7.44610145414523e-06,1.15489256915668e-05,4.30178624777432e-05,0.000129114114932158,0.000800786788129033,1.38322257583904e-17,0.00175826744508099,2.14054470705709e-05,0.000287667692373388,0.00019339561400411,1.88907554640728e-06,3.0417524501161e-05,0.000319546719120097,1.02347790859043e-06,0.000264074065699621,0.00194041070104526,0.035472889374721,2.73339509109022e-12,0.00525360333289297,0.00306208130194817,3.05714993608704e-05,5.47567699568988e-05,7.57230012735579e-10,1.18364518413198e-13,0.000371812365830032,0.00425347413343023,0.00723952249460764,1.04160561222851e-06,1.72699886212468e-05,1.25622274259736e-05,5.28334932686749e-05,0.00020571149937031,0.000108888581813237,0.000241001493932645,0.000860778807521293,2.20598308606808,3.22857858188111e-05,0.00364067132680872,5.59132106493781e-05,0.00364802205218927,9.36360601943506e-05,2.04279840373693e-09,0.000164540579609209,9.53353555520468e-05,0.00346659910949146,2.28504323370506e-05,0.00350200488249737,0.000183351233363509,0.00144857964264804,5.70318156703968e-05,0.000200802590220059,0.000360559086398083,0.000188916266055866,1.20318723343349e-09,0.000112884377320413,0.000134423584210861,0.00030040549777134,0.0104050111149266,7.0157968276044e-06,2.69097662402665e-05,5.19083256615798e-09,1.21054309217203e-05,3.35499981395617e-10,4.60155674297075e-05,7.828271653705e-05,0.00239657553566648,7.96637949516351e-08,6.88002008416689e-08,3.86955200025708e-08,1.71472590561453e-09,0.396025178288831,50.0026240219371,2.08969481204866e-05,14.667470161891,0.724623166312556,0.0723194880108551,36.0977257678386
1500,1.19024948813751e-06,7.16587292770813e-05,0.000480415697519844,9.09000203127281e-05,1.42144641916838e-05,2.23493508238742e-05,7.7775766176087e-05,0.000233436222071538,0.00147952785724559,1.06101209891453e-17,0.00327280074003718,4.05516857632631e-05,0.000529046097643816,0.000355854578350829,3.24149186768465e-06,5.87524949308166e-05,0.000583422529624976,1.68602030914413e-06,0.000452033739661308,0.00357501086769754,0.0667055457960086,3.98672712995578e-12,0.00964467402109507,0.00567885961320816,4.16530429136335e-05,0.000107314630683253,1.01797666084055e-09,3.37142560767192e-15,0.000725191944411277,0.00777099715851269,0.0136061374281091,1.86422733745375e-06,3.31546559144917e-05,2.13213330618881e-05,9.59939268523451e-05,0.000371406933661355,0.00018958818792834,0.000456203423681277,0.00161131616015489,3.88978567872699,6.0276508247851e-05,0.0068037597307815,0.000104982506555163,0.00676443878531557,0.000173962995021646,3.43781975649289e-09,0.000289644947487653,0.000137606162153666,0.0064437022340531,4.88803745866505e-05,0.00651300452782353,0.000340597674178647,0.00268122264171151,0.000112627612198196,0.000369326604033602,0.000594190898500598,0.000328952762706568,7.51369441426567e-12,0.000169891629151072,0.000270087970116524,0.000554626407776467,0.0182728527818552,9.4334152445534e-06,3.87805838107664e-05,9.24984281306272e-09,1.76771857487393e-05,5.31764679037991e-10,6.62012169108657e-05,8.10375241678866e-05,0.00349327782840044,1.38158085057351e-07,1.21125641590979e-07,6.79136709297303e-08,2.616910578998e-09,0.751954942161978,94.9428015585322,5.1806137782211e-05,27.8499485899654,1.39827745155613,0.177686756670078,70.1188160804173
1505,1.14523661134367e-06,0.000146634501404124,0.000678799238165516,9.86990142430836e-05,1.61495549705645e-05,2.58043089092265e-05,8.25435200795437e-05,0.000223913356805676,0.00161321764676727,7.20483852920911e-13,0.00360614922816029,4.44958629194623e-05,0.000573697425707245,0.000386117610868484,3.22547385926585e-06,6.75650841227234e-05,0.000627168644424349,2.03866463653875e-06,0.000444257847366126,0.00388516956777878,0.0746841992025138,3.1845484104489e-13,0.0104852444756909,0.00624315497862874,2.36478982727595e-07,0.000122258661408696,1.57735520458927e-10,2.55631679464893e-16,0.000840904221384702,0.00838489954381703,0.0152383665980387,1.7232980698609e-06,3.68115559227634e-05,2.09084357034384e-05,0.000101460477025203,0.00039368485883877,0.000189727971945645,0.000512458707241236,0.00179417789300506,4.01600840523271,6.50715465597085e-05,0.00753606150900822,0.000112200192798695,0.00737331516902685,0.000197069343176492,3.5568130780783e-09,0.00026530517136354,2.47940551856415e-05,0.00710040219104912,6.25091716587875e-05,0.00711181261234509,0.000365259516028885,0.00293410713183072,0.00013305470667636,0.000382712937910127,0.000537194003404928,0.000321666371753713,6.35565882906766e-10,0.000126698151282931,0.000322552328338213,0.00060203745762837,0.0184344191551117,1.59046776173942e-06,6.58139822728206e-06,9.57131869981595e-09,5.27896824025233e-06,3.08304218396691e-10,1.03566168634814e-05,0.00027049198479636,0.00204958276895137,1.52701785512061e-07,1.23027752622619e-07,6.85003650040735e-08,5.21069434801734e-10,0.852796643296211,107.675282865675,7.29318063047469e-05,31.5848125376492,1.63288984773459,0.252306283028946,82.617469908874
1510,1.2100777718387e-06,0.000268418390336305,0.00104007191287796,0.000120153465995054,2.06359986835241e-05,3.35589236590152e-05,9.76901200799371e-05,0.000294747167983203,0.00197262864526246,5.30410918704317e-14,0.00445659851814114,5.44420832561731e-05,0.000692659234242208,0.00046763482199945,3.53469786596349e-06,8.7255142039657e-05,0.000748993019163677,2.79514042415054e-06,0.000485588881619748,0.00472022416409179,0.0942042859911272,4.99929318770148e-12,0.0128127721098666,0.00770527922354963,1.17558857310066e-05,0.000154722929099292,4.59785445190908e-10,2.78684626265991e-19,0.00109844192050852,0.0101203164148109,0.0192525070402183,1.70021991406933e-06,4.48605181748895e-05,2.25936892943286e-05,0.000118428782247905,0.000465943562876488,0.000204688142983055,0.000658992682767523,0.00225106491556857,4.60745426961015,8.02646114278952e-05,0.0093728008027179,0.000130760418545174,0.00895686580627553,0.000252057393317669,4.71058113108207e-09,0.000228291818236372,0.000100221807438382,0.00879146972528183,9.01617147734514e-05,0.00864384516132722,0.000429327163644446,0.00359595188339261,0.00017798478905859,0.000429947618448282,0.000512115447985796,0.0003674995737879,4.8619629553205e-09,6.68427413181357e-05,0.000432865603534587,0.000728116835412855,0.0217794264722017,4.21540354060807e-06,2.91769460555421e-05,1.08240353138406e-08,9.82008518475666e-06,5.82314940745625e-10,5.36755791011887e-05,0.000172891913175167,0.000882742892408114,2.00562434044862e-07,1.30036657980929e-07,7.75391609392646e-08,3.28039935350466e-09,1.09212275633474,137.893045295827,0.00010774557625414,40.4486999814858,2.16662916498008,0.38225017622903,110.642862164815
1515,5.82773361145836e-07,0.000205904051255469,0.00072250288368016,6.81448995081427e-05,1.23786263848934e-05,2.05119445763299e-05,5.4478554123885e-05,0.000121774911587157,0.00113820259837591,5.56896285876951e-11,0.00260534625724725,3.06154631997993e-05,0.000391897695756894,0.000266334910808233,1.38219366142371e-06,5.33061533010142e-05,0.000417737611404851,1.66698367044572e-06,0.000243627766479892,0.00270623273822134,0.0563549580284185,3.88917710299028e-12,0.00741823611827885,0.00449464324412046,0.000137131110232686,9.23319473919687e-05,2.75570222616445e-09,1.45119674010124e-16,0.000675953637488563,0.00576658106931447,0.0115433181655443,5.6272187889632e-07,2.47433699685559e-05,8.94709154432074e-06,5.77802628554836e-05,0.000259707605465426,9.16270856478898e-05,0.000394298662527638,0.00133822246939859,2.48148209180918,4.42532213233335e-05,0.00552299885452293,7.00888268176673e-05,0.00512067855529629,0.00015491823768839,2.17406173089654e-09,7.36103412939172e-05,0.000599329080668149,0.0051341180148529,5.79569025956199e-05,0.00493772897639082,0.00023753297691678,0.00207393850758398,0.000108778460425769,0.000206305399330988,0.000144413124003569,6.50786656119875e-05,6.88090041136903e-08,3.17292058092506e-05,0.000269580461422101,0.00042263309841804,0.0107452023274416,2.59383307926985e-05,0.000170907390300015,5.44059783474946e-09,7.25859786894689e-05,1.21688359337529e-10,0.000297876915661385,0.000277896237948747,0.00143724349514891,1.0647582083605e-07,6.87877569816916e-08,3.73475816274562e-08,2.04474819448046e-09,0.664060735740151,83.8454157108063,7.11180447944455e-05,24.5946955813382,1.36510379079581,0.260278580107191,70.2896649327218
1520,5.54553826865097e-07,0.000287211354108962,0.000952894947561916,7.6989273340497e-05,1.46454391768438e-05,2.45982411574356e-05,5.97772998686081e-05,0.000133568661916891,0.00129197085933138,1.93768548367371e-19,0.00300813251751097,3.38522365515716e-05,0.000439666668777181,0.000299057908176358,1.18633699460483e-06,6.37599720335952e-05,0.000462380157411607,2.02131217760388e-06,0.000239158208614737,0.00305958292512324,0.0666730909721388,5.72304248019844e-12,0.00850216437661094,0.0051861560275156,1.90055194114143e-05,0.000111060060555827,4.54218035765836e-10,1.51715630238922e-18,0.000812738188017287,0.00648374163415836,0.0136985586108731,1.62806144366864e-06,2.71228116323077e-05,7.55182085777054e-06,5.81602636008941e-05,0.00028521961290628,3.85042947072287e-05,0.000473810737861912,0.00157509292708525,2.62367089554542,4.8979298799764e-05,0.00642573367900671,7.66815549049506e-05,0.00576283579968518,0.000190131713518928,2.4759738959459e-09,3.59988324820759e-06,0.000388000909419995,0.00594344721448045,7.52026218283008e-05,0.00554973900659984,0.000253286768645508,0.0023681957131598,0.000133732799649651,0.000196162644068513,0.000112307940865289,0.000156994202956708,1.88312722768166e-12,0.00010774083763168,0.000331233331298102,0.000477225875219897,0.0117732611042231,4.29897740591876e-06,0.000110650501534093,6.0647503322448e-09,5.6151509509105e-05,2.64168593327556e-10,0.000192646746777511,0.000676393582594838,0.00332210979480269,1.26592949507416e-07,7.31300281032587e-08,3.96843749485509e-08,3.0249739661781e-09,0.798391383983379,100.806330228257,8.87762932238842e-05,29.569900483183,1.6945040676484,0.335145363570386,87.8361245011531
1525,5.27901591594752e-07,0.000383148974157296,0.00122858286734982,8.7623762754459e-05,1.73847863638864e-05,2.95085862014553e-05,6.62439703065643e-05,0.000147884353033776,0.00147627746561477,2.4170656285154e-19,0.0035124060485335,3.7651885761018e-05,0.000498829652533602,0.000339880945878583,9.57646888582078e-07,7.67476605173176e-05,0.000517973061049907,2.36972787843761e-06,0.000232533564301826,0.00349514582731502,0.0797754466486894,7.30463864093136e-12,0.00987171501679442,0.0060536103072711,1.07688429693544e-05,0.000133226825473958,1.3961029682361e-10,1.52753856448782e-15,0.000976253379580171,0.00736982773768424,0.0164456674401758,3.02767730928469e-06,2.98107962216031e-05,5.86778937626066e-06,5.79399236684943e-05,0.000316709467811433,3.11182209616266e-06,0.000575387681528532,0.0018762315989879,2.7930659779133,5.45453002567528e-05,0.00755996839406916,8.55356175552163e-05,0.00654513546276071,0.000236063947937262,2.74240453991542e-09,0.000114029217479549,0.000290710291478995,0.00696552304343463,9.68304919994809e-05,0.00629208467334931,0.000269611994016521,0.0027358397873492,0.00016453674437951,0.000180702344605015,6.14855887400394e-05,0.00022677170601066,2.22145376043156e-12,0.000204101499538965,0.000405966454366635,0.000544685682516286,0.0129632580440495,1.29300635036169e-06,8.30998778849356e-05,6.62100796812567e-09,4.52457327982708e-05,3.8357676976681e-10,0.000146770173280834,0.000892718395547535,0.0055317865428991,1.45311939183059e-07,7.7673596939035e-08,4.17370189460605e-08,3.79126979829037e-09,0.970041180300657,122.47925726195,0.000108366449035946,35.9272964648114,2.11395852397644,0.421170805644389,110.130338543589
1530,3.31141290870995e-07,0.000325452040549709,0.00102118246043786,6.58785868434956e-05,1.35573296698936e-05,2.3207984452888e-05,4.87111227578299e-05,0.000108587792475281,0.00111419803030208,1.88811322661514e-18,0.00272187398224958,2.77127834321937e-05,0.000375488084034777,0.000256423258031219,4.5764667186428e-07,6.08889234029878e-05,0.000384883151419414,1.79905385136224e-06,0.000146571486896752,0.00264924860295547,0.0632966355914974,5.83697015728671e-12,0.00761827471288518,0.00469035165467509,1.75316302301827e-05,0.000104383347926425,2.81316006497968e-10,2.2045643852704e-15,0.000768957752569513,0.00556070210189504,0.0130935845861517,3.16665684750787e-06,2.16358164838891e-05,2.54133623844907e-06,3.74934658955018e-05,0.000233568028086653,2.12599720408542e-05,0.000462804875007435,0.00148302705616473,1.96803605868188,4.01034443946148e-05,0.0059012148142363,6.40824775739317e-05,0.00492949068984446,0.000193969493081729,1.98095282647527e-09,0.000174632842949682,0.000149981840810223,0.0054214493830723,8.11495525523782e-05,0.00472974562295029,0.000188556188531616,0.00209897259345894,0.000132739756048243,0.000105404582517037,9.51129563858339e-07,0.000198008014941168,1.76309995846918e-10,0.000213262619684503,0.000326071763585995,0.000412676359998356,0.00940803514346272,2.6428062430907e-06,4.2960001959542e-05,4.77222584657447e-09,2.32329761286265e-05,3.4613819346608e-10,7.69465798515703e-05,0.000740071177537599,0.00543616924800337,1.08791072723442e-07,5.45894610411477e-08,2.89748958408173e-08,3.0719658174111e-09,0.780626777289639,98.5635148354649,8.54182918017366e-05,28.911998926888,1.73595197209328,0.341087190102368,90.7514247645548
1535,3.12938406189761e-07,0.00040451002494914,0.0012513724470378,7.44633148862737e-05,1.58151560570881e-05,2.72554534098233e-05,5.41994840306171e-05,0.000120590671819604,0.00126531323949131,6.85596861865086e-17,0.00318862120673295,3.080128805042e-05,0.000427265443774279,0.000292587779364616,2.51416676418755e-07,7.24997071886337e-05,0.000432369383499066,2.02284835467228e-06,0.000135813758432342,0.00303649831797169,0.0758096923354479,6.69941016510278e-12,0.00889844127038409,0.00549346502573254,2.40159094896293e-05,0.000122065513592269,3.79886435467556e-10,1.29628877403834e-14,0.000905147064765127,0.00634654841877833,0.0157349663383082,4.6105082408814e-06,2.36767175598175e-05,9.21928032382882e-07,3.57009820590756e-05,0.000260838947384767,3.37907216019828e-05,0.000561144715866309,0.00177055885173657,2.09432543760097,4.42539036312307e-05,0.00696041000512096,7.3557196582836e-05,0.00561439127276652,0.000239840374675788,2.13130765725008e-09,0.000303056821989598,0.0001225917911422,0.00638071681335552,0.000100819921507339,0.00537695506640892,0.00019806208914285,0.00243628466283837,0.000159762979132597,8.77777283782747e-05,4.99419323692286e-05,0.000249591245655124,3.14397471071542e-09,0.000306589847427388,0.000391218490086042,0.000473436519627344,0.0102670672594243,3.58120846659242e-06,3.51566462256439e-05,5.19242508525133e-09,1.83447150020346e-05,4.57989131418959e-10,6.36463755847017e-05,0.000907319286365058,0.00754084539419776,1.21506905551567e-07,5.80158435265332e-08,3.03576837809678e-08,3.93567122184706e-09,0.946948452019976,119.563714237848,9.93990267057743e-05,35.0720608021536,2.13545366440534,0.407248080349812,111.870290703609
1540,3.54907853333105e-07,0.000586231288360198,0.00179668921591015,0.000100202429711914,2.18709781750705e-05,3.78835733685967e-05,7.23910540227224e-05,0.000160689687267191,0.00171377414574988,2.53051687712028e-17,0.00447480199818213,4.10382358965628e-05,0.000582667617771342,0.000400281313982634,1.19009334535493e-08,0.000102684846318598,0.000582489094656522,2.67447277894065e-06,0.000145503632798567,0.00417215052647401,0.108562087697522,8.19735899058317e-12,0.0124626012471163,0.00770582378487536,3.50152703151787e-05,0.000169357563034941,5.34579765199452e-10,6.1928830606423e-15,0.00126253704311185,0.00868504964389956,0.0226048847943831,7.65962266200982e-06,3.10359992623513e-05,1.23276505191882e-06,3.92400156519724e-05,0.000349865011683349,4.9209424689013e-05,0.000812345357691971,0.00252883795915242,2.67244420136703,5.79546968225563e-05,0.0098291961727786,0.000102578496168908,0.00767086300037941,0.000353292392855738,2.71003877210423e-09,0.00055542718962627,0.000125207828133305,0.00899587759222705,0.000147225347612903,0.0073356432364041,0.000248692752604495,0.00339032280994646,0.000227215873648726,8.1504076204138e-05,0.000123687650658761,0.000367010242517666,1.10792061853812e-09,0.000497859021307156,0.000556039611441876,0.0006526951010972,0.0133704553564874,5.05371963067659e-06,3.59281278989997e-05,6.77672257984143e-09,1.81809635921405e-05,7.07236533593369e-10,6.55947635923789e-05,0.00131324892532868,0.0119630504483838,1.6073987737862e-07,7.41060045193338e-08,3.81934116161811e-08,5.19337190667937e-09,1.3714646787722,173.164143091806,0.000135552954235667,50.7948653507795,3.11738117325392,0.569624970405987,163.456492976249
1545,3.12501986239891e-07,0.000637840390109911,0.00194320886754423,0.000102949888358866,2.30132514445476e-05,3.99997424060528e-05,7.45654570150477e-05,0.000165076264051902,0.00177728228565506,1.20327807320852e-16,0.00482800645174363,4.21485166429718e-05,0.000611499917712752,0.000421599145162644,2.9722371460601e-07,0.000111074405335743,0.000604622040900251,2.66938972745274e-06,0.00011416953564837,0.00441176351153414,0.119262547481891,1.76665405488346e-11,0.0134281924623917,0.00830683724095369,3.80447437286145e-05,0.000179269139294667,5.62420070838829e-10,3.86876877111216e-14,0.00133992234685405,0.00914747756011724,0.024905829421193,9.46809113377775e-06,3.13670588462001e-05,3.70629542872142e-06,3.14115470201471e-05,0.000362050287959156,4.81926222328616e-05,0.000900863893352795,0.0027721854884307,2.62994894325963,5.7683456821273e-05,0.0106646288740424,0.000111561421533966,0.00807684350511963,0.000397661539987284,2.60849488875878e-09,0.000727238785242822,0.000101223002279802,0.00974822264527421,0.000162272303132398,0.00771774459082332,0.000240825558958632,0.00363032423661811,0.000245009692954837,5.35102082488035e-05,0.000172328637143167,0.000407680030555115,5.25523993535334e-09,0.000596204750035044,0.000601314781896557,0.000694893277046384,0.0133481180829146,5.32413804702457e-06,2.905603614031e-05,6.81672744431793e-09,1.44414837053375e-05,8.20503812310219e-10,5.34858768301214e-05,0.00143756903035047,0.0141028665589742,1.61747805348794e-07,7.32551431325404e-08,3.71642171380808e-08,3.75068567509801e-09,1.5215449631119,192.113717815134,0.000139027887233958,56.3534081282812,3.46588283528643,0.59975839338512,181.698297390937
1550,8.57842123498479e-07,0.00207027044900673,0.00628540416076709,0.000320128883282332,7.3090073234833e-05,0.000127260043549048,0.000235256463027648,0.000519329217431189,0.0056012971003229,1.45431245274436e-18,0.0158902438439298,0.000132700379258096,0.00196082375086658,0.00135723490907465,1.81079095405336e-06,0.000364246249997482,0.00192062516825652,7.97065288083034e-06,0.000253904944853243,0.0142490515188759,0.398716873871269,3.43032841882588e-11,0.0441557302652401,0.0273005329434367,0.000124286902533555,0.000574985748931325,1.78817742744137e-09,1.1336110227443e-15,0.00429411090524139,0.0294245980525374,0.0834845786625025,3.48278640922953e-05,9.73337388582996e-05,1.88971854132882e-05,7.03810153880761e-05,0.00114789672421899,0.000127630218688108,0.00303602157600124,0.00925254028063271,7.93933305427451,0.000172722985468413,0.0352728086775385,0.000375395888822234,0.0260284723724178,0.00135661430414874,7.56705790567555e-09,0.00276428637609867,0.000253921559715425,0.0322101312678029,0.000535776704811971,0.0248764250316182,0.00071826070196462,0.0118684705096722,0.000794540785399074,0.00010208179641923,0.000627572877442907,0.00136312857073518,4.1466783316355e-11,0.00210836249384339,0.00196451639565604,0.00226947695333997,0.0405532133848399,1.69544753537092e-05,7.29131116939675e-05,2.09890356181016e-08,3.59155649299019e-05,2.79282999022195e-09,0.000135443352020144,0.00469352790423484,0.049400085498822,4.91170483626879e-07,2.23163359158427e-07,1.11490057737698e-07,1.71062916660439e-08,5.12990448421999,647.713689144215,0.000424629357208657,189.996174152731,11.6443550559099,1.88546277983101,609.747106671678
1555,2.36910853704454e-07,0.000636454058445832,0.00192969297677818,9.55608872857162e-05,2.22386272678817e-05,3.87134302129552e-05,7.22847999733011e-05,0.000159101890585208,0.00170437578091824,7.37753853869341e-17,0.00506719117197555,4.07821603382023e-05,0.000610574477793617,0.000424421864420446,7.80364352900948e-07,0.000115055930934618,0.000593623757381337,2.25385028542959e-06,4.8027793159796e-05,0.0044655336187027,0.128825510429804,6.50859475950657e-11,0.0140712919184355,0.00868676259393425,3.87713331236288e-05,0.000177527482914875,5.45851012217374e-10,3.59270550422036e-14,0.0013196585302109,0.00918143436487793,0.0270364562387432,1.21598209176662e-05,2.95817844765729e-05,7.79313861930613e-06,1.30091502925846e-05,0.000354482266569318,2.70966109122925e-05,0.000987491570587775,0.00298586878275496,2.34198982720513,4.92586677881762e-05,0.0112950215389953,0.000124090486114739,0.00816156554710241,0.00044539794344813,2.0970357629993e-09,0.000981125317475321,6.2145728277017e-05,0.0103063031908584,0.000168218454640934,0.0078124868119476,0.000211206788469548,0.00376270330185348,0.000245916553532844,2.301067753174e-05,0.00019676754018875,0.000436692692729817,3.17830577377104e-09,0.000702699445519003,0.000616145266120926,0.000722898043238913,0.0119081763823103,5.15489048386847e-06,1.78522979654326e-05,6.27356023699517e-09,8.76379287232345e-06,8.81602787903267e-10,3.34980994925737e-05,0.0014393323178813,0.0164166009005465,1.42792954991825e-07,6.6669398310155e-08,3.28396783631141e-08,5.75059767616525e-09,1.66926475832477,210.765343391853,0.000122066630574914,61.8245489228402,3.75449298653155,0.560820715299767,196.184447908144
1560,1.78343677772534e-07,0.000492282560409221,0.00149359317066889,7.27661383694368e-05,1.72371398699847e-05,2.99311472554635e-05,5.76627443767335e-05,0.000126560596921819,0.00133360008072289,5.0793591869268e-17,0.00416921839946105,3.2672801392925e-05,0.00049202162495663,0.000343545642548012,7.53608581580276e-07,9.32439176064759e-05,0.000475912168486108,1.59523466433127e-06,1.70967983907669e-05,0.00361677960285346,0.1071101889865,4.44781805122336e-11,0.0115705503566225,0.00712509030080285,3.0659450704114e-05,0.000140454547530953,4.19404098956826e-10,2.80751574793702e-14,0.00103492270540089,0.00740035751330968,0.022523704110015,1.07538485948392e-05,2.35664373355696e-05,7.54098863472539e-06,3.98422592805076e-06,0.000284204209982482,8.19824887946899e-06,0.000825404067885967,0.00248065097583579,1.80383564832511,3.54493054335153e-05,0.00932490642073025,0.000107268151457442,0.0066375580912157,0.000374646170759106,1.45304583767078e-09,0.000872007095286821,3.91156106956956e-05,0.00850351316420956,0.000133506148613949,0.0063744857304929,0.000164520942937495,0.00308065555058038,0.000193112900663099,2.41326744791362e-05,0.000139554963209604,0.000357365937609317,2.18740482317488e-09,0.000588983397979961,0.00049412039980597,0.000598637140918204,0.00899487445229765,3.96708406105636e-06,1.12418414127869e-05,4.82841476923805e-09,5.5226741914056e-06,7.00466281028845e-10,2.13216133586616e-05,0.00109040710867645,0.0138333955770664,1.05434683602621e-07,5.20872319126861e-08,2.52975634981205e-08,4.7943492456753e-09,1.39594620337224,176.255551777616,8.70869057354168e-05,51.7016665502291,3.09261281450167,0.418136026114431,161.09288242251
1565,1.50943420685559e-07,0.000414836864755427,0.00126161279015868,6.08637524710169e-05,1.46483483630662e-05,2.5342207798047e-05,5.13091577435094e-05,0.000112309795454096,0.00115444397623013,1.39526810481307e-19,0.00380610344609822,2.92981868646818e-05,0.000441811117444192,0.000309916471393515,7.41512354208776e-07,8.37213277512953e-05,0.000424983868543178,1.30335641534328e-06,4.98084758181804e-06,0.00325367247709625,0.0985955234290428,6.2309222145954e-12,0.0105451620393996,0.00647804235093614,2.61685371827308e-05,0.000121750362087207,3.38504202340475e-10,5.71699266695647e-15,0.000891641221372796,0.00662065056074525,0.0207640844564108,1.03912717367538e-05,2.11203119019541e-05,7.62372386727397e-06,1.57149124662409e-06,0.000254185676450695,6.80922646071285e-06,0.000763015835389138,0.00228253384148756,1.55952324498856,2.75552219043019e-05,0.00853622530377881,0.000104197195742509,0.00601690181098704,0.000347830914038481,1.12062957509284e-09,0.000842748004228087,2.77070104402288e-05,0.00778037945978517,0.000115974099373246,0.00580888772614063,0.000144884901322273,0.0028005262284028,0.000166278245007709,3.67628555775424e-05,9.8190769941197e-05,0.000322693218353223,2.14642805160686e-12,0.000538064210316052,0.000437291034208999,0.000553200717094852,0.00744940994588882,3.20156905543915e-06,7.96606862610594e-06,4.08848633105998e-09,3.91332931618335e-06,6.31457711744352e-10,1.52200588576883e-05,0.000912342923985099,0.012900723426028,8.77518265224439e-08,4.53190835361064e-08,2.16366583349068e-08,2.83864407579639e-09,1.29115865027232,163.024866887019,6.85094048781718e-05,47.8206611136835,2.8043193169388,0.340004115273416,145.505169409452
1570,1.25835993929334e-07,0.000353836823898991,0.00107924470543988,5.14654597426791e-05,1.25845534957829e-05,2.16941332754275e-05,4.66633646889542e-05,0.000101861447906419,0.00101651116099299,1.14987284970113e-19,0.0035389811970288,2.68670923274505e-05,0.000405764245199038,0.00028596299261349,7.16740680069813e-07,7.67415463630275e-05,0.000387330320891926,1.09441584750881e-06,2.66882908382536e-05,0.00298195771120691,0.0923177173408038,7.00253298775718e-12,0.00977036302347432,0.00599395763739206,2.22988611766565e-05,0.000105597491906869,2.62621941928204e-10,1.22238177420652e-14,0.000778372568329457,0.00603018746738007,0.0194600343384035,1.01455758281527e-05,1.94099074310635e-05,7.62430549558409e-06,5.81742088635925e-06,0.0002323962607034,1.93921559086646e-05,0.000717022187427526,0.00213687899423501,1.385208072097,2.10359530087033e-05,0.00795608540104647,0.000102761740462796,0.00557168475610069,0.000328096501812147,8.62139526297806e-10,0.000820313187096402,2.08798727895546e-05,0.00724775018246933,0.000101997241939026,0.00541698961487375,0.000130734395329556,0.00259393571464178,0.000144981724635697,5.31663036991588e-05,6.55171051783652e-05,0.000296317043825463,1.93120683043209e-12,0.000496904380319786,0.000393862934807894,0.000522584655715842,0.00617361295841716,2.48306028601869e-06,6.00029220870134e-06,3.48509099339014e-09,2.94829736562196e-06,5.96462563791051e-10,1.14556680834705e-05,0.000800176155462498,0.012347396745618,7.45913014740612e-08,3.9945890409229e-08,1.86558145500066e-08,2.51902017507517e-09,1.21406736749135,153.291169334423,5.59857793905561e-05,44.9654398393166,2.57821307569607,0.281716746117794,133.198149033374
1575,1.60471854311549e-07,0.000473106697574101,0.00144683957435136,6.79015852296343e-05,1.69306003243024e-05,2.90730375823102e-05,6.69798166708971e-05,0.000145807391179351,0.00140837852357613,1.49644075855356e-19,0.00517737275951212,3.88786243744189e-05,0.000588081518406983,0.000416365370628492,1.07611567761203e-06,0.000110872319080915,0.000556758143829421,1.4503410792205e-06,7.39307240181254e-05,0.00429995462545529,0.135868649380816,1.43465551296435e-11,0.0142197403681722,0.00871941462182574,2.9784192378988e-05,0.00014142901432875,3.07020869726926e-10,1.03488323784588e-13,0.00106742565958379,0.00863606043827074,0.0286540477866091,1.55168222238627e-05,2.82202344752196e-05,1.18311860983367e-05,1.44942301155858e-05,0.00033536733007116,4.67327979495355e-05,0.00105864331382033,0.00314518948197232,1.95192213210349,2.38618046487185e-05,0.0116640405701449,0.000157814140135196,0.0081375030340974,0.000486027699310544,1.00056995022025e-09,0.00124563887234764,2.53301035693144e-05,0.0106193315265352,0.000140027137513877,0.00797870003040064,0.000186905928948898,0.00378074345192789,0.000197555806832181,0.000111303398802713,6.00939338481899e-05,0.000427675518790957,2.74001073643262e-12,0.000718600031358522,0.000558522662782319,0.00077965666572484,0.00792164840777091,2.90390128893361e-06,7.27125235297795e-06,4.60256938953851e-09,3.57784550368749e-06,9.03807638652033e-10,1.37855272122062e-05,0.00111463957300672,0.0186827072065969,9.98740830907874e-08,5.50977445322744e-08,2.50062837980118e-08,3.27997450878314e-09,1.79363881101461,226.469353415497,7.2606151663602e-05,66.4310532451171,3.71605988361743,0.367699644342856,191.096518180949
1580,1.529825216802e-07,0.000484070483615879,0.00148281942356465,6.8032121763914e-05,1.74157624845458e-05,2.97692389648299e-05,7.38697172450236e-05,0.000160357976762163,0.0014971080748864,1.4533750441693e-19,0.0058035328021538,4.32093780514575e-05,0.000654346086413168,0.00046535080966107,1.23172565456857e-06,0.000122882056634108,0.000614792817207913,1.47762773134566e-06,0.000123954164895662,0.00474985485640019,0.153111235265142,1.52528207297327e-11,0.0158346396786959,0.0097121613293141,3.0452644686101e-05,0.000142141318350608,2.59214627388194e-10,1.15728130803301e-13,0.00112359137242573,0.00946870234010573,0.0322946168790185,1.81187371716673e-05,3.15937673304619e-05,1.39487012080646e-05,2.26713255598453e-05,0.000371845858167283,7.19147339469744e-05,0.00119644566307694,0.0035453773642723,2.12387026623253,1.88002603574826e-05,0.0130998324851038,0.000183732769728736,0.00912417737100046,0.000550893764884592,8.35460308681374e-10,0.0014402321300222,2.37031321420866e-05,0.0119194170866371,0.000145848434686061,0.00903184196476401,0.000206316882135545,0.00422243708958131,0.000204695764167658,0.000167233194611378,2.89283895612462e-05,0.000472787365944512,2.98705210363956e-12,0.000793961818793444,0.00060814178416352,0.000894441402938825,0.00766213411047621,2.44737713663928e-06,6.79385620559508e-06,4.56172008426654e-09,3.34788589493114e-06,1.05404707797606e-09,1.27100637885307e-05,0.00118408103033344,0.0217285684469018,1.02651583242971e-07,5.78591900130492e-08,2.53071466897197e-08,2.58952925287966e-09,2.02844764325104,256.116960794177,7.26386279678333e-05,75.1276887524046,4.0926901253128,0.368670724572629,209.441418649699
1585,2.40862729222809e-07,0.000836784299761422,0.00256327971290778,0.000113939547171107,3.02472445911574e-05,5.1410077247622e-05,0.000137792074515596,0.000298274772145151,0.00269180235673253,2.50779599274447e-19,0.010976286601882,8.11945819924225e-05,0.00122977673249737,0.000878290939186724,2.36990797377999e-06,0.000229935936297234,0.0011484768880539,2.55020330139249e-06,0.000314973594876741,0.00884874715867873,0.291002786661633,4.95528379282693e-11,0.0297151610893247,0.0182417425568714,5.24008750072988e-05,0.00023522871652928,3.2610887483041e-10,4.5603547648497e-13,0.00200570464444347,0.0174986892251063,0.0613711412107823,3.55550000621207e-05,5.99686168562523e-05,2.7552005603309e-05,5.45682133262526e-05,0.000697297271297638,0.000170726688801499,0.00228013389609365,0.00674183741369208,3.92691741019688,2.02686383661842e-05,0.0248201886067623,0.00035736358694501,0.0172867569163236,0.00105247372967475,1.05696688259987e-09,0.00279752779960342,3.7233521602638e-05,0.0225721760636037,0.000253194569303142,0.017288902457346,0.000387396863746674,0.00795644814709513,0.000354797546637066,0.00040360474677576,1.61513878938362e-05,0.000882162435682982,5.51843771193111e-12,0.00147786967975244,0.00112120602326776,0.00173685640392693,0.0122791273830092,3.10138604654245e-06,1.06506007750483e-05,7.39073937854607e-09,5.252187567298e-06,2.08227117678029e-09,1.94920665800065e-05,0.00208779934123167,0.0427340177637605,1.7830665440185e-07,1.0157838834402e-07,4.22737877780961e-08,4.84332757836993e-09,3.86839247567264,488.433171850489,0.000123701294305573,143.273817225018,7.59060579053663,0.626638278601652,386.490130978272
1590,1.6353590709688e-07,0.000636911808561941,0.00194649389475068,8.28630835427657e-05,2.31189329694636e-05,3.90163752420587e-05,0.000112912362473574,0.000243708609507545,0.00212933464523824,2.80187574281787e-12,0.00910061382410898,6.70174178580217e-05,0.0010134779969287,0.000726677745485307,1.98803735738731e-06,0.000188622903470873,0.000942971370429074,1.93900771090887e-06,0.000329938831976903,0.00722176632650357,0.242425476480911,1.45330170527105e-11,0.0244210838867474,0.0150126299076459,3.93702448603672e-05,0.000165624170017288,1.3548005450765e-10,1.10060328201669e-17,0.00158290775997217,0.0141599226962738,0.0511110490365847,3.04318833018628e-05,5.0147755105276e-05,2.36781108564883e-05,5.45026961498569e-05,0.000574381146585752,0.000168338433366953,0.00190450520537812,0.00562068157004806,3.20298035474896,4.04097670665576e-06,0.0206140460756661,0.000301886358863018,0.0143718152685958,0.000880844139737227,5.03059249298012e-10,0.00237602135905354,2.52126701335979e-05,0.0187414811010651,0.00018974129229362,0.0145287060733446,0.000321579377871262,0.00657214241675824,0.000266971544066636,0.000411264849800876,7.16836258546191e-05,0.000722395429058386,5.93594568519e-09,0.00120547177210708,0.000910660051650104,0.00148251932528164,0.00844123705479414,1.25267695797944e-06,7.19286703166209e-06,5.01805865943525e-09,3.54266425813816e-06,1.76613401470082e-09,1.27019963729652e-05,0.001568744941979,0.0369056231370965,1.36300117793013e-07,7.73692694302756e-08,3.01601894929209e-08,5.83609075170895e-09,3.23348849944154,408.268639279467,9.35493140786792e-05,119.758871454693,6.16468570857703,0.47061231245152,312.278462062992
1595,6.66548807109336e-08,0.0002405063712046,0.000733383361573409,3.12178725263137e-05,8.80291606096769e-06,1.47183395941613e-05,4.57381111821745e-05,0.00016960881242219,0.000835830916408399,6.7116242746878e-44,0.00372687855419065,2.80630854627135e-05,0.00041710838186757,0.000296863100255932,9.18851683103632e-08,7.59115245953801e-05,0.000383729866541895,6.94972342223041e-07,0.000160848878102369,0.00290873919439962,0.0997803657898881,9.37292897362524e-12,0.00991287450651781,0.00611379656434278,2.16852554657777e-05,5.49171317959573e-05,2.00024231083575e-10,2.06759059747776e-16,0.000624258383651717,0.00565429007910695,0.0210351578292634,1.06114652266537e-05,2.23923963724212e-05,5.49897554124152e-06,1.32360861373075e-05,0.000234545286993438,8.02415485985008e-05,0.000794598117731599,0.00231881100553015,1.29722963415028,6.50561785066889e-07,0.0084470052536406,0.000126888099141207,0.0059068692252471,0.000365609060504429,4.86566895013287e-10,0.00101699815775358,1.21546240231568e-05,0.00772969351204082,7.37324413402971e-05,0.00604062739736936,0.000126980568621229,0.0026973918941686,0.000104343097307805,0.000227242705863764,9.50660757144305e-05,0.000314665111833054,1.9084600599221e-36,0.000457750506296816,0.000375079589110885,0.000609427364290301,0.00421029816927488,1.85950397515702e-06,3.34125473344049e-06,1.2692115725569e-09,1.73043906257261e-06,2.79972463098195e-10,5.58250062653655e-06,0.000907750064098243,0.0145676944786426,4.78886198061371e-08,3.44381954777164e-08,1.25110374871814e-08,5.59822219956814e-09,1.33518657275096,168.584064003508,3.55923629106045e-05,49.451353858941,2.47219401269943,0.176690681893231,124.591296036907
1600,4.22337536036456e-08,0.000157712646417893,0.000477213960844762,1.94496822230426e-05,5.80019944014382e-06,9.59590222656378e-06,3.17714427340054e-05,0.000117668039843651,0.000564694632026881,1.98653151553441e-42,0.00261178940489378,2.01998734289149e-05,0.000289620250217262,0.000206878387846027,1.55451079969814e-07,5.23280894297838e-05,0.000267511748386308,4.66595628552565e-07,0.000134436648739777,0.00200254957592797,0.0703022150675054,2.19828014634334e-12,0.00687998107168412,0.00425575948407953,7.86711269849994e-06,2.95225524853351e-05,6.65836785090982e-11,2.64226814348792e-16,0.00042777623698222,0.00385753020075582,0.0148175690424885,6.6442284791772e-06,1.66504683011014e-05,2.52235928239849e-06,6.62402169607237e-06,0.000164115989417843,6.36969312458777e-05,0.000560667177188757,0.0016371964023287,0.902900627688638,2.27353693541543e-06,0.00592612054550886,8.86858427857198e-05,0.00415355329817936,0.000257105032536305,1.08230117328734e-10,0.000737679931752083,4.40363793727421e-06,0.00544637506242662,4.66664293794866e-05,0.00429471157476043,8.83539764558137e-05,0.00188958526557971,6.71773408981089e-05,0.000190773078098056,9.37359242566856e-05,0.000222950937710809,1.15848076865827e-39,0.000305519204094102,0.000263163980387574,0.000435055058146538,0.00205412642417446,6.46192862533094e-07,1.23574479845458e-06,3.98281732427565e-10,6.81255701997472e-07,8.15565955244845e-11,2.74974748662565e-06,0.000297446110849286,0.0112104267983598,3.22563519381705e-08,1.94731188416467e-08,5.68529961779048e-09,1.52985996608549e-09,0.944005159268371,119.19248745878,2.37492155350947e-05,34.963149264269,1.6977543425044,0.11550458916345,85.1361018785381
1605,2.88229499546473e-08,0.000115955947135035,0.000346358850112027,1.301581896718e-05,4.27576669672047e-06,6.98912208032173e-06,2.43119969338823e-05,8.99323423341233e-05,0.00042266229386338,1.69220051331304e-42,0.00201408471504835,1.58317607554313e-05,0.000220810533423467,0.000158267473305414,1.77302105554214e-07,3.97015715903341e-05,0.000205568756292567,3.4390090599677e-07,0.000120496875802886,0.0015149996804827,0.054539543533451,1.72697818879378e-13,0.00525221974334559,0.0032579172866753,4.34724099210359e-06,1.60708091584372e-05,1.12037420829512e-10,4.80212923593515e-16,0.000328391529517645,0.00289115593968504,0.0114930639692784,4.77197698787207e-06,1.34133182284261e-05,1.55530897393927e-06,4.57485231451567e-06,0.0001263729476175,5.38791152622413e-05,0.000435881896924551,0.00127268474469405,0.693630664027639,3.90148279731665e-06,0.00457653829087082,6.74022466303062e-05,0.00321156048199393,0.000199449240912688,3.87825177865237e-11,0.000586701215529954,1.73246624394803e-06,0.00422009347370932,3.10194227163927e-05,0.00335521486416878,6.91320350927631e-05,0.00145434030207223,4.62397331986478e-05,0.000167419382393567,8.60860864411407e-05,0.00017196565118726,8.98955704530396e-40,0.000229248081653664,0.000203501644787044,0.000344692359163553,0.00107143006751781,1.07204407409253e-06,4.98396838428441e-07,5.58027388166749e-11,3.01434175695905e-07,1.71260177776046e-10,1.55185917954279e-06,0.000109208169837965,0.0092548913806553,2.37009051736158e-08,1.20969201120563e-08,2.40968939396954e-09,3.86587779887608e-10,0.735109087376594,92.8167392585119,1.79726165021935e-05,27.2262584258033,1.28519067257901,0.0850203544117645,64.1456775489991
1610,2.4961638517648e-08,0.000106711132513478,0.000313269978937928,1.05253799487984e-05,3.94022266747978e-06,6.35684855878674e-06,2.27765602165096e-05,8.41551488344009e-05,0.000390050338876957,1.67307199709241e-41,0.00190034765090793,1.51160534028925e-05,0.000205437575798463,0.000147698816503622,1.77556048375246e-07,3.68028843255126e-05,0.000193607136648623,3.11870461253292e-07,0.00012970999448439,0.00140012123290394,0.0518169313282962,5.03990541091438e-13,0.00490594801577088,0.00305125341883153,3.57451018839904e-06,9.22090471409294e-06,1.35577538291844e-10,2.46882560551312e-15,0.000314574644079743,0.00264686581551823,0.0109189251963575,4.24707091055969e-06,1.31529413125555e-05,1.34636263843594e-06,4.4015917022053e-06,0.00011907088192631,5.44039913961279e-05,0.000415202321974354,0.00121173940243001,0.653084520747144,5.97420005738459e-06,0.00432547284210726,6.20935439504779e-05,0.00303439604267997,0.000189607793407934,1.20881748693862e-10,0.000571264626904895,1.23475837361508e-06,0.00400198896363809,2.38948594072109e-05,0.00320008521775237,6.72124099303664e-05,0.00136852437751706,3.79973690859864e-05,0.000174809381814971,9.18031063400908e-05,0.000161946258185263,9.02883764642027e-40,0.000213444659738768,0.000193687785788331,0.000335565777117277,0.000639055559614609,1.29221560660457e-06,3.62565138133532e-07,4.15163768956295e-10,2.36199388509065e-07,2.11584076198805e-10,1.39713776866845e-06,7.05333457343617e-05,0.00923138236351993,2.13043168265995e-08,8.84243063445947e-09,4.91036610316953e-10,6.03069386786372e-11,0.701289768783722,88.5466303802573,1.72172001695318e-05,25.9736921276967,1.19379377618992,0.0787663050348739,59.3332103575861
1615,2.15307132150408e-08,9.25703017050753e-05,0.00026624731673681,7.8141952803009e-06,3.419634806237e-06,5.44458493488925e-06,1.9598365063103e-05,7.23323368100758e-05,0.000333359629853114,1.07291236566669e-40,0.00164664602737426,1.32379418535817e-05,0.000174923811023132,0.000126080176524291,1.52062693724161e-07,3.12404743152668e-05,0.000167674018075862,2.62508213855193e-07,0.000126388900302342,0.00118616163192934,0.0452659531955107,2.32419808205943e-13,0.00421033845472578,0.00262517972772353,2.86216880949056e-06,3.34493963982234e-06,1.37997505926966e-10,4.47029553288451e-15,0.000282384087335213,0.00222178931232872,0.00954075949978957,3.44254672303775e-06,1.18409101992161e-05,1.11394257486458e-06,4.0017808337705e-06,0.00010301478902477,4.94718292870258e-05,0.000363805623275093,0.0010610371513075,0.564841813752513,7.18091233953178e-06,0.00375531203519392,5.19611188240048e-05,0.00262788684573967,0.00016574062180462,1.59412597932396e-10,0.000512460081367786,1.46599453520246e-06,0.00348838989686181,1.56160233106835e-05,0.00279411207440471,6.07148704686649e-05,0.00118227819903303,2.79749221382884e-05,0.000164538724397464,8.83062704488674e-05,0.000140369747488099,9.35412090197169e-40,0.000184403760196909,0.000170679009519767,0.000300509682226649,0.000301646660488537,1.31425895207126e-06,4.2768174487536e-07,7.06868250207491e-10,2.70036760299244e-07,1.98546622387589e-10,1.50775503149419e-06,7.90207246362137e-05,0.00839953366988595,1.76673097772942e-08,5.39515067830155e-09,1.17606375862864e-09,1.28506192749659e-10,0.615400823497297,77.7020782191068,1.56823530874589e-05,22.7926214864228,1.02257969181165,0.0691843140258178,50.6446810282564
1620,2.48484063969949e-08,0.000100003550830346,0.000281399926348046,7.1339247311467e-06,3.6929838368249e-06,5.80898548032927e-06,2.04152365502809e-05,7.52676321141961e-05,0.000348140675183612,9.38179116015283e-36,0.00172801690686354,1.40472270051677e-05,0.000179581640216488,0.000129681877972785,1.62626364452024e-07,3.19803324934464e-05,0.000176008194893434,2.7241530889416e-07,0.000147376728980839,0.00121458301873118,0.047962418096727,1.57498094961685e-11,0.00438031754796543,0.00273726306746863,2.78392646716297e-06,6.16885554386336e-07,1.63780097247648e-10,1.40924377382237e-14,0.000312999324828984,0.00225529298935132,0.010115395952974,3.28925662521124e-06,1.29372630671294e-05,1.06877679934856e-06,4.25354242886761e-06,0.000107881664520541,5.35686045861061e-05,0.000386790345567764,0.00112718576585872,0.590855983936114,9.5106625597809e-06,0.00394952981754071,5.19477777061935e-05,0.00274902034190122,0.00017566273468537,2.14652448021635e-10,0.000559556890513743,2.53822494282177e-06,0.0036874944033952,1.06948381777375e-05,0.0029421978911384,6.702492259371e-05,0.0012370051199342,2.426608002813e-05,0.000184850849680901,0.000102245639159613,0.00014804890476308,9.38275167433654e-36,0.000194592735338557,0.00018381667538246,0.000325892720738928,0.000111038439359033,1.58911985264383e-06,7.31154427405617e-07,1.15341657308095e-09,4.38477128345131e-07,2.07627288475066e-10,2.19491138858982e-06,0.00013535195908339,0.00921951273556574,1.80425903561696e-08,3.09093357447129e-09,3.07614620358252e-09,8.56643708553846e-10,0.655304865325164,82.7404685731547,1.78659643788089e-05,24.2705497487943,1.06660381132731,0.0760445185013473,52.68711049016
