"time","H2SO4","HCOOH","CCO_OH","RCO_OH","CCO_OOH","RCO_OOH","XN","XC","SO2","O1D","ALK1","BACL","PAN","PAN2","PBZN","MA_PAN","H2O2","N2O5","HONO","ALK2","ALK3","TBU_O","ALK5","ARO2","HNO4","COOH","HOCOO","BZNO2_O","MEOH","ALK4","ARO1","DCB2","DCB3","CRES","DCB1","NPHE","ROOH","BALD","PHEN","CO","MGLY","ACET","HNO3","ETHENE","GLY","BZ_O","ISOPRENE","R2O2","TERP","METHACRO","OLE1","ISOPROD","OLE2","MVK","CCHO","HCHO","RNO3","O3P","RCHO","MEK","PROD2","O3","HO2","RO2_N","MA_RCO3","C_O2","BZCO_O2","RO2_R","NO","NO2","NO3","CCO_O2","RCO_O2","OH","CH4","CO2","NH3","Tracer","PM25","PM25_10","UFP"
0,-3.18766929395404e-08,0.000258950233460965,0.000467804527755692,3.59807843940335e-06,6.33549261025979e-07,1.19885595245091e-06,0,1.96945936087288e-09,-0.00010428489430706,3.6006174403913e-09,2.55095839966675e-05,2.02241940379063e-07,6.13260929522963e-06,4.28821552222824e-06,8.65020679537653e-09,1.318741547696e-06,1.5861786447812e-05,0.000488386142625664,-6.78050857825775e-05,1.64010368035636e-05,0.000867996932701647,5.59206004932095e-08,7.41097950346925e-05,4.93088374562931e-05,8.49343332467142e-08,7.79256369093089e-06,0,7.11952978960157e-07,-0.00019883899272518,4.06194492868914e-05,0.000188854858196129,1.52693582369865e-07,2.53729869542684e-07,-4.39327786191148e-07,4.27486061982849e-07,-7.11952978960157e-07,-1.49127622604977e-05,7.51705528908322e-06,1.92232557557125e-05,-0.00269480716086431,4.98557778940841e-06,6.03520207985378e-05,-0.00031414252598618,1.21054044937868e-05,5.03241813026636e-06,6.38631462039946e-07,1.7791576002913e-05,1.3406383078614e-05,4.65365705866648e-05,-4.68273995429009e-06,2.77870160541368e-06,6.24013038998102e-06,1.55062557777739e-05,-9.83938532735178e-06,3.44551800031997e-05,0.000119536457641878,-1.61026549021324e-05,3.97278480439678e-05,4.30752825368788e-05,-4.80033054748053e-05,2.19220686231828e-07,-7.90450750485694e-05,8.41894385982961e-06,4.10646440354463e-06,9.79081600195956e-08,2.33233496187613e-07,5.3775240703911e-09,1.21141025910882e-05,-0.000387551246765557,-0.00115557361638296,-0.00082870136711855,8.51935742814258e-07,4.94368119317877e-07,-1.99615310767928e-05,0.012455600600461,-3.03830758901093,-0.000532759487096298,0.461318540757816,-0.147232725276017,-2.14755151184011,-17.1109839325035
5,-5.1343695193079e-08,0.000178017989092798,0.000341300306065451,2.63961641967817e-06,4.57188806632528e-07,8.66912868521813e-07,3.2320348264508e-08,1.02108270704513e-07,-8.04348770811259e-05,-2.06092048307302e-22,2.44612428953026e-05,1.52977543038112e-07,5.02188127525683e-06,3.54659387558309e-06,7.76658541715014e-09,1.09468944006765e-06,1.04717256937576e-05,-8.95754788815444e-07,-3.9673303413889e-05,1.58180065352441e-05,0.000829854107630631,1.36001866457013e-14,7.13275811480868e-05,4.76656909433088e-05,1.55014600652365e-07,7.40743969257852e-06,1.30461876910132e-12,1.87810229146947e-15,-0.00014400667361008,3.91746116194727e-05,0.000180544274962578,9.00998489074166e-08,1.89418179278441e-07,-5.10777712125602e-08,1.00675517232553e-07,9.85623572522829e-08,-1.1335434077924e-05,7.06749169108116e-06,1.83823836927474e-05,-0.00252866832645927,4.05444575922543e-06,6.39414133731597e-05,-8.2228345475726e-05,1.22188554288647e-05,4.72795506200372e-06,9.22620785848894e-12,2.06839754146688e-05,1.27959387664254e-08,5.40542495891174e-05,-4.11447521214354e-06,4.20082994447251e-06,2.71261058678627e-06,1.92759137527535e-05,-8.58793523796365e-06,2.76770567109957e-05,9.27962641875726e-05,-1.68569260608722e-05,-2.90298776040955e-13,3.25408842086864e-05,-3.78353036582278e-05,1.58406465576176e-07,-1.20639485842796e-05,1.31411898226237e-08,4.14761970846270e-09,3.41505434232315e-11,2.16028235214216e-09,4.50604860362304e-13,1.00679375367496e-08,-4.68028822754675e-05,-0.00103577793064883,-1.53382521585775e-08,2.7749403265977e-10,1.50058075526293e-10,2.27515165319186e-11,0.0118955948257626,-2.89126761359995,-0.000145779976939905,0.4405776020441,-0.133422750079822,-1.24374380332513,-14.193471001649
10,-3.78157150982365e-08,0.000122395869778755,0.000249054967470435,1.94083607917166e-06,3.28745229638693e-07,6.25166802520553e-07,2.812509093143e-08,9.24123599468882e-08,-6.21753787777729e-05,-1.1808151618932e-21,2.34602432311835e-05,1.47681322493515e-07,4.04013841588678e-06,2.90446688292801e-06,6.90534284567219e-09,9.01402175258846e-07,6.81582407531254e-06,-1.89964626568174e-07,-2.30751974749748e-05,1.52442491098873e-05,0.00079332059068827,8.04132543432992e-15,6.83624028484982e-05,4.56303785107575e-05,1.74592283901868e-07,7.04336208619585e-06,1.9489647067013e-12,-1.90884065553377e-14,-0.000104405363028904,3.76171887084032e-05,0.000172546508333943,8.91303476476987e-08,1.77993912372485e-07,-3.96732559753305e-08,1.0896858064866e-07,1.6880262967062e-07,-8.63721599743819e-06,6.75586006647556e-06,1.74805445907811e-05,-0.00237964457713652,3.44299726956872e-06,6.92147973715365e-05,-2.1092672508337e-05,1.20453035519844e-05,4.5039543107385e-06,1.48084063038012e-11,1.95182407483502e-05,2.60261938647936e-08,5.11298403371056e-05,-3.60832954590499e-06,4.40996386005947e-06,2.642947847672e-06,1.83471786418681e-05,-7.27289405786619e-06,2.40806115757887e-05,7.51282249103226e-05,-1.40134732749449e-05,-2.14379446881954e-13,2.89939880650554e-05,-2.96787404273252e-05,2.49066292626275e-07,-5.09243278938182e-06,1.86331083995189e-08,8.34806425817502e-09,3.9976666487475e-11,2.94192096548665e-09,6.30586413550745e-13,1.84231800676394e-08,-3.07753402400476e-05,-0.000824113670825772,-1.88259661671029e-09,3.19789439885691e-10,1.7645262617328e-10,2.02108816387637e-11,0.011362841132914,-2.75306082247349,-3.99079661335813e-05,0.420846002375652,-0.120934227069304,-0.720416841976471,-8.7822780508529
15,-2.81388462124869e-08,8.41587676169816e-05,0.000181775537955349,1.43013279700447e-06,2.35179548336052e-07,4.49061400877574e-07,2.64368899169506e-08,8.99711173805527e-08,-4.81682238641643e-05,4.11596532311911e-19,2.25098901239515e-05,1.42445644845914e-07,3.23625559525953e-06,2.37349304991048e-06,6.23468611820412e-09,7.41785145811157e-07,4.33704104059426e-06,-1.64726235925566e-07,-1.32943901410047e-05,1.47029318361311e-05,0.000758557761744082,1.71562507927921e-14,6.55575123357441e-05,4.36981980161631e-05,1.70355027982956e-07,6.69828479732295e-06,2.54207307169024e-12,-9.69947428002048e-17,-7.57581186370102e-05,3.61452893309907e-05,0.000164938272500877,8.82469385083814e-08,1.67075347012175e-07,-3.06735453521818e-08,1.16762893705776e-07,2.25792527022289e-07,-6.56583694251058e-06,6.45913569816209e-06,1.66312467217934e-05,-0.00223993256697747,2.92345463435502e-06,7.53160540434e-05,-5.49231667574472e-06,1.18920759051654e-05,4.29090584816708e-06,1.5743414958044e-11,1.84094207070446e-05,3.45801381848072e-08,4.83871599401985e-05,-3.16286196375944e-06,4.62254860474934e-06,2.58158444688496e-06,1.74627298949642e-05,-6.1594712914454e-06,2.09483508229186e-05,6.27181113844483e-05,-1.16323212016169e-05,1.21532271166833e-11,2.58411523375483e-05,-2.32901960810763e-05,3.35433065750308e-07,-4.55521774300577e-06,2.29477909209209e-08,1.10505342852125e-08,4.52135887347007e-11,3.83198739290472e-09,7.84647080407418e-13,2.43356341671556e-08,-2.12857279187848e-05,-0.000651569213953619,-2.89480148550274e-09,3.55639257519981e-10,1.99840860384406e-10,1.02111879033486e-11,0.0108555770168654,-2.62258345569538,-1.09382638417044e-05,0.402058461766441,-0.109633583779373,-0.417347293494991,-0.548690219104762
20,-2.12067257235295e-08,5.78693790980223e-05,0.000132698708586624,1.05580751638955e-06,1.67001981424057e-07,3.20725319160552e-07,2.40035665846183e-08,8.50469570958466e-08,-3.74195399826684e-05,-3.15397510400703e-22,2.16062512422195e-05,1.37018244452469e-07,2.57445878128667e-06,1.93156485057169e-06,5.60267211479555e-09,6.09429061900189e-07,2.65775966934508e-06,-1.37457836063295e-07,-7.52770327376791e-06,1.41902867233764e-05,0.000725463186240559,1.28855222020214e-14,6.28978547230525e-05,4.18639974232207e-05,1.42201481738326e-07,6.37047422052625e-06,2.92992001452725e-12,-4.76031303179412e-16,-5.50321191630949e-05,3.47501657445613e-05,0.000157696839563313,8.69916874897563e-08,1.56348460330298e-07,-2.3708706614793e-08,1.21803534099883e-07,2.57546303899356e-07,-4.97496565890842e-06,6.17597470621464e-06,1.58455528928702e-05,-0.00210790660481632,2.48083994736229e-06,8.19875969106058e-05,-1.52528651884258e-06,1.17552678408497e-05,4.08764696063505e-06,1.41728116993126e-11,1.73696024585605e-05,4.23401546042315e-08,4.59092663196631e-05,-2.77183626404202e-06,4.83835462703662e-06,2.51717761034896e-06,1.66348228981384e-05,-5.21840015413405e-06,1.82118506582825e-05,5.39285240634604e-05,-9.69194414077445e-06,-1.52419433017927e-13,2.29905317184247e-05,-1.8287560239618e-05,4.14415525619913e-07,-6.64018914939019e-06,2.50784868036726e-08,1.34312001402408e-08,4.94149985028673e-11,4.82000061593719e-09,8.73309898922079e-13,2.94446638524907e-08,-1.5030012126946e-05,-0.000513314277255381,-3.48901331670626e-09,3.81427163855563e-10,2.17927283535663e-10,7.67370776902678e-14,0.0103724232019523,-2.49885861282131,-3.00996054318817e-06,0.384163892494879,-0.0994036147626548,-0.241810650967859,10.4429540515223
25,-1.61927558015333e-08,3.97940953185455e-05,9.68995225488597e-05,7.80393658287785e-07,1.17302034739094e-07,2.27145601200898e-07,2.10638015531229e-08,7.83736062515893e-08,-2.91688397765687e-05,-6.38246243075791e-22,2.0746051453885e-05,1.31322037865118e-07,2.02811184424518e-06,1.56222289318342e-06,4.93828937929698e-09,4.99337457821978e-07,1.5218842825987e-06,-1.07222347209336e-07,-4.12678895596824e-06,1.37029021152794e-05,0.000693955782828651,1.88091432318563e-15,6.03691549148291e-05,4.01219244408382e-05,1.06720620042988e-07,6.05843208407709e-06,3.10529850338987e-12,2.22499136862496e-16,-4.00368003335582e-05,3.34235837615421e-05,0.000150803710504828,8.52047354796386e-08,1.45732805347039e-07,-1.88200353207284e-08,1.23416665224044e-07,2.67488097596391e-07,-3.75285441679024e-06,5.90567910908758e-06,1.51186521192415e-05,-0.00198209628942576,2.103224205166e-06,8.89209755547664e-05,-5.22384746730985e-07,1.16302005243994e-05,3.89351344056997e-06,1.17397846334386e-11,1.63969512549929e-05,4.95846162638167e-08,4.36719560820512e-05,-2.42946426144037e-06,5.0534331794604e-06,2.44991437276067e-06,1.58602007250348e-05,-4.42388657735961e-06,1.58200696029573e-05,4.75528655112e-05,-8.11590923868142e-06,-1.2314106719278e-13,2.04131476918291e-05,-1.43714622720291e-05,4.84326242537686e-07,-9.60948567733116e-06,2.52586670271341e-08,1.55705646276532e-08,5.21689776481886e-11,5.8732121746612e-09,8.94494977123043e-13,3.37637152478109e-08,-1.07401494180165e-05,-0.000403095662157877,-3.51053227641188e-09,3.94462572466893e-10,2.28948583726113e-10,-7.23690186395736e-12,0.00991233361107067,-2.38102127756451,-8.40167513337759e-07,0.36712354898928,-0.0901411717616797,-0.140131482015177,23.7255153269343
30,-1.25172121057776e-08,2.73682850678746e-05,7.07899930554735e-05,5.76794111066688e-07,8.10449764700512e-08,1.58842631022606e-07,1.7956424721946e-08,7.09844821002782e-08,-2.28337858962043e-05,-3.60059515294706e-19,1.99265987096643e-05,1.25399243319508e-07,1.57661648042293e-06,1.25283750880756e-06,4.23886912419399e-09,4.0749631973257e-07,7.5566037442539e-07,-8.02067362114943e-08,-2.1224316655518e-06,1.32377160543682e-05,0.000663973058131182,2.25505967330543e-14,5.79582353073865e-05,3.84660434179636e-05,7.26699915390566e-08,5.76085585748821e-06,3.08844944965853e-12,1.57019132362233e-15,-2.91891454592756e-05,3.21580432543989e-05,0.000144244008448659,8.29361424670058e-08,1.35301994152666e-07,-1.56393504912158e-08,1.22024816996845e-07,2.62217220741872e-07,-2.81415245956211e-06,5.647874205231e-06,1.44426719480882e-05,-0.00186116094689482,1.78094111138152e-06,9.57551018652766e-05,-2.70054967998326e-07,1.15119921948596e-05,3.70822867110505e-06,9.15309991490325e-12,1.5487661134719e-05,5.63147382683558e-08,4.16340663788549e-05,-2.13028146667428e-06,5.26271008159599e-06,2.38091457813805e-06,1.51339928684028e-05,-3.75363749909146e-06,1.37306215598616e-05,4.26970425729138e-05,-6.83047498649437e-06,7.19412122915741e-11,1.80936687955157e-05,-1.13072787961922e-05,5.44841731792506e-07,-1.26028161683631e-05,2.38486647717523e-08,1.74776663037928e-08,5.31459640034662e-11,6.93374862296243e-09,8.65814230272412e-13,3.72689919070185e-08,-7.71924747202308e-06,-0.000315570831192774,-3.19564552421932e-09,3.9305542126164e-10,2.3168828500714e-10,-1.21622176651622e-11,0.009474550854784,-2.26830533049785,-2.47885206730465e-07,0.350909379577511,-0.0817552045408366,-0.081232856882058,38.4541828341181
35,-9.78336211298632e-09,1.88297740240972e-05,5.17551191419023e-05,4.25432766958712e-07,5.45613816762425e-08,1.08908361426741e-07,1.49502451566527e-08,6.37023814987646e-08,-1.79681891295914e-05,1.56025089709453e-22,1.91457176596452e-05,1.19347039993836e-07,1.20347568363855e-06,9.93387183240031e-07,3.53586387154789e-09,3.30625481434973e-07,2.41168251037704e-07,-5.8759842121187e-08,-9.44832160521477e-07,1.27920034353776e-05,0.000635469160093873,1.12542604336023e-15,5.56533192311978e-05,3.68909923659457e-05,4.39641177872848e-08,5.47661803066146e-06,2.91305652125898e-12,-7.53731263411221e-16,-2.13447071512598e-05,3.09469058895747e-05,0.000138006266582653,8.03265558978732e-08,1.25190791923673e-07,-1.36477308177392e-08,1.18505990224234e-07,2.48040220926401e-07,-2.09368649825504e-06,5.40237839693087e-06,1.38102635576903e-05,-0.00174387068238176,1.50600253450019e-06,0.000102081098140561,-2.04672080690186e-07,1.1395882127864e-05,3.53176184554522e-06,6.67690189013611e-12,1.46380353162727e-05,6.23577385465045e-08,3.97571338010708e-05,-1.86927086542748e-06,5.46105781465455e-06,2.31098105620758e-06,1.44516067145525e-05,-3.18860128038848e-06,1.19072681943504e-05,3.86947348839609e-05,-5.77410222598183e-06,-1.12301814334753e-13,1.60190596404699e-05,-8.91124152564307e-06,5.96417752806201e-07,-1.52312821815353e-05,2.12945759212556e-08,1.91194153734009e-08,5.21998763562917e-11,7.92955480343934e-09,7.96917992382924e-13,3.99381735862214e-08,-5.58064938824822e-06,-0.000246310296057733,-2.74594030670949e-09,3.7669386463736e-10,2.25707123591145e-10,-1.28939644099589e-11,0.00905856648487527,-2.16003222223477,-8.87204108634693e-08,0.335502553712323,-0.0741651017985528,-0.047118467672022,53.4628845056406
40,-7.72018996440978e-09,1.29673542653257e-05,3.78883244976501e-05,3.12173190637849e-07,3.51763522343008e-08,7.23073892089527e-08,1.22072824201221e-08,5.70293821620653e-08,-1.42300087447419e-05,8.03421667885691e-22,1.84016899780304e-05,1.13268033158533e-07,8.95223562691186e-07,7.75703702936042e-07,2.86570016353354e-09,2.66026000677906e-07,-1.01634113298105e-07,-4.28692114177095e-08,-2.59046533662455e-07,1.23633578612538e-05,0.000608413130534203,-1.40064005423439e-15,5.34441862222528e-05,3.53923839321666e-05,2.17371390082192e-08,5.20475120699829e-06,2.6141416416967e-12,1.61050194709345e-15,-1.56757784126823e-05,2.97844261214926e-05,0.000132082257653423,7.7518061275978e-08,1.15530480792384e-07,-1.23682259627832e-08,1.13729769566681e-07,2.29623477962899e-07,-1.54169360747877e-06,5.16912386974742e-06,1.32160331463379e-05,-0.0016290913225837,1.2716303084186e-06,0.000107452500187579,-1.84115839003204e-07,1.12773747078806e-05,3.36417681195369e-06,4.7366481093442e-12,1.38453705521826e-05,6.7285776529765e-08,3.80128616069104e-05,-1.64197418827008e-06,5.64371862932095e-06,2.24024652460504e-06,1.38094228562094e-05,-2.71268283601821e-06,1.03183569050842e-05,3.50467967484112e-05,-4.89926124836273e-06,7.8962220587424e-14,1.41743120407198e-05,-7.03954220466836e-06,6.39746607727938e-07,-1.73030445620846e-05,1.80774201303848e-08,2.03897169404613e-08,4.95210384003341e-11,8.78068811822011e-09,7.10451643352692e-13,4.16854117987129e-08,-4.052080098207e-06,-0.000191754238294032,-2.29056183272842e-09,3.47796967901141e-10,2.1210378131564e-10,-1.32807806770744e-11,0.00866408560487554,-2.05560104214023,-4.92201046827254e-08,0.320892150496338,-0.0672992956454112,-0.0273628002705941,67.348470245614
45,-6.13995181026451e-09,8.94857991449862e-06,2.77993402754417e-05,2.26825269417551e-07,2.09404145860843e-08,4.53695342804429e-08,9.79166282212741e-09,5.11737145035034e-08,-1.13569401509767e-05,-5.31347279771493e-20,1.76931991169109e-05,1.07258377942897e-07,6.40803339951992e-07,5.93033432456203e-07,2.25982659193384e-09,2.11466576717159e-07,-3.27058331960278e-07,-3.15490412631975e-08,1.31577260919148e-07,1.19496685399548e-05,0.000582786941124653,-2.26042496593528e-13,5.13221079389868e-05,3.39667934192739e-05,5.72587983931007e-09,4.94442905375872e-06,2.23132459828229e-12,-6.65016722352689e-15,-1.15836474969378e-05,2.86656863227069e-05,0.000126466652896543,7.4631858915006e-08,1.0643454630068e-07,-1.14110633116756e-08,1.08447953065905e-07,2.09841528237574e-07,-1.12020049917041e-06,4.94813050963481e-06,1.26566963862105e-05,-0.00151577179407513,1.07201108408461e-06,0.000111400640204699,-1.73600084713748e-07,1.11522408994352e-05,3.20556642354125e-06,2.70665599152795e-12,1.31079249218983e-05,6.9852581414181e-08,3.63835914033142e-05,-1.44447886593804e-06,5.80626725568181e-06,2.16827539499865e-06,1.32047288736777e-05,-2.31233124788927e-06,8.93614895722793e-06,3.13791093269129e-05,-4.17037171670219e-06,7.73768104779982e-13,1.25421477299348e-05,-5.57964121807258e-06,6.75575732306684e-07,-1.87374750875701e-05,1.46567019954219e-08,2.09342617230607e-08,4.53074598633634e-11,9.3458673888174e-09,5.81967406766924e-13,4.20418020832977e-08,-2.9289062007253e-06,-0.000149054253389497,-1.88750885686798e-09,3.08640020732041e-10,1.91813521039821e-10,-1.05903757553942e-12,0.0082909944917123,-1.9544796483806,-4.38798751872186e-08,0.307073959175058,-0.0610940432751365,-0.0159298393162129,78.579982058979
50,-4.91105751557881e-09,6.20108677903921e-06,2.04740077300129e-05,1.62038425162495e-07,1.0433029146803e-08,2.54194555705867e-08,7.7068395068071e-09,4.61614840506351e-08,-9.14774140688973e-06,-1.00729512685686e-21,1.70192845110103e-05,1.01406169440698e-07,4.3103879545619e-07,4.39748145123738e-07,1.7398519995367e-09,1.6510122448667e-07,-4.71963590158171e-07,-2.36257031284287e-08,3.42486734683272e-07,1.1549106089323e-05,0.00055858372153482,-5.87948517014981e-16,4.92798057265805e-05,3.26117125230271e-05,-4.87959991398945e-09,4.69494818643451e-06,1.85726132148399e-12,-2.56383314320118e-17,-8.63506551345868e-06,2.7586549621525e-05,0.000121156697288145,7.17596571864757e-08,9.79916786564947e-08,-1.04897827071124e-08,1.03240943902098e-07,1.90251767620081e-07,-8.0025118874576e-07,4.73948696628645e-06,1.21305723267276e-05,-0.00140293143204838,9.02185574568341e-07,0.000113454557055191,-1.65004668874528e-07,1.1016530805109e-05,3.05606307702984e-06,1.67734144394554e-12,1.24247172662635e-05,6.86254316824602e-08,3.48595313303595e-05,-1.27338398382423e-06,5.94458872754892e-06,2.09427783913278e-06,1.26355464518692e-05,-1.97616312313949e-06,7.73628634426088e-06,2.74122354627583e-05,-3.56078952750547e-06,-1.50269478926948e-13,1.11042677180759e-05,-4.44346685114632e-06,7.04583131794238e-07,-1.955183259277e-05,1.14305097485312e-08,2.03475984255061e-08,4.01416862080525e-11,9.45841824352735e-09,5.46861353410275e-13,4.04552770116043e-08,-2.09034805599823e-06,-0.000115902247016933,-1.55490029636251e-09,2.64387844253063e-10,1.68183457437084e-10,-9.62741012097307e-12,0.00793933196941525,-1.85619678801089,-4.91991645633478e-08,0.294049418722373,-0.0554924125409632,-0.00932224694991012,85.6297153541511
55,-3.94056716572776e-09,4.33140094798452e-06,1.51726663985476e-05,1.12498769512959e-07,2.61990764601772e-09,1.05079876151588e-08,5.92705107844508e-09,4.19310247589349e-08,-7.4480387542226e-06,1.8675957545767e-24,1.63793045409292e-05,9.57833761367526e-08,2.58319364980113e-07,3.11146302197e-07,1.31510777049369e-09,1.25408766658675e-07,-5.61361936910603e-07,-1.81209068716145e-08,4.41402446284292e-07,1.11601176277544e-05,0.000535806217271486,-8.73630380113026e-16,4.73114569352788e-05,3.13255224478656e-05,-1.09966073117009e-08,4.45571462378312e-06,1.49316377517423e-12,1.55998493249284e-16,-6.51656153611195e-06,2.65436396815454e-05,0.000116151931580305,6.89539900519884e-08,9.02592125759872e-08,-9.42792139926405e-09,9.84696209342301e-08,1.71598830342057e-07,-5.59735975597293e-07,4.54333239243188e-06,1.1637052007412e-05,-0.00128964658115757,7.5788433835131e-07,0.000113165140996989,-1.56681645848726e-07,1.08666083118161e-05,2.91580786094594e-06,6.37268185123791e-13,1.17953904044997e-05,6.26580531815154e-08,3.34360742880615e-05,-1.12576412479539e-06,6.05490305602718e-06,2.01727024762261e-06,1.21005303289839e-05,-1.69464705097596e-06,6.69728402368177e-06,2.29399771995485e-05,-3.05034048791003e-06,-1.26190396203005e-13,9.84246290645337e-06,-3.56214239608938e-06,7.27270952677253e-07,-1.98002987266578e-05,8.68908798240571e-09,1.83709865119278e-08,3.45455411949117e-11,8.99606412650905e-09,4.87991681095705e-13,3.65618465665696e-08,-1.45580032175944e-06,-9.04508201830129e-05,-1.28831415450749e-09,2.18785666825411e-10,1.43000607302024e-10,-7.61802810652319e-12,0.00760926406557396,-1.76033504789691,-5.87162625215247e-08,0.28182467905055,-0.0504434375790772,-0.00551372770000281,87.1237274616097
60,-3.16170172953204e-09,3.06850080699588e-06,1.1354815697165e-05,7.43540145776741e-08,-3.25297045039817e-09,-7.87129132012655e-10,4.41377823450425e-09,3.8382361888831e-08,-6.13918760022414e-06,-1.36463808752085e-18,1.5772903537501e-05,9.0450083369049e-08,1.16377168683059e-07,2.03302643235507e-07,9.87278504140142e-10,9.11349675125237e-08,-6.12271964410444e-07,-1.43090432585623e-08,4.6812663453596e-07,1.0781424489791e-05,0.000514465181551012,1.17575436181249e-15,4.54126450102958e-05,3.01073258753837e-05,-1.33984095866764e-08,4.22622863666716e-06,1.15409136393691e-12,-7.39299499294607e-17,-5.00087622463734e-06,2.55343039100913e-05,0.000111453841784594,6.62436007733211e-08,8.32753767305368e-08,-8.11440932298991e-09,9.43639891951276e-08,1.54139350596108e-07,-3.81685089454825e-07,4.35985455673223e-06,1.1176216578825e-05,-0.00117503692614383,6.35416537135786e-07,0.000110133371510524,-1.48388716340903e-07,1.06991600278904e-05,2.78493464877287e-06,-1.96560197364419e-13,1.12199242696378e-05,5.11396794665282e-08,3.21117839602322e-05,-9.99079042661624e-07,6.13370189799458e-06,1.93623276900082e-06,1.1598761802585e-05,-1.45975626229613e-06,5.80027737211622e-06,1.78148921511296e-05,-2.6232811564701e-06,-3.62391702001736e-11,8.73942470927303e-06,-2.88166006472091e-06,7.4403769563074e-07,-1.95398785868956e-05,6.62854910486875e-09,1.47841393478447e-08,2.8943786487545e-11,7.85102430364392e-09,4.52667629761751e-13,3.00506763106318e-08,-9.56460339887964e-07,-7.12322853245959e-05,-1.07876540732198e-09,1.75206847012483e-10,1.18401248987828e-10,-5.34321629071739e-12,0.00730106025919813,-1.6665242353166,-7.06567262170075e-08,0.270409721397582,-0.0459013086832136,-0.0033283098864821,82.0097089193964
65,-2.53134786322794e-09,2.22878741965401e-06,8.63581473414756e-06,4.43217958205575e-08,-7.85875728938202e-09,-9.72293119613786e-09,3.12503992575459e-09,3.54069096179671e-08,-5.13708169817537e-06,-2.98650315976505e-20,1.52034284265275e-05,8.545076488513e-08,-4.83994763147141e-10,1.12723180144253e-07,7.55374222849496e-10,6.1106096803078e-08,-6.38226260364812e-07,-1.17588762670751e-08,4.54282665893544e-07,1.04165089159595e-05,0.00049465294298452,3.34666779424119e-15,4.36203629272039e-05,2.89640565189426e-05,-1.28703118435021e-08,4.00465411651575e-06,8.97075268692254e-13,7.17452985690306e-16,-3.92879730920683e-06,2.45660971091677e-05,0.000107092812110212,6.36688329405575e-08,7.7058048831241e-08,-6.62652064142832e-09,9.11288624256033e-08,1.37877588362157e-07,-2.53192594123829e-07,4.18984978767468e-06,1.07497649848081e-05,-0.0010550771089041,5.31123727468054e-07,0.000105772170816426,-1.38683093742632e-07,1.05163354587701e-05,2.66368964755478e-06,-8.34354354608393e-13,1.06979730743602e-05,3.32808908717006e-08,3.08894947760176e-05,-8.91772271384395e-07,6.18100688502497e-06,1.84989681388828e-06,1.11312035632939e-05,-1.26574061795628e-06,5.03110124279309e-06,1.31209941932011e-05,-2.26691301743999e-06,-1.94719554626041e-12,7.78246904266631e-06,-2.36066097794838e-06,7.55351774755766e-07,-1.89746025541109e-05,5.32330521676867e-09,9.35950388545306e-09,2.37370812562751e-11,5.91328372259258e-09,4.48624120759831e-13,2.05242192613049e-08,-5.30338578162532e-07,-5.69778894108525e-05,-9.20876824350021e-10,1.36732605267364e-10,9.62453417629832e-11,-3.52016191605357e-12,0.00701593598840977,-1.57393673800795,-8.64494314432075e-08,0.25984956243883,-0.0418289630622843,-0.00209228184760282,73.8435352603293
70,-2.02271336386951e-09,1.67972596857486e-06,6.7198891933499e-06,2.02252064652164e-08,-1.15847197731502e-08,-1.70120113863295e-08,2.0202069512461e-09,3.28983655181032e-08,-4.37317121066208e-06,1.702898039215e-20,1.46731068063778e-05,8.08059194075258e-08,-9.67502675290566e-08,3.66257185967815e-08,6.1469906219436e-10,3.46655202429809e-08,-6.48774390409656e-07,-9.93988507001159e-09,4.219876664024e-07,1.00693993459994e-05,0.000476389350270681,2.99836426895957e-15,4.19683964922975e-05,2.79000689000124e-05,-1.0925629932491e-08,3.79041559759542e-06,8.09407450831544e-13,-9.42365467594219e-16,-3.17851439373855e-06,2.36476610034171e-05,0.000103082820810381,6.12865434501269e-08,7.1574354874301e-08,-5.0594112868143e-09,8.89324567632944e-08,1.22724905612809e-07,-1.6312081226601e-07,4.03343209998331e-06,1.03576879591128e-05,-0.000928596718059141,4.42157721316381e-07,0.000101714834959333,-1.28887719899448e-07,1.03242673138649e-05,2.55194640922282e-06,-1.39211701090344e-12,1.02262487680226e-05,1.06469728825673e-08,2.97673525792745e-05,-8.01616288495713e-07,6.20174193098574e-06,1.75914253354585e-06,1.06979913915936e-05,-1.10657377899548e-06,4.37527390005294e-06,9.72234628048626e-06,-1.97002917593948e-06,1.31356445050956e-12,6.95698730641661e-06,-1.96411598150794e-06,7.62253983074262e-07,-1.8302670276534e-05,4.5469092180992e-09,2.59166656505534e-09,1.91352373488161e-11,3.28470101288989e-09,4.71525678796671e-13,8.76618829073233e-09,-1.63217923632585e-07,-4.65062791229691e-05,-7.96290083471445e-10,1.04081680810423e-10,7.7261436326563e-11,-1.98457689739087e-12,0.0067539193004807,-1.48260124581564,-1.0296585786591e-07,0.250145241310163,-0.0381871571754903,-0.00140633082876996,66.5814376419496
75,-1.61263243752318e-09,1.32535721123513e-06,5.37628349337212e-06,9.66943664255548e-10,-1.4561774982231e-08,-2.2894538773241e-08,1.06956500912466e-09,3.07790427360605e-08,-3.78717386061763e-06,-1.44722222175826e-19,1.41796514569043e-05,7.6517582906497e-08,-1.75621212459533e-07,-2.7097248192041e-08,5.52534269798219e-10,1.15390302560866e-08,-6.48998246452484e-07,-8.58600228024707e-09,3.79609018562502e-07,9.7395561803182e-06,0.000459566498528932,1.91831519279868e-14,4.04472519583666e-05,2.69103113234073e-05,-9.386448624996e-09,3.58474230221567e-06,8.06558325849335e-13,-1.38094580929251e-15,-2.65463724156738e-06,2.27777354352119e-05,9.93987614039537e-05,5.91155637270262e-08,6.67597990265323e-08,-3.40537603389512e-09,8.77707069915601e-08,1.08630646700775e-07,-1.01898270186309e-07,3.88965469067478e-06,9.99748077554432e-06,-0.000798825215268888,3.66603655097221e-07,9.79458140591024e-05,-1.20589561522104e-07,1.01257483716575e-05,2.44916586096606e-06,-1.74376066142306e-12,9.80028393823142e-06,-1.17664904726163e-08,2.87374386846404e-05,-7.25620094087448e-07,6.2000593749698e-06,1.6660738627617e-06,1.02969636805543e-05,-9.75667354760313e-07,3.81649409972772e-06,7.26682127132718e-06,-1.72346895494542e-06,-1.86142657934388e-11,6.24502993490941e-06,-1.66253982593968e-06,7.65780675539222e-07,-1.75643949449206e-05,3.9465098253302e-09,-4.02736693968095e-09,1.50846624915688e-11,4.83819685355815e-10,5.14597271892003e-13,-2.80313247001952e-09,1.44211306526645e-07,-3.88952417970014e-05,-6.95549368661776e-10,7.65359186145703e-11,6.10319993666564e-11,-1.56980322182006e-12,0.00651334459330155,-1.39335908101091,-1.17109517934005e-07,0.241235069115288,-0.0349316732019967,-0.00103277322542602,60.1272938969378
80,-1.28261969263363e-09,1.09969129982124e-06,4.43666533278018e-06,-1.42838449907626e-08,-1.68895012245583e-08,-2.755184851447e-08,2.49844321293089e-10,2.89886153914547e-08,-3.33321245028246e-06,-8.2162231465106e-22,1.37202523672996e-05,7.25716831349325e-08,-2.39796025962588e-07,-8.02538391073724e-08,5.53187137259625e-10,-8.51466903844172e-09,-6.42418713309294e-07,-7.53795019094553e-09,3.32359180298588e-07,9.42608394351994e-06,0.000444059490401734,6.59620276399416e-15,3.9045926231519e-05,2.59888080396267e-05,-9.18910209790541e-09,3.38859909096677e-06,5.32880593581719e-13,2.02064521488408e-16,-2.28832706167e-06,2.19540943406874e-05,9.60118682432131e-05,5.71548585337844e-08,6.25377705730309e-08,-1.68874372322491e-09,8.75516560899207e-08,9.5548116072094e-08,-6.17197824897544e-08,3.75741419973317e-06,9.66627562509273e-06,-0.000668743245674763,3.02744269730424e-07,9.44454615233495e-05,-1.1410919000895e-07,9.92333129064379e-06,2.35467237808699e-06,-1.93109593914166e-12,9.415389843979e-06,-2.97439926719686e-08,2.77909901900885e-05,-6.61166406397061e-07,6.18010765514802e-06,1.57259888270589e-06,9.9256408248832e-06,-8.67470571381719e-07,3.34012152900789e-06,5.4953302077079e-06,-1.51943800754109e-06,-1.49724275108224e-14,5.63026750521115e-06,-1.43289196542474e-06,7.66805931093172e-07,-1.67815925253963e-05,3.30451820752288e-09,-9.26857171715025e-09,1.15219213223693e-11,-1.95816544487682e-09,5.56863475940512e-13,-1.21529418604958e-08,4.04788905753392e-07,-3.34285048151304e-05,-6.12231122730999e-10,5.349519797644e-11,4.70772628642909e-11,1.21628894590751e-12,0.00629230337174573,-1.30692355799667,-1.28056022995445e-07,0.233048360757142,-0.0320204827561989,-0.000834106392676684,54.3915462412476
85,-1.01772078506573e-09,9.57339364630083e-07,3.77830501263346e-06,-2.61550817064755e-08,-1.86441919559491e-08,-3.11218925360736e-08,-4.57903610326168e-10,2.74777842557599e-08,-2.97649288286003e-06,-2.64716570783609e-21,1.32916612445263e-05,6.89474706296474e-08,-2.91523223492328e-07,-1.2438543356965e-07,6.03161247831303e-10,-2.57142262599482e-08,-6.31460743829142e-07,-6.69225309598154e-09,2.83568655056523e-07,9.1277649266865e-06,0.000429729710872685,9.72492438907063e-15,3.77521657118765e-05,2.51287296900579e-05,-1.02811427393832e-08,3.20271830551068e-06,4.0933633681353e-13,9.16619855091429e-16,-2.02997923652986e-06,2.11736231793735e-05,9.28904270336038e-05,5.54004998315757e-08,5.88333575712087e-08,6.92419747191019e-11,8.81870037610113e-08,8.34317672572684e-08,-3.62681055520856e-08,3.63549113858767e-06,9.36090369408917e-06,-0.000541105887670126,2.49062720288939e-07,9.11908178086879e-05,-1.09418242384396e-07,9.71926717357901e-06,2.26768812532236e-06,-2.02160680327852e-12,9.0666144002073e-06,-4.16342429349831e-08,2.69184096646601e-05,-6.05954923418174e-07,6.14588376929485e-06,1.48045047116305e-06,9.58118545029545e-06,-7.77295484534981e-07,2.93320919893457e-06,4.21767070375433e-06,-1.35071734588928e-06,-3.92422245669049e-14,5.09808166209234e-06,-1.25716937682668e-06,7.66142773898517e-07,-1.59633617215002e-05,2.57905050840109e-09,-1.26738255055712e-08,8.61344864999397e-12,-3.7541968637716e-09,6.1459479348294e-13,-1.84807823146706e-08,6.34261105168465e-07,-2.95481229335253e-05,-5.42450687914481e-10,3.54597243131156e-11,3.60253442900633e-11,2.42558278285541e-12,0.00608869524266336,-1.2238952356293,-1.35609142403579e-07,0.225507323793801,-0.0294140005786698,-0.000730690087820374,49.2912639197946
90,-8.05922074419154e-10,8.67011074314382e-07,3.31157581845978e-06,-3.5128574543631e-08,-1.98850494763596e-08,-3.37110081035882e-08,-1.0689687314194e-09,2.62061624175334e-08,-2.69067230656924e-06,-1.1503170339535e-21,1.28902620951855e-05,6.56205637813282e-08,-3.32701958050302e-07,-1.60802470528553e-07,6.90463546248179e-10,-4.02582532683048e-08,-6.17783354807152e-07,-5.97823337539563e-09,2.35433627723757e-07,8.84309131283256e-06,0.000416427577609146,-4.52630634130192e-15,3.6552731047017e-05,2.43225453895462e-05,-1.23207620038479e-08,3.02762699796176e-06,3.73356067212664e-13,-6.47957146594596e-15,-1.84383892016146e-06,2.04324113864193e-05,9.00004050385514e-05,5.38455274897469e-08,5.55729339809941e-08,1.84700633429736e-09,8.95837782065783e-08,7.22438937203318e-08,-2.05249054055681e-08,3.522572792329e-06,9.07795296771946e-06,-0.000418469299665907,2.04237385070634e-07,8.81562216860437e-05,-1.06408636695773e-07,9.51548957959027e-06,2.1873744280344e-06,-2.38618277545836e-12,8.7488419310607e-06,-4.73142757727684e-08,2.61094400035217e-05,-5.57977897335123e-07,6.10119395291576e-06,1.39117219624519e-06,9.26047471678007e-06,-7.01199403412136e-07,2.58429976053173e-06,3.29391443591254e-06,-1.21078854899314e-06,-4.07656138471447e-14,4.63541442578218e-06,-1.12131818027837e-06,7.64526814029711e-07,-1.51218668660387e-05,1.78996426013122e-09,-1.42365314779072e-08,6.42961360850271e-12,-4.80445735721868e-09,6.81613576500474e-13,-2.17248387790935e-08,8.35957094915166e-07,-2.68093108817304e-05,-4.81271136328766e-10,2.23758851706188e-11,2.80242654955007e-11,2.37473239458705e-12,0.00590026874425344,-1.14477685982967,-1.39754034166597e-07,0.21852857062804,-0.0270751638289346,-0.000676296207493298,44.7500249946298
95,-6.37756935006455e-10,8.07321019958698e-07,2.97152840906385e-06,-4.1576849353525e-08,-2.0658088662869e-08,-3.54013153806814e-08,-1.59556803565036e-09,2.51405412732406e-08,-2.45600992349125e-06,1.05690460457652e-19,1.25121367262476e-05,6.25610945788993e-08,-3.64918329168009e-07,-1.90605829357484e-07,8.03253269305647e-10,-5.2324081869378e-08,-6.02497750638694e-07,-5.34967472272982e-09,1.89430851993701e-07,8.57029703788959e-06,0.000403995050288869,1.57092051777395e-14,3.5433645077994e-05,2.35621785070421e-05,-1.47490462245812e-08,2.86367339889551e-06,1.50096681378482e-13,2.66841289979006e-15,-1.70438362889139e-06,1.97258476004022e-05,8.73060299721618e-05,5.24757126119059e-08,5.26816117081673e-08,3.61488770872976e-09,9.16217756090963e-08,6.19558017803553e-08,-1.06231369470673e-08,3.41727228011603e-06,8.81382664214148e-06,-0.000303216368617104,1.67109949336856e-07,8.53138547683182e-05,-1.04964660616926e-07,9.31361229251892e-06,2.11283894772796e-06,-1.9268483552991e-12,8.45690428525184e-06,-4.78394787829497e-08,2.53533755241647e-05,-5.15506124481064e-07,6.04963700496879e-06,1.30610633068049e-06,8.96018466121695e-06,-6.35903971342104e-07,2.28325515467318e-06,2.62181303822621e-06,-1.09382212918038e-06,1.89705652125308e-12,4.23063005725355e-06,-1.01447154689618e-06,7.62586407071355e-07,-1.42660109505296e-05,1.00297634719251e-09,-1.42891354694524e-08,4.27801384630919e-12,-5.17950505156451e-09,7.40151911594485e-13,-2.23925345004535e-08,1.0070619167112e-06,-2.48656749032353e-05,-4.30318976734079e-10,1.01959461100131e-11,2.00697969637273e-11,4.33084544425678e-12,0.00572465806462231,-1.0699873927095,-1.40528787171481e-07,0.212024478418101,-0.024969558950454,-0.000644455145390576,40.6979617306531
100,-5.05763447057805e-10,7.63526032352512e-07,2.71079286805492e-06,-4.57921624597676e-08,-2.09996573251468e-08,-3.62572948228271e-08,-2.04755248088995e-09,2.4252825438942e-08,-2.25769845736696e-06,-3.72584211003104e-20,1.21531135142598e-05,5.97338767312811e-08,-3.8950393357992e-07,-2.14723288418125e-07,9.29477068253897e-10,-6.20713578249698e-08,-5.86343819123935e-07,-4.77586801328867e-09,1.46594430098914e-07,8.30738328056317e-06,0.00039226740239636,3.41995048496431e-15,3.43803631776352e-05,2.2839107495184e-05,-1.70156419290327e-08,2.71105166795107e-06,9.84201386984171e-14,-8.38066669164825e-16,-1.59331510371864e-06,1.90486959100467e-05,8.47701913600462e-05,5.12686839136707e-08,5.00827281947508e-08,5.33399642865662e-09,9.41480872568902e-08,5.25460932628797e-08,-3.663592637623e-09,3.31814348815765e-06,8.56479016573017e-06,-0.000197586638400646,1.36659173958005e-07,8.26341596427308e-05,-1.04977404932704e-07,9.11493582321963e-06,2.04314511810603e-06,-1.97932269042109e-12,8.18563822784016e-06,-4.48165104511027e-08,2.46392172637407e-05,-4.77056818201968e-07,5.99459574334884e-06,1.22640020327409e-06,8.67683726927641e-06,-5.78689709137727e-07,2.02107022161017e-06,2.12608681747699e-06,-9.94712558903442e-07,-5.96107738285031e-13,3.87333406528145e-06,-9.28217348002914e-07,7.60839680202433e-07,-1.34004725947696e-05,3.07428449779518e-10,-1.33166566064986e-08,2.80815286832728e-12,-5.0497089916157e-09,7.99494875608949e-13,-2.12519008361107e-08,1.1414626953203e-06,-2.34498429475658e-05,-3.8284277088331e-10,2.02228572318394e-12,1.47811219946986e-11,4.37181768287474e-12,0.00555940891352991,-0.999875783822198,-1.37987104718464e-07,0.205904147281764,-0.0230653360873531,-0.000619777205292168,37.0713664371558
105,-4.04106157691927e-10,7.25531281023167e-07,2.4949959720054e-06,-4.80037047843096e-08,-2.09386207934807e-08,-3.63298166287741e-08,-2.43307365143499e-09,2.35180622975059e-08,-2.08472618176548e-06,-4.88981117501063e-22,1.18088098752522e-05,5.70991426300821e-08,-4.07559772838966e-07,-2.33920493340671e-07,1.05694451821888e-09,-6.9640534557159e-08,-5.69804933912249e-07,-4.23697209455721e-09,1.07654614040766e-07,8.05214193382628e-06,0.000381074708463827,1.66942655567146e-14,3.3377913367951e-05,2.21444476214312e-05,-1.87140846187999e-08,2.5698269810751e-06,6.88875336009529e-15,1.75550749919634e-16,-1.49762452831429e-06,1.8395166633607e-05,8.23547731425586e-05,5.01940640430557e-08,4.76978769674464e-08,6.95684341720053e-09,9.69765617378272e-08,4.39952562671369e-08,2.45458016366956e-09,3.22369411681488e-06,8.32700592484514e-06,-0.000103703655523981,1.11986679508173e-07,8.00861974565119e-05,-1.06347161579334e-07,8.92046020892817e-06,1.97732255607833e-06,-1.8071238473334e-12,7.92992346008216e-06,-3.97953991313385e-08,2.39557703512658e-05,-4.41365182528267e-07,5.93923623434899e-06,1.15302223475257e-06,8.40683559844863e-06,-5.27313535465219e-07,1.78974528854729e-06,1.75147418536295e-06,-9.09131274906266e-07,6.96535790896021e-15,3.55425467831666e-06,-8.56089152574018e-07,7.59699754354593e-07,-1.25266444764123e-05,-2.36876871000142e-10,-1.17781188257028e-08,1.53323480853994e-12,-4.60665231648586e-09,8.4804254837322e-13,-1.90490804618647e-08,1.23101370628141e-06,-2.2358411414033e-05,-3.39985281480359e-10,-4.95719722642192e-12,1.00561042967592e-11,4.20678343910695e-12,0.00540200013859442,-0.934733207213731,-1.32186204584601e-07,0.2000742008956,-0.0213331544075443,-0.000593456258766287,33.812412636256
110,-3.28220000530987e-10,6.86419681135584e-07,2.29917289450168e-06,-4.83909141601312e-08,-2.04980940913502e-08,-3.56592783208903e-08,-2.75900028871029e-09,2.29132368212551e-08,-1.92893882290617e-06,5.28129898804157e-21,1.1474664963211e-05,5.46133255514052e-08,-4.20000314261544e-07,-2.48830129520014e-07,1.17347426321008e-09,-7.51558378344823e-08,-5.53198180754712e-07,-3.72057676853679e-09,7.31288192191177e-08,7.80217551939602e-06,0.000370242908908643,1.27138244927739e-13,3.24109952452178e-05,2.14690084655526e-05,-1.96337389403227e-08,2.43996194202644e-06,-4.46920914461051e-14,7.81090564539228e-16,-1.40808988978707e-06,1.77589778365937e-05,8.00208870980798e-05,4.92141479772356e-08,4.54471733807037e-08,8.42898587087183e-09,9.98903588213126e-08,3.62843687679396e-08,9.22829626203785e-09,3.13239534999624e-06,8.09656110524613e-06,-2.36024803420155e-05,9.2303794862815e-08,7.76379209777837e-05,-1.08987054365784e-07,8.73090611191007e-06,1.91437471109577e-06,-1.73905592778347e-12,7.68470213683697e-06,-3.39330740265085e-08,2.3291722825437e-05,-4.07352653669539e-07,5.88651993522913e-06,1.0867855633598e-06,8.14648883853255e-06,-4.79927791335848e-07,1.58216084702935e-06,1.45727609738495e-06,-8.33514410953004e-07,-1.02289761022399e-13,3.26511157391745e-06,-7.93132135802127e-07,7.59486364586137e-07,-1.16433057597113e-05,-5.94924652693434e-10,-1.00116533194297e-08,4.63767183088042e-13,-4.00501432296778e-09,8.99188453201366e-13,-1.63430919655883e-08,1.26689054108737e-06,-2.14386902046843e-05,-2.98798401133601e-10,-1.08773488997983e-11,5.90912095972606e-12,-4.16501860194437e-13,0.00524985899097913,-0.874804356718153,-1.23180488602745e-07,0.194439351895088,-0.0197460585375014,-0.00056045154724851,30.8687547610991
115,-2.74519773749279e-10,6.41472023986456e-07,2.10521843389554e-06,-4.7093184475191e-08,-1.96967012862289e-08,-3.42778899396784e-08,-3.03122706990281e-09,2.24163900284395e-08,-1.78433205780677e-06,-2.01201596626966e-22,1.11459650440391e-05,5.22296464888553e-08,-4.27585348124878e-07,-2.59973419497768e-07,1.26716099932233e-09,-7.872674612967e-08,-5.36738273389074e-07,-3.21732988924570e-09,4.33704903275938e-08,7.55491438519007e-06,0.000359594565223169,1.21897763410273e-14,3.14640495176124e-05,2.08033360603064e-05,-1.9710547125068e-08,2.32134232567464e-06,-7.62818116021836e-14,-3.77063361595319e-16,-1.31821559215964e-06,1.71334100553297e-05,7.77290345445129e-05,4.82845321928599e-08,4.32493640546142e-08,9.6904638530745e-09,1.02644374649108e-07,2.93929121253711e-08,1.77253268436851e-08,3.04268876416014e-06,7.86948427790184e-06,4.07449127240433e-05,7.69205255590743e-08,7.52563788241093e-05,-1.12823539960561e-07,8.54674274793201e-06,1.85328415171891e-06,-1.41690586757858e-12,7.44498771861819e-06,-2.79021789614965e-08,2.26356825345723e-05,-3.740965007894e-07,5.83922752253046e-06,1.02837721997057e-06,7.89203119918112e-06,-4.35009482797306e-07,1.3919672747038e-06,1.21347659423695e-06,-7.64989333545623e-07,-3.27297702280199e-15,2.99850176519493e-06,-7.35567977619256e-07,7.6043866511988e-07,-1.074739667014e-05,-7.83630167039281e-10,-8.21108251039368e-09,-1.33533800127028e-13,-3.34253795011083e-09,8.86187321828351e-13,-1.34707654461437e-08,1.24058005495901e-06,-2.05778902986176e-05,-2.63870220179363e-10,-1.46551806131356e-11,3.26679961483173e-12,4.2612568646855e-12,0.00510037169568912,-0.820297295491247,-1.11020402176676e-07,0.188902793371218,-0.018279328502352,-0.000517915972111148,28.1930973515592
120,-2.401619186366e-10,5.87456498868967e-07,1.8999517655123e-06,-4.42157725147819e-08,-1.85490873080811e-08,-3.22105363408223e-08,-3.25498949266831e-09,2.20057082640715e-08,-1.6464970981551e-06,-1.8384672514242e-22,1.08178631392682e-05,4.98990831112332e-08,-4.30942840972909e-07,-2.67775979941388e-07,1.32660071428754e-09,-8.04476012663089e-08,-5.20585934540021e-07,-2.72127603031512e-09,1.86110200295199e-08,7.3076317969597e-06,0.000348949357761726,1.07705223945758e-14,3.05213008323247e-05,2.01377366430509e-05,-1.89583838399507e-08,2.21380254440635e-06,-8.1258274981057e-14,8.06555840462459e-18,-1.22343224671491e-06,1.65113554564295e-05,7.54392058621613e-05,4.73557744367962e-08,4.10225687071874e-08,1.06789719291807e-08,1.04973069807819e-07,2.32977567402995e-08,2.8732997098942e-08,2.95299154304595e-06,7.64175689357574e-06,8.74035026896205e-05,6.5240607603062e-08,7.29078701852167e-05,-1.17804539819142e-07,8.36822185699238e-06,1.79301765535078e-06,-1.13563071169212e-12,7.20585782915496e-06,-2.20927037723207e-08,2.19761939895926e-05,-3.40797912830932e-07,5.79999104884196e-06,9.78395005847443e-07,7.63963235747668e-06,-3.91294028388275e-07,1.21349798671358e-06,9.97879669664521e-07,-7.01232181560065e-07,-3.08456590133538e-15,2.74780216963699e-06,-6.80521198853074e-07,7.62735556330381e-07,-9.83487530337338e-06,-7.82946480534786e-10,-6.48697372712264e-09,-6.41903152039763e-13,-2.67673035991261e-09,8.68160261137331e-13,-1.06210115672327e-08,1.1442672225599e-06,-1.96934855323516e-05,-2.29394102236829e-10,-1.82853370893246e-11,6.40444113404243e-13,3.6326779460811e-12,0.00495089021578617,-0.771392903297989,-9.57334557172094e-08,0.183366449410705,-0.0169103414044203,-0.000464219163174044,25.7428243056597
125,-2.1305358489625e-10,5.29230085941095e-07,1.69429518522265e-06,-4.03206277863128e-08,-1.71573059275602e-08,-2.96911723729721e-08,-3.43470866089619e-09,2.16688291426054e-08,-1.51522144010862e-06,-1.67133203915516e-22,1.04908331625557e-05,4.76343070659614e-08,-4.31770489944911e-07,-2.73420768915902e-07,1.34830291395928e-09,-8.09894043529563e-08,-5.04432777260161e-07,-2.36083538637628e-09,-6.03956073438587e-09,7.06006295639165e-06,0.000338320484912233,8.43321038400645e-15,2.95699926980956e-05,1.94725821165867e-05,-1.73854766469576e-08,2.11672610817531e-06,-5.68386647072079e-14,1.0616887328637e-17,-1.12516335398809e-06,1.58907975024412e-05,7.31479526715107e-05,4.64017381151746e-08,3.87962688607454e-08,1.1372133961149e-08,1.06730305874443e-07,1.78947208174206e-08,4.11167476057255e-08,2.86339171933587e-06,7.41376272161209e-06,0.000118265264300215,5.653411054497e-08,7.05911958614588e-05,-1.24037245362441e-07,8.19529441292329e-06,1.73370070943117e-06,-9.31524565452626e-13,6.96820061153637e-06,-1.73241068214944e-08,2.13145736323135e-05,-3.08475051577839e-07,5.77124676697045e-06,9.34477545217608e-07,7.38986816091617e-06,-3.49707332154549e-07,1.04572889840099e-06,8.10234133265598e-07,-6.42714442826495e-07,-2.88641220775625e-15,2.51316130712468e-06,-6.28739259362687e-07,7.65633388168064e-07,-8.84852790925715e-06,-5.66248613124979e-10,-5.07543488231864e-09,-9.55374713159453e-13,-2.1100900694143e-09,8.49552084695494e-13,-8.20104383241061e-09,1.03894283129413e-06,-1.89422317907883e-05,-2.01267149028951e-10,-2.08892550112389e-11,-1.31458974635218e-12,3.23856016492152e-12,0.00480160226107988,-0.727390988177801,-8.1656671138745e-08,0.177837271954023,-0.0156318749878764,-0.000407924893240051,23.4964151273403
130,-1.84226297866995e-10,4.74147089276371e-07,1.50613560026621e-06,-3.60304215485079e-08,-1.56886030464867e-08,-2.70579788270438e-08,-3.57679683679982e-09,2.13937380144812e-08,-1.39324074028835e-06,-1.5535590476318e-22,1.01684327650741e-05,4.5494778499181e-08,-4.3125103188363e-07,-2.77734218690652e-07,1.35029466640867e-09,-8.10168071683245e-08,-4.88193769894255e-07,-2.06485002542463e-09,-3.38179114367236e-08,6.81372860173141e-06,0.000327845305402828,1.73223035166717e-14,2.86103450227309e-05,1.88147774264222e-05,-1.5459372424249e-08,2.02870933972788e-06,-1.35543292747496e-14,-2.64503392684651e-16,-1.0300122276712e-06,1.52747481745344e-05,7.08807104032008e-05,4.54551757866946e-08,3.66670395641913e-08,1.187717368481e-08,1.0814350482835e-07,1.30416072388285e-08,5.30508187257134e-08,2.77511011050964e-06,7.18872148374775e-06,0.000137683610302626,5.01575084636e-08,6.83265154992131e-05,-1.29804746239026e-07,8.02645132530174e-06,1.67610571801221e-06,-7.43896595569601e-13,6.73589195607961e-06,-1.40334524299625e-08,2.06597302484981e-05,-2.78349746068769e-07,5.75096467489809e-06,8.93801629687386e-07,7.14520893073666e-06,-3.11554561048588e-07,8.90908695868943e-07,6.56439569538642e-07,-5.90469192101843e-07,-2.70395816631884e-15,2.29812953336283e-06,-5.82245783457535e-07,7.68574317930008e-07,-7.7940800299352e-06,-2.18438826322253e-10,-4.09791853078539e-09,-1.1089080212707e-12,-1.71547811444604e-09,8.53064941759934e-13,-6.45343556856356e-09,9.66271805866552e-07,-1.84542036560811e-05,-1.77206075930878e-10,-2.22757852485283e-11,-2.47216846660959e-12,2.9704818399568e-12,0.00465454983657537,-0.687156915735572,-7.08203595963502e-08,0.172390891214501,-0.0144458502953084,-0.000357917226934549,21.4453955588877
135,-1.55602729330841e-10,4.23177506053491e-07,1.33546814538947e-06,-3.15205568915635e-08,-1.42286189301521e-08,-2.44485604564665e-08,-3.68638507584051e-09,2.116732724795e-08,-1.28116794247876e-06,-1.26260942270222e-22,9.85050219332598e-06,4.34851183633041e-08,-4.29239085026479e-07,-2.80608154960729e-07,1.34442268527537e-09,-8.05909383208991e-08,-4.72225506906601e-07,-1.81158096658275e-09,-6.2935567714549e-08,6.56857407213751e-06,0.000317532391844788,9.68247131051084e-15,2.76461965599274e-05,1.81646742977994e-05,-1.35884462942033e-08,1.94848804951944e-06,3.25382761695686e-14,-4.03054628081619e-17,-9.41246087931067e-07,1.46636419076179e-05,6.86413976953734e-05,4.45274245904527e-08,3.46365520154863e-08,1.22674535008529e-08,1.09360389311934e-07,8.6946962359638e-09,6.42436809466531e-08,2.6882653527764e-06,6.96692061634543e-06,0.000147347860629436,4.57134385067256e-08,6.61126327396948e-05,-1.34075002329664e-07,7.85979385722579e-06,1.62015770748114e-06,-5.33207483555394e-13,6.50888077098265e-06,-1.15046909185756e-08,2.00120870740162e-05,-2.50094616110067e-07,5.73525206064944e-06,8.56202947217628e-07,6.90499244127955e-06,-2.76420013742991e-07,7.48540043091046e-07,5.29244333414191e-07,-5.43688677398242e-07,-2.53959482815718e-15,2.10161348368661e-06,-5.40746531160593e-07,7.71782819632365e-07,-6.734733007016e-06,1.66319327538625e-10,-3.3459217947797e-09,-1.13821515596346e-12,-1.40926979160219e-09,8.59976834152834e-13,-5.06429658562058e-09,9.03202419085972e-07,-1.815235151454e-05,-1.56604799580551e-10,-2.27602488957245e-11,-3.04662740492254e-12,2.88592165733373e-12,0.0045099039094143,-0.650238840124702,-6.17759494317593e-08,0.167033639585578,-0.0133456634598157,-0.000313761123168093,19.572031864798
140,-1.28603404177186e-10,3.76966306843541e-07,1.1822705066279e-06,-2.69564793880956e-08,-1.28383687908208e-08,-2.19613122989969e-08,-3.7676993814916e-09,2.09795703898504e-08,-1.17928831198074e-06,-1.05570629798201e-22,9.53707223503273e-06,4.15979250834754e-08,-4.25658666489849e-07,-2.81985647065253e-07,1.33502721986854e-09,-7.97597331784163e-08,-4.56755177515618e-07,-1.59415745225087e-09,-9.23624348671292e-08,6.32467466031559e-06,0.000307396072992981,7.55247252672332e-15,2.66817314002374e-05,1.75230803239074e-05,-1.18313476939438e-08,1.87492185067835e-06,8.1281085169006e-14,2.87708799686677e-17,-8.61114345743481e-07,1.40582327361418e-05,6.64350940803079e-05,4.36109396204115e-08,3.26939956778483e-08,1.25710333053814e-08,1.10421873781673e-07,4.81242660537878e-09,7.45004870139489e-08,2.60300741682071e-06,6.7487883846957e-06,0.000148856127190653,4.28309319812969e-08,6.39495926922561e-05,-1.36676360531454e-07,7.69362224330802e-06,1.5657946300314e-06,-3.23987476886771e-13,6.28745642558787e-06,-9.38428701775851e-09,1.93728030057161e-05,-2.2346818754228e-07,5.7204723467205e-06,8.21500341660206e-07,6.66893478070956e-06,-2.44001902764503e-07,6.18014130343953e-07,4.23014656725967e-07,-5.01770085604083e-07,-2.39165772541138e-15,1.9224385160738e-06,-5.04051177409984e-07,7.75316930402874e-07,-5.70903444422681e-06,5.61546928023632e-10,-2.71619192044852e-09,-1.04829365163656e-12,-1.14729497752151e-09,8.73264456566557e-13,-3.86670254348405e-09,8.3644601001621e-07,-1.7985046413207e-05,-1.38632319803538e-10,-2.24179492296824e-11,-3.05598509784152e-12,2.77317581501127e-12,0.00436791254759333,-0.616225123337427,-5.41155414105884e-08,0.161774704860123,-0.012325691112639,-0.000275186697963989,17.8609979135859
145,-1.04240370722452e-10,3.35940263349284e-07,1.04650671710051e-06,-2.24849986485085e-08,-1.15612239621687e-08,-1.96665002143402e-08,-3.82435320556204e-09,2.08226614633316e-08,-1.08766015123475e-06,-8.74426374086995e-23,9.22834426033497e-06,3.98196497911171e-08,-4.20476545600088e-07,-2.81841752835157e-07,1.32272852159331e-09,-7.85613600167706e-08,-4.41917883299101e-07,-1.40762663425357e-09,-1.21501340737132e-07,6.082224255074e-06,0.000297455785767844,8.96800506114313e-15,2.57214321094592e-05,1.68911715724228e-05,-1.0175440918815e-08,1.80697443562184e-06,1.3265544662354e-13,-1.17277819180041e-17,-7.91152335230891e-07,1.34595585014047e-05,6.426789508954e-05,4.26887313123299e-08,3.08227745178486e-08,1.27927433571417e-08,1.11312492001638e-07,1.35464185675099e-09,8.3683205644901e-08,2.51951942064559e-06,6.53487108758337e-06,0.000143728422402704,4.11770365752346e-08,6.18385797932299e-05,-1.37641756647968e-07,7.52640218562524e-06,1.51297565497465e-06,-1.57861953220194e-13,6.07214427525208e-06,-7.50120378844859e-09,1.87435721805429e-05,-1.98285146450675e-07,5.70317313080729e-06,7.89515815743e-07,6.43702512395526e-06,-2.14071753968922e-07,4.98715341422093e-07,3.3343736021143e-07,-4.64258002080525e-07,-2.25998704633797e-15,1.75945637543832e-06,-4.72023457656031e-07,7.79140114944192e-07,-4.74044773395169e-06,9.69139915605706e-10,-2.15840045690506e-09,-8.61389668200665e-13,-9.0834327455307e-10,8.83139100048039e-13,-2.77676813053011e-09,7.58117590789424e-07,-1.79166776015142e-05,-1.22827961916857e-10,-2.14166597131935e-11,-2.61923592751618e-12,2.66072245632236e-12,0.00422889286237962,-0.584739407868271,-4.77146188303817e-08,0.156625831887907,-0.0113811420259089,-0.000242018014763028,16.2990180158118
150,-8.32213449223658e-11,3.00379475020235e-07,9.28135452890438e-07,-1.8232075425618e-08,-1.04278415890315e-08,-1.76140871932896e-08,-3.85947562069219e-09,2.06906428264399e-08,-1.00618715260223e-06,-7.20610434624772e-23,8.92467307577514e-06,3.81334436187436e-08,-4.13688536635879e-07,-2.80173824372392e-07,1.30616346461465e-09,-7.70266926945294e-08,-4.27784057063946e-07,-1.24800397943602e-09,-1.50005267072844e-07,5.84152600835516e-06,0.000287735519214477,9.19588656476953e-15,2.47700463824601e-05,1.62704382175545e-05,-8.59940543403949e-09,1.74369834003502e-06,1.85569485451151e-13,-1.958143259478e-17,-7.32390126835492e-07,1.28689132642345e-05,6.21467942020846e-05,4.17387123319873e-08,2.90035275317811e-08,1.29246020794789e-08,1.11983848124497e-07,-1.71726808824655e-09,9.16871759158746e-08,2.4380165068711e-06,6.3258162248246e-06,0.000133417098524067,4.04576549565695e-08,5.97818112757758e-05,-1.37050562476859e-07,7.35674453331301e-06,1.46168308377544e-06,1.06992588168331e-14,5.86364828664474e-06,-5.76205277158961e-09,1.81265048136902e-05,-1.74400378418427e-07,5.68004720334713e-06,7.60082105055102e-07,6.20946389543671e-06,-1.86453012299307e-07,3.90066317502608e-07,2.57243155622442e-07,-4.30811520554156e-07,-2.14439273440886e-15,1.6115887534528e-06,-4.44557760447778e-07,7.83156933771841e-07,-3.84301804229135e-06,1.38811570436974e-09,-1.64487392274737e-09,-5.80725591899708e-13,-6.81257905360312e-10,8.90023442001852e-13,-1.74738695046073e-09,6.63618489107474e-07,-1.7922309513545e-05,-1.09179198994041e-10,-1.97945889258457e-11,-1.74756584589233e-12,2.4805486232236e-12,0.00409322360973558,-0.555436490353304,-4.25313490052902e-08,0.151601048594668,-0.010507935247394,-0.000214137732083597,14.8745761412322
155,-6.60403688125212e-11,2.7046668955217e-07,8.27114901533103e-07,-1.43035667913941e-08,-9.45982206996659e-09,-1.58395477869266e-08,-3.87580164097938e-09,2.05791421159578e-08,-9.34671046779979e-07,-5.79599095780296e-23,8.62655161405146e-06,3.65207542787848e-08,-4.05310673595234e-07,-2.76995236974038e-07,1.28293723884692e-09,-7.51811075039398e-08,-4.14379908975284e-07,-1.11214154099547e-09,-1.77666672928334e-07,5.6029841217663e-06,0.00027826330734602,8.09640218691041e-15,2.38325578631817e-05,1.56626439272165e-05,-7.09158710527453e-09,1.68422272231544e-06,2.40116953100176e-13,-5.20495941480281e-17,-6.85503378796238e-07,1.22878233702101e-05,6.00795766233759e-05,4.07360287921798e-08,2.72156945696145e-08,1.2951480729128e-08,1.12367306252606e-07,-4.44020094540646e-09,9.84278446658514e-08,2.3587435695659e-06,6.12235887585378e-06,0.000119315331118167,4.04145250615884e-08,5.77824325856672e-05,-1.34988520896698e-07,7.18339237812493e-06,1.41192192555783e-06,1.63606933618032e-13,5.66281332730351e-06,-4.11021798927223e-09,1.75240460365274e-05,-1.51698812683356e-07,5.6479117094665e-06,7.33045353260511e-07,5.98662095350577e-06,-1.61007584514611e-07,2.91547529167557e-07,1.9196751086488e-07,-4.01175565705956e-07,-2.04385959126735e-15,1.47784284848286e-06,-4.21565998592018e-07,7.87233718454183e-07,-3.02503719915549e-06,1.81929662014334e-09,-1.15882986590598e-09,-2.15374591089325e-13,-4.59326323985327e-10,8.9031420913277e-13,-7.50254929796246e-10,5.50447225791225e-07,-1.79841668863418e-05,-9.73318231745736e-11,-1.76216212048174e-11,-4.87675445762757e-13,2.29242104611569e-12,0.00396133819359063,-0.527998756520367,-3.85473774373634e-08,0.146716406866032,-0.00970259339256686,-0.000191465059134049,13.5776618550915
160,-5.30427352242939e-11,2.46318812142587e-07,7.43405117435557e-07,-1.07873215230942e-08,-8.67222073484961e-09,-1.43678747959014e-08,-3.87573554688894e-09,2.04851855566656e-08,-8.72847624992991e-07,-4.20257422513031e-23,8.33459748716322e-06,3.49622151898519e-08,-3.95373731823381e-07,-2.72331462933989e-07,1.25011269774152e-09,-7.3045766567538e-08,-4.01701313802298e-07,-9.97565922612661e-10,-2.0435543644509e-07,5.36709668809487e-06,0.000269070766132814,9.89273786592099e-15,2.29141580361675e-05,1.50697934258454e-05,-5.64769548632193e-09,1.62774384838877e-06,2.96864785083399e-13,-3.24478672881933e-17,-6.50914098559213e-07,1.17180261321528e-05,5.80747215513568e-05,3.96543516200933e-08,2.54383368939176e-08,1.28542066175643e-08,1.12381047215696e-07,-6.84940696545411e-09,1.03833857044126e-07,2.28197245237697e-06,5.92530998429279e-06,0.000102763638784052,4.08211684307946e-08,5.58444188948091e-05,-1.31539102407161e-07,7.0052141482894e-06,1.3637184814686e-06,3.02521320900403e-13,5.47059850691265e-06,-2.50302866033057e-09,1.6938917267571e-05,-1.30088931663151e-07,5.60370131282392e-06,7.08265429421334e-07,5.76900697583839e-06,-1.37627331631637e-07,2.02703346327841e-07,1.35767384045251e-07,-3.75161440810155e-07,-1.95898219379128e-15,1.35731354974317e-06,-4.0297013139098e-07,7.91210630655551e-07,-2.29129261071726e-06,2.26164754531947e-09,-6.87722201991296e-10,2.32768989450948e-13,-2.37456234670613e-10,8.82677421717262e-13,2.35697148584296e-10,4.17604656323816e-07,-1.80894258808564e-05,-8.7087054338007e-11,-1.49221637203083e-11,1.15038243043531e-12,1.91894632177761e-12,0.0038337181069665,-0.502133188489971,-3.57522651522724e-08,0.141989739638528,-0.00896215314639523,-0.000173942936068813,12.399559593689
165,-4.44696029411694e-11,2.28008867153581e-07,6.76968704793453e-07,-7.75579698964515e-09,-8.07540620995448e-09,-1.32165605440978e-08,-3.86140639482842e-09,2.0407029952318e-08,-8.2041186027755e-07,-3.07462668817016e-23,8.04954076758103e-06,3.34382400274594e-08,-3.83919266059661e-07,-2.66217192637365e-07,1.20451864840094e-09,-7.06386495703701e-08,-3.89724200772229e-07,-9.02205881122275e-10,-2.29981424434541e-07,5.13444907273711e-06,0.000260192654166497,9.58969314457416e-15,2.20202166301362e-05,1.44941034684303e-05,-4.2690080155055e-09,1.57351758614944e-06,3.54850283946279e-13,-5.52552857846561e-17,-6.28862586430308e-07,1.11614494753213e-05,5.61413076455103e-05,3.84667672298012e-08,2.36506720174103e-08,1.26115991345398e-08,1.11934887151151e-07,-8.97861693040308e-09,1.07843300158205e-07,2.20799894604991e-06,5.73554566602818e-06,8.50549007094126e-05,4.14787538626292e-08,5.397248132062e-05,-1.26781751225372e-07,6.82120093731393e-06,1.31711869438431e-06,4.20785013794923e-13,5.28805538867728e-06,-9.04451254722759e-10,1.63740684340235e-05,-1.09498002566239e-07,5.5444715733386e-06,6.85615337356853e-07,5.5572515864933e-06,-1.16227777104717e-07,1.2314242592345e-07,8.72736928505236e-08,-3.52630247656617e-07,-1.88770847387153e-15,1.24918002808087e-06,-3.88696936980242e-07,7.94910071584806e-07,-1.64458304595446e-06,2.71460150814156e-09,-2.21099188642949e-10,7.56688405025686e-13,-1.1118471577214e-11,8.64061289475653e-13,1.22776683549477e-09,2.65242156718348e-07,-1.82286197196002e-05,-7.82668446724058e-11,-1.17496113783847e-11,3.12765293072531e-12,1.5520373593432e-12,0.00371088660678149,-0.477568775267953,-3.41384619565928e-08,0.137440426641576,-0.00828408644646859,-0.00016152936975088,11.3326634521511
170,-4.04840707042803e-11,2.15580463656449e-07,6.27770278988541e-07,-5.2687367148691e-09,-7.67636600877813e-09,-1.23977077358154e-08,-3.83471475535346e-09,2.0344016449665e-08,-7.77034133247594e-07,-2.10079476334892e-23,7.77221297629101e-06,3.19294447708817e-08,-3.70996912640231e-07,-2.58694373580431e-07,1.14294221682731e-09,-6.79754078424881e-08,-3.7841203073617e-07,-8.24381307412902e-10,-2.5447358684156e-07,4.90570780775523e-06,0.000251666457064518,5.02222045884703e-15,2.11562503867211e-05,1.39379760915113e-05,-2.96070549583881e-09,1.5208536812179e-06,4.1346302979665e-13,-2.15765598237397e-17,-6.1945559007793e-07,1.06201923876721e-05,5.42889215105151e-05,3.71464737510771e-08,2.18324721756935e-08,1.22019055464724e-08,1.10933954861792e-07,-1.08602009790812e-08,1.1040182947721e-07,2.13713974092219e-06,5.55399715130658e-06,6.7438057795559e-05,4.22124047272555e-08,5.21719786546804e-05,-1.2079123689084e-07,6.63046748867091e-06,1.27218653765693e-06,5.25727030732067e-13,5.11630917583296e-06,7.22611653409314e-10,1.58326368147433e-05,-8.9868521316113e-08,5.46741105733739e-06,6.64980264423677e-07,5.35208642105121e-06,-9.67433470904979e-08,5.25352050985013e-08,4.54784946495946e-08,-3.33481252025089e-07,-1.83083449531151e-15,1.15270026101446e-06,-3.78674070826962e-07,7.98142903498238e-07,-1.08669898739991e-06,3.17621131601149e-09,2.5163273678654e-10,1.35362199929664e-12,2.2455512513471e-10,8.32249988337237e-13,2.2437681771825e-09,9.44798735358733e-08,-1.83945157203831e-05,-7.0795895568096e-11,-8.13011638880825e-12,5.42979734773126e-12,1.00481730296698e-12,0.00359340265276368,-0.454054283488494,-3.36996049845504e-08,0.133089169919345,-0.00766623210338029,-0.000154191720093583,10.3703171857166
175,-4.11810390008721e-11,2.09056130563464e-07,5.95775085670465e-07,-3.37539670941002e-09,-7.47951163678553e-09,-1.19193494376166e-08,-3.79737268200042e-09,2.02964409490045e-08,-7.42369121890938e-07,-1.13434276341094e-23,7.50353755397456e-06,3.04169140903965e-08,-3.56662671469605e-07,-2.49810958488576e-07,1.06222585322126e-09,-6.50700222328573e-08,-3.67720851718425e-07,-7.6271491022675e-10,-2.77769938188044e-07,4.68161523362345e-06,0.000243532004715432,6.86969592204048e-15,2.03278911329099e-05,1.3403974719592e-05,-1.73282701935053e-09,1.46911180355364e-06,4.73959518061046e-13,-1.02585820998432e-16,-6.22693325905408e-07,1.00965067406257e-05,5.25275712187049e-05,3.5667283830103e-08,1.99643284457246e-08,1.16036960219776e-08,1.09281232127171e-07,-1.25253654801718e-08,1.11462203663861e-07,2.06972943037333e-06,5.38164168829895e-06,5.11205555128415e-05,4.28681997317999e-08,5.04488365476773e-05,-1.13636850552385e-07,6.43225691322103e-06,1.22900248263708e-06,5.97646032989749e-13,4.95654298860366e-06,2.4200969291959e-09,1.53179133518132e-05,-7.11558786336977e-08,5.36986189353655e-06,6.46256275702509e-07,5.15433291570345e-06,-7.91241840336988e-08,-9.39023270329617e-09,9.65819503796301e-09,-3.17644006571816e-07,-1.78643988730143e-15,1.06720429014291e-06,-3.72827183254146e-07,8.00712611664619e-07,-6.19000184228975e-07,3.64336318620624e-09,7.42255314589085e-10,2.02678940771218e-12,4.75311661578123e-10,7.88240806149971e-13,3.30326175874862e-09,-9.26483682465341e-08,-1.85813776707714e-05,-6.43986412448576e-11,-4.05473653121907e-12,8.06375390843411e-12,6.13951577957544e-13,0.00348185523728982,-0.431356402256529,-3.44299360468208e-08,0.128957783829346,-0.0071067395839193,-0.000151903151273125,9.50668479616018
180,-4.65845960585309e-11,2.08442355720198e-07,5.80948864947448e-07,-2.11654246700645e-09,-7.48720942569716e-09,-1.17863749463155e-08,-3.75093281681723e-09,2.02654342245029e-08,-7.16065331556243e-07,9.72501829559219e-15,7.24452992456617e-06,2.88824648956685e-08,-3.40979929117245e-07,-2.39621309184011e-07,9.59348173302789e-10,-6.19358063922462e-08,-3.57606638047932e-07,-7.16198953369493e-10,-2.9980255940598e-07,4.46299181674442e-06,0.000235831360614109,3.02426193585526e-15,1.9540878213111e-05,1.28948184381706e-05,-6.00505365216535e-10,1.41770077843394e-06,5.33697043616944e-13,-2.44673543311762e-20,-6.38480020941242e-07,9.59279629404684e-06,5.08676565158485e-05,3.40041004810992e-08,1.80279222429753e-08,1.0796603543649e-08,1.06879639382597e-07,-1.40041988785365e-08,1.10985061893267e-07,2.00611966447772e-06,5.21949899274358e-06,3.72702181509886e-05,4.33105967594238e-08,4.88095257214005e-05,-1.05390739428089e-07,6.22595547810976e-06,1.1876634691661e-06,6.6682725819681e-13,4.80998839840526e-06,4.23882275988942e-09,1.48333267120555e-05,-5.3328513023038e-08,5.2493519630697e-06,6.29349464755078e-07,4.96489871907403e-06,-6.33357901126841e-08,-6.28473510323086e-08,-2.06791382901299e-08,-3.05073963953854e-07,1.15667869941136e-11,9.92095252949017e-07,-3.71077423712535e-07,8.02418588889368e-07,-2.42875746178067e-07,4.11082559556926e-09,1.26487397966967e-09,2.77181724978636e-12,7.48387343523132e-10,7.25493828649746e-13,4.4301312919716e-09,-2.93153410677801e-07,-1.8784400785541e-05,-5.92408068726727e-11,4.36978378831011e-13,1.1005832311154e-11,-3.80449367430784e-13,0.00337686137479104,-0.409258895434232,-3.63210603781992e-08,0.125069120579646,-0.00660405837875424,-0.000154637294522541,8.73670392621835
185,-6.14194816125339e-11,2.06194277362041e-07,5.65703648809549e-07,-2.18691469216412e-09,-7.52227121290205e-09,-1.16489866564308e-08,-3.68398750694348e-09,-4.53297409632034e-08,-6.93537336198123e-07,-1.10359343039886e-46,6.98787238733296e-06,2.67170730476971e-08,-3.27590726825534e-07,-2.28445895514361e-07,4.00411972857765e-10,-5.81149918498311e-08,-3.48461276579068e-07,-5.98784984162824e-10,-3.24087038682699e-07,4.24266837131164e-06,0.000228388111198898,-2.80576386871672e-17,1.87747141487007e-05,1.24054463833336e-05,-2.77414082041223e-09,1.36825495588495e-06,-9.86496180830049e-13,1.90936967093397e-19,-6.58676778785544e-07,9.09486341804572e-06,4.92740831640561e-05,3.07058562064567e-08,1.49867405300873e-08,6.97357736271605e-09,9.55854982459607e-08,-1.56813304724333e-08,1.10700129764699e-07,1.95325937477012e-06,5.06600742240526e-06,2.183936863796e-05,4.20121861112906e-08,-4.70514210914812e-05,-9.96260697603519e-08,6.00655786988346e-06,1.14812469321972e-06,7.50981762372104e-13,4.68588296389634e-06,1.01649630661739e-08,1.43941541440009e-05,-3.8524090980185e-08,5.11823622315983e-06,6.10867475305528e-07,4.78973209128913e-06,-5.18186880041121e-08,-1.30989164496521e-07,-6.51575448457836e-05,-3.06586257248488e-07,-3.36688213479512e-13,9.01279578572798e-07,-3.7625943323412e-07,7.92281681525162e-07,1.07924367408879e-07,3.84863214738227e-09,2.93439376584777e-09,3.83988173364465e-12,1.68086906400652e-09,4.94030904106183e-13,7.40123632035584e-09,-6.58446383898399e-07,-1.91252282025488e-05,-5.18915469483848e-11,4.62996989614e-12,1.46463150393877e-11,-2.069828185958e-12,0.00327598696649206,-0.388211720921521,-3.57363583464602e-08,0.121333013439048,-0.00614369689571433,-0.000154282893057969,-126.517496304829
190,-6.86391753696524e-11,1.99050393699178e-07,5.38883112821834e-07,-1.22504184379005e-09,-7.43868112981888e-09,-1.12594439425173e-08,-3.62182167050655e-09,-4.3771212421139e-08,-6.70870665384562e-07,-1.3301053112231e-46,6.72739332266283e-06,2.47763405427386e-08,-3.09277904164469e-07,-2.15847188793813e-07,1.56155831529631e-10,-5.42005441713054e-08,-3.39626830366692e-07,-4.76675051419943e-10,-3.59194354582226e-07,4.01488566736062e-06,0.000220997841314628,-9.98044641519728e-15,1.79976566024212e-05,1.19087980118542e-05,-3.00485422297401e-10,1.32166033925238e-06,-5.78196697690285e-13,-1.28915179410878e-20,-6.76105977474105e-07,8.58703598912826e-06,4.76939343580541e-05,2.80757478041112e-08,1.24495891277186e-08,5.04577665069102e-09,8.88207811499516e-08,-1.70872367669443e-08,1.11331171010545e-07,1.89215515229592e-06,4.91359915890306e-06,1.17058125802446e-06,4.17663675373517e-08,-4.51052850441627e-05,-9.43094901670064e-08,5.76790053417849e-06,1.10739037100226e-06,6.33344116180403e-13,4.55840555208627e-06,1.91316907007415e-08,1.39441783554655e-05,-2.11320881082629e-08,4.97719082150962e-06,5.9709567228626e-07,4.60688247960734e-06,-3.70648968581091e-08,-1.86576024790671e-07,-4.83126147382321e-05,-3.02969975251117e-07,3.33431589431135e-13,8.18808592437229e-07,-3.78652831353017e-07,7.88133347303236e-07,-2.47450356069394e-07,4.38864640610469e-09,5.48594752339488e-09,5.09074382204573e-12,2.82625479050253e-09,-1.71870856981944e-13,1.24208360609302e-08,-1.83843150625557e-06,-1.86449141828264e-05,-4.20728094327751e-11,7.45290015497334e-12,1.73076601422913e-11,-7.87119121499382e-12,0.00317669215549697,-0.36865357875068,-3.27881276800518e-08,0.117655418244897,-0.00571218134415691,-0.000147107649190761,-114.285624920499
195,-7.80692761084619e-11,1.89404150874482e-07,5.06943797957279e-07,-5.38634617221037e-10,-7.300546780935e-09,-1.075998256399e-08,-3.54955900352962e-09,-4.2247964918607e-08,-6.48513043358895e-07,5.671691593766e-44,6.4661161055319e-06,2.24045780892852e-08,-2.90828859683431e-07,-2.02623352855782e-07,-2.9783788923301e-10,-4.99107065605288e-08,-3.31021736448436e-07,-3.96990681299369e-10,-3.93799634187315e-07,3.78346698598215e-06,0.000213722080250608,-9.73998549607795e-15,1.72240392029451e-05,1.14197304856605e-05,3.93638173550232e-09,1.27774120643144e-06,-1.37698863147025e-13,-2.26685828182867e-20,-6.91397860691817e-07,8.07795794236122e-06,4.61439779128377e-05,2.45377657730682e-08,9.30283695616987e-09,1.71527915639013e-09,7.75235771889439e-08,-1.85773927832993e-08,1.13570876970545e-07,1.83172593416227e-06,4.765498920855e-06,-2.31073316849369e-05,4.03210576449294e-08,-4.32847688904404e-05,-9.03626202451361e-08,5.51744959713895e-06,1.0661964833328e-06,8.3515709043776e-13,4.44253583812451e-06,2.61625616976327e-08,1.35157237666848e-05,-5.01339261719138e-09,4.8340459473702e-06,5.83481536648713e-07,4.42998727387593e-06,-2.40690924233932e-08,-2.48792619674108e-07,-3.58784842905864e-05,-3.0508492040941e-07,-5.56277860492439e-12,7.26179806773577e-07,-3.83602060396117e-07,7.78165921821359e-07,6.65643557017802e-07,5.99878631735403e-09,7.48798736339727e-09,6.4347230812217e-12,3.95559698474319e-09,-1.91074492747786e-13,1.66041955769644e-08,-1.84769864081462e-06,-1.94836424804011e-05,-3.67797608904034e-11,1.62577853831797e-11,2.33381062571875e-11,-7.4729036694424e-12,0.00307944965579717,-0.350370224681799,-2.9838900463597e-08,0.114053826219167,-0.00530950471133308,-0.000137556580380029,-103.255791398274
200,-8.34471163656102e-11,1.79927770417926e-07,4.75090746907135e-07,9.17079324470195e-10,-7.14914939353938e-09,-1.02505376051066e-08,-3.47527480127524e-09,-4.07783381674146e-08,-6.26795743998772e-07,-5.60148180905289e-44,6.20689573292e-06,2.03100069257235e-08,-2.72418278400575e-07,-1.89342037894525e-07,-6.012694317865e-10,-4.57837622405894e-08,-3.22370082565411e-07,-3.45165813586492e-10,-4.24536472859606e-07,3.55175263399515e-06,0.000206600233980431,-7.11803685081925e-15,1.64584470281719e-05,1.0936217316851e-05,6.07327957912631e-09,1.23579361886092e-06,1.50685323575004e-13,-2.82155835342087e-19,-7.05156220983952e-07,7.57285991267192e-06,4.46288483444683e-05,2.13169611637572e-08,6.43149178110432e-09,-7.09989838235957e-10,6.79835427606796e-08,-1.9814275295364e-08,1.16001207084149e-07,1.77302659445987e-06,4.62069618263106e-06,-4.9454703523209e-05,4.01940903096884e-08,-4.15679783731695e-05,-8.61090413942475e-08,5.25882941445377e-06,1.02642006658532e-06,1.05765136372519e-12,4.32874867953252e-06,2.86583263363103e-08,1.30898735252945e-05,1.18871591279936e-08,4.68630409954682e-06,5.72575280195071e-07,4.25220130586632e-06,-1.01616057582501e-08,-3.02590068624822e-07,-2.66804677857237e-05,-3.0308146825478e-07,9.23969635286765e-17,6.41406283490647e-07,-3.86824963341307e-07,7.71085146864313e-07,1.70887308723273e-06,7.02101619809522e-09,8.19897775453395e-09,7.70561557667775e-12,4.38763396317932e-09,-1.04947879291516e-13,1.83690648850548e-08,-1.65891237087697e-06,-2.04019040134153e-05,-3.31260739612822e-11,2.57165626943589e-11,2.96683325185788e-11,-6.43136528873195e-12,0.00298475072425904,-0.33316189896688,-2.75364416358364e-08,0.110546443601385,-0.00493573774990836,-0.000128215362834074,-93.3048263143133
205,-8.66725238627575e-11,1.71889712756198e-07,4.46868489442285e-07,2.76781179246866e-09,-7.0169289124041e-09,-9.80589720392123e-09,-3.39929415442264e-09,-3.93580688279537e-08,-6.05941377111235e-07,1.39898058637139e-45,5.95259445445373e-06,1.84042516719471e-08,-2.54621056563913e-07,-1.76451327104441e-07,-8.26367186361013e-10,-4.18813557998882e-08,-3.135986786182e-07,-3.0567463611679e-10,-4.49568308252316e-07,3.32313313382725e-06,0.000199682772715053,-1.05031556279161e-14,1.57097180959376e-05,1.04639831364043e-05,6.34501476448242e-09,1.19537419283173e-06,3.86348248473623e-13,2.63558971857914e-18,-7.1772663270358e-07,7.0782477651988e-06,4.3159065010024e-05,1.82642854605915e-08,3.72856412035827e-09,-2.64499672640964e-09,5.93041029234748e-08,-2.08742678986851e-08,1.18246390330841e-07,1.71629153899882e-06,4.48029041141241e-06,-7.63910633088097e-05,4.07942972821376e-08,-3.99395319394812e-05,-8.21908848877081e-08,4.99721990463563e-06,9.88022804006597e-07,1.21654412626961e-12,4.21911868201853e-06,3.29025105795977e-08,1.26727923775139e-05,2.87984456355434e-08,4.53629730975514e-06,5.63609062021999e-07,4.07663285479533e-06,3.6649456138441e-09,-3.4915401684982e-07,-1.98758638808189e-05,-3.00459380106315e-07,1.45301629427857e-16,5.63334045264656e-07,-3.89140675772587e-07,7.65694454629602e-07,2.52454155595574e-06,7.53237505562938e-09,9.38356323385273e-09,8.95042771309511e-12,5.07122628577427e-09,-1.00933036911153e-13,2.0802734935246e-08,-1.57476859566817e-06,-2.10793026016959e-05,-3.00113665264617e-11,3.43259240973358e-11,3.55303251412673e-11,-5.80284123166628e-12,0.00289310343214006,-0.316841912056506,-2.60567162204403e-08,0.107152086171899,-0.00459101185730864,-0.000120588178588458,-84.3232020693802
210,-8.87198115315896e-11,1.66163060167816e-07,4.24872430114503e-07,4.73315456317753e-09,-6.92675466330004e-09,-9.47993420536268e-09,-3.32228464857908e-09,-3.79845023823611e-08,-5.86097223367221e-07,-3.19341739889434e-45,5.70602281964683e-06,1.66323543355155e-08,-2.37848495289712e-07,-1.64280918606619e-07,-1.01494806053747e-09,-3.82577470074532e-08,-3.04621121074339e-07,-2.80796819685433e-10,-4.67935459158782e-07,3.10087303924797e-06,0.000193019885768788,-8.81925200431797e-15,1.49862386041104e-05,1.00082392512854e-05,5.77900826480381e-09,1.15608018263248e-06,4.89475052648329e-13,1.41729528480921e-18,-7.2934233372358e-07,6.6003303140504e-06,4.17449467681743e-05,1.52986628172772e-08,1.13605319496697e-09,-4.33150864639216e-09,5.09512759449685e-08,-2.18135921273718e-08,1.20243512984635e-07,1.66179746744419e-06,4.34529633310513e-06,-0.000102506077730989,4.17489230465861e-08,-3.83849972952957e-05,-7.86636649457569e-08,4.73755069405652e-06,9.51066306588067e-07,1.33153229193273e-12,4.11517167143928e-06,3.87911944432082e-08,1.22696088349007e-05,4.51475535884213e-08,4.38609543430547e-06,5.56001828378632e-07,3.90597979238548e-06,1.67179231407277e-08,-3.88949459201765e-07,-1.48405684413687e-05,-2.98269439199725e-07,1.85727087540925e-16,4.91682723319984e-07,-3.90969571865188e-07,7.61238378187726e-07,3.14912152678089e-06,7.79079496258083e-09,1.1018151628168e-08,1.01455564687083e-11,6.00375441104066e-09,-1.32166436229384e-13,2.39811236589338e-08,-1.52994627680676e-06,-2.15672659495779e-05,-2.7710952630573e-11,4.22432578569424e-11,4.09904561044097e-11,-5.95415661568758e-12,0.00280502935625006,-0.301235465903823,-2.54453795956198e-08,0.10389007057514,-0.00427550398673952,-0.000115546248930509,-76.2133978174829
215,-8.99835164480107e-11,1.63358228094858e-07,4.11008368398106e-07,6.6220229584756e-09,-6.89492621758684e-09,-9.31160095678965e-09,-3.24528738211452e-09,-3.66566259881741e-08,-5.67354173056586e-07,-1.12006968568472e-43,5.46993792779567e-06,1.49738306936205e-08,-2.22412213688792e-07,-1.53103014303388e-07,-1.18430625341972e-09,-3.49725593974751e-08,-2.95368998763045e-07,-2.7130246924862e-10,-4.7920873069656e-07,2.8881118641295e-06,0.000186661327633269,-1.2238352444968e-14,1.42959436300524e-05,9.57369351474793e-06,4.51655777166068e-09,1.11753141620464e-06,5.53151785729258e-13,1.07108036641867e-17,-7.40152648191614e-07,6.14502209103534e-06,4.03965829040759e-05,1.24040780408104e-08,-1.35717450515086e-09,-5.86600274672884e-09,4.27382237412524e-08,-2.26707512942717e-08,1.21968093907684e-07,1.6098623560244e-06,4.21664537287071e-06,-0.000126456622138198,4.28650396912593e-08,-3.68907806114848e-05,-7.54726674102152e-08,4.48450703689369e-06,9.15707504238954e-07,1.4028328291512e-12,4.01789828019241e-06,4.63172160109566e-08,1.18843755972316e-05,6.05340733893711e-08,4.23751326047982e-06,5.49347857929825e-07,3.74248960493045e-06,2.85511838214367e-08,-4.21755173364419e-07,-1.11118730235407e-05,-2.97012079659016e-07,2.14848773387789e-16,4.26953611426397e-07,-3.92435096389651e-07,7.57403488445019e-07,3.59651420197306e-06,7.80647321768454e-09,1.30992686574138e-08,1.12598690471303e-11,7.19149596755719e-09,-1.82030634327065e-13,2.79180744375535e-08,-1.48798079073363e-06,-2.18856507962465e-05,-2.6352198342011e-11,4.94097107557501e-11,4.59774982413292e-11,-6.17956542533251e-12,0.00272106083117968,-0.28617859274145,-2.57128610121828e-08,0.100780112530308,-0.00398942370479925,-0.000113594192279392,-68.8884170965311
220,-9.05940961412621e-11,1.63895599021214e-07,4.06669974677953e-07,8.29524265114878e-09,-6.9330945918131e-09,-9.32899434278089e-09,-3.16947478859387e-09,-3.53742888773728e-08,-5.49761009436462e-07,-1.03928586509218e-42,5.24704065948391e-06,1.3425826649965e-08,-2.08557257612202e-07,-1.43149361422767e-07,-1.33911243991362e-09,-3.20843225398027e-08,-2.85799401292938e-07,-2.77210558013196e-10,-4.83285124248727e-07,2.6878663822659e-06,0.000180656472091254,-3.01793832548171e-14,1.36464059839107e-05,9.16471868226546e-06,2.47666603355099e-09,1.07937101740942e-06,3.95870092435869e-13,7.50687790914789e-17,-7.50242850523563e-07,5.71797262505422e-06,3.91239213866241e-05,9.59864492240766e-09,-3.7377188261315e-09,-7.2702535433691e-09,3.46633035478218e-08,-2.34739297352727e-08,1.23390135306924e-07,1.56082613533385e-06,4.0952261111402e-06,-0.000146964547658726,4.40449621805596e-08,-3.54441490789242e-05,-7.25618856607987e-08,4.24256740217447e-06,8.82154547853934e-07,1.43716906788568e-12,3.92800294302237e-06,5.54845968527702e-08,1.15205725187616e-05,7.46556139789914e-08,4.09221686286432e-06,5.43339771150486e-07,3.58815613012736e-06,3.88588317136286e-08,-4.4703301626289e-07,-8.34709338353934e-06,-2.96887128291452e-07,2.33572976693217e-16,3.69995270324342e-07,-3.93515583720789e-07,7.54107755385691e-07,3.86921468781416e-06,7.53057618969552e-09,1.56248399922665e-08,1.22684162606024e-11,8.64250000318751e-09,-2.33990378398107e-13,3.26049091209944e-08,-1.42977022193587e-06,-2.20389238348537e-05,-2.59792115454038e-11,5.57431842906871e-11,5.04229646037582e-11,-8.9117400042782e-12,0.00264173817886925,-0.271517264482199,-2.6859572416883e-08,0.0978422239282418,-0.00373300182317115,-0.000115021536003606,-62.2705489753535
225,-9.0566101862564e-11,1.68059821521074e-07,4.12871283140787e-07,9.6449869476386e-09,-7.04952586316244e-09,-9.55220069717668e-09,-3.0960034612456e-09,-3.41377128512642e-08,-5.33335578454972e-07,-6.63917700181332e-43,5.03997122297799e-06,1.1994865927676e-08,-1.96475273394863e-07,-1.34614685824411e-07,-1.47723642166378e-09,-2.96462820407637e-08,-2.75891310507738e-07,-2.98095309604044e-10,-4.80261646043554e-07,2.50303030006161e-06,0.000175054251595883,-1.15722719352283e-14,1.304487456269e-05,8.78543120364423e-06,-4.12601814509501e-10,1.04126492788875e-06,4.86755973481007e-13,2.45891623792904e-17,-7.59650624534088e-07,5.32457774029226e-06,3.79367935056239e-05,6.91944033958938e-09,-5.97859916538175e-09,-8.52626480711127e-09,2.68306493968059e-08,-2.42436690975286e-08,1.24452359105027e-07,1.51504049881723e-06,3.98190114663849e-06,-0.000162814984774444,4.52438136220841e-08,-3.4033208181026e-05,-6.98895025494523e-08,4.01601971190155e-06,8.50644684734351e-07,1.43132136101806e-12,3.84602284719798e-06,6.62250035707691e-08,1.11813422596822e-05,8.72699251248368e-08,3.95177357625593e-06,5.37730725407196e-07,3.44481379252576e-06,4.74206027780413e-08,-4.64113812950885e-07,-6.2925043370444e-06,-2.97901356531224e-07,2.39009318090424e-16,3.21796651915351e-07,-3.94118905137978e-07,7.51397267213432e-07,3.96458274866477e-06,6.91501907785609e-09,1.85723575902344e-08,1.30949899610394e-11,1.03554444902921e-08,-2.70556180769453e-13,3.79909783569972e-08,-1.34728180407158e-06,-2.20246777776696e-05,-2.65144782669121e-11,6.09438505981206e-11,5.40242563315128e-11,-7.10882816398172e-12,0.00256760707816157,-0.257106602995673,-2.88829347107082e-08,0.0950966152629234,-0.00350648066412507,-0.000119991568449649,-56.2902754184747
230,-8.9872000995488e-11,1.76039667575147e-07,4.30344826282793e-07,1.05836179390534e-08,-7.24995692988818e-09,-9.99529972262131e-09,-3.02591894482859e-09,-3.29471633528932e-08,-5.18073523698023e-07,1.96944910129946e-42,4.85130336437908e-06,1.0692226410723e-08,-1.86311796850317e-07,-1.27657536109318e-07,-1.59300836561134e-09,-2.77040402849858e-08,-2.65638486490012e-07,-3.3327388463424e-10,-4.70355090961216e-07,2.33637250673467e-06,0.000169903051425067,2.36361633832668e-14,1.24982926864423e-05,8.43973398967288e-06,-4.12569067907297e-09,1.00290036660666e-06,5.18461572336503e-13,-2.35495833372703e-18,-7.68379609255197e-07,4.96998328672383e-06,3.68449132622315e-05,4.41377338903836e-09,-8.04556501106488e-09,-9.59604653225798e-09,1.94044138972863e-08,-2.49939321571085e-08,1.25047557969992e-07,1.47286258015473e-06,3.87751472152291e-06,-0.000172855051660499,4.64452871197259e-08,-3.26468657758365e-05,-6.74254171151729e-08,3.80896787519938e-06,8.21431089519493e-07,1.40183577095917e-12,3.77239479449863e-06,7.8345701207902e-08,1.08696150718267e-05,9.81731610901826e-08,3.81767777892308e-06,5.32312826948831e-07,3.31418750462915e-06,5.40702000750601e-08,-4.72301788539081e-07,-4.76013522269473e-06,-2.99924259887281e-07,2.34054604806907e-16,2.83375416768302e-07,-3.94123573459664e-07,7.49387769889631e-07,3.8784966909819e-06,5.92471903866887e-09,2.18861469201922e-08,1.37408440489044e-11,1.23102400814268e-08,-2.8041546870234e-13,4.39813833509699e-08,-1.23953558057153e-06,-2.18384926953393e-05,-2.79361422652475e-11,6.4951981270048e-11,5.67868915782026e-11,-8.88841711033677e-12,0.00249921603517338,-0.242810186815611,-3.17790997944013e-08,0.0925636018579963,-0.00331010569008873,-0.000128593335759025,-50.8853204173375
235,-8.84834803507138e-11,1.87956328814829e-07,4.5961257145779e-07,1.10380508975942e-08,-7.53816220776135e-09,-1.06677376454658e-08,-2.96009658137124e-09,-3.18027327914938e-08,-5.03954999887884e-07,-2.80891284321186e-42,4.68353779106048e-06,9.53049705181508e-09,-1.78172984423327e-07,-1.22402312126326e-07,-1.67957340343336e-09,-2.62945050925489e-08,-2.55041327144759e-07,-3.81867961329764e-10,-4.53851119489108e-07,2.19053489612237e-06,0.000165250599812992,-6.16471091222943e-14,1.20133123887987e-05,8.13135008041796e-06,-8.4706553702391e-09,9.63983633569284e-07,2.59819626418775e-13,5.80803220212375e-18,-7.76410364927039e-07,4.65908714762843e-06,3.58578718980806e-05,2.13228603088278e-09,-9.90208620368677e-09,-1.04360520842867e-08,1.25725619477539e-08,-2.57331455568807e-08,1.24992572306576e-07,1.43464995631711e-06,3.7828986718992e-06,-0.000175992734270482,4.76441513180932e-08,-3.12747977343207e-05,-6.51491125102495e-08,3.62533490634347e-06,7.94772244256381e-07,1.27441375336677e-12,3.70750854974691e-06,9.13094768737229e-08,1.0588202518583e-05,1.07184321013857e-07,3.69136856210776e-06,5.26900350470144e-07,3.19792733238018e-06,5.86727709864236e-08,-4.70945421433034e-07,-3.61077558885006e-06,-3.02673748621448e-07,2.15246070117806e-16,2.55696893892492e-07,-3.9340674083176e-07,7.48219967512015e-07,3.60740617195947e-06,4.58909152462578e-09,2.54158113948812e-08,1.4148173640029e-11,1.44372566432296e-08,-3.09950444384954e-13,5.03143107239261e-08,-1.11014412315308e-06,-2.14764381674809e-05,-3.01279371987564e-11,6.74022006824786e-11,5.8382746597644e-11,-3.30893666027533e-12,0.00243711401014787,-0.228499433718147,-3.55431758064964e-08,0.0902635159056184,-0.00314411842380861,-0.000140870812200237,-45.9998228723472
240,-8.64480553294886e-11,2.03879782941909e-07,5.01032955423518e-07,1.0941351672189e-08,-7.91744360473521e-09,-1.15757296599634e-08,-2.89255279438102e-09,-3.06842441513203e-08,-4.90950302811939e-07,1.01607708631695e-42,4.53909638040162e-06,8.68265885867298e-09,-1.73625123836471e-07,-1.18955225359968e-07,-1.73519011664647e-09,-2.54500113007056e-08,-2.44141285323733e-07,-4.24518331330136e-10,-4.31070577097892e-07,2.06803233562766e-06,0.000161143988799397,-7.81769901655813e-15,1.1596352111747e-05,7.8639278179323e-06,-1.60560128858698e-08,9.24230872080085e-07,1.39815547740602e-13,-4.33000229555199e-21,-7.83708539935827e-07,4.39655601100072e-06,3.49851920244897e-05,2.03636797261313e-10,-1.15230367889721e-08,-1.10342710531876e-08,6.44759509976728e-09,-2.6255137391648e-08,1.23878982792448e-07,1.4007501818996e-06,3.69868176722796e-06,-0.000171200874802935,4.98971314090634e-08,-2.99074670166388e-05,-6.28989021876288e-08,3.46888116041496e-06,7.72810257989735e-07,1.16273184991417e-12,3.65183605058985e-06,1.05378420139885e-07,1.03390280817469e-05,1.14107904104606e-07,3.57428949581014e-06,5.21326690697364e-07,3.09767615118842e-06,6.10771188973996e-08,-4.59587946453796e-07,-2.74179587062907e-06,-3.0556185089633e-07,2.29715986314733e-15,2.39959218364444e-07,-3.91918624499307e-07,7.47876811223183e-07,3.13174213465278e-06,2.03427385098108e-09,2.92644633105386e-08,1.42970712310309e-11,1.66743054562742e-08,-3.08745954800284e-13,5.69021414677683e-08,-9.8080838413666e-07,-2.09178950074436e-05,-3.25429893130514e-11,6.75587935796023e-11,5.87082556523405e-11,-5.01236346017086e-12,0.00238184854318945,-0.214053130525347,-4.01685419146429e-08,0.08821663686282,-0.00300875232861408,-0.000156838605435709,-41.583684389203
245,-8.51302387133226e-11,2.29981262987208e-07,5.69473255617377e-07,9.69543425196624e-09,-8.53906794472394e-09,-1.29535506184191e-08,-2.83457235724953e-09,-2.96173680153759e-08,-4.83969407212381e-07,1.23215413435695e-43,4.42201971745112e-06,7.7801520381931e-09,-1.69360164025747e-07,-1.17332420402346e-07,-1.75963659418676e-09,-2.51400607315713e-08,-2.35533359913607e-07,-4.80694480523708e-10,-4.13671104140761e-07,1.96933735794456e-06,0.000157805283358744,-7.2934425178675e-15,1.12603041748099e-05,7.64748165900945e-06,-1.93364445413336e-08,8.82681492004109e-07,1.52799608563183e-14,1.0879748577017e-16,-8.08212884306933e-07,4.18668000039373e-06,3.42768986839675e-05,-1.59277594379102e-09,-1.29328981864096e-08,-1.13989077434106e-08,1.07979958871987e-09,-2.69607084360152e-08,1.20257737842223e-07,1.37319916607823e-06,3.63070058337252e-06,-0.000155512031858509,5.09955756560809e-08,-2.85193112932858e-05,-6.18751864378217e-08,3.33431339664918e-06,7.52602281657447e-07,1.02946725743245e-12,3.61285195058567e-06,1.19307520090872e-07,1.01397267185849e-05,1.19435509014822e-07,3.46248259231992e-06,5.16025095503994e-07,3.01794592056598e-06,6.15544396951406e-08,-4.37155035063788e-07,-2.07868512909397e-06,-3.11237222206814e-07,2.01877757892992e-30,2.35603654576719e-07,-3.93614760012861e-07,7.48161387176351e-07,2.54379704401728e-06,6.98510892648539e-10,3.30026119780392e-08,1.43541921573093e-11,1.90875586138713e-08,-2.7789724245371e-13,6.37477688373149e-08,-8.56219686997981e-07,-2.03712639747482e-05,-3.54089149650521e-11,6.76847322890499e-11,5.85763792333870e-11,-4.51990934187184e-12,0.00233693932715594,-0.198835431954847,-4.87078085285467e-08,0.0865533238935793,-0.00291589518434227,-0.000183379175889869,-37.5883027733515
250,-8.51569144249733e-11,2.65591597922923e-07,6.63842583395636e-07,7.20920049911672e-09,-9.40321609561129e-09,-1.47601452270383e-08,-2.77771007857155e-09,-2.85743968408965e-08,-4.84084267100213e-07,5.47378392178915e-42,4.33122129904828e-06,6.95671194446491e-09,-1.66543577178867e-07,-1.17063169883033e-07,-1.76164192036867e-09,-2.52026044034702e-08,-2.29966940199341e-07,-5.09819001683929e-10,-4.06241688359222e-07,1.89099743563576e-06,0.000155297335887634,-4.89827500715924e-15,1.10031261898158e-05,7.48240481539447e-06,-2.53685944993847e-08,8.39245038636155e-07,-2.2266845495378e-13,-1.97294119504745e-18,-8.54392525187482e-07,4.02484098049614e-06,3.37486301970884e-05,-3.22681129195459e-09,-1.41853544979307e-08,-1.1596185364713e-08,-3.65375739017648e-09,-2.76084228968589e-08,1.14278853468011e-07,1.35268010763723e-06,3.58069930064307e-06,-0.000128737863982867,5.22774951358142e-08,-2.71076403908914e-05,-6.11618050647294e-08,3.21341123446522e-06,7.36318480118826e-07,8.9098758122298e-13,3.59412757568498e-06,1.38417767889419e-07,9.99451677849175e-06,1.23866698981986e-07,3.35237085650087e-06,5.11574862528414e-07,2.95919151165923e-06,6.07862791258665e-08,-4.05387212703798e-07,-1.57129609464988e-06,-3.21378177789024e-07,-6.76608186515863e-32,2.4079544575213e-07,-4.00061716329586e-07,7.48597306216639e-07,1.90762781711736e-06,-1.66004177254558e-09,3.81987542584649e-08,1.44382441219745e-11,2.21912928291322e-08,-2.77362759289557e-13,7.32188252919167e-08,-7.71330293651623e-07,-1.99233987260552e-05,-3.75367512583657e-11,6.76798623040053e-11,5.83407575297121e-11,-4.64614350580717e-12,0.00230367372711002,-0.182628305861506,-5.88567773806216e-08,0.0853212570375694,-0.0028677216103596,-0.000218522485512463,-33.9738954701143
255,-8.56665970671663e-11,3.02909017296646e-07,7.65275935888456e-07,4.06159067496749e-09,-1.03304146764686e-08,-1.66713495186832e-08,-2.72317757780681e-09,-2.7564732276904e-08,-4.8661165920731e-07,5.80617994153816e-41,4.26136044661654e-06,6.19095375310992e-09,-1.64606086428264e-07,-1.17602555575325e-07,-1.75184960425922e-09,-2.54695869588722e-08,-2.25459646967065e-07,-5.32692406935925e-10,-4.01875037786477e-07,1.82950260646775e-06,0.000153428716380858,2.48080138718081e-14,1.08086123713971e-05,7.35781494350265e-06,-3.27318564659571e-08,7.94885389149282e-07,-4.9071687073484e-13,9.06499200967793e-17,-9.06374285167442e-07,3.90209694488852e-06,3.33584587921189e-05,-4.72509034670461e-09,-1.53035425001603e-08,-1.16911025105853e-08,-7.92047280340986e-09,-2.82347480732481e-08,1.07450089969313e-07,1.33751441234205e-06,3.54441736650332e-06,-9.39611595664374e-05,5.36384145364423e-08,-2.56960544918438e-05,-6.00504545618729e-08,3.10526560436448e-06,7.23111405995402e-07,7.95039034290977e-13,3.59052095273518e-06,1.63532957086912e-07,9.89130682331576e-06,1.27529327858808e-07,3.24575965288951e-06,5.07788017301132e-07,2.91716025882801e-06,5.91970331163489e-08,-3.6791280431779e-07,-1.18268095347414e-06,-3.34686601864088e-07,1.4778485801122e-30,2.52004609985522e-07,-4.08203409982427e-07,7.49049353003716e-07,1.27175969762109e-06,-4.62816307132595e-09,4.50427264815609e-08,1.45151187727658e-11,2.61961687156827e-08,-2.62050120124932e-13,8.57514023637476e-08,-6.95369491117233e-07,-1.95183554340587e-05,-3.94231216618997e-11,6.75932443890482e-11,5.80230348233373e-11,-5.97720845020403e-12,0.00227926736541793,-0.165918216493255,-6.72466786431127e-08,0.0844173108798779,-0.00285076229919387,-0.000253258893459395,-30.7081171945696
260,-8.59284216636872e-11,3.3658711921655e-07,8.6000913431084e-07,7.10701279908923e-10,-1.1190946526851e-08,-1.84522202117755e-08,-2.67196873809648e-09,-2.65960173111022e-08,-4.88106202072152e-07,-4.71365248584718e-41,4.20711834361808e-06,5.48211148004496e-09,-1.63061385861482e-07,-1.18488934790661e-07,-1.72791391203571e-09,-2.58071621315931e-08,-2.20664489602136e-07,-5.48492277006728e-10,-3.96711937970851e-07,1.78131595164695e-06,0.000152009921484608,-5.09030904209478e-14,1.06605120657011e-05,7.26268392690801e-06,-4.04133984998256e-08,7.50464958408052e-07,-9.22148133698368e-13,7.30129945347019e-18,-9.52961415361839e-07,3.80944929351387e-06,3.30648176614039e-05,-6.0780975960601e-09,-1.6284649450503e-08,-1.16732764092432e-08,-1.16919250728133e-08,-2.88565384418455e-08,1.00828336635148e-07,1.32606822381123e-06,3.51758756753338e-06,-5.4159649360128e-05,5.5072262221706e-08,-2.43058783353068e-05,-5.83737598808435e-08,3.00875900108385e-06,7.12188126367883e-07,6.53027910350583e-13,3.59668771719494e-06,1.94007788937805e-07,9.81743922289724e-06,1.30624079861917e-07,3.14410689240626e-06,5.04571256882437e-07,2.88736797368194e-06,5.72526054176835e-08,-3.27596559643276e-07,-8.84703656839094e-07,-3.49404712478605e-07,-1.17482944260828e-30,2.66570686331752e-07,-4.15590155291736e-07,7.49660909293196e-07,6.67134020153418e-07,-7.92373244201573e-09,5.33556403970142e-08,1.45601166918468e-11,3.10096726459899e-08,-2.59518120530089e-13,1.01158609619787e-07,-6.16334600910389e-07,-1.91030770847746e-05,-4.0966113550712e-11,6.72762771972026e-11,5.75110180702657e-11,-2.90108474446238e-12,0.00226097474025736,-0.149160858846504,-7.29794187809741e-08,0.0837398002212605,-0.00285269523407051,-0.000282387092458312,-27.7602359098305
265,-8.54074257783109e-11,3.62957280636203e-07,9.37994793235179e-07,-2.4868296366316e-09,-1.18917619692699e-08,-1.99334652863659e-08,-2.62476050699321e-09,-2.56739635804261e-08,-4.86076046585346e-07,2.35432464630353e-41,4.16322022818404e-06,4.83598246053176e-09,-1.61508410783669e-07,-1.19340641727157e-07,-1.68429316154426e-09,-2.6106306794257e-08,-2.14660802447577e-07,-5.56604645659735e-10,-3.88671505390755e-07,1.74289886375559e-06,0.000150854109932538,2.23403582123963e-14,1.05426802959915e-05,7.18602769251356e-06,-4.75487394927677e-08,7.06732218482688e-07,-1.18127468831998e-12,9.76249254094311e-19,-9.86382081305608e-07,3.73791728091163e-06,3.28267248141723e-05,-7.266164723813e-09,-1.71185613946436e-08,-1.15121943902755e-08,-1.48804734134522e-08,-2.94790123367111e-08,9.49767609388148e-08,1.31674188925606e-06,3.49598726272222e-06,-1.22042900864027e-05,5.66066180320613e-08,-2.29564397027999e-05,-5.61122996390439e-08,2.92261796615387e-06,7.02776173715461e-07,5.8064411278421e-13,3.60730761106336e-06,2.28575413043584e-07,9.76018107676266e-06,1.33371070118443e-07,3.04862213360396e-06,5.01865004001937e-07,2.86528447301465e-06,5.53955458936244e-08,-2.86874333481045e-07,-6.56225178054228e-07,-3.63672087520257e-07,6.23529980333445e-31,2.82290946414281e-07,-4.20330094066289e-07,7.50671449986859e-07,1.15060921199751e-07,-1.11988355371307e-08,6.27893269272343e-08,1.45386510487242e-11,3.64028659096926e-08,-1.99445122136368e-13,1.18912441975128e-07,-5.31514599935255e-07,-1.86341394109269e-05,-4.20458606431662e-11,6.67250369396346e-11,5.68129532181847e-11,-3.7766989203218e-12,0.00224609599929808,-0.132783226210046,-7.58177862222179e-08,0.0831887306991156,-0.00286226063074395,-0.000302901158094958,-25.1012860493558
270,-8.37628399046978e-11,3.79522342302626e-07,9.91941688183435e-07,-5.25711204036339e-09,-1.2367009870385e-08,-2.09946760498552e-08,-2.58194446457792e-09,-2.48025649321143e-08,-4.78764958061966e-07,-8.76407658650337e-43,4.12445129804858e-06,4.25745117991365e-09,-1.59624583761808e-07,-1.19847546835814e-07,-1.61683526387044e-09,-2.62767487897089e-08,-2.06809067428433e-07,-5.56688476234438e-10,-3.7673067789673e-07,1.71073121441232e-06,0.000149777507659261,-9.33828312988358e-15,1.04391711444546e-05,7.11701473056008e-06,-5.31086385774489e-08,6.64324413461896e-07,-1.50413703882117e-12,9.74633986908308e-20,-1.00139839950357e-06,3.67859080787609e-06,3.26039035529884e-05,-8.27346971470951e-09,-1.77978747536602e-08,-1.11851047660266e-08,-1.74132341078281e-08,-3.01019970270842e-08,9.00626489848777e-08,1.30796412360582e-06,3.47546815872251e-06,2.91392267098942e-05,5.82699588608679e-08,-2.16653064828334e-05,-5.32935073076389e-08,2.84545351806148e-06,6.94105459710889e-07,5.0684697649211e-13,3.61720512936817e-06,2.65039737094056e-07,9.70700206657253e-06,1.3598265702435e-07,2.96033152415025e-06,4.99610023334227e-07,2.84643532303738e-06,5.40154302576071e-08,-2.47934779634586e-07,-4.81535324797252e-07,-3.7554970096492e-07,-3.72300018681376e-32,2.97191205797218e-07,-4.21019344222532e-07,7.52316985155322e-07,-3.68681604206397e-07,-1.40738398537907e-08,7.27382345787446e-08,1.44140653746335e-11,4.19823781173636e-08,-1.33586875560657e-13,1.37955543962399e-07,-4.43505506524244e-07,-1.80790220678831e-05,-4.25953183347455e-11,6.5670625865725e-11,5.5708368264522e-11,-2.61207913634011e-12,0.00223198012513385,-0.117185988811151,-7.57225334376808e-08,0.0826659166264819,-0.00286918117303389,-0.000313098911312261,-22.7041866702434
275,-8.08155299259019e-11,3.84592255057134e-07,1.01657493754892e-06,-7.39181249386554e-09,-1.25705971222004e-08,-2.15512138807988e-08,-2.5436804394564e-09,-2.398437213507e-08,-4.64967893736957e-07,-1.16519148080483e-42,4.08566475929057e-06,3.7466797213144e-09,-1.57154077867956e-07,-1.1975931612765e-07,-1.52510255682422e-09,-2.62421895513087e-08,-1.96654655803137e-07,-5.48678692612623e-10,-3.60474494202614e-07,1.68132578873579e-06,0.000148599462460177,-2.83925692935351e-15,1.03342851792318e-05,7.04501907169143e-06,-5.61091884918918e-08,6.23784034533419e-07,-1.71378431358548e-12,-1.60109834869232e-18,-9.9460316524712e-07,3.62266384651154e-06,3.23568081411972e-05,-9.09520723549589e-09,-1.83229935472064e-08,-1.06898048849012e-08,-1.92704100544843e-08,-3.07244654734613e-08,8.60610050471532e-08,1.29818734744662e-06,3.4519682520818e-06,6.7204883926153e-05,6.00764033327464e-08,-2.04485107650904e-05,-4.99568892749871e-08,2.77579510258092e-06,6.85398663614158e-07,4.53219942250058e-13,3.62140512039627e-06,3.00227781966315e-07,9.64571248321737e-06,1.38650635944528e-07,2.8801264428938e-06,4.97729650845991e-07,2.82645336240701e-06,5.34388264186141e-08,-2.12821680416911e-07,-3.4907364204507e-07,-3.83105712806544e-07,3.05947759249531e-38,3.093997134541e-07,-4.16660146397754e-07,7.54775915258915e-07,-7.71551370799172e-07,-1.60990400375234e-08,8.232634630334e-08,1.4181543236513e-11,4.71979421223753e-08,-5.11328371785057e-14,1.56660027303147e-07,-3.57256017084941e-07,-1.74155205462414e-05,-4.25413093248933e-11,6.40734342752321e-11,5.41973189925582e-11,-2.22515622628931e-12,0.00221602368357971,-0.102746315672226,-7.27073632153703e-08,0.0820749345590627,-0.00286407092510891,-0.000312037024345726,-20.543783528299
280,-7.65030974096837e-11,3.77029967302248e-07,1.00808440969441e-06,-8.73380292701305e-09,-1.24706597722978e-08,-2.15443847303025e-08,-2.50995845444135e-09,-2.32207846938119e-08,-4.43878782123295e-07,-2.981351281717e-42,4.04178454532517e-06,3.29794280539899e-09,-1.53894018097349e-07,-1.18872891375878e-07,-1.41260266440224e-09,-2.59368808382857e-08,-1.83877147517477e-07,-5.32755086909366e-10,-3.39823567258676e-07,1.65123877076061e-06,0.000147142252371069,-1.77394389509699e-15,1.0212584209548e-05,6.9596330615899e-06,-5.58659548153463e-08,5.85588173235068e-07,-1.79661528806926e-12,-1.75640307412062e-18,-9.63877582181133e-07,3.56145439669702e-06,3.20465820058459e-05,-9.73971734789014e-09,-1.87036014661468e-08,-1.00469820581319e-08,-2.04973191272918e-08,-3.13468286744795e-08,8.303445542637e-08,1.2858839245081e-06,3.42151071639651e-06,9.94181647018653e-05,6.20224393112321e-08,-1.93207520319794e-05,-4.61416508056338e-08,2.71212038740441e-06,6.75867966660253e-07,4.12311412522678e-13,3.61514074257932e-06,3.3022522948464e-07,9.56449951205613e-06,1.41543148640425e-07,2.80880083794444e-06,4.96123376370489e-07,2.80109468279014e-06,5.3931955846937e-08,-1.83477463075649e-07,-2.50452864555664e-07,-3.84570617042296e-07,1.18178726290306e-38,3.1709579213876e-07,-4.0657806717355e-07,7.58147524939642e-07,-1.08320251451703e-06,-1.69109999587731e-08,9.04719647062732e-08,1.38266140266424e-11,5.14081423498702e-08,3.27998723894402e-14,1.72923251886463e-07,-2.7777387414362e-07,-1.66302800675949e-05,-4.18537396569345e-11,6.18241015175457e-11,5.22046417189607e-11,-1.8344451393901e-12,0.00219566646590928,-0.0898209039932015,-6.67983856771175e-08,0.0813209618723938,-0.00283834226253258,-0.000299209404024036,-18.5968440995706
285,-7.08304528308504e-11,3.56075062743936e-07,9.63716593820178e-07,-9.16568588214106e-09,-1.20455901717462e-08,-2.09342154469791e-08,-2.48066259251489e-09,-2.25123390300256e-08,-4.14965014247078e-07,1.35691624696609e-41,3.98780398181204e-06,2.90086236609945e-09,-1.49680591774555e-07,-1.17020680492092e-07,-1.28559574256867e-09,-2.53033616899478e-08,-1.6826899463771e-07,-5.09292244716442e-10,-3.14868098173107e-07,1.61707714498962e-06,0.000145230695972082,-1.24285459082152e-15,1.00588781527449e-05,6.85064414309412e-06,-5.2253185280244e-08,5.50182417106087e-07,-1.72889259419804e-12,-2.7958381212631e-18,-9.0797152462887e-07,3.48641336480684e-06,3.16349596549028e-05,-1.02258282102253e-08,-1.89566946843173e-08,-9.29363696357988e-09,-2.11914782916536e-08,-3.19714772844632e-08,8.13856419926281e-08,1.26954345569298e-06,3.38019095321771e-06,0.000123286079306215,6.40937189524884e-08,-1.82955772446563e-05,-4.18804119549607e-08,2.65288130863397e-06,6.6471796507559e-07,3.80257748034807e-13,3.59381720825827e-06,3.50865310502892e-07,9.45187088466864e-06,1.4480989783963e-07,2.74707770833004e-06,4.94671267764464e-07,2.7662238764303e-06,5.57138326762501e-08,-1.61737279165534e-07,-1.79710637370609e-07,-3.78516986371324e-07,1.22452276785087e-38,3.18523941837856e-07,-3.90339629883074e-07,7.62461179821675e-07,-1.29521160753483e-06,-1.63589527420187e-08,9.60246924029613e-08,1.33460470977353e-11,5.39920499467634e-08,1.08287615070542e-13,1.84433170131201e-07,-2.08456424996107e-07,-1.57167156809503e-05,-4.05299648310043e-11,5.88852028607266e-11,4.97142574909887e-11,-5.28002231681267e-13,0.0021683847099068,-0.0787490943448079,-5.8020744046731e-08,0.080310525712964,-0.00278411385950195,-0.000274356979569943,-16.8420183628586
290,-6.38246754834607e-11,3.21214754574403e-07,8.81457995778532e-07,-8.6003538117003e-09,-1.12810290597849e-08,-1.96938621269637e-08,-2.45562934570165e-09,-2.18589708945351e-08,-3.77859831686682e-07,-2.1441102773891e-42,3.91878168109503e-06,2.54294990565156e-09,-1.44376912096611e-07,-1.14060752212135e-07,-1.15114245872073e-09,-2.42911009686057e-08,-1.49719313453996e-07,-4.7879425861932e-10,-2.85761151410714e-07,1.5755040817247e-06,0.000142691623144216,4.98621240297703e-16,9.8581943116072e-06,6.70798984296837e-06,-4.57360699149066e-08,5.18006252970289e-07,-1.53772045809329e-12,-6.77366824548984e-18,-8.26160296768136e-07,3.38912653780921e-06,3.1084130333842e-05,-1.05774764084623e-08,-1.91026628731136e-08,-8.47213146548938e-09,-2.14755362037632e-08,-3.26020707890549e-08,8.19360321012008e-08,1.2476703591455e-06,3.32415604555203e-06,0.000136386007638914,6.62766261254808e-08,-1.73855414983251e-05,-3.71962618353781e-08,2.59652912832908e-06,6.51152045635749e-07,3.57620117607447e-13,3.55294937183801e-06,3.58223921574455e-07,9.29654408994144e-06,1.48591217166626e-07,2.69563142855119e-06,4.93244296152822e-07,2.71778225108415e-06,5.89740306586879e-08,-1.49297182581677e-07,-1.32673735740652e-07,-3.63954305363629e-07,-1.26263390163994e-38,3.12042362735678e-07,-3.67673193234672e-07,7.67703354839049e-07,-1.401135993615e-06,-1.45071297990666e-08,9.7905501521124e-08,1.27340648839593e-11,5.44534078716704e-08,1.72591604244701e-13,1.88970749509417e-07,-1.50374897275545e-07,-1.46724689729497e-05,-3.85718105642554e-11,5.52286073978643e-11,4.67042844490475e-11,-1.33049595616407e-12,0.00213168251665235,-0.0698559979395206,-4.63924000920206e-08,0.07895118515201,-0.00269411894309546,-0.000237347889512104,-15.2597672018871
295,-5.55030107435196e-11,2.72093715111889e-07,7.5979998056795e-07,-6.97365218797015e-09,-1.01674954043261e-08,-1.78052877068051e-08,-2.43469068120311e-09,-2.12602215959849e-08,-3.3227189501075e-07,4.05954857396623e-42,3.82983614431924e-06,2.21211456274476e-09,-1.37865280790058e-07,-1.09870877043784e-07,-1.01538813713983e-09,-2.28559055763219e-08,-1.28186796816288e-07,-4.41813006738208e-10,-2.52651990863194e-07,1.52324358632857e-06,0.000139353275216786,4.98443741563365e-15,9.59574187205925e-06,6.52170901004869e-06,-3.70591478684922e-08,4.89503653501937e-07,-1.22604900194361e-12,-1.90489641484275e-17,-7.17968414210205e-07,3.26131477161139e-06,3.0356585426505e-05,-1.08183147154861e-08,-1.91613687432125e-08,-7.62032881550363e-09,-2.14701931786637e-08,-3.32424520120362e-08,8.5805092270976e-08,1.21878074687998e-06,3.24958202180736e-06,0.000136354164197933,6.85684458683209e-08,-1.6602353455194e-05,-3.21021313149087e-08,2.54154193270184e-06,6.34378609750488e-07,3.4286826355481e-13,3.48809666171375e-06,3.48841196719822e-07,9.08732856945429e-06,1.53025611979628e-07,2.65511436200334e-06,4.9171405706597e-07,2.65175502458263e-06,6.38877248369095e-08,-1.47682441654429e-07,-1.06428625482797e-07,-3.40271526579282e-07,-2.73057228404109e-38,2.9617064963964e-07,-3.38402193994202e-07,7.73846059004225e-07,-1.39657367633679e-06,-1.16097585555674e-08,9.51709732002808e-08,1.19947894826108e-11,5.2464218785312e-08,2.23036967734827e-13,1.84572164727287e-07,-1.02526117808441e-07,-1.34969383827687e-05,-3.60276369121434e-11,5.08926078242661e-11,4.32174624983885e-11,-9.80596075706892e-13,0.00208308215251116,-0.0634555228932235,-3.19201098907582e-08,0.077151172051146,-0.00256161789309539,-0.00018810513102277,-13.8322737382738
300,-4.5853263502358e-11,2.08448831312852e-07,5.97559098910873e-07,-4.23869804824437e-09,-8.69827498600574e-09,-1.5255648338338e-08,-2.41769899642478e-09,-2.07153796703842e-08,-2.7790677212973e-07,9.26110936154019e-40,3.71614042746491e-06,1.89846561914267e-09,-1.30042553536872e-07,-1.04344737812793e-07,-8.82499967102269e-10,-2.09595231929365e-08,-1.03661518357673e-07,-3.98875616374825e-10,-2.15640941320872e-07,1.45708553814961e-06,0.000135044688528002,5.69218629886652e-15,9.25688000612828e-06,6.28189973643212e-06,-2.69703232280938e-08,4.65122159395674e-07,-8.37927811210418e-13,-9.12297541120347e-18,-5.82936648647946e-07,3.09483611639962e-06,2.94149649718593e-05,-1.09677069599772e-08,-1.91492316710156e-08,-6.76520603985566e-09,-2.12744059306485e-08,-3.38956859696594e-08,9.41672843515144e-08,1.18139826080571e-06,3.15265218455832e-06,0.000120874318490629,7.09835104201338e-08,-1.59570073223979e-05,-2.66011935023683e-08,2.48645674187218e-06,6.13615361212973e-07,3.35059217456599e-13,3.39480795164354e-06,3.19681351324709e-07,8.81302651043482e-06,1.58253354638221e-07,2.62619226452684e-06,4.8995850893152e-07,2.56414587292634e-06,7.06250815928375e-08,-1.58229244566006e-07,-9.88840573265731e-08,-3.07074225050072e-07,1.0131982373231e-38,2.69620067183709e-07,-3.02391097300256e-07,7.80868216757156e-07,-1.27903013500637e-06,-7.91117000068054e-09,8.70046106620191e-08,1.11187843515337e-11,4.78429069242508e-08,2.57831784662171e-13,1.69550237341722e-07,-6.24319692329376e-08,-1.21891616171327e-05,-3.29457451510761e-11,4.58540858775696e-11,3.92298282293978e-11,-1.8365385084364e-13,0.00202011384465973,-0.0598532252715763,-1.45957418713517e-08,0.0748190131566095,-0.00238015428420857,-0.000126490853734468,-12.5433040325682
305,-3.70458234243068e-11,1.63466098328412e-07,4.72730933874945e-07,-1.26258121324306e-09,-7.37663394431641e-09,-1.30978923475776e-08,-2.39856760640677e-09,-2.01846224520458e-08,-2.2800633238055e-07,-2.22285513691099e-43,3.60825125836091e-06,1.66921513124379e-09,-1.22737325883032e-07,-9.90533975614535e-08,-7.56905871547556e-10,-1.93182219486463e-08,-8.18334922630216e-08,-4.46260552487424e-10,-1.82865890874214e-07,1.39790577507139e-06,0.000130786764900515,2.19008255235436e-16,8.93248877307662e-06,6.0487952533944e-06,-1.83593273992253e-08,4.43963496100478e-07,-5.07126033822769e-13,-5.65870970276961e-20,-4.61664532502318e-07,2.94176167558977e-06,2.84812717366612e-05,-1.10107433593072e-08,-1.90371252465687e-08,-5.92787771742444e-09,-2.08336449009266e-08,-3.44124134892764e-08,1.01271466946626e-07,1.14421215589194e-06,3.05583446023805e-06,0.000105414216358518,7.32796494120546e-08,-1.53380527206011e-05,-2.352787448107e-08,2.44508859891798e-06,5.93511411356698e-07,1.65094960041408e-13,3.29929999647635e-06,2.75865129090144e-07,8.53897754331634e-06,1.61939173180412e-07,2.61055053182969e-06,4.8757464027713e-07,2.47900501744335e-06,7.57921616722099e-08,-1.62784021249195e-07,-7.83660352503765e-08,-2.72423485835533e-07,-1.16865532205288e-42,2.49279574759471e-07,-2.67487664374709e-07,7.88382048653369e-07,-1.23769517595561e-06,-4.77632970125408e-09,7.48191115736803e-08,1.02112963387393e-11,4.14532379723724e-08,2.6789159470834e-13,1.46579300841433e-07,-4.22581847393752e-08,-1.09551329328663e-05,-3.2370700371018e-11,4.0610573965724e-11,3.51160807771511e-11,-2.8835083554993e-13,0.00195731104999445,-0.0567096664182734,-1.1109836073702e-08,0.0724929847352515,-0.210826375442012,-0.0097420384297283,-51.6424591604294
310,-3.1161413970268e-11,1.69320374069992e-07,4.67008770791162e-07,3.1580356717718e-10,-6.7595936800496e-09,-1.24504384804924e-08,-2.37118701050248e-09,-1.9622806217735e-08,-1.95283991186495e-07,4.78861808830692e-43,3.55085016397569e-06,1.59104560763713e-09,-1.18311848065801e-07,-9.60311699420865e-08,-6.47029908776143e-10,-1.88127723361465e-08,-6.91384164077288e-08,-5.069529927213e-10,-1.615067164878e-07,1.37595617289513e-06,0.000128097097414036,1.98454591806706e-16,8.75621398832712e-06,5.91173041104817e-06,-1.43048307477226e-08,4.24334601601267e-07,-3.62235898968265e-13,1.37434402050999e-20,-3.91429557014944e-07,2.8782651939496e-06,2.78860445470078e-05,-1.09343621960909e-08,-1.87932996741928e-08,-5.15287724476569e-09,-2.0105439960708e-08,-3.46659084112872e-08,9.85300080457912e-08,1.12015245513785e-06,2.99273969718401e-06,0.000112513163179769,7.5012332460416e-08,-1.45911375960297e-05,-2.36812633095746e-08,2.43629244788037e-06,5.80944250987994e-07,-4.43413628531418e-14,3.24073660779006e-06,2.35198922060462e-07,8.36377598836084e-06,1.60910208856287e-07,2.60921838741625e-06,4.83965293989114e-07,2.43220590432783e-06,7.50530590161704e-08,-1.3894969566544e-07,-1.5197483566911e-08,-2.48593352614645e-07,-1.4983429245053e-42,2.56166118692615e-07,-2.42594708753671e-07,7.95543681363914e-07,-1.4632896472654e-06,-3.41929073487622e-09,6.35045551710087e-08,9.37420765457437e-12,3.55234333982517e-08,2.64368964347245e-13,1.25138162961227e-07,-3.26609551410152e-08,-1.00433289841047e-05,-3.29731891801794e-11,3.57468680494702e-11,3.13110293943864e-11,-2.6492972636076e-13,0.00191635320509193,-0.050660265299036,-2.55158792158534e-08,0.0709760289395738,-0.129533398155484,-0.0037784501752646,-30.6467343742619
315,-2.73823566727974e-11,2.0533394428683e-07,5.37457324444457e-07,6.7850105154708e-10,-6.6178573167422e-09,-1.27878349086205e-08,-2.33824144967367e-09,-1.90435453962484e-08,-1.74914241054915e-07,-3.83548710676094e-42,3.53683622688563e-06,1.61536527757766e-09,-1.16114319319806e-07,-9.47879452794149e-08,-5.55327596384006e-10,-1.91454849813496e-08,-6.24425261869494e-08,-5.57014612323833e-10,-1.46682964096233e-07,1.386011656577e-06,0.000126759456822596,1.57976788779363e-16,8.70736933979878e-06,5.8575351526461e-06,-1.218983712999e-08,4.06017172681272e-07,-2.91859178247797e-13,-4.69514190345439e-19,-3.55680545324359e-07,2.89181037905011e-06,2.75827388989819e-05,-1.07692474370401e-08,-1.84480144744679e-08,-4.46421421927061e-09,-1.92126419041908e-08,-3.47417322577668e-08,8.79953184234476e-08,1.10738957750687e-06,2.95879956561512e-06,0.000138704642693239,7.62095494141875e-08,-1.37430436237327e-05,-2.44340350475859e-08,2.45548612382491e-06,5.74856231509213e-07,-2.45520333687848e-13,3.21404237104848e-06,2.00177201077867e-07,8.27487444310899e-06,1.56056805506709e-07,2.62030623712443e-06,4.79247369723169e-07,2.41880813756999e-06,6.97755225128914e-08,-9.3968557441587e-08,7.26235474241688e-08,-2.33731466836573e-07,-6.67214471721432e-42,2.83562549511162e-07,-2.24889754209525e-07,8.02069718623647e-07,-1.8528801008946e-06,-2.76480037222514e-09,5.37589799131776e-08,8.58017585909337e-12,3.03314078432118e-08,2.54966379632608e-13,1.06591802132681e-07,-2.60497247767316e-08,-9.36909849089612e-06,-3.38736438831582e-11,3.11698906472956e-11,2.77298273084274e-11,-3.38530644367566e-13,0.00189423762313892,-0.0422142526449921,-4.2666352675416e-08,0.070156934928722,-0.0797171227020127,-0.00152233128659355,-18.1940678851607
320,-2.50603398948875e-11,2.56434219699006e-07,6.50612088170616e-07,8.48644160787907e-11,-6.7708045878303e-09,-1.369992666418e-08,-2.30181744855891e-09,-1.84583930182853e-08,-1.63008379987834e-07,-1.53772091062508e-44,3.55822105094018e-06,1.70500931992217e-09,-1.15508369982706e-07,-9.48280832997628e-08,-4.81145205784866e-10,-2.0044386468112e-08,-5.94074702905449e-08,-5.9500874978434e-10,-1.35410736263071e-07,1.4222563600374e-06,0.000126526854083387,1.98369768177248e-17,8.76259952868431e-06,5.87119726761035e-06,-1.08228511116766e-08,3.88855211719331e-07,-2.47312324780909e-13,1.81128629223421e-19,-3.41865803725116e-07,2.96836508597131e-06,2.75180838987316e-05,-1.05379324687186e-08,-1.80257270535618e-08,-3.86723856311177e-09,-1.82335264746672e-08,-3.47012597477014e-08,7.24046654503717e-08,1.10384392565249e-06,2.94872604360028e-06,0.000180133695828493,7.69339395806783e-08,-1.28220596181029e-05,-2.50723770450027e-08,2.49767697861843e-06,5.74060861101224e-07,-4.29606148695823e-13,3.21329168556317e-06,1.69920628010071e-07,8.25720002039572e-06,1.48300511251952e-07,2.6417982701549e-06,4.73578200831932e-07,2.43293483428392e-06,6.12765386166555e-08,-3.45935423152587e-08,1.71453557922091e-07,-2.25456696072041e-07,-3.54226310398003e-42,3.25237809335387e-07,-2.11986059407392e-07,8.07851313490623e-07,-2.32769478270981e-06,-2.36289080420039e-09,4.53462636666936e-08,7.81946176042804e-12,2.57919093604164e-08,2.42209997714661e-13,9.05136630756421e-08,-2.11969683018622e-08,-8.85760658492766e-06,-3.47906314826293e-11,2.68234150827407e-11,2.43363324439451e-11,-3.44135059131477e-13,0.00188752154864431,-0.0319301480724707,-5.81589547963181e-08,0.0699081931076586,-0.049210371964375,-0.000681387281061758,-10.8101319648292
325,-2.37088381897071e-11,3.12187703953802e-07,7.81824458659873e-07,-1.2091823456865e-09,-7.08540038769473e-09,-1.48853506484218e-08,-2.26347461033402e-09,-1.78765195787448e-08,-1.56560958679083e-07,-4.19160959980571e-44,3.60716347018418e-06,1.83172192326688e-09,-1.15933493665034e-07,-9.57034610473616e-08,-4.2269692835829e-10,-2.12789617452582e-08,-5.84170487390243e-08,-6.20220535603622e-10,-1.25956679853128e-07,1.47900270478435e-06,0.000127155873246539,-8.62866502723174e-17,8.89897353079177e-06,5.93793376714065e-06,-9.8131703245647e-09,3.72692272075786e-07,-2.14804384336163e-13,4.61529933099115e-21,-3.40836728048902e-07,3.09420023309506e-06,2.76395538156157e-05,-1.02583987464382e-08,-1.75470918347112e-08,-3.35941124323192e-09,-1.72231589297007e-08,-3.45879516670016e-08,5.41502241838507e-08,1.10747215394355e-06,2.9572805271821e-06,0.000233065674506139,7.72589502699785e-08,-1.18546123722589e-05,-2.54167404054408e-08,2.55797618529823e-06,5.77394917726835e-07,-5.90725105896732e-13,3.23261110908034e-06,1.43461403905709e-07,8.29555231593095e-06,1.38498084299525e-07,2.67168481425556e-06,4.67120146940995e-07,2.46866384625484e-06,5.07142516107831e-08,3.33082783614627e-08,2.71310702909772e-07,-2.21704242918179e-07,-4.0876519686389e-42,3.75789367337169e-07,-2.0201118985113e-07,8.12879486116116e-07,-2.83043039058998e-06,-2.07183802251158e-09,3.8003010049042e-08,7.07823595219275e-12,2.1805765247066e-08,2.27464207437673e-13,7.64212992738406e-08,-1.74829056002803e-08,-8.45013560047256e-06,-3.55405966097543e-11,2.26372321097066e-11,2.1074809621645e-11,-4.06312113997543e-13,0.00189280861855588,-0.0203418578849973,-7.07776112909744e-08,0.0701040121634934,-0.0305396401143907,-0.000377073284141841,-6.43231307917953
330,-2.29645816789446e-11,3.65407149796043e-07,9.13010469718792e-07,-2.96596940065849e-09,-7.46393013239772e-09,-1.6123652571337e-08,-2.2243774892444e-09,-1.73051726284485e-08,-1.53256466668671e-07,-2.81257431643971e-43,3.67602529059989e-06,1.97359096559296e-09,-1.16905087841701e-07,-9.70181995428471e-08,-3.77748604456728e-10,-2.26550737020331e-08,-5.83563845533031e-08,-6.32473443925997e-10,-1.17315922605798e-07,1.5507359507808e-06,0.000128408194859848,-2.11023643213672e-16,9.09414412100093e-06,6.04329723301736e-06,-8.99792719456957e-09,3.5736133564148e-07,-1.88754196008966e-13,9.51534166630469e-20,-3.45945369173037e-07,3.25599038451633e-06,2.78956965444391e-05,-9.94559618161058e-09,-1.70299917305032e-08,-2.93417673582604e-09,-1.62221186026411e-08,-3.44323942849853e-08,3.51200410368405e-08,1.11627678359844e-06,2.9793127385426e-06,0.000293903817279889,7.72639880018383e-08,-1.0865275901774e-05,-2.54258713500784e-08,2.63165433688213e-06,5.83723725383588e-07,-7.25404417115581e-13,3.26622896389093e-06,1.20040573041346e-07,8.37481159539788e-06,1.27437461841866e-07,2.70800973755615e-06,4.60034061459885e-07,2.52011862242816e-06,3.90997448854617e-08,1.0465245399461e-07,3.6493385105662e-07,-2.20708784299514e-07,-4.67673401396775e-42,4.30531219989982e-07,-1.93500877591245e-07,8.17212156906176e-07,-3.31968736255818e-06,-1.83938880149256e-09,3.15215939300713e-08,6.35093210836425e-12,1.82863886047081e-08,2.11355786026853e-13,6.39329086728005e-08,-1.45263050296679e-08,-8.10099558061202e-06,-3.5992496361381e-11,1.85702313367258e-11,1.79143520587299e-11,-4.6761046318681e-13,0.00190676913156976,-0.00795761239687117,-8.02007849652134e-08,0.0706210697637759,-0.0191174820290214,-0.000273069844096781,-3.83686741341418
335,-2.25568568327256e-11,4.11173599270715e-07,1.03096325078684e-06,-4.97255526840475e-09,-7.83469105489388e-09,-1.72542724207874e-08,-2.18539546529776e-09,-1.67500457986323e-08,-1.5131603314527e-07,-1.3680075577506e-42,3.75740461762818e-06,2.11333233201512e-09,-1.18010489696219e-07,-9.84288413014168e-08,-3.43946281753398e-10,-2.40101697718307e-08,-5.8451796002507e-08,-6.3197425461357e-10,-1.08903338451229e-07,1.6321415645585e-06,0.000130051480312103,-3.1130273593259e-16,9.32644127052974e-06,6.17323786103762e-06,-8.29052113731090e-09,3.42686708185982e-07,-1.66639692161306e-13,3.61992533743805e-19,-3.52375506181409e-07,3.44087410881817e-06,2.82363233672088e-05,-9.6121904362036e-09,-1.6490044301046e-08,-2.58293504144672e-09,-1.52609883124593e-08,-3.42559001209764e-08,1.67607693477858e-08,1.12831154106921e-06,3.00978368904502e-06,0.000359197314015782,7.70318730808312e-08,-9.87683597709443e-06,-2.50939278886032e-08,2.71417766818477e-06,5.91944484455049e-07,-8.31791807247414e-13,3.30850214593783e-06,9.90992978119212e-08,8.48007033515904e-06,1.15837947608376e-07,2.74890297412105e-06,4.52475461297348e-07,2.58152636478093e-06,2.73112930476241e-08,1.75045142786378e-07,4.47092019311498e-07,-2.20966257941143e-07,-5.94614099969905e-42,4.85401083214553e-07,-1.85310296844193e-07,8.20953110089181e-07,-3.76587380789676e-06,-1.63957070906095e-09,2.57484885233833e-08,5.63252042600272e-12,1.51623387044454e-08,1.94259689885836e-13,5.27654730141309e-08,-1.20852824248045e-08,-7.77472172130158e-06,-3.60638926203393e-11,1.45855063669791e-11,1.48248408186707e-11,-5.22846788261215e-13,0.00192615171235964,0.00473988333587789,-8.63640420663272e-08,0.0713389445562569,-0.0121291053800954,-0.000240921728232597,-2.29800760233105
340,-2.22840937459797e-11,4.46149676120184e-07,1.12608929676364e-06,-7.04250286765108e-09,-8.14507808996714e-09,-1.81608520255316e-08,-2.14717846558818e-09,-1.62155773396261e-08,-1.49376254620357e-07,8.214697797888e-42,3.84415020610174e-06,2.23706464445781e-09,-1.18902812177362e-07,-9.96417787909765e-08,-3.18994773418598e-10,-2.52088409199908e-08,-5.81598084430897e-08,-6.19184951275491e-10,-1.00372043584736e-07,1.71811807566768e-06,0.000131859721601023,-4.4381674317699e-16,9.57491104324295e-06,6.31413033954407e-06,-7.6365990837667e-09,3.28487551153401e-07,-1.40121680409916e-13,5.1189115304191e-18,-3.56648094429938e-07,3.63648086699551e-06,2.86125837546e-05,-9.26902989555169e-09,-1.59409319823184e-08,-2.29621325916006e-09,-1.4363202477827e-08,-3.40731439047223e-08,1.7014320837801e-10,1.14168287606148e-06,3.04377597304816e-06,0.000425641577860203,7.66472965460487e-08,-8.910398100438e-06,-2.44234070275341e-08,2.80122792102816e-06,6.00987433497531e-07,-9.07998514840296e-13,3.35392709381774e-06,8.02325367662973e-08,8.59670844208018e-06,1.04352870872514e-07,2.79260120346968e-06,4.44592043639338e-07,2.6472516574413e-06,1.61091277549468e-08,2.40698077527235e-07,5.14067082074146e-07,-2.2119816461236e-07,3.61736728931987e-42,5.36878795837637e-07,-1.76541849022521e-07,8.24237658803019e-07,-4.14817485593861e-06,-1.45716965678306e-09,2.05719138727787e-08,4.91952171883527e-12,1.23758661908427e-08,1.76493477470823e-13,4.27125077470705e-08,-1.00019283686571e-08,-7.44378002819854e-06,-3.5714151932539e-11,1.06549607017824e-11,1.1781649610323e-11,-6.21159851804686e-13,0.00194778774916788,0.0172923401572028,-8.92789804964474e-08,0.0721402805185703,-0.00784711627343766,-0.000231262992687293,-1.38512475696167
345,-2.19963472853264e-11,4.68097833984052e-07,1.19146333089858e-06,-9.01515018734939e-09,-8.35650954481935e-09,-1.87595815842329e-08,-2.11021449257817e-09,-1.57051934098576e-08,-1.46393708576736e-07,-1.10874643517898e-40,3.92936001672554e-06,2.33341001047749e-09,-1.19293701157835e-07,-1.0040907094083e-07,-3.00754424365482e-10,-2.61387647051255e-08,-5.70920000891039e-08,-5.94724974952464e-10,-9.15082836313104e-08,1.80377787310611e-06,0.000133613150688937,-5.3788873909968e-15,9.81930976586398e-06,6.45277230909043e-06,-7.00019949452292e-09,3.14580528347106e-07,-1.98465303046084e-13,-6.93658218085402e-17,-3.56256799666296e-07,3.83093037459415e-06,2.89769458328707e-05,-8.92548327475372e-09,-1.53946602294648e-08,-2.06440900044794e-09,-1.35470654759544e-08,-3.38940893934017e-08,-1.38217070980868e-08,1.15454825383253e-06,3.07649386805811e-06,0.00049007227130065,7.61958267599413e-08,-7.98552782287951e-06,-2.34184779258517e-08,2.88870834887489e-06,6.09815066957135e-07,-9.77173161488742e-13,3.39713874645911e-06,6.31466926004997e-08,8.71042503169769e-06,9.35738386743834e-08,2.83745852708806e-06,4.36522045329332e-07,2.7118110355417e-06,6.14993420830612e-09,2.98349311517924e-07,5.63263853521951e-07,-2.20318922247007e-07,-1.15325268670915e-40,5.81912887217915e-07,-1.66487163772411e-07,8.27222759165694e-07,-4.45230698427858e-06,-1.28264510424543e-09,1.59103605097261e-08,4.21255610612578e-12,9.8805926716708e-09,1.55052584874111e-13,3.362275987885e-08,-8.16900159055616e-09,-7.08672923871188e-06,-3.47903876311191e-11,6.75376958093657e-12,8.76606721351606e-12,1.00698161249954e-13,0.00196858987734682,0.0292640393702405,-8.89822262502587e-08,0.0729107307891802,-0.00521213063606274,-0.000225348676648617,-0.842921146709477
350,-2.15820287158889e-11,4.75539616139683e-07,1.22211757508777e-06,-1.07537943771002e-08,-8.44071638611091e-09,-1.89905288366456e-08,-2.0748710756986e-09,-1.5221500517461e-08,-1.41569559625693e-07,-8.36319467098946e-42,4.00636686190956e-06,2.39285974846992e-09,-1.18945714288502e-07,-1.00523370121157e-07,-2.87287205848098e-10,-2.67070174354516e-08,-5.49646606280575e-08,-5.59243160610198e-10,-8.21709216168993e-08,1.88443815051707e-06,0.000135097792164517,3.47921993203518e-14,1.00400617716505e-05,6.57635958194742e-06,-6.35651373057196e-09,3.00780982778942e-07,-1.14136615739661e-13,8.15477241061948e-17,-3.49398507553387e-07,4.01280965247168e-06,2.92831004248061e-05,-8.589619544766e-09,-1.48617190368005e-08,-1.878106658277e-09,-1.2826817155654e-08,-3.37253991377438e-08,-2.45879396749906e-08,1.16511184977242e-06,3.10325499335088e-06,0.000549454451052418,7.57634454470882e-08,-7.12041363883822e-06,-2.20830081494217e-08,2.97273796959017e-06,6.17419844722566e-07,-9.39318287549096e-13,3.43289949425473e-06,4.76290902444665e-08,8.80723434539752e-06,8.40361897721776e-08,2.88194831286077e-06,4.28393428687231e-07,2.7698723095512e-06,-1.9990493733867e-09,3.45189818994603e-07,5.92913207135516e-07,-2.17405729957524e-07,-1.24712831107617e-41,6.17855116000102e-07,-1.54580449003466e-07,8.30080797854938e-07,-4.66884079441899e-06,-1.10910788473373e-09,1.17045108182754e-08,3.52059154653629e-12,7.63927567668926e-09,1.46247318961218e-13,2.53875443434961e-08,-6.5115187583257e-09,-6.68675991164135e-06,-3.37744326689235e-11,2.91946395297499e-12,5.81717988119302e-12,-1.68671811862822e-12,0.00198554565700882,0.0402394417250839,-8.55174942742303e-08,0.073538723504224,-0.00357426445796641,-0.000216030475431365,-0.519959342910826
355,-2.09586880585689e-11,4.6751395407529e-07,1.21450639727183e-06,-1.21435892032333e-08,-8.37705164769737e-09,-1.88112012525701e-08,-2.04143111864711e-09,-1.47664571251715e-08,-1.3429008473255e-07,-1.24725956016152e-41,4.06871370632028e-06,2.40718388504546e-09,-1.17664950790191e-07,-9.9812617209115e-08,-2.76862761679319e-10,-2.68367541761806e-08,-5.15657541775492e-08,-5.13437983012512e-10,-7.22577517148265e-08,1.95560399432874e-06,0.000136104736203493,-3.1838766558915e-14,1.02181891927822e-05,6.67244477165613e-06,-5.68821794330672e-09,2.86902704281854e-07,-9.67057015324022e-14,-7.14257952010586e-17,-3.34774331267959e-07,4.17113272847963e-06,2.94858061188454e-05,-8.26857925022214e-09,-1.43513952223486e-08,-1.7286766703967e-09,-1.22145830395245e-08,-3.35713578050971e-08,-3.16547207730852e-08,1.17161802469689e-06,3.11947636648629e-06,0.000600868019662957,7.54358005283125e-08,-6.33204517716956e-06,-2.04206413383042e-08,3.04963634990314e-06,6.22820251036366e-07,-9.98987336097851e-13,3.45608309855763e-06,3.35206415980526e-08,8.87344169800927e-06,7.62246453778794e-08,2.92465842444864e-06,4.20322833399902e-07,2.8162438550662e-06,-7.8473569084577e-09,3.7879294029781e-07,6.01841141474212e-07,-2.11672072196088e-07,-1.62008282414634e-41,6.42396489815548e-07,-1.40362221726378e-07,8.32994083452049e-07,-4.79194381516453e-06,-9.32867935253064e-10,7.90926200204901e-09,2.79588759121716e-12,5.62171971972343e-09,1.12514162848816e-13,1.79204081404666e-08,-4.97506081374143e-09,-6.23054357935263e-06,-3.17954112810345e-11,-1.02893707955333e-12,2.73116134115143e-12,3.62148328047679e-13,0.00199570746048145,0.0498204119682419,-7.89277967658468e-08,0.0739150872550692,-0.00253491172311105,-0.000200629817960523,-0.326419608952419
360,-2.0064920872917e-11,4.43401668813552e-07,1.16609608983663e-06,-1.30896326278308e-08,-8.15053111816821e-09,-1.81917113800837e-08,-2.01010966282463e-09,-1.43414831085877e-08,-1.24079401792229e-07,1.72924765467047e-38,4.11012062388997e-06,2.36919422938514e-09,-1.15294243616023e-07,-9.81350471497135e-08,-2.67994358250298e-10,-2.64643748636023e-08,-4.67334868057688e-08,-4.57517154832338e-10,-6.16872632819011e-08,2.01294510145287e-06,0.000136429184565909,8.25631759229879e-14,1.03352173656241e-05,6.72887899575749e-06,-4.98064752973477e-09,2.72756292348879e-07,6.0956766518797e-14,2.93231978341623e-16,-3.11441513934586e-07,4.29528597255567e-06,2.95406847610826e-05,-7.96840067478925e-09,-1.38717031218104e-08,-1.60776602844217e-09,-1.17193968137557e-08,-3.34348020124864e-08,-3.46614230459106e-08,1.17234338802476e-06,3.12065375998217e-06,0.000641490403516182,7.52987534324881e-08,-5.63639942981658e-06,-1.84335048219287e-08,3.11589963941179e-06,6.25056520249981e-07,-8.12485150542819e-13,3.46164873419951e-06,2.0703910775115e-08,8.89558687283827e-06,7.05803879275829e-08,2.96427839605863e-06,4.12416244187844e-07,2.84585229749026e-06,-1.09680359152281e-08,3.97052103091604e-07,5.89291872286584e-07,-2.02441896223479e-07,1.72895127514088e-38,6.53516239025657e-07,-1.23448720282851e-07,8.36154299933624e-07,-4.81842159138418e-06,-7.49146753088695e-10,4.49152056292247e-09,2.14537819625327e-12,3.80287344220308e-09,1.21629388644829e-13,1.11640296440588e-08,-3.52571841745714e-09,-5.70731733920955e-06,-3.01263319183941e-11,-4.75482997557062e-12,-9.79748785415597e-14,-4.24521119052441e-12,0.00199617936915111,0.0576231803170679,-6.92458321004925e-08,0.0739325657881985,-0.00184961433389255,-0.000178164223067719,-0.209031078915539
365,-1.95821374431403e-11,4.21785402004202e-07,1.11923234412254e-06,-1.40096915000483e-08,-7.96154190613013e-09,-1.75810270793663e-08,-1.97819314577444e-09,-1.39311334257481e-08,-1.13611889981933e-07,2.47806935822732e-43,4.14695534129837e-06,2.33183084098257e-09,-1.12775771218943e-07,-9.64693993825652e-08,-2.59457884024377e-10,-2.60099006364522e-08,-4.22657078299228e-08,-4.28837318534104e-10,-5.18793881627486e-08,2.06796986781683e-06,0.000136592097555417,-6.62142520106854e-16,1.04383565286554e-05,6.77650422794169e-06,-3.66108299271068e-09,2.58601502292838e-07,-1.26399663367793e-14,7.07118672616303e-19,-2.86323069294935e-07,4.41309187252087e-06,2.95605755786556e-05,-7.66028555607362e-09,-1.33895317707426e-08,-1.50248482876675e-09,-1.12486690182988e-08,-3.32230384877431e-08,-3.65248771765876e-08,1.17169267887502e-06,3.1181114236224e-06,0.000678778772041848,7.52372222219211e-08,-4.98217363871292e-06,-1.73115712967379e-08,3.18074413844244e-06,6.26603815327294e-07,-9.35769177035436e-13,3.46254667815371e-06,6.53636462387293e-09,8.90630300923437e-06,6.59571921450368e-08,3.00447895174003e-06,4.04635006448818e-07,2.87082996609616e-06,-1.32287089415007e-08,4.10344789710675e-07,5.77181755637645e-07,-1.91769222665534e-07,-3.11980765778926e-42,6.61641890285171e-07,-1.05623227516587e-07,8.39697387804687e-07,-4.84230121383592e-06,-2.0224717008974e-10,7.20327172394615e-10,1.42583200991139e-12,1.8857500788515e-09,8.23147379651447e-14,3.68233355376299e-09,1.02583001739477e-09,-5.19687331431428e-06,-2.82895928083032e-11,-8.68301595615181e-12,-3.25760623859848e-12,-6.46672644905387e-13,0.00199430409362565,0.0647457251957092,-6.55729849054247e-08,0.0738631115004671,-0.00141739610607977,-0.000166741741728668,-0.138711876759494
370,-1.9879055651414e-11,4.14676043206643e-07,1.10387744910813e-06,-1.52565938483339e-08,-7.94023480942374e-09,-1.73015325639851e-08,-1.94395732799962e-09,-1.35235397772156e-08,-1.04808598361365e-07,-5.33698233408928e-42,4.19646735173224e-06,2.3381538827143e-09,-1.10911541166168e-07,-9.55849625481832e-08,-2.50911857321352e-10,-2.58272558354712e-08,-3.93074506868e-08,-4.06946788694179e-10,-4.34844440228938e-08,2.13266312778068e-06,0.00013714830163184,-6.27512311436874e-16,1.05777722361473e-05,6.84811029337372e-06,-1.44453110153751e-09,2.44871299779996e-07,1.00723614883322e-13,-6.30745354159556e-18,-2.65213443331312e-07,4.55369918585768e-06,2.96656527800079e-05,-7.31727308316252e-09,-1.28736299336465e-08,-1.40344357730069e-09,-1.07163786074475e-08,-3.28855259823742e-08,-3.90455999307095e-08,1.17435024246846e-06,3.12397747753242e-06,0.000720629737632708,7.50895952819007e-08,-4.31706542643693e-06,-1.69465314977624e-08,3.25380468519732e-06,6.3008423619241e-07,-9.579120915809e-13,3.47253992749614e-06,-1.44149751386529e-08,8.94105093685443e-06,6.10313532356846e-08,3.04894520902387e-06,3.96843659357531e-07,2.90445253781936e-06,-1.64139397391348e-08,4.28335535371545e-07,5.81076552941174e-07,-1.81193883682062e-07,-8.89876754457654e-42,6.75985436744964e-07,-8.87618339626776e-08,8.43497231401562e-07,-4.92952428307609e-06,8.26813615560818e-10,-4.88909057552842e-09,7.51667980247769e-13,-7.02933852714157e-10,6.74589925833702e-14,-7.41857719614314e-09,6.84170488894564e-09,-4.75496855895502e-06,-2.71809048493732e-11,-1.23928898459262e-11,-6.3048629607463e-12,-6.41643871621757e-13,0.00199791488117485,0.0723337206316963,-6.78408729188098e-08,0.0739968448032154,-0.00117222324273023,-0.000169430679607675,-0.0979731883697174
375,-2.05483078135416e-11,4.14185385529425e-07,1.10359539750868e-06,-1.66565697864791e-08,-7.99380778302547e-09,-1.71839113598766e-08,-1.90858246344507e-09,-1.31235051025536e-08,-9.64072055200514e-08,2.11461164485795e-44,4.25391462223853e-06,2.36936002837699e-09,-1.09382536230675e-07,-9.50798299345324e-08,-2.42483579640653e-10,-2.5777988574182e-08,-3.70260288358232e-08,-3.88546568758844e-10,-3.56517103359605e-08,2.20361227385542e-06,0.00013794877651097,-6.43878829631049e-16,1.07400270174154e-05,6.93483946698106e-06,1.02328585920855e-09,2.31566332386404e-07,2.24531976120115e-13,-8.99602034597835e-19,-2.46163933262855e-07,4.70894303352737e-06,2.98235957714946e-05,-6.94864192932303e-09,-1.2334546015742e-08,-1.31102029590671e-09,-1.01472461934347e-08,-3.2467086972358e-08,-4.14133320984252e-08,1.17905286630605e-06,3.13503421436549e-06,0.000764995717960118,7.48727269782694e-08,-3.65428131926622e-06,-1.65473913711369e-08,3.332411540749e-06,6.34782379172222e-07,-9.83366350147616e-13,3.48792027610494e-06,-4.20671974587979e-08,8.99074136782605e-06,5.59443301200124e-08,3.09650664345551e-06,3.88993023540508e-07,2.94344217622165e-06,-2.00650909081386e-08,4.48331706960938e-07,5.92616307918768e-07,-1.70228756439612e-07,-3.62160959963178e-42,6.932526135136e-07,-7.2688081986063e-08,8.47384724270245e-07,-5.04522143835029e-06,2.0126000356657e-09,-1.23058406792699e-08,8.19860088781935e-14,-3.95297487434581e-09,5.35346232096806e-14,-2.20722638773771e-08,1.32225313824569e-08,-4.34772013279195e-06,-2.62596771937328e-11,-1.60439559325132e-11,-9.3565183073679e-12,-6.28111691501533e-13,0.00200491420027446,0.080092801018836,-7.02758459715869e-08,0.0742560793069718,-0.00103307601509771,-0.000174396998193493,-0.0743381595541741
380,-2.12944174308968e-11,4.14894168800489e-07,1.10636394941249e-06,-1.80478451726841e-08,-8.05488028834129e-09,-1.71047368423949e-08,-1.87300726196195e-09,-1.27348550880748e-08,-8.74358239773203e-08,5.00384132642543e-44,4.31470205490267e-06,2.41078045173667e-09,-1.0791124717074e-07,-9.46068705206766e-08,-2.34021605532116e-10,-2.57456440175351e-08,-3.48522562212703e-08,-3.73135021239741e-10,-2.786801042368e-08,2.27753763506384e-06,0.000138848050474818,-6.46158988639089e-16,1.09120791002634e-05,7.02807397041321e-06,3.63181104161021e-09,2.18647987938132e-07,3.60819974851052e-13,-1.11018928605876e-18,-2.27733491874998e-07,4.87095717499403e-06,3.00028373065907e-05,-6.56218989078983e-09,-1.17813909619183e-08,-1.22396372834532e-09,-9.56030275627083e-09,-3.20035477523703e-08,-4.34029834685945e-08,1.18456890499371e-06,3.1481258101298e-06,0.000809901715199768,7.46104046174686e-08,-3.00622050701439e-06,-1.59148972309371e-08,3.41402017262522e-06,6.40002635845021e-07,-1.01314069151646e-12,3.50504974286986e-06,-7.53980380892456e-08,9.04634261507119e-06,5.08360677839116e-08,3.1460598890158e-06,3.81036187527247e-07,2.98454019886683e-06,-2.37804217203982e-08,4.68010553857148e-07,6.05715253083953e-07,-1.58514966791555e-07,-3.57766820500374e-42,7.10597283172736e-07,-5.72352086100241e-08,8.5124503147195e-07,-5.16452073871002e-06,3.29647659997818e-09,-2.12469785576442e-08,-5.89951999884876e-13,-7.79188604735993e-09,4.08273350974802e-14,-3.97190593998398e-08,2.03452168276596e-08,-3.94905402678789e-06,-2.54349244880177e-11,-1.96742421895409e-11,-1.24062810170834e-11,-6.18136529855233e-13,0.00201325057277173,0.0877403250706112,-7.1328777188009e-08,0.0745648343126844,-0.000950480681795732,-0.000177194893875082,-0.0604363820180068
385,-2.19027783884867e-11,4.13067650846032e-07,1.10336585823629e-06,-1.92857711721291e-08,-8.07426982583167e-09,-1.69735947155582e-08,-1.8379919777332e-09,-1.2360657118301e-08,-7.71397005712508e-08,-1.80488092048339e-43,4.37437703161442e-06,2.45100284432628e-09,-1.06260425542734e-07,-9.38708084268037e-08,-2.25046874252034e-10,-2.56327055557294e-08,-3.23829358658466e-08,-3.60327679979069e-10,-1.9812080412198e-08,2.35128978529872e-06,0.000139704043996875,-6.05337687070099e-16,1.10812681775769e-05,7.11942608418662e-06,6.39411478410347e-09,2.06064034274575e-07,5.09431562053814e-13,-2.63542320509937e-18,-2.08835091915319e-07,5.03216611828505e-06,3.0172528599069e-05,-6.16400834706081e-09,-1.12216903035525e-08,-1.13913635204791e-09,-8.9677751565866e-09,-3.1523960225898e-08,-4.49102493182131e-08,1.1896961907321e-06,3.1601568881444e-06,0.000853441251242191,7.43329929581012e-08,-2.38454460198894e-06,-1.49952978704888e-08,3.49621117628918e-06,6.45068803575442e-07,-1.04524966113022e-12,3.52035655356968e-06,-1.13292256281233e-07,9.09891034768884e-06,4.58448084354112e-08,3.19657242731141e-06,3.72928763364607e-07,3.024522941402e-06,-2.72063408249872e-08,4.85366691381109e-07,6.15985332379292e-07,-1.45725977767454e-07,-3.69377395016783e-42,7.25557949692142e-07,-4.22357958777025e-08,8.55010918603073e-07,-5.26985978329272e-06,4.67835230325933e-09,-3.14079424825997e-08,-1.26945791052167e-12,-1.21591964564928e-08,2.98360814991471e-14,-5.97565683159175e-08,2.84781096849035e-08,-3.53822055466339e-06,-2.46523243260673e-11,-2.3313189401521e-11,-1.54465460051744e-11,-5.94563919598177e-13,0.00202091633782979,0.0950043990599706,-7.0566558644858e-08,0.0748487519970828,-0.000893978266578342,-0.00017611880587426,-0.0518706643363512
390,-2.22189890653122e-11,4.06152366070054e-07,1.08816930977967e-06,-2.02447831098437e-08,-8.01631092271207e-09,-1.67246004047815e-08,-1.80415582396472e-09,-1.20033599481126e-08,-6.49280161000452e-08,-1.47920635652049e-41,4.42862275059427e-06,2.48119474129676e-09,-1.04230178133273e-07,-9.26237538407589e-08,-2.14798305296825e-10,-2.53579881155952e-08,-2.93272284906617e-08,-3.49831654831867e-10,-1.12746838275921e-08,2.42184497457764e-06,0.00014037786982291,-1.15838740240428e-15,1.12352973508203e-05,7.20072681872885e-06,9.35053224959132e-09,1.93751273700048e-07,6.71078068751289e-13,-2.76185168087927e-17,-1.88635979862106e-07,5.18527384680026e-06,3.03024958745814e-05,-5.7585040444151e-09,-1.06614181009918e-08,-1.05170465598739e-09,-8.37521806717385e-09,-3.10519596886166e-08,-4.58958071653586e-08,1.19325975983094e-06,3.16808951274763e-06,0.000893772050269947,7.40765352306581e-08,-1.80024692841205e-06,-1.37762470825642e-08,3.57668792380778e-06,6.49323099908813e-07,-1.08140828574555e-12,3.53033099294235e-06,-1.54572646747695e-07,9.13960279036167e-06,4.11061396633836e-08,3.24708374956757e-06,3.64628401296746e-07,3.06021089425334e-06,-3.00315073162586e-08,4.98670743070743e-07,6.20306185332592e-07,-1.3157341406103e-07,-1.80891175851187e-41,7.36007423889368e-07,-2.75174145155188e-08,8.58656426577769e-07,-5.34914375306296e-06,6.17208133725005e-09,-4.24705893319989e-08,-1.96168551301629e-12,-1.70103039257496e-08,2.11862355707089e-14,-8.15541967300514e-08,3.79845108565506e-08,-3.09857500483952e-06,-2.38616817807156e-11,-2.69948615990617e-11,-1.84818207340551e-11,-6.66142493948427e-13,0.00202594483242237,0.101622879206055,-6.78936985242941e-08,0.0750349929863701,-0.000844970110038853,-0.000170560670597669,-0.0460387909910301
395,-2.21323968227493e-11,3.92406391657919e-07,1.05608596427368e-06,-2.08181058433411e-08,-7.85523484753288e-09,-1.6309844082742e-08,-1.77200710495385e-09,-1.16649099923372e-08,-5.03291129049309e-08,1.21561613494913e-41,4.47324605413058e-06,2.49458901641502e-09,-1.01654057221572e-07,-9.06595250310917e-08,-2.02254945812677e-10,-2.48541221037532e-08,-2.54695900694008e-08,-3.41439323227594e-10,-2.10881708783715e-09,2.4862963566723e-06,0.000140733480638868,-3.31709812224853e-16,1.13622009096749e-05,7.26400528889476e-06,1.25426070119661e-08,1.81634135977654e-07,8.38920573618411e-13,1.9657162734093e-17,-1.66482795297434e-07,5.32324332305709e-06,3.03631639598818e-05,-5.34838305118508e-09,-1.01050099049416e-08,-9.55209421891767e-10,-7.78139805786576e-09,-3.06068550682682e-08,-4.63824699689473e-08,1.19410848391593e-06,3.16893655456114e-06,0.000929110019026846,7.38820254447676e-08,-1.26373009679369e-06,-1.22539305866555e-08,3.65326996447011e-06,6.52124478656735e-07,-1.10762127273352e-12,3.53151660555696e-06,-1.97942235756032e-07,9.15967913710758e-06,3.67521280270937e-08,3.2967028151679e-06,3.56094133473171e-07,3.08847088977292e-06,-3.19810824393196e-08,5.06430934717273e-07,6.16483398319896e-07,-1.15816814942894e-07,9.16385207525849e-42,7.40105409691682e-07,-1.29002476409411e-08,8.6219202246894e-07,-5.39432197808861e-06,7.78297304438781e-09,-5.40870900736525e-08,-2.66412182697082e-12,-2.23112076399339e-08,1.61926203827737e-14,-1.04420485703056e-07,4.93682030853486e-08,-2.61660117633273e-06,-2.3097124329221e-11,-3.0679435210316e-11,-2.14490222158105e-11,-4.15893757364357e-13,0.00202640547830134,0.107342145628831,-6.32959488605596e-08,0.0750520543923688,-0.000792077739039171,-0.000160313398090875,-0.0413945178405829
400,-2.15637360927893e-11,3.70649849185767e-07,1.0037086362067e-06,-2.0916213707069e-08,-7.57258850996691e-09,-1.56947407697383e-08,-1.74196643469072e-09,-1.13468446615685e-08,-3.2955386382482e-08,-1.31878070561296e-41,4.50416215479203e-06,2.48618227405147e-09,-9.8394570949634e-08,-8.78073301362235e-08,-1.86103480800845e-10,-2.40653396575091e-08,-2.06465375401109e-08,-3.35000337197037e-10,7.79815060522828e-09,2.54184278220849e-06,0.000140637237144152,-6.26299066150322e-16,1.14503044000757e-05,7.30146268305542e-06,1.59920689971971e-08,1.6962127069047e-07,1.02898835485332e-12,2.15890842724333e-18,-1.418505021146e-07,5.43927088743409e-06,3.03254624179355e-05,-4.93449232106812e-09,-9.5552772752399e-09,-8.41342781382398e-10,-7.17740207261362e-09,-3.02043804430386e-08,-4.64653781964627e-08,1.19111126904255e-06,3.15975291953619e-06,0.000957722546564199,7.37950218005827e-08,-7.84884806964613e-07,-1.04265948730789e-08,3.72388351633706e-06,6.52846744331973e-07,-1.14141692519823e-12,3.5204977780628e-06,-2.4190827212389e-07,9.1504846074901e-06,3.29105537798223e-08,3.3446022015077e-06,3.47285809139716e-07,3.10621262444159e-06,-3.28115757578676e-08,5.07361754593436e-07,6.03000230680772e-07,-9.82705895712892e-08,-1.57719534210986e-41,7.36258751439314e-07,1.8037796515555e-09,8.65662023095449e-07,-5.40038238985078e-06,9.52118300175735e-09,-6.58587560434144e-08,-3.38695834605278e-12,-2.80285052133053e-08,1.63666420619474e-14,-1.27559206422024e-07,6.33001206557088e-08,-2.08111384987229e-06,-2.22574474514363e-11,-3.44581313260872e-11,-2.44200246155917e-11,-4.98778418375059e-13,0.00202039780462578,0.1119157936993,-5.67847280973395e-08,0.0748295484302649,-0.000728410464929782,-0.000145330308798429,-0.0370286317342827
405,-2.04549348420686e-11,3.40077326137176e-07,9.28544756997808e-07,-2.04647845370562e-08,-7.15520086037567e-09,-1.4854397903792e-08,-1.71438590436316e-09,-1.10503715237091e-08,-1.24734686346392e-08,-7.57202995744352e-42,4.51737661281912e-06,2.45254093360384e-09,-9.43391036686965e-08,-8.39257178175477e-08,-1.64682241178537e-10,-2.29454925054102e-08,-1.47304904015239e-08,-3.304307925891e-10,1.85421410643001e-08,2.58577541289566e-06,0.000139957407808585,-3.9529500380072e-15,1.14881781345469e-05,7.30544181535551e-06,1.97028093363653e-08,1.57601725423021e-07,1.23355489729948e-12,-1.05411751160598e-16,-1.14304560267324e-07,5.52675619846565e-06,3.01607168335529e-05,-4.51557943711837e-09,-9.01326718908174e-09,-6.99580744326172e-10,-6.54528781406005e-09,-2.98572936704246e-08,-4.63062924913994e-08,1.18315281611707e-06,3.13762499572903e-06,0.000977921249330935,7.38654040868568e-08,-3.73170066176582e-07,-8.29146606574028e-09,3.78654935260311e-06,6.50876427432876e-07,-1.19541682455857e-12,3.49388467158394e-06,-2.84700929029783e-07,9.10342640270823e-06,2.97040641368089e-08,3.39000942287593e-06,3.38163489491964e-07,3.11038168302626e-06,-3.23060327765971e-08,5.00355984725414e-07,5.78813438662171e-07,-7.88143686324202e-08,-9.62781477813536e-42,7.23085087586723e-07,1.67904036521757e-08,8.69142973208788e-07,-5.36456659963545e-06,1.13689345290485e-08,-7.73132654330303e-08,-4.12677119391324e-12,-3.41114271359059e-08,2.34973203281685e-14,-1.50023571655072e-07,8.06712809109812e-08,-1.48261057508906e-06,-2.12517486481213e-11,-3.83251697243083e-11,-2.73821297612564e-11,-7.23000334098934e-13,0.0020060445583241,0.115103257483782,-4.83717537146331e-08,0.0742979472496002,-0.000649724875095732,-0.000125607617557863,-0.0323950091387248
410,-1.87613934206835e-11,3.00137201367788e-07,8.28760710260482e-07,-1.94023545926018e-08,-6.59379520974775e-09,-1.37711595288818e-08,-1.68956266265537e-09,-1.07764283497523e-08,1.14193704036108e-08,1.70372640483388e-41,4.50896543416736e-06,2.39176891796685e-09,-8.93957102119249e-08,-7.88964175569699e-08,-1.35878911871975e-10,-2.1456303141764e-08,-7.62165174640722e-09,-3.27692714595905e-10,3.02110864222337e-08,2.61546283622901e-06,0.000138563624620193,-1.37594995428343e-15,1.14645863359179e-05,7.26839343191829e-06,2.36258665518779e-08,1.45440728114542e-07,1.433138689407e-12,5.61890533611541e-17,-8.3477025910139e-08,5.5792692411937e-06,2.98405302975879e-05,-4.08789565034947e-09,-8.47801142167214e-09,-5.16543054460739e-10,-5.8558955067342e-09,-2.95757445458208e-08,-4.61171029463258e-08,1.16912919860085e-06,3.09965870238813e-06,0.00098805453369302,7.4147455286874e-08,-3.76919157988577e-08,-5.84389970863357e-09,3.83936859680658e-06,6.4561064620849e-07,-1.18392717973334e-12,3.44829547114323e-06,-3.2417027164513e-07,9.00994025004181e-06,2.72493979271941e-08,3.432195475455e-06,3.2868699274892e-07,3.09794894101049e-06,-3.02696666180442e-08,4.84462337384643e-07,5.43199280670103e-07,-5.74105329204883e-08,1.55389083799635e-41,6.99382796662647e-07,3.22614629650664e-08,8.72743462471005e-07,-5.28584333186723e-06,1.32660580879511e-08,-8.78757122623152e-08,-4.88213813675316e-12,-4.04610281171331e-08,4.05285658114892e-14,-1.70658111671169e-07,1.02699063001251e-07,-8.12757880714745e-07,-2.05338913001575e-11,-4.2151061326412e-11,-3.01784724072968e-11,3.18401773495693e-13,0.00198148424354998,0.116668416179309,-3.80648181685891e-08,0.0733883066222584,-0.000553441349810722,-0.000101154513772636,-0.027172086214004
415,-1.64451167411442e-11,2.50439596468882e-07,7.02978902618849e-07,-1.76781420013975e-08,-5.88192266464447e-09,-1.24327279159213e-08,-1.66775277052188e-09,-1.05257417393237e-08,3.90155916616253e-08,-1.6490044127023e-40,4.4750539157041e-06,2.3036097739735e-09,-8.34886951800935e-08,-7.26178609162009e-08,-9.69689307331886e-11,-1.95658121262125e-08,7.55114785046078e-10,-3.26804545071665e-10,4.28904566268017e-08,2.62833511412346e-06,0.000136326314537712,-8.70151202064355e-16,1.13684335278814e-05,7.18284015277284e-06,2.76137685435724e-08,1.3297673722817e-07,1.60581789280732e-12,8.08512235883954e-17,-4.90498185336675e-08,5.59051541383288e-06,2.93366592124479e-05,-3.64458143134975e-09,-7.94612194720724e-09,-2.74992412002313e-10,-5.06550879648139e-09,-2.93673976100407e-08,-4.61128606830385e-08,1.1479434073577e-06,3.04296690066825e-06,0.000986500240225486,7.47003304383309e-08,2.12720515074917e-07,-3.07712373549249e-09,3.88050671768089e-06,6.36455132926926e-07,-1.17724654300045e-12,3.3803361851509e-06,-3.57771140711914e-07,8.8614517930372e-06,2.5656712993222e-08,3.4704606752366e-06,3.18815671189882e-07,3.06589776641685e-06,-2.65255572942344e-08,4.5886732231795e-07,4.9562770271995e-07,-3.41065525303414e-08,-1.6574756802735e-40,6.64104859845046e-07,4.8422534760846e-08,8.76604993563658e-07,-5.1645102529599e-06,1.51301290482057e-08,-9.68630825749179e-08,-5.6744338566232e-12,-4.68934976615827e-08,7.27805068294429e-14,-1.88086789289856e-07,1.30917517228221e-07,-6.38167416716622e-08,-1.97362587515398e-11,-4.61498775231294e-11,-3.30140226271952e-11,-1.68393482936023e-13,0.00194486337614707,0.116378217058284,-2.58643641470617e-08,0.0720319790775042,-0.000437951846244454,-7.19708189499954e-05,-0.0211671631780412
420,-1.34699280731342e-11,1.90700233748317e-07,5.5014414100658e-07,-1.52504176582462e-08,-5.01530042607581e-09,-1.08310250142506e-08,-1.64918004473037e-09,-1.02988696035077e-08,7.06121950684901e-08,-4.71229994436797e-42,4.41179607103039e-06,2.18950510826243e-09,-7.65562078169811e-08,-6.50006856574273e-08,-4.45306994540794e-11,-1.7247250268934e-08,1.04470766923518e-08,-3.27868088925674e-10,5.66638574117333e-08,2.62186774902742e-06,0.000133116178611665,1.20539699935341e-15,1.11887145981321e-05,7.0413438846746e-06,3.14013427230633e-08,1.20023474916607e-07,1.80086208736639e-12,-9.29717543987736e-20,-1.0749226839851e-08,5.55430153563788e-06,2.86209002435816e-05,-3.17523215903136e-09,-7.41151883790268e-09,4.67475526372352e-11,-4.11342095431417e-09,-2.92376061765584e-08,-4.64138523869252e-08,1.11850127751561e-06,2.96465780747299e-06,0.000971659079425332,7.55879922391215e-08,3.69442464701937e-07,1.71377093711851e-11,3.90817655983399e-06,6.22822176582483e-07,-1.24334517551912e-12,3.28658302102692e-06,-3.82584088619848e-07,8.64934061042768e-06,2.50281901736127e-08,3.50411893521171e-06,3.08507656549911e-07,3.01121224870453e-06,-2.09119024921475e-08,4.22880166997366e-07,4.35647766995983e-07,-9.04921081171015e-09,-4.7146813908759e-42,6.16335667071787e-07,6.54769758964125e-08,8.80900710353139e-07,-5.00192879467466e-06,1.67726849675584e-08,-1.03488916355091e-07,-6.46668234284571e-12,-5.30831777920704e-08,1.23873335847443e-13,-2.00732779289259e-07,1.67265516617684e-07,7.71691754007699e-07,-1.84040627976991e-11,-5.01715723027375e-11,-3.57809159541692e-11,2.32979400568302e-13,0.00189432947192134,0.114001417002546,-1.17666262198952e-08,0.0701603542133196,-0.000302238208212038,-3.80478450853419e-05,-0.0142644844471576
425,-1.05898251139872e-11,1.4410884040635e-07,4.24989689241187e-07,-1.3332246893194e-08,-4.32279150855587e-09,-9.64005881473175e-09,-1.63091512207995e-09,-1.00801647294538e-08,1.02969756564077e-07,-6.110293641725e-44,4.34321164636895e-06,2.11700439786546e-09,-6.97652938763525e-08,-5.76743540019422e-08,2.50880817345094e-11,-1.50837840778891e-08,1.76074254172094e-08,-3.59953319702111e-10,6.73674352092828e-08,2.61211319811869e-06,0.000129758244780724,1.89435825789146e-15,1.09976066609206e-05,6.89132806056699e-06,3.42307911529978e-08,1.06231243174908e-07,1.91144193211917e-12,1.10914271077752e-19,1.85595159048026e-08,5.51158891765792e-06,2.7873057602457e-05,-2.63397281762142e-09,-6.83181212441556e-09,4.73314974867327e-10,-2.81421957979143e-09,-2.9081750897919e-08,-5.12411159031373e-08,1.08786879076807e-06,2.88295866381281e-06,0.000954642758250644,7.64395766837306e-08,5.02750491882079e-07,1.94816397041314e-09,3.9331643180898e-06,6.08597899738881e-07,-1.31543377988619e-12,3.18751688883489e-06,-3.94746725731975e-07,8.42603199010305e-06,2.40247934074255e-08,3.53554225022377e-06,2.97307917604346e-07,2.9524719096363e-06,-1.62130862102279e-08,3.90184298931364e-07,3.86049886353352e-07,1.3324533685759e-08,-6.01572578773142e-43,5.69345904987676e-07,8.0169469342711e-08,8.85945268784704e-07,-4.88371652684929e-06,1.78080409311269e-08,-1.06717564992035e-07,-7.22284453580861e-12,-5.83866289008386e-08,1.96658065842148e-13,-2.06548372830364e-07,2.11683608265296e-07,1.55145977086166e-06,-1.82372265931031e-11,-5.37614210086622e-11,-3.83004772301471e-11,5.36012326926031e-13,0.00184169369557487,0.111189778697659,-7.3315097931774e-09,0.0682108829138182,0.0451426157896329,0.00665310716139366,2.30401446642957
430,-8.65270871650238e-12,1.32125550635428e-07,3.82095025993897e-07,-1.32991561135479e-08,-4.12954406680151e-09,-9.50040574833837e-09,-1.60970807774307e-09,-9.85161207866248e-09,1.31060215391731e-07,-6.36190627002444e-42,4.30315133616014e-06,2.15784062458799e-09,-6.462353884926e-08,-5.24670914311553e-08,1.1324723508531e-10,-1.37521981270727e-08,1.82138164296975e-08,-3.94280662149791e-10,7.14446028312868e-08,2.62144717925954e-06,0.000127416963814053,2.31652727152096e-15,1.08959106898819e-05,6.79997223336589e-06,3.51665048028134e-08,9.14048529510935e-08,1.91433814892894e-12,1.95190590180623e-17,2.62531226227439e-08,5.51914907495832e-06,2.73469306848967e-05,-1.97386655486082e-09,-6.16198082794698e-09,1.0183693466929e-09,-9.73142435783789e-10,-2.87922888901638e-08,-6.46342119989409e-08,1.06600785287704e-06,2.82368776140848e-06,0.000951150607681481,7.67084499621827e-08,7.0794093916288e-07,2.08050200320952e-09,3.97010925134897e-06,5.9920862348659e-07,-1.37917694421727e-12,3.11244977157987e-06,-3.90720021142807e-07,8.26640246956012e-06,2.07363488808212e-08,3.56741049323853e-06,2.84888562566902e-07,2.91628311974129e-06,-1.56944035873284e-08,3.76945649555812e-07,3.68485869074504e-07,2.73573430455391e-08,-7.48485941510407e-42,5.39237920913513e-07,8.84554588121795e-08,8.91610046953974e-07,-4.90216283509944e-06,1.78505663438963e-08,-1.05593712104064e-07,-7.87849124912603e-12,-6.19055766690544e-08,2.95651355817565e-13,-2.03704972958339e-07,2.66059935313906e-07,2.12017732997931e-06,-1.85136922075775e-11,-5.65203561136481e-11,-4.04583946820212e-11,9.57993842290441e-13,0.00180365284771641,0.110244831425281,-1.49232114608905e-08,0.0668019655590304,0.0414714470506502,0.00388283001683435,2.09465874720654
435,-7.38132026720706e-12,1.41392638798262e-07,3.93391607901244e-07,-1.46334110365757e-08,-4.26489442920635e-09,-1.00326671386782e-08,-1.5865493422022e-09,-9.61754548125744e-09,1.55328053991521e-07,-8.58444607423195e-41,4.28767248396483e-06,2.29377397634393e-09,-6.08780323594897e-08,-4.90354112151724e-08,2.21589608405335e-10,-1.30773448027936e-08,1.45116042430864e-08,-4.222591831753e-10,7.19757924081439e-08,2.64715814995687e-06,0.000125954168089917,-1.82940991382726e-15,1.0871074543335e-05,6.75939348613924e-06,3.40321222366356e-08,7.57049808186058e-08,1.77986721774557e-12,1.96013340899537e-16,2.01017985607317e-08,5.56977550153156e-06,2.701232851641e-05,-1.18967448559374e-09,-5.4002310715346e-09,1.69505249132489e-09,1.45634060618898e-09,-2.83997632452006e-08,-8.3381720789968e-08,1.05173237248887e-06,2.78379550811471e-06,0.00095936001280877,7.65223483466489e-08,9.72406971024321e-07,1.69823172908434e-09,4.01706524595669e-06,5.94009321500799e-07,-1.40155512947995e-12,3.05804764027249e-06,-3.70864593914577e-07,8.16193435041872e-06,1.57167908356801e-08,3.59913599851542e-06,2.71588216251806e-07,2.89974976263213e-06,-1.83043764873637e-08,3.78927034313063e-07,3.71176305742472e-07,3.41725407386766e-08,-8.74048822180491e-41,5.22589505152102e-07,9.20588194166972e-08,8.97719598436673e-07,-5.01563322354943e-06,1.68103966202593e-08,-1.00200283100881e-07,-8.48358514436472e-12,-6.29991467749934e-08,4.21104951394288e-13,-1.92501040163657e-07,3.32719612615328e-07,2.54165751161355e-06,-1.89902966075183e-11,-5.87366285704563e-11,-4.24101161344297e-11,2.06937125849947e-12,0.00177823626317877,0.110885880826828,-2.45566095536172e-08,0.0658606146523547,0.038043344309279,0.00223331236826264,1.90138173611468
440,-6.55777653036918e-12,1.62222091301693e-07,4.37110773869315e-07,-1.68854064916965e-08,-4.59683764325185e-09,-1.09445415691841e-08,-1.56224475256146e-09,-9.38170789594410e-09,1.76210379127389e-07,-4.15245254238002e-41,4.29228799074497e-06,2.51002825713177e-09,-5.82680286225668e-08,-4.70422879304256e-08,3.51539926546111e-10,-1.28982992991298e-08,8.11005361295358e-09,-4.4362350830762e-10,7.08908956302343e-08,2.68620689004929e-06,0.000125211939349307,-2.30546316184636e-15,1.09089284768541e-05,6.76059132336559e-06,3.07191171573729e-08,5.93933822652498e-08,1.56263275318536e-12,8.12858353834208e-17,6.08349158154662e-09,5.65541328077597e-06,2.68347419395517e-05,-2.76194238510517e-10,-4.54472364608558e-09,2.51558750252177e-09,4.51942269131482e-09,-2.79259643870857e-08,-1.0410560111679e-07,1.04368948566194e-06,2.75977767594372e-06,0.000977197768617424,7.60116889642379e-08,1.28236215319597e-06,1.14850147643258e-09,4.07191166449919e-06,5.92265908619213e-07,-1.42545663056648e-12,3.02044981040105e-06,-3.37629853344309e-07,8.10263684303471e-06,9.51934495064204e-09,3.63014561257603e-06,2.57739724378992e-07,2.89944001136717e-06,-2.30682834099741e-08,3.92136015340446e-07,3.85120694973385e-07,3.51624618519908e-08,-4.35183319394262e-41,5.16143095858887e-07,9.24539907283982e-08,9.04145513345583e-07,-5.1920735628476e-06,1.46425814519124e-08,-9.11940956996192e-08,-9.10785136872085e-12,-6.11881848440958e-08,5.66834434349458e-13,-1.74418390079075e-07,4.12043890017221e-07,2.87159829834405e-06,-1.94179333834697e-11,-6.09446318973614e-11,-4.45226025230951e-11,2.23345402241144e-12,0.00176318592199295,0.112796818023631,-3.34216870878899e-08,0.0653031999237076,0.0348512081410301,0.00124808715657597,1.72337985742769
445,-6.02950275710128e-12,1.87845883611575e-07,4.97090211297107e-07,-1.96934510053984e-08,-5.02750451006412e-09,-1.20199300424115e-08,-1.53742255610075e-09,-9.14713138419034e-09,1.94057201129402e-07,4.00025924979863e-41,4.31259185872697e-06,2.79305468128754e-09,-5.65583651929553e-08,-4.6183686180118e-08,5.02725567016268e-10,-1.30766974284787e-08,1.1797275608037e-10,-4.58319487538844e-10,6.93707023171541e-08,2.73563626388823e-06,0.000125034515182051,6.76783537402775e-15,1.09955849605015e-05,6.79474309118028e-06,2.54955100967927e-08,4.28250251271426e-08,1.25756841152618e-12,-1.1919183809708e-16,-1.13997906442239e-08,5.76821382423561e-06,2.67801342105449e-05,7.67411235615064e-10,-3.59653792534148e-09,3.48247727065993e-09,8.23701985106126e-09,-2.73875216057419e-08,-1.23724188652642e-07,1.04054351115967e-06,2.74817357452321e-06,0.00100263923382077,7.5287443366879e-08,1.62455820645371e-06,5.34387473809813e-10,4.13261221974564e-06,5.93248793713364e-07,-1.44974472820422e-12,2.99586282247842e-06,-2.95234537121122e-07,8.07859406007023e-06,2.63545441934612e-09,3.65991608256558e-06,2.4364626794765e-07,2.91193816028479e-06,-2.91532000790964e-08,4.13030963019574e-07,4.03887232136521e-07,3.18688068399958e-08,3.76652411590231e-41,5.1697295439307e-07,9.08075244180219e-08,9.10751104616348e-07,-5.40793011450303e-06,1.15131523482557e-08,-7.97211179534993e-08,-9.78578931855419e-12,-5.64067693066795e-08,7.21665566167162e-13,-1.51911465613211e-07,5.03026756139727e-07,3.15584999530373e-06,-1.97228318477818e-11,-6.34158406449049e-11,-4.69583014218632e-11,1.98769455817401e-12,0.00175627070029694,0.115669096818565,-4.06718825327798e-08,0.0650470872063033,0.0318872112202551,0.0006565080805367,1.55985465379826
450,-5.69833993211114e-12,2.13571254992421e-07,5.61395412575451e-07,-2.2772261582293e-08,-5.48437288436027e-09,-1.31000782504474e-08,-1.51256893537074e-09,-8.91625608668755e-09,2.09157401029908e-07,1.73327659343198e-41,4.34427600476919e-06,3.12844781358167e-09,-5.55389511651589e-08,-4.6187430992836e-08,6.72314159751649e-10,-1.34931577315055e-08,-8.66563037536824e-09,-4.66464143916793e-10,6.81397666867297e-08,2.79258246614144e-06,0.000125268966549278,1.33380233549908e-14,1.11175052282487e-05,6.85325619055962e-06,1.91377532569146e-08,2.64033032246269e-08,8.58779090258337e-13,-1.54192337443054e-17,-2.91295034281704e-08,5.90056890168755e-06,2.6815096843903e-05,1.93487655746363e-09,-2.56164161334962e-09,4.58438779027998e-09,1.25915017470927e-08,-2.67987356134369e-08,-1.39845989316808e-07,1.04097953866518e-06,2.74558733104276e-06,0.00103371587284021,7.44372548452537e-08,1.98629389838914e-06,-1.16100721966659e-10,4.19722510420743e-06,5.96232042530007e-07,-1.44024339420554e-12,2.98060013755083e-06,-2.49166883885201e-07,8.08009006711422e-06,-4.50714299066456e-09,3.68798509880373e-06,2.29571704873315e-07,2.93389098588022e-06,-3.586037376155e-08,4.38449343698453e-07,4.23206804109419e-07,2.59712175015331e-08,1.48161265473293e-41,5.22409770751562e-07,8.80312598650614e-08,9.17367987788482e-07,-5.64576222548253e-06,7.8540613252434e-09,-6.72749117882993e-08,-1.04967442362518e-11,-4.926090881955e-08,8.75345109906205e-13,-1.28022438101884e-07,6.03623312112893e-07,3.43164367509157e-06,-2.00167694582105e-11,-6.59911886678847e-11,-4.9542295784854e-11,2.29537828892815e-12,0.00175529585449242,0.119202640997796,-4.60955138042673e-08,0.0650109896733209,0.0291430527561066,0.000299850240529789,1.41002386061032
455,-5.50459528061214e-12,2.3615253048659e-07,6.21228340968046e-07,-2.59003647111632e-08,-5.91344911038926e-09,-1.40686898582537e-08,-1.48805913197322e-09,-8.69103717719743e-09,2.21758693067666e-07,-1.85789108918879e-41,4.3831393061192e-06,3.50080053746054e-09,-5.50198823617449e-08,-4.68082533492778e-08,8.55666023363725e-10,-1.40439139782324e-08,-1.76158923432067e-08,-4.68323738107554e-10,6.76538740664462e-08,2.85428070718923e-06,0.000125765565761439,-3.17841431971716e-15,1.12615288582276e-05,6.92778512951897e-06,1.26728305750782e-08,1.04941168248612e-08,4.56528385036147e-13,-3.23314854429984e-17,-4.4754997383615e-08,6.04512671878177e-06,2.69069280275742e-05,3.21377067197347e-09,-1.45022595266895e-09,5.79918234031899e-09,1.75315430289722e-08,-2.61725716312382e-08,-1.51098884362359e-07,1.04370661320848e-06,2.74869618350424e-06,0.001068519592517,7.35296790879084e-08,2.35541399935782e-06,-7.91197773499842e-10,4.2639050858265e-06,6.0049639094657e-07,-1.39709629929546e-12,2.9710841749771e-06,-2.04846799102032e-07,8.0976446654047e-06,-1.1538096534162e-08,3.71394847679068e-06,2.15741232557076e-07,2.96202424601591e-06,-4.26074290892752e-08,4.65569557158863e-07,4.40452281704475e-07,1.91003084555166e-08,-2.11913796490841e-41,5.30015881114746e-07,8.48420083554748e-08,9.23801741507201e-07,-5.89257084230233e-06,4.20856999596969e-09,-5.53243215037939e-08,-1.12515769561915e-11,-4.09678047332913e-08,1.01577661005953e-12,-1.05560125135603e-07,7.12081931454359e-07,3.72839100974509e-06,-2.02836310801106e-11,-6.88369823862121e-11,-5.23392329361304e-11,3.40853043814274e-12,0.00175810848698041,0.12310621675068,-4.96431056458464e-08,0.0651151702819831,0.0266101748384417,8.47473871468704e-05,1.2731298845957
460,-5.40782298873329e-12,2.53355763210561e-07,6.70122856353129e-07,-2.89074741040743e-08,-6.27462077864092e-09,-1.48412181689294e-08,-1.46419104812736e-09,-8.4730595513179e-09,2.32081620119053e-07,7.54103530162102e-41,4.42509098379862e-06,3.89543138102914e-09,-5.48277888558767e-08,-4.78243157317062e-08,1.04802935604421e-09,-1.46388075279163e-08,-2.62211491165047e-08,-4.64304516276509e-10,6.82103954344055e-08,2.91806682517855e-06,0.000126377918293563,7.5481722622523e-14,1.14148732903466e-05,7.01021802508508e-06,6.91456294129521e-09,-4.65401430843527e-09,1.4585388092811e-13,4.26313446005401e-16,-5.65562246725091e-08,6.19479402991161e-06,2.70236497758129e-05,4.59004152226715e-09,-2.7345295344699e-10,7.10326482362415e-09,2.29957319112983e-08,-2.55198412607342e-08,-1.57170378683993e-07,1.04746106851391e-06,2.75424752528184e-06,0.00110520486063134,7.26253104477189e-08,2.72030476038037e-06,-1.48161740559727e-09,4.33089873833673e-06,6.05336357576658e-07,-1.45771946276937e-12,2.96381305033438e-06,-1.66117899005657e-07,8.12196690964585e-06,-1.81313573618588e-08,3.73744406460484e-06,2.02352024936349e-07,2.99313209156651e-06,-4.89032472435667e-08,4.91909772039747e-07,4.53955755644442e-07,1.25807552738586e-08,7.2782589595863e-41,5.3760964251726e-07,8.18211349680068e-08,9.29864206684691e-07,-6.1388677358954e-06,9.816182019824e-10,-4.4901459331019e-08,-1.20901113893602e-11,-3.29004706533485e-08,1.15606148724233e-12,-8.63212114964289e-08,8.28558516675292e-07,4.06865480189511e-06,-2.00377968985929e-11,-7.22413390523872e-11,-5.56784377947868e-11,8.60204200389848e-13,0.00176260002965761,0.127097421616823,-5.13124606586892e-08,0.0652815338015381,0.024279944742378,-4.37293374687213e-05,1.14844640090663
465,-5.37221128424133e-12,2.63652834723228e-07,7.03344634939365e-07,-3.16627531435481e-08,-6.53852671385882e-09,-1.53571151211568e-08,-1.44120168177647e-09,-8.26360096613461e-09,2.40328886729717e-07,8.36920239670209e-41,4.46614925779857e-06,4.30024238393622e-09,-5.48071975603275e-08,-4.90394753807775e-08,1.24607394511466e-09,-1.52008546714555e-08,-3.40768373680427e-08,-4.54819009052887e-10,7.0014411474615e-08,2.98137577299528e-06,0.000126962914174622,8.43213077091542e-14,1.15651165991986e-05,7.09265331060443e-06,2.16031527287576e-09,-1.89323440886687e-08,-1.38250283715363e-13,4.37072243292035e-16,-6.32663569778786e-08,6.34272908145146e-06,2.71339850895643e-05,6.05268336050913e-09,9.59883265952513e-10,8.48022559393092e-09,2.8936842344856e-08,-2.4848451250431e-08,-1.585131765682e-07,1.05100845194632e-06,2.75905128333006e-06,0.00114198901863972,7.17868885683335e-08,3.0698771897282e-06,-2.17729245909573e-09,4.39653706073046e-06,6.10066650383048e-07,-1.42370165402677e-12,2.95532204952007e-06,-1.34532366633276e-07,8.14388976129458e-06,-2.39925496641786e-08,3.75813370021816e-06,1.89585119739387e-07,3.02406011563882e-06,-5.43250185847671e-08,5.15330530161101e-07,4.62358340634192e-07,7.29054923459796e-09,8.11478387401795e-41,5.4329022691687e-07,7.9461104817827e-08,9.35405836931861e-07,-6.37818953794964e-06,-1.69990672998873e-09,-3.64152633966726e-08,-1.29470895742602e-11,-2.60261393009493e-08,1.27622419678278e-12,-7.08781793706674e-08,9.55927454867474e-07,4.46977808488217e-06,-1.99419480673691e-11,-7.58182365874946e-11,-5.90293411284222e-11,9.67378327122074e-13,0.00176670614173964,0.130902348127722,-5.11156877898283e-08,0.065433623077033,0.0221438058863859,-0.000117897321572005,1.03528325944102
470,-5.36040928022139e-12,2.66005099996609e-07,7.17440266735221e-07,-3.40652655482934e-08,-6.68422359629409e-09,-1.55739619396042e-08,-1.41929778588063e-09,-8.06373750266337e-09,2.46690908421149e-07,5.60214656881457e-41,4.50243624725958e-06,4.70650832111509e-09,-5.48229832909748e-08,-5.02854186108826e-08,1.44831729903199e-09,-1.56659838997306e-08,-4.08917868480964e-08,-4.40378737937813e-10,7.32185773677557e-08,3.04173786039627e-06,0.000127380549502252,6.53577126718307e-14,1.1700173884462e-05,7.1673818629318e-06,-1.72196054065062e-09,-3.23335778682324e-08,-3.88280411853614e-13,3.44160171263421e-16,-6.39423713955468e-08,6.48232931333213e-06,2.72073125753517e-05,7.59607644218439e-09,2.24502250928466e-09,9.92443188451364e-09,3.5334055948822e-08,-2.41628725221175e-08,-1.55908342434056e-07,1.05314306141369e-06,2.75997339408233e-06,0.00117715122908563,7.10835683627737e-08,3.39353102037061e-06,-2.86814749238979e-09,4.45922861215739e-06,6.14024542665169e-07,-1.3553941832228e-12,2.94216135224479e-06,-1.09773802069968e-07,8.15433503422803e-06,-2.88514181065753e-08,3.77569120491733e-06,1.77612204235806e-07,3.05169661987739e-06,-5.85032692937529e-08,5.34017186739682e-07,4.64312659840964e-07,3.72616142614226e-09,5.36563935434205e-41,5.45429879263496e-07,7.81929037706341e-08,9.40329741144944e-07,-6.60672134358197e-06,-3.92670874620917e-09,-2.97737238530256e-08,-1.38555465013387e-11,-2.06641066402172e-08,1.38315891630176e-12,-5.89320163034851e-08,1.09931329610522e-06,4.94593155126964e-06,-1.97629231236259e-11,-7.97627554636095e-11,-6.26368267847775e-11,1.86052375619942e-12,0.00176840446292338,0.134254984758765,-4.90688903467279e-08,0.0654965358374224,0.0201934007659055,-0.00015679865113412,0.932989944913307
475,-5.33600524456606e-12,2.59711218838641e-07,7.09899329040618e-07,-3.60372888903182e-08,-6.69720888730501e-09,-1.54628093244057e-08,-1.39866350745783e-09,-7.87437935354113e-09,2.51348221469684e-07,3.95505522097073e-41,4.53016998465198e-06,5.10811765700804e-09,-5.47651829063544e-08,-5.14258816707606e-08,1.65448844616988e-09,-1.59827037144575e-08,-4.64778038638069e-08,-4.21490540872033e-10,7.79470461255093e-08,3.09677344973372e-06,0.000127493655433188,5.97358602798851e-14,1.1808273095723e-05,7.22688185448945e-06,-5.02139443037631e-09,-4.48944427060637e-08,-6.02518550470593e-13,3.4446619147424e-16,-5.78726779925801e-08,6.60721632494143e-06,2.72136093668962e-05,9.2189749307445e-09,3.58049739935553e-09,1.14382261984086e-08,4.21878231313785e-08,-2.34652469589444e-08,-1.50120237121263e-07,1.05268484340825e-06,2.75393183928206e-06,0.00120903047176324,7.05879769431192e-08,3.68110018726658e-06,-3.54561958133503e-09,4.51745469969619e-06,6.16566906145318e-07,-1.29269797034014e-12,2.92089902970042e-06,-9.06161114167427e-08,8.14432302687508e-06,-3.24609077372177e-08,3.78979980175621e-06,1.66594815517419e-07,3.07297790980092e-06,-6.11165219435432e-08,5.4643326222093e-07,4.58549472518744e-07,2.16860152221657e-09,3.74572679148684e-41,5.42626047790603e-07,7.83951982694685e-08,9.44580722789625e-07,-6.82284827539642e-06,-5.85483532955498e-09,-2.46448343155131e-08,-1.48198449031807e-11,-1.66542738450787e-08,1.48426627497071e-12,-4.98253163748132e-08,1.2651061559544e-06,5.50984894467609e-06,-1.9417255381875e-11,-8.40789101789808e-11,-6.65114019502282e-11,2.29916137841817e-12,0.00176571063590601,0.136896412611472,-4.51881914581862e-08,0.0653967773713993,0.0184206693063723,-0.00017165069003368,0.8409578546252
480,-5.26755340629016e-12,2.44294797043773e-07,6.78889516412198e-07,-3.75197590372262e-08,-6.56762963849134e-09,-1.50042509871398e-08,-1.37947026153642e-09,-7.69631261626308e-09,2.54470263728691e-07,1.68356080943232e-38,4.54565382468058e-06,5.50035222254882e-09,-5.45493685079622e-08,-5.23555973275159e-08,1.8646440631581e-09,-1.61106573027506e-08,-5.07227669612729e-08,-3.98178587898375e-10,8.43108423230109e-08,3.14418615412946e-06,0.000127167529604336,3.02722666449475e-14,1.18779245277555e-05,7.26381471748534e-06,-7.98215681552303e-09,-5.6656597886804e-08,-8.05730814159248e-13,7.79433472885223e-16,-4.45064198021964e-08,6.71121672167506e-06,2.71233753236585e-05,1.09224128959156e-08,4.96661472395705e-09,1.30274670021296e-08,4.95091425977108e-08,-2.27567279738122e-08,-1.4172671377579e-07,1.04847488706889e-06,2.73789218020914e-06,0.00123602276741548,7.03714784701297e-08,3.9227877601277e-06,-4.20406007012043e-09,4.56976432767134e-06,6.17065174462541e-07,-1.21956948837784e-12,2.8881306641672e-06,-7.57003835521667e-08,8.1049919013207e-06,-3.45979061909667e-08,3.80015182203763e-06,1.56681417233031e-07,3.08489600386325e-06,-6.18885591795166e-08,5.51264333580306e-07,4.4403993102688e-07,2.81790229030569e-09,1.68338688933158e-38,5.33643110066357e-07,8.03976462895019e-08,9.48125691521272e-07,-7.02664291609984e-06,-7.61119175136854e-09,-2.06630410251563e-08,-1.58562091439233e-11,-1.36643858802218e-08,1.57323560656109e-12,-4.28793096348388e-08,1.46033504063746e-06,6.17383174152125e-06,-1.89018942682026e-11,-8.88422561971071e-11,-7.07554015912612e-11,4.56905080447979e-12,0.00175667278239553,0.138573823147448,-3.94805273882047e-08,0.0650620559140181,0.01681792760259,-0.000169069948806374,0.758621685239692
485,-5.74347437438349e-12,2.26241219478115e-07,6.39612493789497e-07,-3.8871610988619e-08,-6.40310356094909e-09,-1.44419275844262e-08,-1.36122729249885e-09,-7.52689462305755e-09,2.588387608618e-07,-4.51095939275092e-44,4.55362551372796e-06,5.89898339445514e-09,-5.44240513420977e-08,-5.30832724603971e-08,2.07786732369199e-09,-1.61901580557287e-08,-5.46962043787691e-08,-3.88192500929453e-10,9.13895186408468e-08,3.18675040213275e-06,0.000126564729248806,1.46206198479441e-14,1.19234706402239e-05,7.28689159953488e-06,-1.0815756225723e-08,-6.80541134072871e-08,-9.8373953997506e-13,-8.6669908305755e-19,-2.98100085424954e-08,6.80220361818633e-06,2.69718674549531e-05,1.27160280182877e-08,6.42444508053134e-09,1.4689024360553e-08,5.73229343920289e-08,-2.20088353549032e-08,-1.32641378380877e-07,1.04190350616643e-06,2.71545512003027e-06,0.00126021309073151,7.03550821382793e-08,4.13253954061419e-06,-4.77731969835297e-09,4.61875094728619e-06,6.16321520503073e-07,-1.15388170323857e-12,2.84755934781662e-06,-6.37726240255002e-08,8.0467091245863e-06,-3.63149008720277e-08,3.80799055830345e-06,1.47344356539074e-07,3.09089003996024e-06,-6.19575964806783e-08,5.51264502495094e-07,4.25463432794499e-07,4.72886277292195e-09,-1.72981077695332e-42,5.20741411020696e-07,8.30638778317269e-08,9.50780902777338e-07,-7.23685744414521e-06,-9.28537261692521e-09,-1.74934325929659e-08,-1.69237574330106e-11,-1.13696446915436e-08,1.63809881102197e-12,-3.74753110248207e-08,1.68317477128884e-06,6.93294625241537e-06,-1.88615023750091e-11,-9.38724236829701e-11,-7.49447222220824e-11,5.59640643660026e-12,0.00174361994268218,0.13960866598487,-3.53192238215406e-08,0.0645786322555697,0.0153617510416223,-0.000160454749714713,0.684601107110826
490,-7.03588036466775e-12,2.11513871141806e-07,6.06967778138702e-07,-4.04483285288117e-08,-6.29691012570668e-09,-1.39969427938165e-08,-1.34343936917144e-09,-7.3631787197438e-09,2.65857645116283e-07,-1.48678741249595e-43,4.5612684478736e-06,6.31331951002086e-09,-5.4679692863247e-08,-5.37773681406434e-08,2.28705413931508e-09,-1.63797312930166e-08,-5.92487483911662e-08,-3.80063083905558e-10,9.81087318240026e-08,3.2288869742539e-06,0.000125939896066076,1.58934589149583e-14,1.19671553953359e-05,7.31002817839249e-06,-1.3594975811655e-08,-7.94277055949402e-08,-1.15532773236742e-12,-4.76602464331495e-18,-1.8752499706495e-08,6.89233243328369e-06,2.68146686742631e-05,1.45925336864946e-08,7.95826336845113e-09,1.63857510237544e-08,6.55659893341688e-08,-2.12083436320731e-08,-1.24469265594186e-07,1.03514657795382e-06,2.69233324108988e-06,0.00128476580039974,7.03698106372044e-08,4.33110890312113e-06,-5.30222546651713e-09,4.66780050754961e-06,6.15537525829466e-07,-1.1418249672272e-12,2.8054707576163e-06,-5.3925587321433e-08,7.98625401425793e-06,-3.86313309733342e-08,3.81460449297914e-06,1.38027133440342e-07,3.09661731302384e-06,-6.24852552564667e-08,5.50257633509604e-07,4.08047300960433e-07,6.64870638221596e-09,-1.78645623121157e-42,5.07041158386718e-07,8.51587334917791e-08,9.5243119908749e-07,-7.46069954957396e-06,-1.08729790470808e-08,-1.48887314315005e-08,-1.80483724887494e-11,-9.53766073975452e-09,1.66494084660023e-12,-3.31400095650671e-08,1.93264734191271e-06,7.74801847476768e-06,-1.8738272926765e-11,-9.92624545310762e-11,-7.93497746923600e-11,6.25497589340878e-12,0.00173021754765738,0.14049792328647,-3.34771572357657e-08,0.0640822629598186,0.014026334728947,-0.000153669176243293,0.617412592043759
495,-8.74485846166515e-12,1.99248600438042e-07,5.79451324151086e-07,-4.21945476138517e-08,-6.22601972537106e-09,-1.36310253893754e-08,-1.32615161226395e-09,-7.20508837944721e-09,2.73923290483367e-07,2.82839376931619e-44,4.56861306516069e-06,6.73236909692223e-09,-5.53095913176401e-08,-5.45722529561487e-08,2.48460376400555e-09,-1.66757258286887e-08,-6.40682791087753e-08,-3.72945245985549e-10,1.04378557690504e-07,3.2708224435576e-06,0.000125298001453983,1.59349553190967e-14,1.20095159214419e-05,7.33380561318042e-06,-1.6232474310897e-08,-9.06706380414484e-08,-1.31050530165546e-12,2.80354345505358e-18,-9.77783445189232e-09,6.98198527906223e-06,2.66530839062244e-05,1.65316206024218e-08,9.5463553735075e-09,1.80823182654153e-08,7.41371906298716e-08,-2.0371388091199e-08,-1.1711942528425e-07,1.02823913543907e-06,2.66867923440096e-06,0.00130973790824069,7.03614842476664e-08,4.51914424449048e-06,-5.8363131701224e-09,4.71669860002469e-06,6.1469670461566e-07,-1.13807288950981e-12,2.76231665048978e-06,-4.58321596992729e-08,7.92434174778736e-06,-4.1308208528782e-08,3.81975237682204e-06,1.28828154940398e-07,3.10239309360461e-06,-6.32791560718781e-08,5.48675834019821e-07,3.91952291759236e-07,8.44326872365512e-09,-1.56584596821826e-42,4.92746631563425e-07,8.68141221490695e-08,9.53182333682823e-07,-7.68576444289265e-06,-1.2305948887732e-08,-1.27553206202303e-08,-1.91460559514375e-11,-8.06822000258625e-09,1.65664455827977e-12,-2.96586778658919e-08,2.21600592446818e-06,8.58696556403196e-06,-1.86853389791472e-11,-1.04539132019862e-10,-8.35640761332791e-11,5.87762144151846e-12,0.00171653855951716,0.141255763408979,-3.23114742560003e-08,0.0635756501307412,0.0128014336725285,-0.000148084919420063,0.556416512748083
500,-1.05856252337361e-11,1.88855547918564e-07,5.55964693858228e-07,-4.40553400864484e-08,-6.17357636807076e-09,-1.33161690374007e-08,-1.30941830839621e-09,-7.05258724315719e-09,2.81773035038686e-07,-1.89333122607124e-48,4.57569080962754e-06,7.14758495663131e-09,-5.63045062018001e-08,-5.55765604621668e-08,2.66433599718675e-09,-1.70763001162202e-08,-6.89376544716413e-08,-3.66873904399221e-10,1.10143232288395e-07,3.31277704799489e-06,0.000124643928956217,1.52482708545532e-14,1.20510724555004e-05,7.35878937251142e-06,-1.87055937618398e-08,-1.01676182393406e-07,-1.44654885775119e-12,7.56725043412877e-18,-1.75867516236091e-09,7.07153315632597e-06,2.64883894817504e-05,1.85151534758727e-08,1.11687790885439e-08,1.97505964769729e-08,8.29466598420093e-08,-1.95130256993006e-08,-1.10476108828806e-07,1.02121778279515e-06,2.64464069723053e-06,0.00133518688168545,7.02865573863851e-08,4.69727775848055e-06,-6.39268432404356e-09,4.76523365739759e-06,6.13785645838665e-07,-1.14077844367984e-12,2.71851443877646e-06,-3.91830625506993e-08,7.8616029220793e-06,-4.41307869017594e-08,3.8231918722216e-06,1.19843985266979e-07,3.10849037042391e-06,-6.41726808889154e-08,5.46928279866938e-07,3.77360622185218e-07,1.00042009210382e-08,-1.55434659711743e-42,4.78073350587921e-07,8.81386113591439e-08,9.5316007601242e-07,-7.90362103932881e-06,-1.35581156556414e-08,-1.10074646374077e-08,-2.01952743192577e-11,-6.88684661457021e-09,1.61499063714906e-12,-2.68478579598716e-08,2.54005268214801e-06,9.42462756957966e-06,-1.87005465891097e-11,-1.09547915861382e-10,-8.75191648473821e-11,5.92142535686152e-12,0.00170265491477223,0.141895928890481,-3.14101094606998e-08,0.0630614579058738,0.0116776924652088,-0.000143340516478419,0.501034208823512
505,-1.23614254315705e-11,1.79923517270869e-07,5.35692482350235e-07,-4.59803901552179e-08,-6.12714657107818e-09,-1.30316520148566e-08,-1.29329819135965e-09,-6.90566402371477e-09,2.88396572004402e-07,7.27792158655521e-44,4.58253384778548e-06,7.55104525029096e-09,-5.76569239638643e-08,-5.6880728069662e-08,2.82040019913293e-09,-1.75809353539309e-08,-7.37065764848511e-08,-3.61864968175617e-10,1.15365637152937e-07,3.35496540050515e-06,0.000123982495014278,1.281710765465e-14,1.20923369340965e-05,7.38554500860137e-06,-2.10118300935598e-08,-1.12338359412762e-07,-1.56021603986304e-12,-1.14812459134986e-17,6.13248993592512e-09,7.16133886727313e-06,2.63218455561841e-05,2.05243901418632e-08,1.28053349335264e-08,2.1363719071407e-08,9.19013439838046e-08,-1.8648472725907e-08,-1.04413765666787e-07,1.01411890451741e-06,2.62036497578998e-06,0.00136117036957307,7.01049468709396e-08,4.86611540584928e-06,-6.97666375420348e-09,4.81319934796806e-06,6.12790043734976e-07,-1.15062648188828e-12,2.67447181289048e-06,-3.36745008112821e-08,7.79864693548773e-06,-4.69109695069104e-08,3.82468885061206e-06,1.11162877213197e-07,3.11516480497533e-06,-6.50274554443197e-08,5.45375595253056e-07,3.64404171195912e-07,1.12201238609725e-08,-1.44583465544195e-42,4.63206830603022e-07,8.9214260291757e-08,9.52487123093528e-07,-8.10846543777083e-06,-1.46136438516121e-08,-9.56178663850272e-09,-2.11825020556239e-11,-5.92562326010746e-09,1.54023347770685e-12,-2.45382840947506e-08,2.91187207453169e-06,1.02404522415225e-05,-1.87717164475227e-11,-1.1420744523691e-10,-9.11789988140801e-11,5.85965465354277e-12,0.00168863752057224,0.142431757873241,-3.06291853205709e-08,0.0625423122916148,0.0106465476400175,-0.000139219087228877,0.45074077548913
510,-1.39441533314503e-11,1.72167262140181e-07,5.18031161599969e-07,-4.79254699970502e-08,-6.07763675417992e-09,-1.27622370698866e-08,-1.27785042756173e-09,-6.76431970046171e-09,2.92981537013291e-07,2.94502193680349e-44,4.58917493139713e-06,7.93481681220818e-09,-5.93621571832671e-08,-5.85602850775341e-08,2.9470402346998e-09,-1.81900255557894e-08,-7.82731531109399e-08,-3.57898304384509e-10,1.20019642484956e-07,3.39759692603058e-06,0.000123318457488738,2.05187311384537e-14,1.21338156261326e-05,7.41464283730404e-06,-2.31097393200775e-08,-1.22552371142107e-07,-1.65463791807635e-12,2.85392332813154e-17,1.44998904720115e-08,7.25175810522754e-06,2.61547003671874e-05,2.25392378272249e-08,1.44350119420367e-08,2.28945822442148e-08,1.00901164335357e-07,-1.77932885325725e-08,-9.88048928632717e-08,1.00697809280003e-06,2.59600034116844e-06,0.00138774598372194,6.97780705744709e-08,5.02623476276347e-06,-7.59064407761451e-09,4.86039502593032e-06,6.11693647980821e-07,-1.16074234088087e-12,2.63059380737516e-06,-2.90853354552638e-08,7.73608288804782e-06,-4.948630177319e-08,3.82402011125325e-06,1.02863273886913e-07,3.12266457253404e-06,-6.57314559576395e-08,5.44325170173318e-07,3.5317262770922e-07,1.19913198179171e-08,-1.45596031305553e-42,4.48293238764905e-07,9.00993904578653e-08,9.51275551597633e-07,-8.29636177306725e-06,-1.54764377615858e-08,-8.35711429056452e-09,-2.20439738749334e-11,-5.13619377545402e-09,1.42577151432708e-12,-2.2601588924157e-08,3.3389412021776e-06,1.10173457863552e-05,-1.89532130057881e-11,-1.18188081952531e-10,-9.43320830188869e-11,6.47375389288466e-12,0.00167455630476188,0.142876208215709,-2.99295937783387e-08,0.0620208030095223,0.00970015934940181,-0.000135592043614558,0.405060039604522
515,-1.52578442467888e-11,1.65389145190885e-07,5.02534503169283e-07,-4.98529343511523e-08,-6.0184538788287e-09,-1.24967810973898e-08,-1.26313063187449e-09,-6.62855488788956e-09,2.94871295319718e-07,-1.7155773674936e-43,4.59564725412696e-06,8.2906879141226e-09,-6.14170812442177e-08,-6.06768589733849e-08,3.03857693214717e-09,-1.89042157339514e-08,-8.25703509917191e-08,-3.54951940139891e-10,1.24085301192652e-07,3.44087615801404e-06,0.000122656517959655,2.1744862763235e-14,1.21760097230307e-05,7.44665905353125e-06,-2.49947806267691e-08,-1.32215403615861e-07,-1.72226064599465e-12,-2.04531146447871e-17,2.37831240469918e-08,7.34313985692839e-06,2.59881914226659e-05,2.45381343504005e-08,1.60358915728604e-08,2.43156139519912e-08,1.09838403481301e-07,-1.69632953327177e-08,-9.35294602115748e-08,9.99829932223856e-07,2.57169605187568e-06,0.00141497107481268,6.92683662229922e-08,5.17818516130407e-06,-8.23621605078146e-09,4.90662560777822e-06,6.10478099929252e-07,-1.18110439083738e-12,2.5872845033937e-06,-2.52168470650548e-08,7.67452740023427e-06,-5.17178475926617e-08,3.82097410312156e-06,9.50138433042318e-08,3.13123537083679e-06,-6.61958305148633e-08,5.44032441491066e-07,3.43709531140038e-07,1.22159004675363e-08,-1.62875117517714e-42,4.33439318248154e-07,9.08328012863841e-08,9.49624119781385e-07,-8.46466873730528e-06,-1.61127151142774e-08,-7.33981391863421e-09,-2.28422445989253e-11,-4.47983113659156e-09,1.2853871378088e-12,-2.09353908322787e-08,3.82935574112579e-06,1.17407828460586e-05,-1.9140684786008e-11,-1.21828473928246e-10,-9.72118269852537e-11,8.30311109549361e-12,0.00166048024583951,0.143241877152243,-2.93049401235249e-08,0.0614994846046946,0.00883135187856269,-0.000132383269118331,0.363560182820894
520,-1.62650143334309e-11,1.5945174077533e-07,4.88871815129913e-07,-5.17314043760826e-08,-5.94485861111571e-09,-1.22271656101018e-08,-1.24918720689209e-09,-6.49835816532552e-09,2.93531429900933e-07,1.30191746575112e-43,4.60198432372308e-06,8.6101745045194e-09,-6.38195962698518e-08,-6.32790390696314e-08,3.08958858499104e-09,-1.9723973018277e-08,-8.65561657696469e-08,-3.52975970393456e-10,1.27545879386111e-07,3.4850030301471e-06,0.00012200132179373,-2.12239247348988e-14,1.22194146777118e-05,7.48217453153694e-06,-2.66385020067134e-08,-1.41227107708651e-07,-1.7630142179798e-12,-1.97326468577813e-16,3.43018367473609e-08,7.43582647042199e-06,2.58235450493356e-05,2.64983754320756e-08,1.7585376539762e-08,2.55993420723288e-08,1.18599405131137e-07,-1.61742931142411e-08,-8.84799352578093e-08,9.92708069277413e-07,2.54760157211242e-06,0.00144290253611384,6.85397232861884e-08,5.32248970332369e-06,-8.91485226302385e-09,4.95170093692598e-06,6.09123407868241e-07,-1.20890425646948e-12,2.54494500116683e-06,-2.19313566874805e-08,7.61460239336098e-06,-5.34871480222925e-08,3.81535006692645e-06,8.76746910400175e-08,3.14112184157213e-06,-6.63508547794579e-08,5.44706101066481e-07,3.3602509000345e-07,1.18015296763873e-08,-1.30474351706705e-42,4.18719091967764e-07,9.14386690936789e-08,9.47619274505541e-07,-8.61159354656863e-06,-1.65097361010894e-08,-6.47140548501366e-09,-2.35939983123279e-11,-3.92776695836936e-09,1.13559523596974e-12,-1.9456073771244e-08,4.39187091217897e-06,1.2398104177497e-05,-1.92975816130114e-11,-1.25188076479665e-10,-9.98481205866845e-11,6.29676328211751e-12,0.00164647742220748,0.143541023619318,-2.87515347713785e-08,0.0609808782732533,0.00803355282082403,-0.00012954714757362,0.325849337563983
525,-1.6955473908333e-11,1.54259535215287e-07,4.76798056234956e-07,-5.35350543382147e-08,-5.85349703553331e-09,-1.19475255589526e-08,-1.23605795313983e-09,-6.37369529190229e-09,2.88525780677711e-07,6.53641531939774e-44,4.60821983519486e-06,8.8847467663034e-09,-6.65675094165059e-08,-6.64022754588627e-08,3.09525870949268e-09,-2.06491824989163e-08,-9.02069600879412e-08,-3.51866072163305e-10,1.30386287433843e-07,3.53017306937602e-06,0.000121357454382692,1.40869128398196e-14,1.22645183576815e-05,7.52177158809676e-06,-2.79357951836257e-08,-1.49490003155421e-07,-1.79857274731454e-12,5.49742112827621e-17,4.62876554975598e-08,7.53015330696343e-06,2.56619741226072e-05,2.83967929523419e-08,1.906067942591e-08,2.67195987523567e-08,1.27068090958613e-07,-1.54415885897783e-08,-8.35643752392706e-08,9.8564549028705e-07,2.5238651193456e-06,0.00147159660493161,6.75586619274691e-08,5.45964835265556e-06,-9.62746077297089e-09,4.99543485222814e-06,6.07608919534406e-07,-1.21276305503923e-12,2.50396838547405e-06,-1.91189209830175e-08,7.5569248881133e-06,-5.46927563203008e-08,3.80695605252325e-06,8.0899439924473e-08,3.15256599412675e-06,-6.61415202692731e-08,5.46516075434174e-07,3.30111336774461e-07,1.06660257892058e-08,-1.34339012422583e-42,4.04185355582656e-07,9.19316879494888e-08,9.45339011982047e-07,-8.73587218338495e-06,-1.67284133932587e-08,-5.72247573095811e-09,-2.40774845346523e-11,-3.46000890921862e-09,9.2169786760477e-13,-1.81096972454406e-08,5.03593361728499e-06,1.29780126813653e-05,-1.97696433620824e-11,-1.27127043392092e-10,-1.01515248421725e-10,5.59168496053737e-13,0.00163261504490881,0.14378558681473,-2.82686018518472e-08,0.0604674730818353,0.00730074081854312,-0.000127056295661469,0.291571820109166
530,-1.73381739561123e-11,1.49745998266138e-07,4.66131411000561e-07,-5.52427369461069e-08,-5.74204876384129e-09,-1.16536701899079e-08,-1.22376505771225e-09,-6.25449359525784e-09,2.79498628366381e-07,-2.24168364336196e-44,4.61438756995921e-06,9.10600756566325e-09,-6.96533298206736e-08,-7.00661117113177e-08,3.05140476290805e-09,-2.16779833445699e-08,-9.35128466934652e-08,-3.51558553831501e-10,1.32592161487075e-07,3.57657758427016e-06,0.000120729438646992,1.90161726195456e-14,1.23117997124348e-05,7.56603167418167e-06,-2.89298196633188e-08,-1.56909759896883e-07,-1.79550126896075e-12,5.17596070585853e-17,5.99081209526974e-08,7.62644852630545e-06,2.5504676499413e-05,3.02102577870277e-08,2.04391915698988e-08,2.76522224331563e-08,1.35128565734863e-07,-1.47797142136716e-08,-7.87084069682679e-08,9.78674739966964e-07,2.50063270995502e-06,0.00150110867615631,6.62949457985647e-08,5.59014109873194e-06,-1.03747939735696e-08,5.03764449431045e-06,6.05914049785033e-07,-1.23343851066865e-12,2.46473622281098e-06,-1.66935429925245e-08,7.50209967028045e-06,-5.52473728005558e-08,3.79560746672506e-06,7.47368428699039e-08,3.16580587432004e-06,-6.55241704642461e-08,5.4959944989897e-07,3.25946203543829e-07,8.73831605332244e-09,-1.41282672603698e-42,3.89877646259647e-07,9.23204586390042e-08,9.42855948945231e-07,-8.83651437352934e-06,-1.67043306911702e-08,-5.069816793303e-09,-2.45375149635792e-11,-3.05959765551372e-09,6.99040994108819e-13,-1.6853928570733e-08,5.771762565747e-06,1.34703840523227e-05,-2.01211432584919e-11,-1.28985290152405e-10,-1.03061977353574e-10,1.84434075848644e-12,0.00161895948757564,0.143987203499313,-2.78554566425341e-08,0.0599617270820169,0.00662739748984355,-0.000124893975752948,0.260404692371797
535,-1.74311372572105e-11,1.45864756937523e-07,4.56736819752255e-07,-5.68370189557937e-08,-5.60895867219569e-09,-1.13426475965218e-08,-1.21231286750017e-09,-6.14063475336264e-09,2.6616196058522e-07,-2.34839092807987e-44,4.62052126345198e-06,9.26655530180796e-09,-7.30646633873367e-08,-7.42741261690665e-08,2.95525937900374e-09,-2.28067525593332e-08,-9.64737565634986e-08,-3.51922895632489e-10,1.34149446684253e-07,3.62440368492381e-06,0.00012012172134062,3.24974315488778e-14,1.23617231844555e-05,7.61552550543228e-06,-2.95643067382879e-08,-1.63395421141913e-07,-1.7650903673952e-12,2.07870153664568e-17,7.5284208728668e-08,7.72503156949301e-06,2.53528273720348e-05,3.19175550305641e-08,2.16998437224732e-08,2.83782640855013e-08,1.42674837756883e-07,-1.42013465145551e-08,-7.38536342103898e-08,9.71828844242812e-07,2.4780443903175e-06,0.00153149311311781,6.47250079236535e-08,5.7144350680678e-06,-1.11564312197327e-08,5.07814816759498e-06,6.04020949732248e-07,-1.26119390854148e-12,2.42760356779301e-06,-1.45890875103231e-08,7.45068529852574e-06,-5.50725380522198e-08,3.78112123499762e-06,6.92359032192886e-08,3.18106621821943e-06,-6.44600457153157e-08,5.54077094035109e-07,3.23523994371912e-07,5.97264095664253e-09,-1.39994653901598e-42,3.75848862312461e-07,9.26148396848843e-08,9.40249824698535e-07,-8.91261263690725e-06,-1.64722616904872e-08,-4.49623924593342e-09,-2.49052948596185e-11,-2.71425941449033e-09,4.44645859718323e-13,-1.56639645402811e-08,6.61021775590147e-06,1.38659096447785e-05,-2.04798324672007e-11,-1.30388542613841e-10,-1.04268981515734e-10,7.08980035266622e-12,0.00160557631186403,0.144157223856285,-2.75116971829426e-08,0.0594660682717207,0.00600846364640514,-0.000123049722428725,0.232054654386924
540,-1.72554739804005e-11,1.42577790447376e-07,4.48502534184719e-07,-5.83030505639742e-08,-5.45317559513345e-09,-1.10122949545092e-08,-1.20168435442328e-09,-6.03194375478927e-09,2.48288015763925e-07,2.67990608086458e-38,4.62665396995493e-06,9.36038868564765e-09,-7.67803219185746e-08,-7.90118280914311e-08,2.80557180519404e-09,-2.40292538819535e-08,-9.90954141331028e-08,-3.52596709718171e-10,1.35046466737441e-07,3.6738340324296e-06,0.000119538647359055,1.75579618140976e-14,1.24147344832734e-05,7.67080746101379e-06,-2.98297411750936e-08,-1.68859509196373e-07,-1.72173715376626e-12,1.90667884263154e-18,9.25064777267601e-08,7.82621163274644e-06,2.52075715726582e-05,3.35002648640081e-08,2.28237587004557e-08,2.88851138151752e-08,1.49615380727644e-07,-1.37168759422154e-08,-6.89559181094016e-08,9.65141581443203e-07,2.45623213398915e-06,0.00156280281890842,6.28331184718631e-08,5.8329874264836e-06,-1.19684558299413e-08,5.11676412347014e-06,6.01915682359444e-07,-1.27479208402577e-12,2.39289194319693e-06,-1.27533505900476e-08,7.40317733319091e-06,-5.40953971196165e-08,3.76331311558852e-06,6.4448443657969e-08,3.19855368725275e-06,-6.29117074981759e-08,5.60060312958297e-07,3.22858318878002e-07,2.35128416864825e-09,2.67977236177359e-38,3.62175758911891e-07,9.28297585890046e-08,9.37613559577827e-07,-8.96317297081549e-06,-1.60425928359101e-08,-3.98792058994174e-09,-2.51562172428311e-11,-2.41424026113276e-09,1.94602187376335e-13,-1.45165804408122e-08,7.56282850304106e-06,1.41560598307219e-05,-2.08118170288568e-11,-1.31203495843013e-10,-1.04976833629539e-10,4.97562866007262e-12,0.00159253000378792,0.144306688417034,-2.72256743513788e-08,0.0589828848389444,0.00543930139639681,-0.000121507220041609,0.206255429441208
545,-2.46478091757717e-11,3.13806419894983e-07,8.59330269049002e-07,-7.04931524989843e-08,-7.68451608221883e-09,-1.55176936937979e-08,-1.17615816027061e-09,-5.85625134958901e-09,1.73282131479241e-07,-4.09166947676579e-42,4.85686725025558e-06,9.68344947878714e-09,-9.13285997535758e-08,-9.21865563766065e-08,2.60118124100191e-09,-2.96027481812217e-08,-1.41339999522637e-07,-4.69124464647708e-10,8.85541988316742e-08,3.86427616223561e-06,0.000126933190448261,1.43123624168671e-14,1.31361374712875e-05,8.18231939181531e-06,-3.03758799767221e-08,-1.72196544491553e-07,-1.65669203092896e-12,1.81407770708271e-18,-8.39800276762159e-09,8.28738854984288e-06,2.68059588048803e-05,3.50706964129628e-08,2.38996090138468e-08,2.91509920661945e-08,1.56838072521518e-07,-1.27187269032413e-08,-9.83291950066141e-08,1.02703208566055e-06,2.61325899834997e-06,0.00169771334847043,5.43408454340508e-08,6.52247537831578e-06,-3.05390001701261e-08,5.2380585646243e-06,6.35899509784249e-07,-1.50292143757516e-12,2.56396700928214e-06,-1.12144099776945e-08,7.87585341662351e-06,-7.03269395905161e-08,3.75250484306214e-06,6.14269162329913e-08,3.39934573410421e-06,-8.30561892272762e-08,6.6817581039387e-07,4.71211253864467e-07,-4.00899118286784e-08,-1.48271773260673e-41,4.4564694769669e-07,4.85453828923014e-08,9.29582282532954e-07,-9.62368071210101e-06,-1.54597468711332e-08,-3.55525076330512e-09,-2.51660025531277e-11,-2.15935071596406e-09,-7.01042121617905e-14,-1.34373549592753e-08,8.49018024047533e-06,1.29984134960897e-05,-2.45006574996827e-11,-1.31509155180604e-10,-1.05006081780724e-10,4.71067053901976e-12,0.00169494600186465,0.159556580209123,-1.1144513385135e-07,0.0627760837573033,0.00469076849040307,-0.000311400915465719,0.162109111858712
550,-4.18363377344265e-11,6.94769319190976e-07,1.799462984449e-06,-9.70875338111192e-08,-1.29298273995686e-08,-2.61096195368382e-08,-1.1298641732981e-09,-5.58410806152531e-09,2.46958994464026e-08,4.50450208821107e-41,5.44109493880386e-06,1.02414337367587e-08,-1.21392291598544e-07,-1.17352281303108e-07,2.30022159083278e-09,-4.12211410034746e-08,-2.2996386952571e-07,-5.53799241070625e-10,-1.08472615544334e-08,4.27432046106962e-06,0.000146949016647962,9.99514352347586e-15,1.49101904183183e-05,9.40948752326894e-06,-3.18594303929301e-08,-1.72705228662728e-07,-1.60168570215925e-12,-1.52267791206457e-17,-2.62254378551672e-07,9.31173362875264e-06,3.11630235660556e-05,3.65429457314653e-08,2.48913271922758e-08,2.88752449540479e-08,1.64110683217106e-07,-1.10793277990095e-08,-1.73126080341911e-07,1.19735841245391e-06,3.05378586046489e-06,0.00199459669221449,3.61498369851961e-08,8.11282616571603e-06,-5.84021219119174e-08,5.48977904603272e-06,7.27049134680677e-07,-1.73874711089834e-12,3.06135517301758e-06,-9.95186003885727e-09,9.17705191117667e-06,-1.12962331223705e-07,3.75604705881116e-06,6.04519091806027e-08,3.89077790899911e-06,-1.34918753363703e-07,9.20914774613944e-07,8.02546750578697e-07,-1.39370969642993e-07,2.78651753533279e-41,6.69290452445833e-07,-5.69316585828088e-08,9.11014939988214e-07,-1.09105859381308e-05,-1.49528925216343e-08,-3.19698148157960e-09,-2.50515940498342e-11,-1.95319600552875e-09,-3.61979298242714e-13,-1.25285527025865e-08,9.32433326260277e-06,9.79764842183229e-06,-2.87212487688848e-11,-1.31870898845708e-10,-1.04731597215486e-10,3.25445687670715e-12,0.00198022965085774,0.1986946223036,-2.43787760860555e-07,0.0733421588983792,0.00364734478645476,-0.00070215069649932,0.0893890923334314
555,-6.18624507915195e-11,1.12476067311178e-06,2.89634669335204e-06,-1.28644144893574e-07,-1.90395981830775e-08,-3.84432827679491e-08,-1.07440578379761e-09,-5.26822023498212e-09,-1.51187012378627e-07,4.46148246833164e-40,6.23956825520298e-06,1.07193348047876e-08,-1.58716779632462e-07,-1.48242830937261e-07,1.87331460063829e-09,-5.54479142637566e-08,-3.27070565956883e-07,-5.9197083143751e-10,-1.19216486875433e-07,4.81456817655757e-06,0.000174662009043498,2.52881768453184e-15,1.73203060390034e-05,1.10694223807621e-05,-3.33704743061911e-08,-1.71015405173656e-07,-1.56113279259373e-12,-6.94502743597507e-17,-5.65452313763165e-07,1.06719686944893e-05,3.72041523753e-05,3.76893232745715e-08,2.56549934399086e-08,2.78197626329583e-08,1.7009384469621e-07,-9.31984079665811e-09,-2.64187599613083e-07,1.43370291679326e-06,3.66821648751199e-06,0.00238817531710678,1.28159411103602e-08,1.02409463004506e-05,-7.95043731791529e-08,5.81754075469749e-06,8.52780987778757e-07,-1.90010326794613e-12,3.7609172025905e-06,-8.85649638712648e-09,1.09925994862085e-05,-1.69471472060677e-07,3.76853244524762e-06,6.04700993233999e-08,4.56149646138041e-06,-2.01890020595102e-07,1.24009695812376e-06,1.18210619015257e-06,-2.67169408486547e-07,4.25510455402331e-40,9.60482408091323e-07,-1.87510255623562e-07,8.83638306303005e-07,-1.21394834817968e-05,-1.44583584418634e-08,-2.88305291591654e-09,-2.50156118108914e-11,-1.77793775584588e-09,-6.56397998469342e-13,-1.1713651977575e-08,1.01638627143773e-05,5.56958275394295e-06,-3.18167088251564e-11,-1.32520710981704e-10,-1.04530199614866e-10,2.00171001109973e-12,0.00237730626978527,0.252328091342468,-3.47438202748794e-07,0.0880487119959239,0.00246150367145728,-0.00110654105410699,0.00274233337243003
560,-7.97463230557903e-11,1.49530716377733e-06,3.88245790770371e-06,-1.57752881491958e-07,-2.44841630278806e-08,-4.94283618179873e-08,-1.01848820242341e-09,-4.94980437774224e-09,-3.18331665129782e-07,-3.9906346225685e-40,7.12082707550562e-06,1.09439847787083e-08,-1.96142899679174e-07,-1.79260412391314e-07,1.33097824480495e-09,-6.94575101347984e-08,-4.07977181241032e-07,-5.87082099381049e-10,-2.09373653736935e-07,5.40211526848875e-06,0.000205417669761305,1.60501847898213e-15,1.99751955091302e-05,1.28965147497505e-05,-3.40347204340133e-08,-1.67878614439407e-07,-1.47415329376101e-12,4.86664306045949e-18,-8.4238581490047e-07,1.21565020603475e-05,4.39129071813562e-05,3.84050060671024e-08,2.61301332921874e-08,2.59910487191811e-08,1.7406825622281e-07,-7.77150723879074e-09,-3.49389977859766e-07,1.6960440254458e-06,4.35248802626548e-06,0.0028176875243373,-1.15524020714105e-08,1.25683027209874e-05,-9.01481172608303e-08,6.1712213539217e-06,9.9185995983568e-07,-1.92475105264899e-12,4.54393179017382e-06,-7.83857006363861e-09,1.30205042763455e-05,-2.28720728504331e-07,3.78438857689945e-06,6.06186356226703e-08,5.30479934157341e-06,-2.69887596543478e-07,1.56089394611301e-06,1.51589179353239e-06,-3.98522168113017e-07,-4.20443385058075e-40,1.25827747337293e-06,-3.14359457526238e-07,8.50418582852621e-07,-1.29159083879675e-05,-1.38236753534974e-08,-2.58504671368734e-09,-2.49788001768359e-11,-1.61771956953548e-09,-9.30432013863771e-13,-1.08773396397238e-08,1.10887160533737e-05,1.19772704850133e-06,-3.32345150472302e-11,-1.32897827125402e-10,-1.03896291109023e-10,-5.41395489557544e-13,0.00281887929891712,0.31160669294436,-4.02640138054288e-07,0.104403276412663,0.00126668064403531,-0.00141813783419488,-0.0850898886127609
565,-9.23396175228243e-11,1.73707017510955e-06,4.57487656639356e-06,-1.79028654653596e-07,-2.82321963141753e-08,-5.69831247636533e-08,-9.68555007153715e-10,-4.66040623295411e-09,-4.49930332333826e-07,1.90742947878584e-40,7.9655825965858e-06,1.08401057708144e-08,-2.27834723993928e-07,-2.0567753222263e-07,7.10589215460915e-10,-8.10270885724647e-08,-4.57933273904289e-07,-5.45932928938908e-10,-2.64635176456551e-07,5.96311331532082e-06,0.000234966339202558,-2.19671943866885e-15,2.25205489578791e-05,1.46505784300649e-05,-3.34193210288026e-08,-1.64133207594657e-07,-1.38769423206596e-12,-1.08384493150631e-17,-1.03964554271473e-06,1.35758100281982e-05,5.03606248914946e-05,3.86831134475095e-08,2.63204563859725e-08,2.35712027062283e-08,1.75817748195376e-07,-6.62813112968043e-09,-4.12653816142375e-07,1.94787200318516e-06,5.0111699679818e-06,0.00322868782514624,-3.34312517916762e-08,1.4789921937637e-05,-9.02634528615821e-08,6.50669699456839e-06,1.12496091829551e-06,-1.83470314651535e-12,5.30083048655351e-06,-6.86046408457044e-09,1.4981456795329e-05,-2.81172030946617e-07,3.79854168265332e-06,6.02595430756313e-08,6.02265542571248e-06,-3.27417886115794e-07,1.83152068837661e-06,1.74175654559787e-06,-5.12486876088012e-07,1.71192122480602e-40,1.51295901923341e-06,-4.1523463247344e-07,8.14936594838182e-07,-1.30712129611106e-05,-1.29902091437424e-08,-2.29115052520386e-09,-2.5103865764389e-11,-1.46514749711108e-09,-1.15839604889135e-12,-9.97028981033703e-09,1.21761287144832e-05,-2.56143391356817e-06,-3.25286708271189e-11,-1.33471084445463e-10,-1.03406702257655e-10,-2.09145107227737e-12,0.00324337300490887,0.368469970621011,-4.06808405644411e-07,0.12012526895351,0.000178720087578006,-0.00158112509875046,-0.163404108271278
570,-9.79752621015125e-11,1.8085110062674e-06,4.85453525027465e-06,-1.88849203876957e-07,-2.96267870605803e-08,-5.97831913510555e-08,-9.2952538683015e-10,-4.42444685320607e-09,-5.26791771835252e-07,-1.21657705656494e-27,8.66651663140717e-06,1.03896545893486e-08,-2.49271401261355e-07,-2.23678175962296e-07,6.22545875713285e-11,-8.84656833951831e-08,-4.69193414796557e-07,-4.7741260877245e-10,-2.74830402746382e-07,6.43260387318037e-06,0.000259458461283311,-3.16194591575644e-15,2.46385734307579e-05,1.61167604468378e-05,-3.15161727991731e-08,-1.60668388994702e-07,-1.27473095758577e-12,1.77234414882388e-17,-1.12042815777828e-06,1.47620502810212e-05,5.57055250747022e-05,3.85791307177191e-08,2.62693657128715e-08,2.08392935944092e-08,1.75449041073835e-07,-6.00271924090791e-09,-4.42707408579341e-07,2.15611222796882e-06,5.5574650142572e-06,0.00357294148937497,-4.9901025913924e-08,1.66331097776754e-05,-8.0871808052668e-08,6.78571694328349e-06,1.23459318138894e-06,-1.62780140597852e-12,5.9314629795244e-06,-5.92039287303409e-09,1.66200732748949e-05,-3.18803706839154e-07,3.8065596060267e-06,5.8932958803108e-08,6.62625552313979e-06,-3.65320290903712e-07,2.01138659739745e-06,1.82081266994941e-06,-5.92099898061595e-07,-9.89302497378908e-19,1.6842167526043e-06,-4.73390374880919e-07,7.80932031683388e-07,-1.25931271914587e-05,-1.19713651038384e-08,-2.00169091084449e-09,-2.52577994406824e-11,-1.31885957884311e-09,-1.34772140775765e-12,-8.9985269867143e-09,1.35173098182562e-05,-5.06497599139242e-06,-3.01061125528665e-11,-1.33782428837629e-10,-1.02583377134619e-10,-2.45883444892387e-12,0.00359486819042559,0.415631365926271,-3.62587726028917e-07,0.133143608385491,-0.000701044108444248,-0.00157031013468372,-0.223332231238182
575,-9.59921185947614e-11,1.68596189548226e-06,4.64582039423177e-06,-1.8493625244664e-07,-2.82639197035881e-08,-5.70150522235215e-08,-9.05522889362476e-10,-4.26201981712185e-09,-5.35338150159948e-07,-1.52387041481174e-26,9.12473056953567e-06,9.60085611020111e-09,-2.57045430546564e-07,-2.30252007769982e-07,-5.61903680365469e-10,-9.0495231648916e-08,-4.38428529589507e-07,-3.90306488642422e-10,-2.335749499692e-07,6.75216148456629e-06,0.000275323237343576,-5.77312782904996e-15,2.60375109437537e-05,1.70986315469784e-05,-2.85654915529969e-08,-1.58395185604852e-07,-1.15997097000174e-12,-7.03402690009507e-18,-1.05914204094861e-06,1.55631870206804e-05,5.91663575994655e-05,3.81796491184861e-08,2.60403764347485e-08,1.81106574162581e-08,1.73226118316589e-07,-5.97750100209828e-09,-4.31702450446697e-07,2.29006058440017e-06,5.91059480909e-06,0.00380677516036385,-5.85524245698217e-08,1.78478330991898e-05,-6.31322187550601e-08,6.97428569318606e-06,1.30451038878883e-06,-1.34864866161702e-12,6.34234471690713e-06,-5.03542304722861e-09,1.76981442000113e-05,-3.34796163855392e-07,3.80432356806995e-06,5.6272112384061e-08,7.0336164488616e-06,-3.76254482751752e-07,2.06825226291634e-06,1.72949681855418e-06,-6.23708381782729e-07,-1.06213374841661e-18,1.73846723186493e-06,-4.76167013574404e-07,7.52076496467181e-07,-1.15608725573503e-05,-1.08312070906812e-08,-1.72344132142505e-09,-2.54338449245269e-11,-1.18057223694951e-09,-1.50273259105909e-12,-7.99879460318342e-09,1.52325198082076e-05,-5.75964002476255e-06,-2.6291392702352e-11,-1.33874417418339e-10,-1.01494301330325e-10,-2.87311246892306e-12,0.00382136101184099,0.446344078832562,-2.73477597701389e-07,0.141532226876885,-0.00128188177436624,-0.00137711370866248,-0.257389174850363
580,-8.61959813358137e-11,1.35450590523199e-06,3.89624123662305e-06,-1.65842295163072e-07,-2.38723431890211e-08,-4.81324089584173e-08,-9.00534056407779e-10,-4.19165953963284e-09,-4.652875367277e-07,-6.20429379379917e-25,9.24324413840006e-06,8.48582873904402e-09,-2.48520030507083e-07,-2.22973718381195e-07,-1.11466682529504e-09,-8.6094984459187e-08,-3.64386691990428e-07,-2.92192412685386e-10,-1.36106045075631e-07,6.86568143401836e-06,0.000279043237519123,-3.65091797179587e-15,2.64323718658688e-05,1.74053219351994e-05,-2.49044709586635e-08,-1.58229991490146e-07,-1.03305067518715e-12,1.79944135515487e-17,-8.35977647812172e-07,1.58324118243386e-05,5.99733063963308e-05,3.75776463027429e-08,2.57036499416494e-08,1.56962003219714e-08,1.69430830751586e-07,-6.64467013075866e-09,-3.73712996054565e-07,2.31943519898666e-06,5.99083446559502e-06,0.00388810265006308,-5.72979947192439e-08,1.81898199162788e-05,-3.78112693134474e-08,7.03980148180127e-06,1.31866090751824e-06,-1.01271382502899e-12,6.44117401468813e-06,-4.22262679857242e-09,1.79807076640719e-05,-3.23021158915718e-07,3.78729060129094e-06,5.18910770208446e-08,7.1646011310014e-06,-3.53981286954108e-07,1.97462704838292e-06,1.45206387936829e-06,-5.95797152170831e-07,-1.56827201800409e-16,1.64548241611108e-06,-4.13290409942174e-07,7.31948149240093e-07,-1.00894722429739e-05,-9.64020129280795e-09,-1.46346323135286e-09,-2.55095320006166e-11,-1.05182734301873e-09,-1.63436294127864e-12,-7.01279733608241e-09,1.74852544958955e-05,-4.14559428928133e-06,-2.17413199134072e-11,-1.33314229242045e-10,-9.97578598666733e-11,-2.8355705352454e-12,0.00387151845054704,0.45397286727243,-1.41480032769969e-07,0.143389901989495,-0.00147938621054464,-0.000998734012732219,-0.258817985785219
585,-6.82803137339324e-11,7.99282510328331e-07,2.55573827203442e-06,-1.30368717994549e-07,-1.61928165929277e-08,-3.26112685456797e-08,-9.18997866201209e-10,-4.23302497891905e-09,-3.07024735798908e-07,6.73730769182509e-24,8.9176534523685e-06,7.04726620197257e-09,-2.2135617294521e-07,-1.99666748571629e-07,-1.5563055808756e-09,-7.43092979911825e-08,-2.45760390108566e-07,-1.87883988971209e-10,2.26767283511549e-08,6.71344598638383e-06,0.000266827872120309,4.8444314306711e-15,2.55172527754032e-05,1.68329897777532e-05,-2.08357626342352e-08,-1.61092039506562e-07,-9.0732085864555e-13,2.48840619698742e-17,-4.31178767698781e-07,1.54131518866542e-05,5.72967629531476e-05,3.6856715659943e-08,2.53304642629687e-08,1.38860623613366e-08,1.64261561292431e-07,-8.13783281851714e-09,-2.63105180760951e-07,2.2115679630006e-06,5.71224973688749e-06,0.00377221170581358,-4.40903182816852e-08,1.7396696171101e-05,-4.8964252354949e-09,6.94703677184164e-06,1.25969174590421e-06,-6.7008314934446e-13,6.12866544257928e-06,-3.49399016630239e-09,1.7215111911291e-05,-2.77334702957975e-07,3.74932931893769e-06,4.52514873613376e-08,6.93345722068202e-06,-2.92439087009013e-07,1.70347495580114e-06,9.73332234263776e-07,-4.97328335177613e-07,2.41909181232471e-15,1.37434162974924e-06,-2.74848958665759e-07,7.24208458061865e-07,-8.28713456972352e-06,-8.45939973266867e-09,-1.22697523355192e-09,-2.53523473924985e-11,-9.32993565556771e-10,-1.74861841033678e-12,-6.07370706203183e-09,2.04960184800542e-05,2.77046678591502e-07,-1.68277971687817e-11,-1.31604901911631e-10,-9.7041418207641e-11,-1.96176507444896e-12,0.00368996667082171,0.431377728253017,3.46265953609512e-08,0.136665751207158,-0.0012108581263347,-0.000429187824065232,-0.220741319504489
590,-4.11831275219969e-11,-2.69171268411643e-09,5.56358215096119e-07,-7.6969485684967e-08,-4.86026152753908e-09,-9.71069935820439e-09,-9.66344339249046e-10,-4.40948934955313e-09,-4.88368318743563e-08,2.21189565385433e-22,8.02422873586447e-06,5.27319418942044e-09,-1.72965732838072e-07,-1.57999645306223e-07,-1.8540054810024e-09,-5.40332790769751e-08,-7.92407158722624e-08,-7.92894639922277e-11,2.49976961841884e-07,6.22465186636848e-06,0.000234196106594962,2.76410893339988e-14,2.29300975084824e-05,1.51412485913856e-05,-1.65647926476995e-08,-1.67904654963663e-07,-7.8353986745419e-13,2.62008951978493e-17,1.80756859651126e-07,1.41201439072744e-05,5.01562458791292e-05,3.60833791177931e-08,2.49958400959205e-08,1.29535398599782e-08,1.57764608395254e-07,-1.06568424934025e-08,-9.28681397566384e-08,1.92782358565216e-06,4.97337511490447e-06,0.00340646265804285,-1.65690640497036e-08,1.51579081356263e-05,3.67650507765323e-08,6.65300448643712e-06,1.10705184427873e-06,-3.42414136845406e-13,5.28799109124771e-06,-2.84723111443471e-09,1.51038293276685e-05,-1.9072896713631e-07,3.68101787318238e-06,3.54991440283318e-08,6.23914767566601e-06,-1.84688702642523e-07,1.22349446918491e-06,2.71822314294378e-07,-3.15753587113986e-07,8.63609553717048e-14,8.88915816070944e-07,-4.90919367456301e-08,7.3295526720993e-07,-6.22452731901596e-06,-7.32775779776492e-09,-1.01440265113889e-09,-2.47449216569904e-11,-8.21752682318506e-10,-1.8503583313176e-12,-5.1937623004127e-09,2.45551263514767e-05,8.07430481537125e-06,-1.18845640756891e-11,-1.27905840946205e-10,-9.26720113662412e-11,-2.31495287108222e-12,0.003211262740063,0.370129971380062,2.60849423237698e-07,0.118935962166135,-0.00039079721257393,0.000348430814369906,-0.135169019696027
595,-2.27229191192945e-12,-1.09026386830655e-06,-2.2076159220195e-06,-3.15021240559312e-09,1.07116067996155e-08,2.17620034353006e-08,-1.04948374638472e-09,-4.75055352797927e-09,3.25923184866352e-07,7.08768118803807e-22,6.40601846827052e-06,3.14109593193945e-09,-9.99034958148388e-08,-9.50327364142476e-08,-1.97901525759596e-09,-2.37791864823636e-08,1.42316259341038e-07,3.47126831272372e-11,5.5662167156904e-07,5.30867574792847e-06,0.000175490871345444,-1.29341852487557e-14,1.82115620574864e-05,1.20257051386311e-05,-1.21712252265226e-08,-1.79575536313331e-07,-6.86505391474248e-13,-1.21436542240876e-16,1.03688563780693e-06,1.17173757707339e-05,3.7314406010831e-05,3.53062916837371e-08,2.47903167750916e-08,1.31760880840554e-08,1.49790977508057e-07,-1.44882120099878e-08,1.47061650674514e-07,1.41944196688166e-06,3.64635715402617e-06,0.00272415806381642,2.83563716372334e-08,1.10799449681992e-05,8.98500081699596e-08,6.10070971209597e-06,8.34800046464812e-07,-1.56975363648158e-13,3.77246289098951e-06,-2.30088785856841e-09,1.1272573363515e-05,-5.43913124191007e-08,3.56715173326303e-06,2.12504091988062e-08,4.95395100793369e-06,-2.17745981416809e-08,4.9418037554153e-07,-6.86695216449699e-07,-3.47641877121031e-08,1.87397057229674e-13,1.43111579161259e-07,2.79881816472174e-07,7.63239925564641e-07,-3.91347398936054e-06,-6.23396656819024e-09,-8.31240189414149e-10,-2.38209338757722e-11,-7.17992911892859e-10,-1.90012911587313e-12,-4.39161323591966e-09,3.00307101562946e-05,1.99540798311504e-05,-6.44776077023028e-12,-1.22092409697309e-10,-8.74739390434587e-11,-3.84712134250641e-12,0.00235288383967932,0.25960487555634,5.49442710552136e-07,0.0871441336929717,0.00107312410347988,0.00136886806513388,0.00809017793277356
600,5.38303990471001e-11,-2.52457489276601e-06,-5.89669790530169e-06,9.50765325822203e-08,3.14315716243378e-08,6.36588790530855e-08,-1.17715682377804e-09,-5.29364595005408e-09,8.41369656714978e-07,2.75681310733128e-22,3.85864200905257e-06,6.34871805104877e-10,2.73570373514709e-09,-6.79061941497105e-09,-1.90277876497063e-09,1.85509948644832e-08,4.31552984922962e-07,1.58030259690936e-10,9.57856531340058e-07,3.84591173228217e-06,8.33899695506773e-05,2.20971961724578e-14,1.07628608941808e-05,7.08988128689527e-06,-7.61474452526988e-09,-1.96908761438483e-07,-5.7190006579134e-13,-5.87972054826192e-19,2.19072726365791e-06,7.89524642670343e-06,1.71703476348806e-05,3.45609555229622e-08,2.48428798480277e-08,1.4867302700727e-08,1.39971594321893e-07,-2.00201376273808e-08,4.71253104993879e-07,6.23369006823681e-07,1.5660580145169e-06,0.00163830158149789,9.49517181264451e-08,4.65124426661557e-06,1.58993762741158e-07,5.21200099098501e-06,4.09423484807927e-07,6.09047049449893e-14,1.39322382533267e-06,-1.80806465676286e-09,5.23808294772216e-06,1.43172978330091e-07,3.38308790183239e-06,2.99990632951459e-10,2.91170006258214e-06,2.08322972993072e-07,-5.38606218515254e-07,-1.95447371535871e-06,3.67896919652282e-07,4.39009190431006e-14,-9.2331147672612e-07,7.3418071040403e-07,8.21718632127219e-07,-1.29140824034877e-06,-5.21246341319527e-09,-6.64683286783799e-10,-2.21215535989734e-11,-6.12877525853627e-10,-1.9428527899238e-12,-3.63599290933678e-09,3.73608204099425e-05,3.6835481261758e-05,-1.25785874124658e-12,-1.12791887963286e-10,-7.96581681819722e-11,6.99697456830549e-12,0.0010081952515815,0.0860762004545954,9.20074207606807e-07,0.0373408307792671,0.00328225125956286,0.00269020268111586,0.222454187362953
605,1.39131419382852e-10,-4.54372427376259e-06,-1.10977551399992e-05,2.31827451510366e-07,6.05457913172062e-08,1.22580127256257e-07,-1.37162961214867e-09,-6.13538302239745e-09,1.57855051205762e-06,-1.0683122609961e-23,-7.56134921282297e-08,-2.57056799944951e-09,1.4860275221016e-07,1.19288284757048e-07,-1.59222735582529e-09,7.91332130391398e-08,8.31996924289597e-07,3.02749855094525e-10,1.53904359383833e-06,1.57420390051922e-06,-5.86917830616059e-05,3.58217531655391e-14,-7.55807886200212e-07,-5.53357791034064e-07,-2.62638799988144e-09,-2.22454747171637e-07,-4.7720715377083e-13,4.36397792014455e-20,3.83681628220775e-06,1.96810532304455e-06,-1.39052935522788e-05,3.37875800848013e-08,2.5427682817389e-08,1.83620081752603e-08,1.26465968829242e-07,-2.8306088188293e-08,9.30242077771061e-07,-6.03768520176876e-07,-1.64241257427422e-06,-4.68597657243446e-05,1.94286510488947e-07,-5.28757176019728e-06,2.59892651066144e-07,3.82981412958333e-06,-2.45798911338129e-07,1.59936766135472e-13,-2.27941962044127e-06,-1.39462195318768e-09,-4.0903141046442e-06,4.32951747565102e-07,3.10020324298114e-06,-3.08044979852823e-08,-2.57071471001796e-07,5.40743227159191e-07,-2.03141015414281e-06,-3.73538466960129e-06,9.52888573563168e-07,-8.88817521417136e-16,-2.48021272787477e-06,1.38607513408306e-06,9.19953736155683e-07,1.90378523546368e-06,-4.26313713804701e-09,-5.22524823150003e-10,-1.98757415287452e-11,-5.1167183340976e-10,-1.93334661290063e-12,-2.95615711164734e-09,4.78010525213838e-05,6.16512438944153e-05,4.93715359679419e-12,-1.00681003100206e-10,-7.03164718644277e-11,1.30364531516704e-11,-0.00106513407452339,-0.18175129198092,1.47192048510966e-06,-0.0394491749940131,0.00652056445264356,0.0045605054691581,0.543063496112843
610,2.66785762191969e-10,-7.18497946920452e-06,-1.79375996003354e-05,4.1025667936309e-07,9.87736325940597e-08,2.00044156011436e-07,-1.64228532628019e-09,-7.31598108521869e-09,2.55816070750914e-06,-2.09969710718299e-21,-5.67580495174002e-06,-6.38941498601743e-09,3.41377961845902e-07,2.87372734970715e-07,-1.00149485282026e-09,1.60037309980852e-07,1.34769767833483e-06,4.21083404617626e-10,2.30344921537305e-06,-1.66307175516071e-06,-0.000260861664184519,7.17320322849375e-14,-1.71576624752919e-05,-1.14348525113254e-05,2.69490584867121e-09,-2.5639344960295e-07,-3.97637748056665e-13,1.16354619059907e-17,6.02362730057009e-06,-6.47363724832238e-06,-5.81259011694324e-05,3.32019538572845e-08,2.72411788166439e-08,2.41896993896722e-08,1.08880323153675e-07,-3.98097455451493e-08,1.53792262928782e-06,-2.34927192526736e-06,-6.20817547393724e-06,-0.00244678622672758,3.32237386344737e-07,-1.94373933307382e-05,3.86349678509017e-07,1.85306792433344e-06,-1.17749600065948e-06,5.2837472480076e-14,-7.50854247122684e-06,-1.07961237005514e-09,-1.73838496287963e-05,8.2943797497778e-07,2.68614508275091e-06,-7.47786890410148e-08,-4.77897761147623e-06,9.89882530244223e-07,-4.04490178139844e-06,-6.06775690585468e-06,1.74643423520763e-06,-3.63494706718148e-13,-4.60203644420061e-06,2.25893601929009e-06,1.06756707611431e-06,5.55255018011221e-06,-3.46528335660355e-09,-4.12545648679834e-10,-1.7064114790127e-11,-4.20556801783471e-10,-1.90605222640544e-12,-2.39932601104554e-09,6.21779234323821e-05,9.56116585384891e-05,1.14897047053187e-11,-8.65041246344585e-11,-5.98465486794403e-11,2.05729659152685e-11,-0.0040150401884111,-0.562839605660069,2.16185618309572e-06,-0.148704998190162,0.010821689495898,0.00698340439747025,0.986680431338791
615,4.49144733720057e-10,-1.02424209118934e-05,-2.5934964257691e-05,6.18605917612706e-07,1.43535286098717e-07,2.90901915764413e-07,-1.97571053895636e-09,-8.77550789029181e-09,3.71558623587782e-06,-1.72468164379168e-22,-1.28342321166419e-05,-1.02733102889311e-08,5.70604544495659e-07,4.88203769861179e-07,-1.4966937234944e-10,2.57124731386699e-07,1.94051952620899e-06,5.15513003202209e-10,3.16407391105185e-06,-5.80527071659379e-06,-0.000519024525127878,6.87370385763067e-14,-3.8123282613268e-05,-2.53292542538578e-05,7.73192012106599e-09,-2.94598205745583e-07,-3.43097191092368e-13,-5.30605035644391e-18,8.59837444944021e-06,-1.72635430149273e-05,-0.000114594528411187,3.30057844570592e-08,3.10610188004306e-08,3.23786453066078e-08,8.76865448665504e-08,-5.4136761340014e-08,2.25534660644584e-06,-4.57742071148556e-06,-1.2038127908701e-05,-0.00550912310564313,5.04425244776287e-07,-3.75088012278401e-05,5.27733075952698e-07,-7.06860352453439e-07,-2.36636398919465e-06,-2.97418418939507e-13,-1.41848683676142e-05,-8.83323528112566e-10,-3.43769371859715e-05,1.31593536654221e-06,2.1010952322053e-06,-1.3402772630422e-07,-1.05680405938486e-05,1.53379765687045e-06,-6.48044322609466e-06,-8.77799122827969e-06,2.71389417449532e-06,4.21978941727994e-14,-7.19416012189715e-06,3.30019715583125e-06,1.26562965290574e-06,9.25483942566099e-06,-2.90643535427066e-09,-3.42954514839469e-10,-1.39680254989956e-11,-3.46466995720473e-10,-1.92104653626062e-12,-2.01989191020161e-09,8.00357566603245e-05,0.00013691642140577,1.84581095318536e-11,-7.18671809994399e-11,-4.9581475619287e-11,2.93316677536642e-11,-0.00778137561111179,-1.04913619584418,2.90305521324367e-06,-0.288198954133631,0.0158713089783977,0.00973030130996883,1.53593111559475
620,6.98940510299306e-10,-1.34855030395763e-05,-3.45097255263504e-05,8.41967117418119e-07,1.91717905235401e-07,3.88917477147591e-07,-2.34914625867954e-09,-1.04127856509452e-08,4.96686798585991e-06,-6.32738286914756e-22,-2.12512597152629e-05,-1.37634007378236e-08,8.21578516987729e-07,7.08612752934148e-07,8.50068568876839e-10,3.64463776181958e-07,2.56815322663106e-06,5.96085526133113e-10,4.03604165240032e-06,-1.06835186258796e-05,-0.000822070251099228,9.66908815635869e-14,-6.27710175496845e-05,-4.16361754110381e-05,1.1825288868516e-08,-3.31107156862539e-07,-3.19398876236584e-13,-1.00972733676197e-17,1.13742651220545e-05,-2.99495207377171e-05,-0.000180877404929288,3.29969056831079e-08,3.751165452394e-08,4.19978475014993e-08,6.17676197746138e-08,-7.07975939490553e-08,3.0322316360945e-06,-7.1920788954616e-06,-1.88794281177821e-05,-0.00909928750061388,7.01874266857172e-07,-5.87271497155814e-05,6.78868448531715e-07,-3.77810975557155e-06,-3.76120137346942e-06,-8.66949802645538e-13,-2.20124807047214e-05,-8.01892208673791e-10,-5.43312589959274e-05,1.86307838163868e-06,1.3106836739846e-06,-2.11172882719435e-07,-1.7379430658327e-05,2.13757753302632e-06,-9.18774011095348e-06,-1.16668488662471e-05,3.79662114262871e-06,-1.6789213680595e-13,-1.0104305990588e-05,4.4370553065261e-06,1.50701316067073e-06,1.2605826491972e-05,-2.6201283601533e-09,-3.13616131172914e-10,-1.09217126570752e-11,-2.94458117504265e-10,-2.01261965357178e-12,-1.83391049030616e-09,0.000100322389024123,0.000182906705576972,2.56785132144505e-11,-5.85420129161422e-11,-4.07089572931939e-11,3.88383410574334e-11,-0.0122013434144487,-1.61932036950775,3.64620522441647e-06,-0.451901529835237,0.0212675817889189,0.0125858858553553,2.15979394464977
625,1.02493742035071e-09,-1.6637588003405e-05,-4.29374844081969e-05,1.06143231167027e-06,2.39412713360323e-07,4.86215041961582e-07,-2.72907567987136e-09,-1.20790429526583e-08,6.20322417442897e-06,-2.9835013966745e-23,-3.03790263208247e-05,-1.64935353759093e-08,1.07484921438735e-06,9.30911316021157e-07,1.80622581572675e-09,4.73907642911061e-07,3.17976178633311e-06,6.76329048082605e-10,4.82563675601861e-06,-1.59887405583908e-05,-0.00114984385543045,8.73507919715951e-14,-8.94926004029195e-05,-5.92735245686024e-05,1.4365899614902e-08,-3.58396306358576e-07,-3.1348058939045e-13,-6.30098845953623e-18,1.4115494331833e-05,-4.37109452754603e-05,-0.000252559195009106,3.25372541551237e-08,4.69206178295233e-08,5.1198904520906e-08,2.87052697779566e-08,-8.9120253465878e-08,3.80340989111859e-06,-1.00191311926338e-05,-2.62735612943553e-05,-0.0129771086594613,9.09820093712832e-07,-8.16907448006168e-05,8.33529494545412e-07,-7.20689757959158e-06,-5.26948476727575e-06,-1.54913511383018e-12,-3.04563570548059e-05,-8.00672849453126e-10,-7.59020011502964e-05,2.42633143824626e-06,2.93818132216275e-07,-3.08269373361526e-07,-2.47640872307536e-05,2.75078123199983e-06,-1.19527557988324e-05,-1.44920669965339e-05,4.90744345198648e-06,-1.06263692813772e-14,-1.31079684509626e-05,5.57169380621823e-06,1.77469870344922e-06,1.5232419099987e-05,-2.54778728891239e-09,-3.12963592982634e-10,-8.25920211174469e-12,-2.62006477647902e-10,-2.16472999353086e-12,-1.79479382981448e-09,0.000121273510523301,0.000229809573190383,3.27730298769067e-11,-4.76038635410164e-11,-3.37812943365004e-11,4.5399612105642e-11,-0.0169797969006915,-2.23500120805586,4.33903016280652e-06,-0.628881371298159,0.0265186052100243,0.0153115619616731,2.81045547101732
630,1.4266281910608e-09,-1.93899531989775e-05,-5.03915767035174e-05,1.25559183061117e-06,2.82128920547241e-07,5.73690359078289e-07,-3.07370982806723e-09,-1.35886543883294e-08,7.29814695651857e-06,-1.88355529245134e-20,-3.94326935949446e-05,-1.81578657603101e-08,1.30791724946387e-06,1.1342725444167e-06,2.49873157456067e-09,5.75597279804007e-07,3.71837077632086e-06,7.6858127113769e-10,5.43390767815143e-06,-2.12780395077399e-05,-0.00147358805323966,8.41121345804469e-14,-0.000115987213273156,-7.67042765158286e-05,1.50059415205951e-08,-3.68437245233544e-07,-3.15327852657349e-13,-6.03370272096137e-19,1.65507185265311e-05,-5.73771641960692e-05,-0.000323340015204943,3.07061973821208e-08,5.92425892186863e-08,5.76694267486618e-08,-1.40928132423664e-08,-1.08166035236412e-07,4.49287727156057e-06,-1.28101866358466e-05,-3.35667730068482e-05,-0.0168028570539494,1.10847926489641e-06,-0.000104400558338178,9.83467219142977e-07,-1.07565362138577e-05,-6.75912684283939e-06,-2.20771530056295e-12,-3.87561994003604e-05,-8.33064645141566e-10,-9.71714354271927e-05,2.94886858488419e-06,-9.49355237055275e-07,-4.25613331580664e-07,-3.20795176584078e-05,3.31093516922063e-06,-1.45088924370615e-05,-1.69785664498373e-05,5.93709644567779e-06,-3.12983133366376e-12,-1.59180973593236e-05,6.58807751590211e-06,2.04320251281971e-06,1.69211705551397e-05,-2.57229353247176e-09,-3.24318356297342e-10,-6.07510342043328e-12,-2.41605924590359e-10,-2.31648941623129e-12,-1.82123565930858e-09,0.000140538855105719,0.000272886935551823,3.89546488163414e-11,-3.89374362840073e-11,-2.84679670220629e-11,4.97943913423177e-11,-0.0216956952390848,-2.84160795531666,4.92239016280479e-06,-0.803544378581536,0.0310818472129292,0.0176500054671612,3.42573479250282
635,1.8897079790776e-09,-2.14402501997442e-05,-5.6050512678265e-05,1.40376689970014e-06,3.15366389050957e-07,6.42155818324842e-07,-3.33899517512593e-09,-1.47458023360844e-08,8.12462307853888e-06,6.80587095684125e-23,-4.74832758634702e-05,-1.84289518151686e-08,1.49869799481092e-06,1.29778358802992e-06,2.75653979811557e-09,6.59275310171869e-07,4.12784358525805e-06,8.79538635809905e-10,5.768852678361e-06,-2.60271424583527e-05,-0.00175936581745689,8.74915306247625e-14,-0.000139534733978283,-9.21225739790868e-05,1.38476557432094e-08,-3.54384567099281e-07,-3.16845298213974e-13,-2.81937927460283e-17,1.84081430792202e-05,-6.95674063130786e-05,-0.000385785547005907,2.66582917585419e-08,7.41020619452652e-08,5.94719265099028e-08,-6.74791135529494e-08,-1.26629041588348e-07,5.02395446362093e-06,-1.52719414620397e-05,-3.99884305843016e-05,-0.0201782343247736,1.27585150605821e-06,-0.000124496456497728,1.11892743973759e-06,-1.41324835444541e-05,-8.0738025772879e-06,-2.72911861903251e-12,-4.60197087178682e-05,-8.55348478589997e-10,-0.000115883776671754,3.36984104373366e-06,-2.39220433066017e-06,-5.6040687248212e-07,-3.8568188830038e-05,3.75272728500839e-06,-1.65706411099557e-05,-1.88491094530962e-05,6.77111674824665e-06,-5.42332417208146e-13,-1.82194151728302e-05,7.3685060426021e-06,2.283663513736e-06,1.77256678365616e-05,-2.57716094151765e-09,-3.31847294381102e-10,-4.367428972739e-12,-2.23321967821502e-10,-2.41814348455567e-12,-1.83243484333182e-09,0.000155518497247866,0.000307020717930031,4.39233022383463e-11,-3.17713277494707e-11,-2.43942468166789e-11,5.61424916033816e-11,-0.0258521665270895,-3.37491620499296,5.33610761164123e-06,-0.957487889140335,0.0344419997437244,0.0193529047950008,3.93730738720395
640,2.38418747760302e-09,-2.25405541869382e-05,-5.92339165674743e-05,1.48970315249015e-06,3.35348351618261e-07,6.83824258225743e-07,-3.4868116375013e-09,-1.538192318792e-08,8.57719217328374e-06,3.84255941213749e-20,-5.3620901116829e-05,-1.69011297008043e-08,1.62957253043483e-06,1.4042201420878e-06,2.52382891163022e-09,7.16048100495412e-07,4.36163497682957e-06,1.00932094098926e-09,5.76042867152631e-06,-2.97224165169697e-05,-0.00197404665073211,-2.32330187798937e-13,-0.000157474608926684,-0.000103774742050829,1.13360195332404e-08,-3.12434065308243e-07,-2.78000066184438e-13,2.75533325681917e-17,1.94603127619251e-05,-7.89343895120354e-05,-0.000432638795838197,2.00054081069074e-08,9.08855782370218e-08,5.58397033587588e-08,-1.28952264512508e-07,-1.42832730138594e-07,5.33240323205312e-06,-1.71177432893947e-05,-4.47875294519816e-05,-0.0227170239058211,1.39181051605622e-06,-0.000139671749794344,1.22951554242226e-06,-1.70312336508182e-05,-9.06008265167081e-06,-2.92626650143013e-12,-5.13824762476905e-05,-8.39327024467508e-10,-0.000129849279822534,3.63594717042018e-06,-3.98138639286292e-06,-7.06064640877039e-07,-4.34927757374237e-05,4.02031480730762e-06,-1.788316149488e-05,-1.98667548968029e-05,7.31206206886121e-06,1.43930479413458e-11,-1.97219880068615e-05,7.81474869218401e-06,2.47078143871398e-06,1.79087543939895e-05,-2.48946383544741e-09,-3.25123483539686e-10,-2.87088960358136e-12,-2.00650059815171e-10,-2.34202575272224e-12,-1.77372662310443e-09,0.000163764803347133,0.000327666432648298,4.73234573809934e-11,-2.44520432971234e-11,-1.99315913161372e-11,4.56285179826019e-11,-0.0289641300440258,-3.77240466611042,5.52637928181384e-06,-1.07274594318296,0.0362082162389719,0.0202161764048464,4.28306750524715
645,2.86605334508183e-09,-2.25384469440773e-05,-5.95215003951301e-05,1.50427447704365e-06,3.39668336292263e-07,6.93637041517873e-07,-3.49328741336989e-09,-1.53934975903863e-08,8.59169658570714e-06,-8.97095965448004e-20,-5.71466562380703e-05,-1.31607945284178e-08,1.69063054073871e-06,1.44325995518318e-06,1.87759529249893e-09,7.40044788378164e-07,4.39026487660099e-06,1.15320543474642e-09,5.37303359508509e-06,-3.196869615032e-05,-0.00209231971218143,7.68038695625558e-15,-0.000167766995606051,-0.000110331316395442,8.13987371698156e-09,-2.43200986909751e-07,-2.72758900357289e-13,4.08958456112705e-18,1.95637757372391e-05,-8.44484874580433e-05,-0.000458356520864927,1.09883312915376e-08,1.08789271429083e-07,4.74643651767601e-08,-1.92536569522917e-07,-1.54956028454315e-07,5.37823573546153e-06,-1.81282302042523e-05,-4.73920373421209e-05,-0.0241270487943667,1.44206779827663e-06,-0.000148160212541917,1.30499530110295e-06,-1.92008966060883e-05,-9.59971584053761e-06,-3.04711212002383e-12,-5.41921272226074e-05,-7.93122711541284e-10,-0.000137410322765423,3.71264323181184e-06,-5.64250681836777e-06,-8.52851041125388e-07,-4.62922746572325e-05,4.07871007887448e-06,-1.82743284818943e-05,-1.98768869749193e-05,7.49925199488544e-06,-3.47931709415348e-12,-2.02205294903947e-05,7.86669776565197e-06,2.58864439105433e-06,1.77587602133814e-05,-2.31811964969868e-09,-3.07258786494908e-10,-1.72016129092492e-12,-1.74096206020038e-10,-2.28057763365981e-12,-1.6609918394631e-09,0.00016337718686896,0.000331844595657949,4.949499051843e-11,-1.82964401674401e-11,-1.63947460936278e-11,5.41549937508915e-11,-0.0306610203285516,-3.98652102880453,5.45203444044115e-06,-1.13559387914723,0.0361993396397149,0.0201091331622763,4.42008129807009
650,3.28243495286173e-09,-2.13952718330235e-05,-5.68098694956044e-05,1.44624412462554e-06,3.27604640234767e-07,6.69933034134811e-07,-3.35449390526365e-09,-1.47664714511296e-08,8.15534031588065e-06,8.81118859045261e-23,-5.77285412163222e-05,-6.95033305660457e-09,1.68093718457138e-06,1.41295339108638e-06,9.9753238007312e-10,7.2935780125072e-07,4.20462145425477e-06,1.30398901250492e-09,4.61089865727364e-06,-3.25765247761408e-05,-0.00210237726743977,-1.70517353253575e-14,-0.000169447541341218,-0.000111184581470482,4.9326368053834e-09,-1.5203909951016e-07,-2.37827593644728e-13,9.87372827748332e-19,1.86786833595245e-05,-8.56264856129348e-05,-0.000460354310353819,4.09398156939526e-10,1.26852697655203e-07,3.62561737270254e-08,-2.50066664725943e-07,-1.61426501971154e-07,5.15178605854148e-06,-1.82006602022786e-05,-4.7537568647381e-05,-0.0242757129539024,1.42064928538769e-06,-0.000149131685560376,1.33567659868145e-06,-2.04934328251175e-05,-9.63633412272367e-06,-2.90828646947926e-12,-5.41550383115649e-05,-7.14303750386851e-10,-0.000137813266413731,3.59107526390016e-06,-7.29067069479788e-06,-9.89663673739092e-07,-4.67066744026589e-05,3.92024538717558e-06,-1.76899466263885e-05,-1.88315649009363e-05,7.31917715617418e-06,-2.7505364750349e-14,-1.96377927768769e-05,7.51184506405215e-06,2.63373095935927e-06,1.74556606772448e-05,-2.06014056897989e-09,-2.7707987263028e-10,-6.68216503820836e-13,-1.42015988615845e-10,-2.08384825423981e-12,-1.48536600521547e-09,0.000153385045093938,0.000318699701719233,5.09951216152726e-11,-1.16585550040589e-11,-1.24642809538777e-11,5.16712560515744e-11,-0.0307701146860869,-3.99539406087443,5.08743555699684e-06,-1.13963454083064,0.0344834001700794,0.0189859806410814,4.33354227070635
655,3.57920347460012e-09,-1.91766102449704e-05,-5.12900034306527e-05,1.32107741816558e-06,3.00006250871279e-07,6.14255478580256e-07,-3.08726561480519e-09,-1.35789527496691e-08,7.30380342932944e-06,-2.19399962876326e-21,-5.54640590566649e-05,1.67311776876896e-09,1.60740771041453e-06,1.31898971807951e-06,1.0663810127271e-10,6.85932591213727e-07,3.81423651368822e-06,1.4527731415858e-09,3.5156499590569e-06,-3.15964736663733e-05,-0.00200817651464668,1.25480393736531e-14,-0.000162808214723737,-0.00010656166022792,2.29872180185023e-09,-4.80956795299908e-08,-2.00006731450384e-13,-2.02436838247173e-17,1.68625336027141e-05,-8.26201710884382e-05,-0.0004395022981283,-1.06056249430418e-08,1.4401418455821e-07,2.47463340080542e-08,-2.932337636551e-07,-1.61310127025803e-07,4.67206305040651e-06,-1.73687509198061e-05,-4.53181105767597e-05,-0.0232148360167858,1.33011483237929e-06,-0.000142850306493725,1.312558203816e-06,-2.08894004299135e-05,-9.18666295163512e-06,-2.64828169869725e-12,-5.13919855515082e-05,-6.15769010685466e-10,-0.000131350368353669,3.28830563704445e-06,-8.84261422797387e-06,-1.1062806274952e-06,-4.48247486674314e-05,3.56394503356661e-06,-1.61985976943791e-05,-1.67873525103879e-05,6.80336175561123e-06,2.73272522755362e-12,-1.80354479630552e-05,6.78263984398899e-06,2.61439196806931e-06,1.70367663049919e-05,-1.74376066922183e-09,-2.39342825580914e-10,3.39864620541022e-13,-1.06209807358193e-10,-1.83455287477284e-12,-1.27014978129353e-09,0.000134011452935028,0.000289435652869482,5.21280499188026e-11,-4.66288942031868e-12,-8.41736604847179e-12,4.87101978404583e-11,-0.0293498156617614,-3.80704622593737,4.42295233167968e-06,-1.08703096644851,0.031353516841606,0.0168780720786467,4.03842591820947
660,3.70788233558997e-09,-1.60184094155121e-05,-4.33535118616564e-05,1.13823769175828e-06,2.58789168325061e-07,5.30364780450851e-07,-2.72463286457673e-09,-1.19803693367838e-08,6.10649278159002e-06,6.01029482124202e-20,-5.08248413129482e-05,1.22672031162402e-08,1.48135894755264e-06,1.17196461992607e-06,-6.02541160939111e-10,6.14424670663977e-07,3.24113051432783e-06,1.58692460602599e-09,2.15714634349131e-06,-2.928680079239e-05,-0.00182739511667216,-5.31177003003984e-14,-0.00014923288493445,-9.74079831302494e-05,5.14529469952415e-10,5.76090025599042e-08,-1.55029750530246e-13,2.40363867057343e-17,1.42404207840042e-05,-7.61293422604455e-05,-0.00039967774554655,-2.09362021017039e-08,1.59151059780149e-07,1.52722214519954e-08,-3.15848708332077e-07,-1.54565705729568e-07,3.97797912865638e-06,-1.57853103085756e-05,-4.11389479326907e-05,-0.0211549040214865,1.17967276017717e-06,-0.000130533450578338,1.22677403012233e-06,-2.04852559474593e-05,-8.33160166133091e-06,-2.27781468576771e-12,-4.63807674358846e-05,-5.06863572232456e-10,-0.000119215809553902,2.84066714424284e-06,-1.02254952730643e-05,-1.19530163759131e-06,-4.10360062925871e-05,3.04794710352629e-06,-1.39644717003169e-05,-1.38786552919162e-05,6.01409389394671e-06,2.2046884334272e-11,-1.55887771470602e-05,5.74256436752562e-06,2.54674060455174e-06,1.63533168777089e-05,-1.39416367398856e-09,-1.9755214686239e-10,1.29034597640782e-12,-6.80346728671619e-11,-1.54276093199808e-12,-1.03303674355312e-09,0.000106621104864465,0.000246764508637246,5.26817905528934e-11,2.64324356582936e-12,-4.33093597016009e-12,4.32518208321591e-11,-0.0266599096947959,-3.45545948617691,3.46274096593252e-06,-0.987404862509642,0.0272460055400165,0.0138696452352735,3.57315719584137
665,3.69642444045632e-09,-1.28060773787144e-05,-3.51351049818205e-05,9.52822909389868e-07,2.16133439417105e-07,4.43206017296507e-07,-2.32964496127847e-09,-1.02476134764991e-08,4.79064638864397e-06,-1.13316419431335e-20,-4.51111014797305e-05,2.48455050038876e-08,1.34952678298214e-06,1.01389851981694e-06,-1.01339713023253e-09,5.36751576349954e-07,2.71335657978016e-06,1.65763978342919e-09,7.7007314573284e-07,-2.64042988872054e-05,-0.0016068922580604,-3.75317542551497e-14,-0.000132541199913809,-8.6249138202575e-05,2.5823575359544e-10,1.63614513968313e-07,-1.10854961602656e-13,2.96924079776448e-17,1.14747240617991e-05,-6.8121225689231e-05,-0.000351133873186838,-3.06207772946762e-08,1.75514545874593e-07,9.28007086024189e-09,-3.22314713238836e-07,-1.44075555267328e-07,3.22740843668957e-06,-1.38548954184565e-05,-3.60576047905966e-05,-0.0186565292939446,1.01212757060734e-06,-0.000115476492440103,1.18081759912262e-06,-1.97351195124426e-05,-7.28638563540108e-06,-1.84509467372062e-12,-4.03246978618436e-05,-3.84835981598347e-10,-0.000104492843931601,2.34074176882579e-06,-1.15126192215022e-05,-1.27052878127205e-06,-3.63934565358013e-05,2.48956667630031e-06,-1.14957466577383e-05,-1.08460950773202e-05,5.16066751064347e-06,7.55393324539922e-13,-1.28094099866728e-05,4.63761173552356e-06,2.4817340342563e-06,1.79442842187486e-05,-1.00727474643996e-09,-1.51510044625489e-10,2.39618414751154e-12,-2.42879894971198e-11,-1.23545333514541e-12,-7.74032051201587e-10,7.50687259799388e-05,0.000199323882766798,5.84072211584459e-11,1.10730384225933e-11,2.86201824437545e-13,3.96799114902115e-11,-0.0233838666065871,-3.02898709005954,2.67615593532827e-06,-0.866069935719719,0.0229410724046152,0.010945468387902,3.04699152001411
670,3.62544533625373e-09,-1.01639519058766e-05,-2.82131653073135e-05,8.05333623762011e-07,1.81012759963235e-07,3.71274711891487e-07,-1.94608733585475e-09,-8.57660508449729e-09,3.55810283412048e-06,-3.2490743977949e-20,-3.940955918636e-05,3.94740701823991e-08,1.24841439068886e-06,8.79527631577507e-07,-1.0784317276941e-09,4.70542270933345e-07,2.37499579569473e-06,1.86357946518615e-09,-4.5854137927817e-07,-2.357445688337e-05,-0.0013859080962038,-1.33862533349651e-14,-0.000115917614035824,-7.51767494011193e-05,1.30486267540397e-09,2.71259888414239e-07,-7.16773804046486e-14,2.94780390059666e-17,9.07440590262872e-06,-6.02216179250236e-05,-0.000302462487170075,-3.96360991690778e-08,1.96395247276135e-07,7.27231173475816e-09,-3.18648908282402e-07,-1.32369144132172e-07,2.54492964390393e-06,-1.19168495995735e-05,-3.09602968426954e-05,-0.0161833901120092,8.62957267001775e-07,-0.000100435041672599,1.19199059416646e-06,-1.90233182741672e-05,-6.2322388684462e-06,-1.44139625381128e-12,-3.4230617512393e-05,-2.67440271617595e-10,-8.97619622316554e-05,1.86439959819873e-06,-1.27839984361903e-05,-1.3444040562701e-06,-3.17755146888852e-05,1.98278675369754e-06,-9.20115965162688e-06,-8.2398063689429e-06,4.41011454720046e-06,4.52811023681235e-12,-1.01246836741723e-05,3.66042605483346e-06,2.45668019609106e-06,2.17857272216416e-05,-6.32558542897297e-10,-1.07848316668562e-10,3.70801244366823e-12,2.15482912327673e-11,-9.63758824291182e-13,-5.27302122786012e-10,4.12094565318387e-05,0.000155974267186404,7.17409275071628e-11,2.03421281806944e-11,5.31046504340046e-12,3.81451106874121e-11,-0.0200950332748932,-2.60153623406254,2.15724184083801e-06,-0.744261269957544,0.0189976817301545,0.00869806551058075,2.54940854496126
675,3.52432960468379e-09,-7.91953472704982e-06,-2.22807455310169e-05,6.84627447711428e-07,1.51339705530061e-07,3.10352083317035e-07,-1.58447669370435e-09,-7.01706398674969e-09,2.44304673601182e-06,-6.79979716548892e-23,-3.39883985395266e-05,5.51341957704303e-08,1.17313870845063e-06,7.6820467510551e-07,-8.54562307580692e-10,4.14556336515052e-07,2.15035905452837e-06,2.18405078806994e-09,-1.51287002996296e-06,-2.09206255762135e-05,-0.0011749871020098,-4.48488958092063e-14,-0.000100129389273899,-6.46964478144758e-05,2.95651108449646e-09,3.74448069662162e-07,-3.55104000799375e-14,1.01017393788597e-19,6.97519160388201e-06,-5.27811159455262e-05,-0.00025599023950229,-4.74701890515256e-08,2.20165399793936e-07,8.55477646320836e-09,-3.06286479753702e-07,-1.19931302067447e-07,1.92593676007073e-06,-1.00642320015624e-05,-2.60916256902426e-05,-0.0138474635206278,7.31046725373214e-07,-8.61167412487596e-05,1.20635202271404e-06,-1.83797544635146e-05,-5.2205443586766e-06,-1.11467968304203e-12,-2.83877500447167e-05,-1.64592418318128e-10,-7.57254435071346e-05,1.42469140737875e-06,-1.39868507357529e-05,-1.41132712660167e-06,-2.73948569627498e-05,1.53210188126231e-06,-7.12096292391625e-06,-5.97360851443453e-06,3.759366792123e-06,1.02492793265202e-13,-7.61905130179814e-06,2.80099580462399e-06,2.46200750782694e-06,2.63574383219378e-05,-2.94428739159778e-10,-6.97739256874788e-11,5.22094584890244e-12,6.62698538158114e-11,-7.411368954602e-13,-3.0830879029208e-10,6.25652574890634e-06,0.000117660575279051,9.10438417604997e-11,3.0006952356108e-11,1.05318960562652e-11,3.58334175395062e-11,-0.0169514873107493,-2.19349788216126,1.6972125841484e-06,-0.627833596383763,0.015506145262793,0.00682117072015474,2.09365468412062
680,3.41800875020996e-09,-5.95628502307977e-06,-1.71007488785446e-05,5.81689189659872e-07,1.25507128810289e-07,2.57196454667768e-07,-1.25125989249118e-09,-5.59836865983404e-09,1.46722613376619e-06,-4.25303521666803e-21,-2.90158552451696e-05,7.07416629718777e-08,1.11819097706786e-06,6.77907988776023e-07,-4.26490255544934e-10,3.67144994909781e-07,1.98748028329004e-06,2.62062465555046e-09,-2.37890528135264e-06,-1.85113477198308e-05,-0.000980962291783016,-3.94474174467969e-14,-8.56517728381088e-05,-5.51178681118066e-05,5.07751290030943e-09,4.68250333330102e-07,-3.24080141342597e-15,-1.17971823478046e-18,5.128098144275e-06,-4.60037893048663e-05,-0.000213229227279939,-5.38648161999984e-08,2.44945620209962e-07,1.21175704534883e-08,-2.8742991512995e-07,-1.07252458768953e-07,1.36497891715171e-06,-8.35800155202627e-06,-2.16112935901695e-05,-0.0117171541765323,6.13599503766384e-07,-7.29726443703167e-05,1.20875875947191e-06,-1.78086928939848e-05,-4.28581279991895e-06,-8.1666680295792e-13,-2.29873894366081e-05,-6.96760449514509e-11,-6.28351713629359e-05,1.02828020459622e-06,-1.50747377218437e-05,-1.46663668323401e-06,-2.33816620329222e-05,1.13657795123121e-06,-5.26984853240185e-06,-3.98319506195197e-06,3.19685973018166e-06,7.27114106981527e-13,-5.34496491772332e-06,2.04638847920077e-06,2.48459909677514e-06,3.13942786688011e-05,2.47162625880084e-11,-3.49316719370059e-11,6.8375442691519e-12,1.1156459352352e-10,-5.46080247211546e-13,-1.04914480840662e-10,-2.76938354972129e-05,8.39192428624688e-05,1.15712533393373e-10,4.02080253650429e-11,1.59592076932009e-11,3.32224980558249e-11,-0.014056740328843,-1.81818100415337,1.248810096806e-06,-0.520620684721952,0.0124966238020589,0.00515378912867831,1.68587620250029
685,3.32820569681813e-09,-4.19491312104079e-06,-1.2490710206145e-05,4.89780337491327e-07,1.02288703499763e-07,2.0933883096059e-07,-9.48154016836919e-10,-4.32917197461253e-09,6.41494065737073e-07,7.34272672009943e-20,-2.45747030221735e-05,8.53483225628721e-08,1.07805392664377e-06,6.05946778625535e-07,1.26590495614961e-10,3.26497809228428e-07,1.85058914041827e-06,3.18359710031531e-09,-3.04954611193104e-06,-1.63706384549528e-05,-0.000807439780024079,-4.65129033717103e-14,-7.27127841960957e-05,-4.65859103434083e-05,7.48660259684514e-09,5.48986556496595e-07,2.97943572327617e-14,1.7001346779262e-17,3.49476871671474e-06,-3.99728496287753e-05,-0.000174982374086501,-5.86667671598207e-08,2.68852004569218e-07,1.7001761305368e-08,-2.64103523420679e-07,-9.46705158721453e-08,8.56286256979219e-07,-6.83092852169899e-06,-1.76050560511846e-05,-0.00982409750371742,5.07276943225641e-07,-6.12320845406624e-05,1.19306546123608e-06,-1.7296442397529e-05,-3.44734657808143e-06,-5.36454689286432e-13,-1.81363234709412e-05,2.20527735314071e-11,-5.13291173960407e-05,6.77125448770342e-07,-1.60109469445973e-05,-1.50668335085664e-06,-1.9798081262649e-05,7.91969729284044e-07,-3.64248399672732e-06,-2.21793871113692e-06,2.70741866577435e-06,-1.23471907380563e-11,-3.32667788289222e-06,1.38289109706453e-06,2.51109823341077e-06,3.67590784923488e-05,3.32357408233461e-10,-1.68534955634808e-12,8.6423147650418e-12,1.57693489175139e-10,-3.65785328199115e-13,9.00665767508316e-11,-5.87525220995774e-05,5.40444305635007e-05,1.47767329056909e-10,5.11073755639988e-11,2.19184644680268e-11,2.65748151663043e-11,-0.0114665530041112,-1.48270904939742,8.03093188243282e-07,-0.424687750913704,0.00995567071454352,0.00361134931951477,1.32683203561695
690,3.27159859023423e-09,-2.58058069845928e-06,-8.3098054286894e-06,4.03923653259547e-07,8.07508147916846e-08,1.64902766777902e-07,-6.72937884578373e-10,-3.2014493538795e-09,-3.21805697613922e-08,4.94431221550053e-20,-2.06817034417289e-05,9.81905277207172e-08,1.04729402520642e-06,5.49348196832534e-07,7.3391282534931e-10,2.9081829104279e-07,1.71476932503103e-06,3.88344218284296e-09,-3.52650359030385e-06,-1.44899870986075e-05,-0.000655489693941944,-3.61278722318461e-14,-6.13510744984042e-05,-3.91197969231053e-05,1.00901232521996e-08,6.14172125319371e-07,5.74756374536109e-14,3.6279864893764e-19,2.04402573049673e-06,-3.46815896345335e-05,-0.000141494224951885,-6.1827007121343e-08,2.90081679572408e-07,2.22978434472511e-08,-2.38195013285762e-07,-8.23872226973514e-08,3.94162473296695e-07,-5.49352538931587e-06,-1.41002426794709e-05,-0.00817192402261945,4.08903112833736e-07,-5.09519078999705e-05,1.15505372398872e-06,-1.68183580579796e-05,-2.71218500630709e-06,-2.92408545645346e-13,-1.38745136249593e-05,1.12009884313282e-10,-4.12770162236995e-05,3.69870699254239e-07,-1.6768793514746e-05,-1.52896347294447e-06,-1.66542027465172e-05,4.92146319983813e-07,-2.22108417968215e-06,-6.38584004187855e-07,2.27451377698608e-06,-1.39270277032205e-11,-1.56807521353035e-06,7.96945938364465e-07,2.52905155744522e-06,4.22817130348777e-05,6.34168087938822e-10,3.03923031373236e-11,1.03741807157351e-11,2.04867294407593e-10,-2.27119936488197e-13,2.7743883448781e-10,-8.5442527909304e-05,2.73014107965491e-05,1.85585671444698e-10,6.17224584582675e-11,2.76044962706197e-11,2.60939202070991e-11,-0.00919892795983173,-1.18932357333397,3.59837292708378e-07,-0.340701563936512,0.00784170598734496,0.00214860362979268,1.01359585592328
695,3.26096218332314e-09,-1.07474706111689e-06,-4.44945288657323e-06,3.20528513149685e-07,6.01878926834556e-08,1.22472427299077e-07,-4.20313137090809e-10,-2.19469149441868e-09,-5.58708711443316e-07,6.04136189231768e-20,-1.73074618262597e-05,1.08680075810394e-07,1.02103521776791e-06,5.05130665174533e-07,1.34220095088375e-09,2.58435151181531e-07,1.56255684893558e-06,4.73048291125072e-09,-3.81979096522955e-06,-1.28398620754645e-05,-0.000524369422167085,-2.00949170260715e-14,-5.14745841380598e-05,-3.26527443713045e-05,1.29050192657085e-08,6.62359615949581e-07,8.87034480093096e-14,1.99388440478069e-17,7.49633120327375e-07,-3.00636641003873e-05,-0.000112609398665429,-6.33593304862521e-08,3.07033542184778e-07,2.72764596465792e-08,-2.11123854639361e-07,-7.0458158681833e-08,-2.67481138003389e-08,-4.34025228473828e-06,-1.1082218380653e-05,-0.00674504237378983,3.15499263860208e-07,-4.20669608686478e-05,1.09149447298392e-06,-1.63449851959191e-05,-2.07852577052461e-06,-2.65045322844649e-14,-1.01941529032023e-05,2.10072059214084e-10,-3.2629171574567e-05,1.03135173837523e-07,-1.73314837641954e-05,-1.53202265329786e-06,-1.39245856919702e-05,2.30312059319776e-07,-9.80708385455917e-07,7.86452602434814e-07,1.88237324257233e-06,-3.11076319460978e-12,-5.86186768835782e-08,2.76038308446644e-07,2.52810629381993e-06,4.78641638186276e-05,9.49841897882026e-10,6.47272579395427e-11,1.23336538580551e-11,2.55002257284841e-10,-9.0142605311611e-14,4.74039675448448e-10,-0.00010659641258471,2.87744018478004e-06,2.34170481430555e-10,7.34763397941922e-11,3.41084339849472e-11,2.04192354716087e-11,-0.00724466255715631,-0.936756723423095,-7.94175210428765e-08,-0.268321289261694,0.00609794187381226,0.000740608329170452,0.741034619418639
700,3.30576098935389e-09,3.5084688566838e-07,-8.24366317617303e-07,2.37011531564265e-07,4.00604064211365e-08,8.09667752842888e-08,-1.82742462527465e-10,-1.28001492589434e-09,-9.47939939735147e-07,-9.47187191618316e-20,-1.4394496562121e-05,1.16393763267175e-07,9.94916917064121e-07,4.70376940020501e-07,1.91491884324569e-09,2.27824941278225e-07,1.38137140562208e-06,5.7214218768009e-09,-3.94611872654583e-06,-1.13794961331608e-05,-0.000412197429046184,-1.31512665763318e-14,-4.2913198899927e-05,-2.7067229201639e-05,1.59085355202596e-08,6.92924900623098e-07,1.21091809380116e-13,-9.39407522368787e-17,-4.11557688703419e-07,-2.60193473919861e-05,-8.79205013595977e-05,-6.33097158786542e-08,3.1836446803656e-07,3.14107340694432e-08,-1.83777584884709e-07,-5.88123138640036e-08,-4.11353279576418e-07,-3.35536925102623e-06,-8.50977652111626e-06,-0.00551649110660676,2.24448751054999e-07,-3.44366576397473e-05,9.99821934963346e-07,-1.58464838922056e-05,-1.53883790065454e-06,2.40974971616278e-13,-7.05723411481371e-06,3.19630871483807e-10,-2.52612748058678e-05,-1.27502809363446e-07,-1.76907544418276e-05,-1.51530064392768e-06,-1.15628434625026e-05,-2.53801045258488e-10,1.06624149169645e-07,2.083530701514e-06,1.51694993786127e-06,-1.1982440081983e-12,1.22116691611284e-06,-1.91043978004341e-07,2.50042594243176e-06,5.32889562663577e-05,1.28669562153384e-09,1.02412593115427e-10,1.42607028571376e-11,3.0846615614928e-10,3.4377480628743e-14,6.8312883748161e-10,-0.000121503962662539,-1.98939546067627e-05,2.91604682757945e-10,8.53140535469074e-11,4.06924803801837e-11,1.69665688768033e-11,-0.00557727254439688,-0.721518455521565,-5.12860270714211e-07,-0.206566031344442,0.00466188496036655,-0.000627692567076185,0.502959898585256
705,3.41111618141192e-09,1.71744483963388e-06,2.63303595763224e-06,1.51482962818274e-07,1.99570094920675e-08,3.95628240058268e-08,4.84516057493638e-11,-4.24554531275461e-10,-1.21332042187797e-06,1.65072077372794e-19,-1.18708950993632e-05,1.21067818908938e-07,9.64796306988587e-07,4.4220479737112e-07,2.42597676733797e-09,1.97611327834589e-07,1.16221189222056e-06,6.82040241445471e-09,-3.92744299061677e-06,-1.00639925918913e-05,-0.00031646826400233,-1.86272459388562e-14,-3.54580684925656e-05,-2.22210542559368e-05,1.90589091617688e-08,7.05896368591001e-07,1.57865036240201e-13,-2.69090053047866e-17,-1.46075316277409e-06,-2.24347700791433e-05,-6.68812432043538e-05,-6.17544196997861e-08,3.2300847211981e-07,3.4314428286562e-08,-1.56704687921396e-07,-4.73013848056339e-08,-7.64070562648013e-07,-2.51746440898145e-06,-6.32688800844315e-06,-0.00445380777769737,1.33751597988534e-07,-2.78805446607301e-05,8.78059888124571e-07,-1.52954157312464e-05,-1.08222491756654e-06,5.41510803106814e-13,-4.40857423296655e-06,4.47176658905751e-10,-1.90078617346385e-05,-3.26893515471822e-07,-1.78450369519552e-05,-1.47900086126983e-06,-9.51210071563854e-06,-2.05835055959861e-07,1.06877725035674e-06,3.27421247055512e-06,1.16606937500862e-06,3.12016519814196e-12,2.29528792207353e-06,-6.14288637839757e-07,2.44054550328218e-06,5.81463119388858e-05,1.65423990668945e-09,1.45586531485934e-10,1.6236327616094e-11,3.65651261849662e-10,1.50577008119614e-13,9.127125888016e-10,-0.000129986351010115,-4.14247722412529e-05,3.59777614072862e-10,9.76425822004972e-11,4.77125921988613e-11,1.26507720860465e-11,-0.00416061667393849,-0.538884013638882,-9.3861783795956e-07,-0.154097227150751,0.00347137349066102,-0.00196593545617678,0.292896314459886
710,3.5781543953443e-09,3.0413173923381e-06,5.97651079923178e-06,6.25742621485879e-08,-4.32496540896149e-10,-2.35906221565046e-09,2.82131935657823e-10,4.0510066129918e-10,-1.37062889564491e-06,-5.91849052182387e-20,-9.66080262476795e-06,1.22580583761205e-07,9.2670678557241e-07,4.17743328209744e-07,2.85849340657091e-09,1.66554343418568e-07,8.98843205585437e-07,7.94831736342176e-09,-3.78864889948293e-06,-8.84947202015779e-06,-0.000234455164844445,-2.41473171781696e-14,-2.88915578752562e-05,-1.79672145537478e-05,2.22863707322811e-08,7.01786440919573e-07,1.99497947603292e-13,5.62238951277705e-17,-2.41782471465691e-06,-1.9196128643068e-05,-4.88950914223586e-05,-5.87803905585281e-08,3.20212255922926e-07,3.57472416161113e-08,-1.30128397847541e-07,-3.57267773633621e-08,-1.08879588181717e-06,-1.80299004593992e-06,-4.47196856022873e-06,-0.00352347040775548,4.20217321873243e-08,-2.22057125557947e-05,7.25131449565883e-07,-1.46684375175768e-05,-6.96366506316159e-07,8.90580626257874e-13,-2.18607856664028e-06,5.99016299973834e-10,-1.36889615899714e-05,-4.99840309959594e-07,-1.77977902187694e-05,-1.42389753305733e-06,-7.71316233835478e-06,-3.92015948125297e-07,1.93177813899903e-06,4.37645556904517e-06,8.19627667933517e-07,5.70893861271094e-13,3.18952846102883e-06,-1.00243801153159e-06,2.34531724432501e-06,6.19237274280256e-05,2.05956417787459e-09,1.96354244794013e-10,1.81555759084401e-11,4.26455665400498e-10,2.6346477566478e-13,1.16975431754388e-09,-0.000132281790897181,-6.19285917638399e-05,4.33226418426319e-10,1.10282015892447e-10,5.50029580731731e-11,5.41461185321267e-12,-0.00295489354237846,-0.383669325363574,-1.35475307342803e-06,-0.109440751434316,0.00246845252987567,-0.0032805744232145,0.104616872820493
715,3.80413346396249e-09,4.33521238513163e-06,9.24943868960085e-06,-3.06918975321248e-08,-2.13395282581558e-08,-4.52602681231137e-08,5.2626746066124e-10,1.2391457211126e-09,-1.43729594406154e-06,1.81061875043724e-21,-7.69078256169256e-06,1.20934508679127e-07,8.76814424797967e-07,3.94060617805755e-07,3.20319742853935e-09,1.33522991940447e-07,5.87298444570011e-07,8.9612614511542e-09,-3.55588560861565e-06,-7.69589840178371e-06,-0.000163460469803196,1.5392011388598e-14,-2.30050767589701e-05,-1.41655976866369e-05,2.55106214007731e-08,6.81468031239341e-07,2.43652446911758e-13,5.38730096132025e-17,-3.30196995951794e-06,-1.61977301126008e-05,-3.33705548232654e-05,-5.44736283330332e-08,3.09559033274214e-07,3.56092145193669e-08,-1.03984540479629e-07,-2.38729043907973e-08,-1.3889630624993e-06,-1.18848132223676e-06,-2.88367042148502e-06,-0.00269352243293867,-5.15950228652257e-08,-1.72236220157565e-05,5.41046686227475e-07,-1.39468587993772e-05,-3.6876542700847e-07,1.29092059787524e-12,-3.26984661892558e-07,7.77838164966218e-10,-9.12655454787454e-06,-6.50873822129123e-07,-1.75560589079988e-05,-1.35117810959168e-06,-6.10933506021882e-06,-5.63645701838036e-07,2.71920960415391e-06,5.40568694072997e-06,4.69423068502205e-07,8.50456347940669e-13,3.93003675578024e-06,-1.3631778910329e-06,2.21372752439662e-06,6.39916457559503e-05,2.50425814145617e-09,2.55629971467248e-10,1.99376983483442e-11,4.90057967486458e-10,3.74666817168738e-13,1.45545924592093e-09,-0.000129032169943064,-8.13879728973157e-05,5.07546048441865e-10,1.22753648844777e-10,6.22483832179373e-11,2.160851568886e-12,-0.00192040787995235,-0.250716560681046,-1.7591332853345e-06,-0.071126409084448,0.00160066217041135,-0.00457591230726072,-0.0676140778132192
720,4.0819187149871e-09,5.60885939906662e-06,1.24862919302234e-05,-1.28973235331583e-07,-4.29259317696826e-08,-8.9462509616189e-08,7.86394601906288e-10,2.09961587293299e-09,-1.43189849980008e-06,-2.94424329226047e-21,-5.89365837620963e-06,1.16242965491166e-07,8.11443111674707e-07,3.68138518914705e-07,3.45707933435583e-09,9.74955046788016e-08,2.25781309738821e-07,9.64168736999109e-09,-3.25483495013989e-06,-6.56860209251416e-06,-0.000100970213134656,9.10444948389905e-14,-1.76095486785872e-05,-1.06897469955757e-05,2.8580001520298e-08,6.46095028968524e-07,2.9202896086325e-13,2.85972756184471e-17,-4.13188195691976e-06,-1.33464639538801e-05,-1.97553898341425e-05,-4.89144679088541e-08,2.90991262541619e-07,3.39270520497769e-08,-7.79864854828886e-08,-1.15540665204334e-08,-1.66755180228678e-06,-6.51942786619614e-07,-1.50445611411479e-06,-0.00193511407110085,-1.47476391910604e-07,-1.27604081254117e-05,3.27073090650202e-07,-1.31166640723288e-05,-8.75331399303675e-08,1.74794486448538e-12,1.22853798495082e-06,9.86756103349946e-10,-5.15450594326342e-06,-7.84133177473937e-07,-1.71292402699282e-05,-1.26232395847978e-06,-4.64915832584471e-06,-7.24849997718176e-07,3.45181911042712e-06,6.37500174013882e-06,1.08910372884682e-07,8.00314119056833e-11,4.54243348440886e-06,-1.70325986662848e-06,2.04667979323096e-06,6.36342536756658e-05,2.98593502335797e-09,3.24686310006747e-10,2.15256581469647e-11,5.55074553583225e-10,4.89680346329355e-13,1.77123577710531e-09,-0.000121241599012096,-9.95607700751508e-05,5.74920860579308e-10,1.34024360466957e-10,6.93081199444659e-11,6.2277566898194e-12,-0.00101991826145013,-0.135196039330517,-2.14918289048787e-06,-0.0377748875526098,0.000821308650988456,-0.00585416139086467,-0.228918066878765
725,3.95036235581178e-09,7.42582198836163e-06,1.69753304307598e-05,-2.62870991669509e-07,-7.26608721947426e-08,-1.50058114320989e-07,1.07340932370525e-09,3.02573493474339e-09,-1.66331196897326e-06,2.08998064797999e-19,-4.03209516986392e-06,1.0907798075779e-07,6.88034431166382e-07,3.04635112453968e-07,3.58360398571111e-09,4.43431274873948e-08,-2.94118197150046e-07,9.53534117319512e-09,-3.03974184536115e-06,-5.33766871397402e-06,-3.82292170158528e-05,-4.69479568473542e-15,-1.20087243662084e-05,-7.08149090439055e-06,3.09615540317296e-08,6.02308585763239e-07,3.48248374238401e-13,-7.70771048142798e-17,-5.37537212398619e-06,-1.02960150956261e-05,-6.13077126038496e-06,-4.21447956153161e-08,2.66223056625399e-07,3.12158884458634e-08,-4.92414798122371e-08,1.63930974873605e-09,-2.01711731896204e-06,-1.17168440447381e-07,-1.3546696492255e-07,-0.00115106935391754,-2.61124252288361e-07,-8.21974802967475e-06,-4.46584733676519e-08,-1.20717687967781e-05,1.88513417705499e-07,2.10399431024602e-12,2.7223643789822e-06,1.23625511565252e-09,-1.19767902076257e-06,-9.35034851177092e-07,-1.64713254948389e-05,-1.16010704769999e-06,-3.1437763731314e-06,-9.24932595808697e-07,4.31144547004917e-06,7.68232371982114e-06,-3.5847671663383e-07,1.77006521148148e-13,5.24095956554796e-06,-2.17024658155037e-06,1.86918304265821e-06,5.74525626149348e-05,3.51470560604111e-09,4.07217095687659e-10,2.2770107869957e-11,6.21440157260243e-10,6.04728250404008e-13,2.13190940205783e-09,-0.000112861200606009,-0.000119594549926038,6.26570496662007e-10,1.4404811096838e-10,7.61113462266678e-11,-2.399353638351e-12,-0.00012492291842761,-0.0207378834074655,-2.88639092882301e-06,-0.00462685705464458,-4.42980520771129e-05,-0.00781220897926807,-0.416248697367792
730,3.23362009605186e-09,9.8222004135624e-06,2.28831213210471e-05,-4.35964972289961e-07,-1.11486255439275e-07,-2.28968091101513e-07,1.39029977815056e-09,4.03021396145318e-09,-2.22696563670171e-06,-1.04686238398858e-19,-2.00130605390727e-06,1.00689499548247e-07,4.92358797447012e-07,1.89775282131571e-07,3.57996255707257e-09,-2.95845206459731e-08,-9.74024157823993e-07,8.38871320246489e-09,-2.92818355787615e-06,-3.95590410225252e-06,2.88764668984929e-05,-8.09118042244567e-15,-5.90710966996614e-06,-3.14173404516457e-06,3.29368881495229e-08,5.56268348186541e-07,4.23572880651881e-13,4.70804056052665e-16,-7.12646424442134e-06,-6.91159517683606e-06,8.41081369070868e-06,-3.45668358012067e-08,2.38701679573963e-07,2.77843602915107e-08,-1.73171134176886e-08,1.57353547114571e-08,-2.45108385439808e-06,4.52107203253139e-07,1.31922661415216e-06,-0.000299704646743604,-3.93011670380237e-07,-3.33082326142859e-06,-5.12441819579459e-07,-1.07821387629893e-05,4.80134508355093e-07,2.64196426922522e-12,4.28345376470626e-06,1.54880039737026e-09,3.01931782987395e-06,-1.11602559331993e-06,-1.55714592160343e-05,-1.05054260593746e-06,-1.51036204251891e-06,-1.17813360035515e-06,5.35334226130803e-06,9.36578235415621e-06,-9.60048417455711e-07,9.12299096947848e-13,6.11814992845829e-06,-2.79503249209503e-06,1.7044613799112e-06,4.6518566710915e-05,4.15492046340946e-09,5.11500004649257e-10,2.40692707727703e-11,6.94710406045912e-10,7.50827869605298e-13,2.57807977632712e-09,-0.000104478289829075,-0.000143711640132821,6.29438502082408e-10,1.54826586516036e-10,8.32567022184526e-11,-8.12336016580529e-12,0.000826278874408224,0.100526988570699,-3.77100990179224e-06,0.0306028961766921,-0.00110526641646816,-0.0103864665223496,-0.644211594154019
735,2.24826900206103e-09,1.22809246901144e-05,2.90772749440928e-05,-6.19881384496559e-07,-1.52698213831709e-07,-3.12660029464772e-07,1.72900399980683e-09,5.09037610509707e-09,-2.9113307195034e-06,2.26813202574957e-19,1.08084895185903e-07,9.21520127590589e-08,2.52883865956466e-07,4.46352654705704e-08,3.49997567220035e-09,-1.1362735486239e-07,-1.70521895182508e-06,6.21717975773714e-09,-2.82207214171603e-06,-2.48662133844186e-06,9.73192054940395e-05,-2.66655168265536e-16,4.08349697557448e-07,9.4615296791404e-07,3.45969825873905e-08,5.08171328987687e-07,5.06301875374886e-13,7.42248924745766e-17,-9.01520068540388e-06,-3.3512768770384e-06,2.32134859724321e-05,-2.6491964039495e-08,2.10717546203614e-07,2.37703338425204e-08,1.61293301904677e-08,3.05086490723284e-08,-2.88919475928805e-06,1.03031524051403e-06,2.79398379803111e-06,0.000581500119461664,-5.26282143610181e-07,1.69261143427599e-06,-9.58826604623794e-07,-9.32322189673104e-06,7.75064389263638e-07,3.17600796429131e-12,5.83674965906683e-06,1.93874949548759e-09,7.30141147961181e-06,-1.30462458495102e-06,-1.44809256961503e-05,-9.38016146041543e-07,1.74772506773181e-07,-1.44855081529546e-06,6.45564246120901e-06,1.10740497219561e-05,-1.62171064733342e-06,3.87127686385579e-12,7.06101222336145e-06,-3.45778015296775e-06,1.55193071856989e-06,3.31824113074369e-05,4.93461257547552e-09,6.42310399237939e-10,2.53485520469078e-11,7.78892312847658e-10,9.28408671638101e-13,3.13139620793236e-09,-9.51596470837721e-05,-0.000168720192504755,5.89600897852068e-10,1.66142269667714e-10,9.07915859424446e-11,-1.44440644260658e-11,0.0017911063688085,0.223256068481698,-4.48405625563715e-06,0.0663373055012864,-0.00233305447665757,-0.0128979149056459,-0.891516231905016
740,1.19619482476882e-09,1.45075030292516e-05,3.48763836378234e-05,-7.96811872850649e-07,-1.92137312049467e-07,-3.9272719847594e-07,2.07692657407483e-09,6.17043085068331e-09,-3.59111265697925e-06,-7.18911545429876e-19,2.24537767601031e-06,8.42147628673635e-08,-1.10200342174593e-08,-1.16916735787339e-07,3.38111901238634e-09,-2.00760544317422e-07,-2.41957542133801e-06,3.11177712494923e-09,-2.68519865394561e-06,-9.6768896068101e-07,0.000165474214021833,-1.33050333344579e-14,6.77549726638191e-06,5.0782339150192e-06,3.56663825843706e-08,4.58203381643646e-07,6.30339381986882e-13,1.90340437800297e-15,-1.08187184171735e-05,2.92397332438894e-07,3.7926981517558e-05,-1.80911373163194e-08,1.83849102241795e-07,1.93825193978956e-08,5.02333534232488e-08,4.57089540303656e-08,-3.28352317942758e-06,1.60391750599766e-06,4.25428455463677e-06,0.00147180618853405,-6.5016232498128e-07,6.73453482767881e-06,-1.34232661596164e-06,-7.74616168336102e-06,1.06707107845265e-06,3.8815885129752e-12,7.3425153309276e-06,2.40551574408335e-09,1.15450645573786e-05,-1.48648245680121e-06,-1.32409754677183e-05,-8.25210680893029e-07,1.86857561369245e-06,-1.71298535473898e-06,7.53977338311476e-06,1.26042768685113e-05,-2.29365535271716e-06,5.47979443900432e-12,7.9965276686732e-06,-4.08474542475191e-06,1.41068685982364e-06,1.8326408565049e-05,5.85564196659574e-09,7.99727368487646e-10,2.66378507242118e-11,8.73402854303513e-10,1.14642836448641e-12,3.79234582436239e-09,-8.51734647492398e-05,-0.000191838919927703,4.95110585483647e-10,1.78442904051595e-10,9.89973035077503e-11,-1.94427944908383e-11,0.0027470921089796,0.344657670445851,-4.95193914208341e-06,0.101744242211294,-0.00371797116007177,-0.0150138895231298,-1.14395766540655
745,1.97438941767257e-10,1.63256156525419e-05,3.98453924793529e-05,-9.54731298901886e-07,-2.27003995787285e-07,-4.6349631702843e-07,2.41314737111639e-09,7.2096007024853e-09,-4.19442914966934e-06,1.88084486398706e-19,4.37682123368723e-06,7.72980992981558e-08,-2.8438130920434e-07,-2.84753090404061e-07,3.24342884186337e-09,-2.85930426374073e-07,-3.06818579576621e-06,-6.73890757774478e-10,-2.50936927069688e-06,5.73011546176071e-07,0.000232361625639161,5.94207438292125e-15,1.30889523682549e-05,9.18618780324596e-06,3.57708685501918e-08,4.06906122588006e-07,7.30795058190907e-13,6.24173158038696e-16,-1.23927148680201e-05,3.95463594030037e-06,5.23424659898841e-05,-9.52561703302011e-09,1.59106992847409e-07,1.48090645581165e-08,8.42980470683047e-08,6.08630840546807e-08,-3.60494691547378e-06,2.16491219289116e-06,5.68033348489123e-06,0.00235758986522551,-7.58072904041283e-07,1.17212403110987e-05,-1.6402715092937e-06,-6.0922984485599e-06,1.35252993605048e-06,4.32078944303762e-12,8.77979859274668e-06,2.93636998074905e-09,1.56915894024069e-05,-1.65227703385052e-06,-1.18909781398712e-05,-7.14131943091575e-07,3.54394140749697e-06,-1.95586811256166e-06,8.55092143831622e-06,1.3834626705799e-05,-2.94051431315281e-06,-2.47984836763734e-13,8.874271822386e-06,-4.62965332626753e-06,1.28010661816756e-06,2.72974843260556e-06,6.90135605184283e-09,9.8008105090365e-10,2.78165397000508e-11,9.77334957230865e-10,1.38793490825862e-12,4.55450628411613e-09,-7.49388814366014e-05,-0.00021119556884391,3.47850314375882e-10,1.90563075531238e-10,1.07088532349172e-10,-2.44720703258504e-11,0.00368111975967572,0.463119799297233,-5.1649598129177e-06,0.136337915658323,-0.00525137488527417,-0.0165656283867618,-1.39118101605584
750,-6.78525250575823e-10,1.76228671569183e-05,4.36826850574308e-05,-1.08463191903202e-06,-2.5521478221776e-07,-5.20732759597468e-07,2.70748717539468e-09,8.11907110590388e-09,-4.679739797112e-06,-1.03339027876525e-19,6.469840637057e-06,7.15538386591767e-08,-5.53523877678775e-07,-4.50171920736434e-07,3.09565610110433e-09,-3.65004289418746e-07,-3.61101315931087e-06,-4.69797255898777e-09,-2.29832466878828e-06,2.1070057894934e-06,0.000297121332189172,1.01126684091398e-14,1.92526322228284e-05,1.3206608561268e-05,3.44164000905153e-08,3.55286299465713e-07,8.57761424412223e-13,5.30594826770951e-16,-1.36339791864864e-05,7.57224582390508e-06,6.62786197020919e-05,-9.87564957197739e-10,1.37094006051499e-07,1.02411740780433e-08,1.17619161668014e-07,7.51933580636689e-08,-3.83523825373428e-06,2.70638659680147e-06,7.05561374509426e-06,0.00322575242680813,-8.46126573134301e-07,1.65836302028961e-05,-1.83743785585282e-06,-4.40384724399832e-06,1.6281388875948e-06,4.72283713182629e-12,1.01343886707744e-05,3.49675409064171e-09,1.96935501288136e-05,-1.7954563229817e-06,-1.04746071752382e-05,-6.06731894467917e-07,5.17695327428034e-06,-2.16573823580149e-06,9.44604896380567e-06,1.46888086152421e-05,-3.53416294072873e-06,2.59459070271647e-11,9.65509524431437e-06,-5.06175972862438e-06,1.16019580975732e-06,-1.26765307984423e-05,8.0395292681964e-09,1.17259805843743e-09,2.89509032737933e-11,1.08710187047024e-09,1.67111311882195e-12,5.38820129379098e-09,-6.48316530532038e-05,-0.000225598880771532,1.52046350823763e-10,2.03444631115862e-10,1.15554992310274e-10,-2.72603647391147e-11,0.00458197067772328,0.577263828009437,-5.13587400276674e-06,0.169702820018316,-0.00691182496655925,-0.0174673369871311,-1.62438767554565
755,-1.38883290615261e-09,1.83274261739033e-05,4.6169851784662e-05,-1.17935682955853e-06,-2.75133724550737e-07,-5.61106083070531e-07,2.92365828238828e-09,8.79130572137826e-09,-5.02121874364833e-06,-4.04000899149698e-21,8.48402757645485e-06,6.6954019127845e-08,-8.0460345956352e-07,-6.04565826048266e-07,2.93802002549691e-09,-4.34202221127029e-07,-4.01357827243166e-06,-8.37168908849508e-09,-2.06059263874293e-06,3.59933257694558e-06,0.000358705143574322,5.09904212397627e-15,2.5152129603646e-05,1.70632725521406e-05,3.10870611538997e-08,3.04763072549901e-07,1.00421900538611e-12,1.63978902041191e-16,-1.44640536747685e-05,1.10687461767934e-05,7.95147399533317e-05,7.28153150316092e-09,1.18110696897194e-07,5.85473739631073e-09,1.49332185659692e-07,8.76547832105048e-08,-3.96318635696514e-06,3.21990006541832e-06,8.3600737183293e-06,0.00405995761644651,-9.12000842504434e-07,2.12355571385891e-05,-1.92516964130303e-06,-2.7300496013996e-06,1.88967106410021e-06,4.85685833765211e-12,1.1391448808955e-05,4.03815828333046e-09,2.34945310092283e-05,-1.91092270877545e-06,-9.04277991325343e-06,-5.05223177618243e-07,6.73938850504847e-06,-2.33331243753987e-06,1.01874610053237e-05,1.51195443598765e-05,-4.04971264018535e-06,-1.3248060074234e-13,1.03045679461922e-05,-5.35951726150315e-06,1.05136475487579e-06,-2.68587556111769e-05,9.20504942397047e-09,1.36161676829938e-09,2.99706014515189e-11,1.19745192613479e-09,1.98486325684821e-12,6.24496500434435e-09,-5.52029326668452e-05,-0.000234288641567218,-7.87665247334190e-11,2.16213837066704e-10,1.23952069799876e-10,-3.1243779488013e-11,0.00543593518232482,0.685389015852361,-4.89077204022761e-06,0.201331188469865,-0.00865485577986943,-0.017685024143011,-1.83503693524523
760,-1.89929025651135e-09,1.84022216073615e-05,4.71607055834706e-05,-1.23344771809e-06,-2.8554383312275e-07,-5.82140805359928e-07,3.02718780360323e-09,9.12383061673061e-09,-5.2004495133018e-06,4.05627588553969e-19,1.03677445581483e-05,6.33492316801235e-08,-1.02308122803598e-06,-7.38873394623741e-07,2.76669431128e-09,-4.89912092195248e-07,-4.24792466956719e-06,-1.11050877523414e-08,-1.80633182256552e-06,5.00660279947952e-06,0.000415747068202719,1.2249628789883e-14,3.06435348763978e-05,2.06600592489563e-05,2.55858555413472e-08,2.56994894463288e-07,1.13713916282435e-12,1.12405917014948e-15,-1.482615327923e-05,1.43489202694636e-05,9.17622800868857e-05,1.49928475109877e-08,1.02226408367202e-07,1.80066418009384e-09,1.78396521892466e-07,9.71244686576911e-08,-3.98331232415212e-06,3.69437695619258e-06,9.56701485308172e-06,0.00483920492555629,-9.54452619057578e-07,2.55654299537932e-05,-1.90210111788536e-06,-1.1292429561707e-06,2.131441612991e-06,4.80015678434703e-12,1.25316895892071e-05,4.49183344527596e-09,2.70192477124846e-05,-1.99445412673883e-06,-7.653743317681e-06,-4.12101326893023e-07,8.19542580041206e-06,-2.45076499628731e-06,1.07410227706949e-05,1.51039984522177e-05,-4.46385922246713e-06,-1.44295872384535e-13,1.07908475379702e-05,-5.50810136452072e-06,9.54007406837536e-07,-3.87077307742545e-05,1.03117019018452e-08,1.52472243944301e-09,3.09281543349272e-11,1.30241621938386e-09,2.33425329365737e-12,7.05628025080709e-09,-4.63049195867843e-05,-0.00023690968704685,-3.04607266171204e-10,2.2943151986754e-10,1.32465631812503e-10,-3.39127529135049e-11,0.00622492597185428,0.785234826711758,-4.46586789280382e-06,0.230553119671553,-0.0104063993117577,-0.0172277293491434,-2.01441687447139
765,-2.17034712576387e-09,1.78455575981625e-05,4.65863345114024e-05,-1.24338021098261e-06,-2.85714118276701e-07,-5.82358994283264e-07,2.99582615746725e-09,9.05052812778739e-09,-5.20190275830802e-06,-4.45254524344651e-18,1.20586965113037e-05,6.05319107965388e-08,-1.19394523698479e-06,-8.43568676708013e-07,2.58323485269282e-09,-5.2875417911954e-07,-4.294971807849e-06,-1.24812057930547e-08,-1.54591467850129e-06,6.2778629691741e-06,0.000466558610424229,-2.54186423277378e-15,3.55537989788748e-05,2.38812751658962e-05,1.81739776727346e-08,2.13634345134558e-07,1.26432561775014e-12,2.11064037427569e-15,-1.4687517746855e-05,1.73000343551477e-05,0.000102663302226949,2.18505477218129e-08,8.93421447397397e-08,-1.75884700005679e-09,2.03779395396759e-07,1.02701430275138e-07,-3.8957302179455e-06,4.1160707665654e-06,1.06425492970007e-05,0.00553804799642784,-9.7306622991367e-07,2.9437214253617e-05,-1.77415814931459e-06,3.32067798699578e-07,2.34633305725224e-06,4.45613143121791e-12,1.3529787139212e-05,4.80183893167375e-09,3.01705951918768e-05,-2.04254138261357e-06,-6.37118245721108e-06,-3.29931580403797e-07,9.50117722838907e-06,-2.51165880657078e-06,1.10773829097552e-05,1.46445109466978e-05,-4.75453403107234e-06,2.95010942042165e-11,1.10855778958979e-05,-5.49883070973788e-06,8.68168632693459e-07,-4.71612788897289e-05,1.12862969294332e-08,1.64323045098934e-09,3.17474953128591e-11,1.39700732519956e-09,2.71959587120328e-12,7.75784344040485e-09,-3.8277367757076e-05,-0.000233478448728504,-4.97908282679726e-10,2.42800267107586e-10,1.40760040900692e-10,-3.70793461849943e-11,0.00692634640394223,0.873965577221647,-3.9048691347802e-06,0.256531699501252,-0.0120600106613826,-0.0161450255696687,-2.15379107863451
770,-2.14617398855093e-09,1.66906661372826e-05,4.44602558581078e-05,-1.20780942608052e-06,-2.75466154838706e-07,-5.61419461730119e-07,2.82882163703701e-09,8.56942053126012e-09,-5.01019298425376e-06,-2.88418663730757e-18,1.34867070246317e-05,5.8317163818022e-08,-1.3025399172395e-06,-9.08966620927009e-07,2.40270761171006e-09,-5.4775224157722e-07,-4.1465569349747e-06,-1.24157251864787e-08,-1.28887751384243e-06,7.35702406433662e-06,0.000509193248211813,1.48449929100584e-13,3.96875830937967e-05,2.65962317543985e-05,9.70904326414298e-09,1.76070147551535e-07,1.36806361457781e-12,9.27851933567092e-15,-1.40420104252058e-05,1.97968015869495e-05,0.000111803858584852,2.75982710153288e-08,7.92390646266858e-08,-4.63005267762258e-09,2.24624922714471e-07,1.04014838150943e-07,-3.70605404714943e-06,4.46910237648543e-06,1.15465371502969e-05,0.00612772171402929,-9.67996065620172e-07,3.26965183599538e-05,-1.5529881669112e-06,1.58198428135429e-06,2.52617212913717e-06,4.40101857880963e-12,1.43541800206699e-05,4.94804437617643e-09,3.28310009991924e-05,-2.05243063225963e-06,-5.26099645924648e-06,-2.61057422300593e-07,1.06059529951232e-05,-2.51117679917222e-06,1.11741068900848e-05,1.37685733689662e-05,-4.9014305307995e-06,2.922253215112e-11,1.11658013880285e-05,-5.32916581155388e-06,7.93217370874289e-07,-5.13760947321633e-05,1.20859873186616e-08,1.70965720607038e-09,3.26655250325737e-11,1.48008695709373e-09,3.18211816626863e-12,8.31445241673492e-09,-3.11940620742386e-05,-0.000224310149780012,-6.20940677039524e-10,2.58356870252379e-10,1.50203608226582e-10,-4.52974577082501e-11,0.00751392602334078,0.948277202782131,-3.25301205261477e-06,0.278293946823823,-0.0134787958326017,-0.0145206177957291,-2.24484672799982
775,-1.74116121465894e-09,1.49983926250359e-05,4.08676381132365e-05,-1.12735249698366e-06,-2.5512718810795e-07,-5.20024824870634e-07,2.54915510403001e-09,7.74942449845177e-09,-4.60650180804343e-06,1.16578720526616e-18,1.45756904864441e-05,5.65990882469286e-08,-1.33486200302912e-06,-9.25306721466851e-07,2.26251050751679e-09,-5.44385803111858e-07,-3.80473648221579e-06,-1.11569548149842e-08,-1.04309924709427e-06,8.18458934606648e-06,0.000541490287648273,-5.66814040658359e-13,4.28319052539065e-05,2.86623125948487e-05,1.6589926149835e-09,1.45214526072636e-07,1.57415818801219e-12,5.20218627356959e-14,-1.29072226840886e-05,2.17048391916324e-05,0.000118723026480277,3.20571848078299e-08,7.16295688305006e-08,-6.55181929719818e-09,2.40418355311554e-07,1.01382921398467e-07,-3.42449039622031e-06,4.73583014743668e-06,1.22332448897899e-05,0.0065769360032011,-9.39766551094362e-07,3.51749288388794e-05,-1.2525086708101e-06,2.54515288648044e-06,2.66197211824029e-06,6.63790271994162e-12,1.49665324910076e-05,4.96100699057422e-09,3.48632642082526e-05,-2.02203381062123e-06,-4.38905659052971e-06,-2.07376947535785e-07,1.14530405372057e-05,-2.44604588508098e-06,1.10165723610124e-05,1.25246919186888e-05,-4.88614477937519e-06,-5.88240045808105e-11,1.10146598224651e-05,-5.00164372550448e-06,7.27619130488783e-07,-5.07552967977394e-05,1.27389203662622e-08,1.73215052997896e-09,3.36915982423918e-11,1.55910195260453e-09,3.63721163325734e-12,8.73235450132118e-09,-2.50484931041734e-05,-0.00020997846271541,-6.59578473222988e-10,2.75601152570046e-10,1.6062122096408e-10,-2.58300503162141e-11,0.00795828619258025,1.00446977730966,-2.55090923614837e-06,0.294751763103468,-0.0145010573256482,-0.0124585319351674,-2.27994967449325
780,-8.16526218031228e-10,1.28398238540859e-05,3.59295994312946e-05,-1.00362879732116e-06,-2.25309372547368e-07,-4.59475749576652e-07,2.19683222188303e-09,6.71026519851293e-09,-3.96149940569198e-06,-3.82251052318396e-18,1.5241335296342e-05,5.5402816116874e-08,-1.27678806914762e-06,-8.82164109346603e-07,2.23234776966974e-09,-5.16353671168973e-07,-3.27722468447455e-06,-9.16481689213772e-09,-8.13847295531494e-07,8.69609904980066e-06,0.000560992665303328,4.70346712272006e-15,4.47485346935474e-05,2.99198779642132e-05,-4.15493338433285e-09,1.21368757102458e-07,1.5286824379932e-12,-1.88405281234229e-16,-1.13129241907293e-05,2.28765944458299e-05,0.000122894946421096,3.51545954772387e-08,6.62177360448219e-08,-7.13218845896847e-09,2.51128616326077e-07,9.57485003466347e-08,-3.06360740069315e-06,4.89617841602533e-06,1.2649556241389e-05,0.00685089384435787,-8.88859167358093e-07,3.66846421067118e-05,-8.83167924373966e-07,3.14081326541143e-06,2.74363813601258e-06,2.9253350712202e-12,1.5318752850997e-05,4.99098015005373e-09,3.61046350252445e-05,-1.9494219252576e-06,-3.82238984216988e-06,-1.70306631420731e-07,1.19773377963801e-05,-2.31368548886966e-06,1.05959920361065e-05,1.0972214699935e-05,-4.69081333492931e-06,1.47131668003598e-11,1.06190772665161e-05,-4.52060500700441e-06,6.68787605733913e-07,-4.48806147499957e-05,1.33900912729945e-08,1.75897825483945e-09,3.47031105178173e-11,1.65338582870242e-09,4.18340637466358e-12,9.15782585332081e-09,-1.97658351176092e-05,-0.000191187282522332,-6.237861515868e-10,2.96213758792627e-10,1.71925999292272e-10,-2.90351192373772e-11,0.00822577675767304,1.03830137932699,-1.82619882828598e-06,0.304658846278714,-0.014948589831931,-0.0100591728239047,-2.25175555352761
785,6.55938896655982e-10,1.04922371362017e-05,3.02790866507146e-05,-8.52711057350934e-07,-1.90182626113735e-07,-3.88221396449209e-07,1.82694983420052e-09,5.61713411943871e-09,-3.10069634369796e-06,9.26187496291084e-18,1.55060266697149e-05,5.48239829174552e-08,-1.14091093427142e-06,-7.85879703846808e-07,2.36694544816591e-09,-4.6839287677634e-07,-2.64806497592349e-06,-7.01529398258878e-09,-6.12058882609145e-07,8.90748781111475e-06,0.000568420950250792,2.57502093898625e-14,4.55061294038536e-05,3.04101874439105e-05,-6.5264110488508e-09,1.0223931888624e-07,1.62912966508667e-12,-1.26156995737953e-15,-9.46160408768131e-06,2.33513940286357e-05,0.000124475077109639,3.7292559834399e-08,6.2338877054848e-08,-6.02952715000689e-09,2.58556208560817e-07,8.88090758832654e-08,-2.66550915486735e-06,4.95656892281671e-06,1.28093043043488e-05,0.00695888035064763,-8.21539090143644e-07,3.72808512572327e-05,-5.29436714260933e-07,3.38282995927207e-06,2.77494923931273e-06,3.03043673331838e-12,1.5423535396633e-05,5.18084503934571e-09,3.65851542461139e-05,-1.84348126126138e-06,-3.55367119779761e-06,-1.46593099916492e-07,1.21915834092073e-05,-2.12966517475113e-06,9.97923219095426e-06,9.30244574609301e-06,-4.34627491889183e-06,-3.8079450566354e-11,1.00347228767067e-05,-3.94107703819472e-06,6.15280699276215e-07,-3.56113767379123e-05,1.42767078241418e-08,1.83436389718894e-09,3.63973711427518e-11,1.78619133840375e-09,4.84386757394234e-12,9.73769583685319e-09,-1.56493629081913e-05,-0.000169556208377022,-5.35318856275001e-10,3.24281731948625e-10,1.88239910401113e-10,-1.86544856585563e-11,0.00832651620023414,1.05105765381903,-1.20658685457126e-06,0.308389957467819,-0.0148182003291937,-0.00765173329532801,-2.16923426031409
790,2.55028004854438e-09,8.25843213441147e-06,2.46697377378736e-05,-6.96136883342813e-07,-1.54803314396456e-07,-3.16506538350256e-07,1.48479776840567e-09,4.60609583207135e-09,-2.11502604109824e-06,-8.39808076679591e-18,1.54749305947904e-05,5.48405836442434e-08,-9.57101733953649e-07,-6.55230935013958e-07,2.65476131768215e-09,-4.09304466492287e-07,-2.01879933483991e-06,-5.13590138716152e-09,-4.46788325518317e-07,8.89734200169818e-06,0.00056695267911591,1.75012717596408e-14,4.54103303439887e-05,3.0333347312705e-05,-5.58596356101312e-09,8.52322932032299e-08,1.76888099276633e-12,-4.41807495146074e-16,-7.60615356331577e-06,2.33125987158089e-05,0.000124145583337043,3.89355228922706e-08,5.92524712309585e-08,-3.48683896209089e-09,2.64536971650463e-07,8.20926073999781e-08,-2.27573044421879e-06,4.94360017273008e-06,1.27788546483082e-05,0.00694440019239886,-7.46697679567838e-07,3.72053318271836e-05,-2.40163680395575e-07,3.36160768450698e-06,2.76963823493692e-06,3.63386779561992e-12,1.53431122264316e-05,5.65879729771938e-09,3.64931816395932e-05,-1.71893308307563e-06,-3.50831763505607e-06,-1.31216583184253e-07,1.21729106882754e-05,-1.91958634240241e-06,9.2637602100375e-06,7.7129437587807e-06,-3.91456339000825e-06,3.2630267878204e-11,9.34855022051498e-06,-3.33684171869598e-06,5.65310410493214e-07,-2.5279489906012e-05,1.55393655746868e-08,1.9995908867464e-09,3.87602506981056e-11,1.97486667855389e-09,5.56241851687244e-12,1.0616832227777e-08,-1.27488962679601e-05,-0.000147311432150559,-4.31800408763222e-10,3.58690900200272e-10,2.08908142063627e-10,-1.59340123865394e-11,0.00830442419231203,1.04829178938877,-7.43092775186137e-07,0.307571753716057,-0.0142614031923876,-0.00553670892430728,-2.05175491098481
795,4.8823774318875e-09,6.20178041347307e-06,1.93068469842974e-05,-5.40635011178318e-07,-1.20554494974135e-07,-2.47185945682064e-07,1.18759220105964e-09,3.72864135405153e-09,-1.03396159081912e-06,-9.61693487429394e-18,1.51717749243702e-05,5.5465354615972e-08,-7.33800971582704e-07,-4.95459270739989e-07,3.10090421224261e-09,-3.42004532624089e-07,-1.41192956366452e-06,-3.63622700716261e-09,-3.14585659687111e-07,8.68419219246552e-06,0.000557278466423335,1.9783788796746e-14,4.45297784236036e-05,2.97350686539063e-05,-1.59626752327497e-09,6.94577414641959e-08,1.95234746201209e-12,-3.41513195954568e-16,-5.81716048840699e-06,2.28018112701879e-05,0.00012205399749903,4.01883965589648e-08,5.66093938474736e-08,2.38882649966655e-10,2.69445579807028e-07,7.62818769983249e-08,-1.90723508034029e-06,4.86302016614089e-06,1.25719878789625e-05,0.00681719483184919,-6.67578118485779e-07,3.65125582675831e-05,1.00291082964709e-08,3.0984988680229e-06,2.73052823425033e-06,4.47291526528615e-12,1.50886711427671e-05,6.4905032308229e-09,3.58656920326741e-05,-1.5811345668261e-06,-3.66187797740907e-06,-1.22757049000063e-07,1.19382639677188e-05,-1.69312362442617e-06,8.48284281521212e-06,6.25053644239659e-06,-3.41862740153769e-06,1.82166492942577e-11,8.58840147842418e-06,-2.73068003773158e-06,5.15202700470493e-07,-1.417885697828e-05,1.73037433210161e-08,2.2753253227479e-09,4.18919987811765e-11,2.2359054345459e-09,6.31146903991105e-12,1.18863542473052e-08,-1.07201536336502e-05,-0.000125574264320601,-3.287661332279e-10,4.00688101018534e-10,2.34594998104949e-10,-7.23800274994021e-12,0.00816894738959378,1.03120013638453,-3.80115812081423e-07,0.302554111741099,-0.0133324177828553,-0.00371747503548505,-1.90597294129617
800,7.69889881036876e-09,4.35279634997744e-06,1.43156029884569e-05,-3.90425786074773e-07,-8.83203782533462e-08,-1.82082539172237e-07,9.41319898928603e-10,3.00247261945867e-09,1.30330221062339e-07,-4.8498349106e-19,1.46178385172925e-05,5.67242149941039e-08,-4.77958553367101e-07,-3.10698832221243e-07,3.71002197184535e-09,-2.688472078888e-07,-8.40588501589695e-07,-2.4994647187271e-09,-2.10246341776046e-07,8.28478034850797e-06,0.000540009487693306,2.25356526271633e-15,4.29257253897449e-05,2.86559605779421e-05,5.06361002445704e-09,5.39072199549613e-08,2.2106508438121e-12,-6.82448288243894e-16,-4.13707473139201e-06,2.18565863929118e-05,0.0001183307873799,4.11410391256616e-08,5.40859110078045e-08,4.93696572133008e-09,2.73556105599542e-07,7.17538969561834e-08,-1.56843229874903e-06,4.71990385905915e-06,1.22011159965225e-05,0.0065859780026286,-5.86773433828314e-07,3.52511056743475e-05,2.32099326127445e-07,2.61293498397707e-06,2.66015995231203e-06,5.5232806917892e-12,1.46694981950172e-05,7.74518594827219e-09,3.47362865328372e-05,-1.43459312832297e-06,-3.9927279776544e-06,-1.19910700059974e-07,1.15026038683645e-05,-1.45797683900106e-06,7.66470338560945e-06,4.94185619979185e-06,-2.87798370001339e-06,-2.13109858147519e-13,7.77723678043699e-06,-2.13843653683894e-06,4.61630855365565e-07,-2.58052809832399e-06,1.96698036462733e-08,2.6828585081236e-09,4.60714230767487e-11,2.5857756907151e-09,7.07125133875261e-12,1.36350596264189e-08,-9.34059018329745e-06,-0.00010504288405401,-2.3517719776644e-10,4.51713337299389e-10,2.66770159281187e-10,-5.66012478141599e-13,0.00792841540431286,1.0008369904864,-9.02337835208486e-08,0.293645536118032,-0.0120946681198746,-0.00217521356671623,-1.73771694270397
805,1.10466190027997e-08,2.72507663237491e-06,9.77583733251439e-06,-2.48393009710978e-07,-5.8694674871535e-08,-1.22418139668055e-07,7.45987851607547e-10,2.42734427687986e-09,1.36935279391512e-06,-2.27433261774507e-18,1.3836729222505e-05,5.86154417067985e-08,-1.96224551572215e-07,-1.04999336071616e-07,4.47649328752402e-09,-1.91966996024166e-07,-3.13104977345314e-07,-1.66120847309654e-09,-1.28707371545823e-07,7.71754383080756e-06,0.000515827579311347,-6.37047993290375e-14,4.06661186624895e-05,2.7141260663317e-05,1.40124863957965e-08,3.76418587986173e-08,2.51919615236304e-12,-1.70243027203748e-17,-2.59333195853769e-06,2.05185400294647e-05,0.000113121715935053,4.18417596544498e-08,5.13634591027023e-08,1.03538464535557e-08,2.76926066854853e-07,6.86690113801922e-08,-1.26460012797486e-06,4.51987732492222e-06,1.16804478290757e-05,0.00626042891666468,-5.0657300951928e-07,3.34745560511366e-05,4.30393842104061e-07,1.92670876742457e-06,2.56131119959972e-06,6.77266288174317e-12,1.40966958086041e-05,9.47911430207397e-09,3.31450060770879e-05,-1.28345569533837e-06,-4.47781950691351e-06,-1.21531914601436e-07,1.08830488633983e-05,-1.22090125821891e-06,6.83407401969615e-06,3.80030024755992e-06,-2.31089668278688e-06,1.84726168777677e-12,6.93525431062684e-06,-1.57217319488658e-06,4.01437421889885e-07,9.25009716770753e-06,2.26819748954799e-08,3.23802789224277e-09,5.11872623384855e-11,3.03747206885828e-09,7.77014453444385e-12,1.59133166725306e-08,-8.44771619807663e-06,-8.61727562883971e-05,-1.53390911880446e-10,5.11356896917474e-10,3.04809807192655e-10,2.02277288076360e-11,0.00759213157876019,0.958378980800744,1.41558322121924e-07,0.281190595110386,-0.0106195266006574,-0.0008860259154177,-1.55262121514415
810,1.49415584496942e-08,1.3260675262818e-06,5.74690929905746e-06,-1.16918633069029e-07,-3.21354678385842e-08,-6.91304117690831e-08,5.99402367867197e-10,1.99651749216353e-09,2.66746339235859e-06,-1.31979274874581e-18,1.28591732031605e-05,6.10825381421833e-08,1.03890240969088e-07,1.16723672275348e-07,5.37741672774504e-09,-1.13577377088324e-07,1.63613023601421e-07,-1.04795651342515e-09,-6.5847420031366e-08,7.00610931017841e-06,0.000485634542021174,3.01298717754871e-14,3.78395955529989e-05,2.52503321636904e-05,2.48178235634777e-08,1.99363942202074e-08,2.9240573126811e-12,-2.22322231262208e-17,-1.20766749616769e-06,1.8841518770051e-05,0.00010661999209713,4.22890042901123e-08,4.81280964763835e-08,1.61496140158998e-08,2.79368953816502e-07,6.70490663935335e-08,-9.989480570447e-07,4.27034680817637e-06,1.10291354353992e-05,0.00585318946588585,-4.29194761755038e-07,3.12524427932423e-05,6.04528823210009e-07,1.06821235933673e-06,2.43755152436394e-06,8.06601239552794e-12,1.33867474992746e-05,1.1767805233917e-08,3.1147924905801e-05,-1.13187786780537e-06,-5.08901407377131e-06,-1.26619105630149e-07,1.01028484244165e-05,-9.88468188142266e-07,6.01369520106678e-06,2.83127662595776e-06,-1.73610099781953e-06,1.68809360890321e-12,6.08195474632601e-06,-1.04252283320534e-06,3.31703404860502e-07,2.10053149224534e-05,2.63483772957176e-08,3.96223559461189e-09,5.76704226298939e-11,3.60283153177078e-09,8.45586683706697e-12,1.87819800104153e-08,-7.90629244996383e-06,-6.92857612344162e-05,-8.44656808667545e-11,5.81557856216801e-10,3.50783364158646e-10,4.95957047530458e-12,0.00717245117473459,0.905387727842884,3.22808491642013e-07,0.265646890567092,-0.00898529312945719,0.000169384547102161,-1.35668100471171
815,1.93363664453815e-08,1.63688438806811e-07,2.28388275973553e-06,1.55798249871952e-09,-9.06871279429242e-09,-2.30822001891346e-08,4.99306308582531e-10,1.70311736762447e-09,3.99289780916452e-06,-1.01732735517442e-18,1.17272618971589e-05,6.40001398418835e-08,4.12951060413424e-07,3.47855672801465e-07,6.36545108469213e-09,-3.61994012590136e-08,5.81802541847746e-07,-6.00622945560302e-10,-1.87508213993796e-08,6.18237172929998e-06,0.000450684918536919,4.59039855513082e-14,3.45678737914015e-05,2.30650153201274e-05,3.69520289884651e-08,4.10880411856345e-10,3.38714258954897e-12,-2.8707776465993e-16,-2.19142467355466e-09,1.68988557084801e-05,9.90948789408045e-05,4.2427529304117e-08,4.40812739547718e-08,2.18690437492446e-08,2.80434883873632e-07,6.68255209601943e-08,-7.73315226877701e-07,3.98159285829781e-06,1.02740989354222e-05,0.0053816376629294,-3.56900970105626e-07,2.86799431948303e-05,7.4995177365827e-07,7.61564875553928e-08,2.29377434084815e-06,9.19772463014758e-12,1.25647865525686e-05,1.46508659846918e-08,2.88258397276732e-05,-9.84269353640983e-07,-5.79021512347041e-06,-1.34307593512744e-07,9.19490418398206e-06,-7.67573095395415e-07,5.22530275822781e-06,2.03554342691753e-06,-1.17402592636486e-06,-2.67855892249713e-12,5.23767679592894e-06,-5.60324257298971e-07,2.49961296001602e-07,3.22808868512522e-05,3.05627240565947e-08,4.86127761453692e-09,6.50336123629083e-11,4.28498549693492e-09,8.88726165387807e-12,2.21897926099461e-08,-7.59776754770297e-06,-5.46274087059589e-05,-2.58454186928405e-11,6.58274107814008e-10,4.01537330282196e-10,9.73693409245963e-12,0.00668663125217127,0.844043573943908,4.55701373956508e-07,0.247653571881177,-0.00727602261509217,0.00100102913529727,-1.15666423866149
820,2.40873397691873e-08,-7.50910672803293e-07,-5.54692440313335e-07,1.04241875698385e-07,1.00594879467848e-08,1.48353526896839e-08,4.44105239646415e-10,1.54238056456639e-09,5.29075949296604e-06,6.3072861230734e-20,1.0497535300191e-05,6.71672497272382e-08,7.18801840421902e-07,5.79423824322851e-07,7.36500639482103e-09,3.71926222785711e-08,9.3167022837293e-07,-2.74743033300143e-10,1.44018746113764e-08,5.28869438545495e-06,0.000412683445044931,3.50723382530282e-14,3.10147044020096e-05,2.06955629940725e-05,4.97008565941769e-08,-2.08539115635222e-08,3.87011603106017e-12,2.7375156361097e-17,9.97606493467363e-07,1.47886137066208e-05,9.09126819140402e-05,4.21595729622753e-08,3.89705752771339e-08,2.69548145377179e-08,2.79479708120977e-07,6.786268337689e-08,-5.88504617262236e-07,3.6675842013862e-06,9.45210467815186e-06,0.0048691800911754,-2.9202736110111e-07,2.58849735966157e-05,8.58602143244843e-07,-9.9781932811649e-07,2.13659800260602e-06,1.01491732237469e-11,1.16670301260961e-05,1.81737549776667e-08,2.62905812341649e-05,-8.45371117710157e-07,-6.53574906480359e-06,-1.43840820413041e-07,8.20426365069645e-06,-5.65639265515549e-07,4.49014845394167e-06,1.41091788878639e-06,-6.47405376770092e-07,3.76541924156636e-14,4.4246702979477e-06,-1.37480838737216e-07,1.54618214196386e-07,4.25457578335825e-05,3.51475654612516e-08,5.94238102096464e-09,7.31186720749204e-11,5.08407772170867e-09,9.04928212442982e-12,2.60833826798818e-08,-7.41061888541756e-06,-4.23980176399014e-05,2.25034976329771e-11,7.39732335052735e-10,4.5600740784877e-10,7.94287759206007e-12,0.00615819436316762,0.777317853047696,5.3888104302684e-07,0.228081843277733,-0.00558007814417955,0.00160937597802329,-0.960335459127997
825,2.89268989173327e-08,-1.40293519489982e-06,-2.70512744859018e-06,1.87909909387785e-07,2.47697420484163e-08,4.36801460037136e-08,4.32455605550079e-10,1.51054375971412e-09,6.47912250649509e-06,-2.26765289594674e-18,9.24219910445492e-06,7.03186927033683e-08,1.00616973243479e-06,7.99743549078798e-07,8.27545094877936e-09,1.03134560797863e-07,1.20105104147009e-06,-4.44621446389296e-11,3.45166571326985e-08,4.37871773920716e-06,0.000373825416947999,2.43907420163179e-14,2.7389338445726e-05,1.82827745262375e-05,6.20699208910373e-08,-4.32364747121702e-08,4.38095701361411e-12,-4.29103794556156e-17,1.76223138724754e-06,1.26356046554998e-05,8.25454208624598e-05,4.13772006458865e-08,3.26400552365238e-08,3.08101853486068e-08,2.75845435040382e-07,6.9964175481957e-08,-4.44411329891916e-07,3.34633511482844e-06,8.61061401476846e-06,0.00434577049132491,-2.36888874282421e-07,2.30311140041542e-05,9.19590100826848e-07,-2.08827988452726e-06,1.97457388911042e-06,1.07646382290187e-11,1.07418221611852e-05,2.23442128177103e-08,2.36873714651727e-05,-7.2013407853697e-07,-7.27043969803003e-06,-1.54506133076157e-07,7.18897537796482e-06,-3.90478859042667e-07,3.8290611542163e-06,9.53331360890819e-07,-1.80992677971923e-07,2.39308361181114e-12,3.66760588930812e-06,2.12915203364077e-07,4.55711865093545e-08,5.11294211719246e-05,3.98192842906501e-08,7.19831360131844e-09,8.15560106639078e-11,5.99262299949582e-09,8.89151375880105e-12,3.03274663795424e-08,-7.24666950297904e-06,-3.27508394189839e-05,6.06072479087895e-11,8.22773257866714e-10,5.11751828202029e-10,5.57144322221343e-12,0.00561750415973751,0.709045596030187,5.68600172023886e-07,0.208056282941033,-0.00398788300870486,0.00198669482548838,-0.776426190695345
830,3.34469346442115e-08,-1.77566134887386e-06,-4.102202801939e-06,2.49033081762878e-07,3.45690896557134e-08,6.25036976906213e-08,4.62144980705295e-10,1.60145001862142e-09,7.44935779237922e-06,-3.75256754517434e-17,8.04813810704306e-06,7.31575484508975e-08,1.25670242690448e-06,9.94440377707147e-07,8.9798988706984e-09,1.57750909530271e-07,1.37580840466041e-06,1.00869105075363e-10,4.19009039160813e-08,3.5165448004064e-06,0.000336769017616939,-9.59870320289585e-14,2.39435585581048e-05,1.59957372978855e-05,7.27127691688929e-08,-6.55553443828165e-08,4.79586598426803e-12,-4.55284917801086e-16,2.25967221762863e-06,1.05896299471044e-05,7.45648508338405e-05,4.00052018162482e-08,2.50856526627747e-08,3.28813699005231e-08,2.69081009539279e-07,7.28659980916034e-08,-3.40014807961255e-07,3.03970813232328e-06,7.80716886736572e-06,0.00384751157277632,-1.93586805391014e-07,2.03155416217676e-05,9.20374663677898e-07,-3.11714479454987e-06,1.81817144820765e-06,1.09025784370083e-11,9.8490794482613e-06,2.71151718039559e-08,2.11925920345792e-05,-6.13452701743748e-07,-7.93145877481262e-06,-1.65554637449127e-07,6.21907344496002e-06,-2.49892075127744e-07,3.26207029494762e-06,6.57044029291459e-07,1.99413606194816e-07,2.99310114215389e-11,2.99345684317614e-06,4.77058752472204e-07,-7.51356512079227e-08,5.72323467279759e-05,4.41965936339853e-08,8.60397260874083e-09,8.98216632389181e-11,6.99548612611169e-09,8.35910848481007e-12,3.47183464711016e-08,-7.03596813763581e-06,-2.57708402273336e-05,8.69735343284993e-11,9.03141605347168e-10,5.65576776444906e-10,9.06236225305567e-12,0.00510139728835656,0.643879038643388,5.40167590858159e-07,0.188941209897991,-0.00258914684740861,0.00212035010054631,-0.614365741383612
835,3.71035935175351e-08,-1.85334599589486e-06,-4.68622120793623e-06,2.84055544902515e-07,3.89928081559141e-08,7.04397675482979e-08,5.2859403735108e-10,1.80213105638433e-09,8.0725112683353e-06,1.41953646637076e-17,7.01356411300798e-06,7.53926758086126e-08,1.44963112609664e-06,1.14697729450657e-06,9.35928323548357e-09,1.96960297677957e-07,1.44082442806676e-06,1.60773289561513e-10,3.661491295954e-08,2.77420323565605e-06,0.000304533895212432,6.02825198271499e-14,2.09618216753131e-05,1.40249135761551e-05,7.99711501597419e-08,-8.61365540860362e-08,5.26257760591905e-12,-1.92850345329838e-16,2.458511577878e-06,8.81968582240695e-06,6.7620614626483e-05,3.80408365970867e-08,1.65018366514174e-08,3.27399987406673e-08,2.59145808730901e-07,7.6222189192428e-08,-2.73385293218219e-07,2.77260775427933e-06,7.10719088183584e-06,0.00341526993237739,-1.63798610555457e-07,1.79615563651379e-05,8.48425261443342e-07,-3.99697014639241e-06,1.67946102497578e-06,1.08373110063562e-11,9.05801606580952e-06,3.23693037336188e-08,1.90066672607562e-05,-5.29796971901803e-07,-8.45188856918206e-06,-1.76119457389472e-07,5.37360153408901e-06,-1.51060656661574e-07,2.80764645117203e-06,5.14585152892396e-07,4.68589813478799e-07,-1.01404906887496e-11,2.43068483734022e-06,6.41395964155528e-07,-2.02766585811695e-07,5.99763055375205e-05,4.78676542131907e-08,1.01143428160261e-08,9.76705669748868e-11,8.06980564982347e-09,7.70156513743073e-12,3.90121529445325e-08,-6.74421474544284e-06,-2.14561124439965e-05,9.83820746533429e-11,9.80167504671688e-10,6.16726540462023e-10,-8.88008049178006e-12,0.00465178831518313,0.587111433550647,4.49313264340423e-07,0.172289014990349,-0.00146962644890629,0.00199681133038346,-0.483778552940049
840,3.9243282117745e-08,-1.62440138297014e-06,-4.41082286547063e-06,2.89742878396346e-07,3.76501441144911e-08,6.67998994210876e-08,6.23605415886551e-10,2.08907550645719e-09,8.21087767515583e-06,-3.33217285311027e-17,6.24281802085189e-06,7.67790239857913e-08,1.56284702134271e-06,1.23958042967318e-06,9.30795496885052e-09,2.16753552289298e-07,1.38113975249271e-06,1.29022972317574e-10,1.88541460053634e-08,2.22778648263018e-06,0.000280341224952268,1.61782294785529e-13,1.87460447829482e-05,1.25716634858995e-05,8.20383856723121e-08,-1.02978508403254e-07,5.47720669445918e-12,-7.13754029754515e-16,2.33157005322201e-06,7.50504877641309e-06,6.2405825156186e-05,3.55775870230549e-08,7.30358005610404e-09,3.01326297850168e-08,2.46519334828825e-07,7.95996641295823e-08,-2.41757901964565e-07,2.57168339357298e-06,6.58051950468185e-06,0.00309251706316084,-1.48604273372331e-07,1.6206833418237e-05,6.92725682522367e-07,-4.63585555766734e-06,1.57155228165096e-06,1.01278470237017e-11,8.44351061592333e-06,3.79010488659479e-08,1.73431001622083e-05,-4.7285481342816e-07,-8.76541485321732e-06,-1.85152627832959e-07,4.7361108016501e-06,-9.99251544123903e-08,2.4818767055274e-06,5.16526361109585e-07,6.03684062537594e-07,4.00711887907332e-11,2.00801742730269e-06,6.9370322796803e-07,-3.29604790022011e-07,5.847231827758e-05,5.03884114578668e-08,1.16574901800814e-08,1.04849450811516e-10,9.18552406358203e-09,6.83019636214884e-12,4.28921705282353e-08,-6.37213887018089e-06,-1.97070467392857e-05,9.21282743100563e-11,1.05204139319077e-09,6.63306387822025e-10,-1.69890369977911e-11,0.00431345469308745,0.544397322538319,2.93296693428044e-07,0.159758122863016,-0.000708477983952559,0.00160561649668907,-0.393872849798063
845,4.08947332238576e-08,-1.3088410314423e-06,-3.81057915023462e-06,2.80443257384321e-07,3.41486907925488e-08,5.87429149246745e-08,7.20269948728518e-10,2.38112002764459e-09,8.15341371018641e-06,4.08038360771098e-20,5.64111033189247e-06,7.70959923255206e-08,1.63489055328777e-06,1.29976791944448e-06,8.88292807857915e-09,2.25970010856171e-07,1.28748006016078e-06,6.26569208999161e-11,1.15788915997548e-09,1.80643985239189e-06,0.000261328399340051,-4.74637736828189e-15,1.70221630408451e-05,1.14524455964435e-05,7.89512963168534e-08,-1.17930058903386e-07,5.66790813320503e-12,5.51923981588344e-18,2.08459678478942e-06,6.48041121383024e-06,5.83062163283472e-05,3.23331936543822e-08,-2.92821129534089e-09,2.50942609251046e-08,2.29867788226194e-07,8.21473208482669e-08,-2.2843212091136e-07,2.4129266003848e-06,6.16672672066984e-06,0.00283991371646457,-1.42691723047422e-07,1.48338772723469e-05,5.95354170651404e-07,-5.12340793434699e-06,1.48273287602054e-06,9.46214248852647e-12,7.94316474587765e-06,4.33358980360149e-08,1.60351114470285e-05,-4.34233269363039e-07,-8.94702204289991e-06,-1.9516058659323e-07,4.24032143629637e-06,-7.81768739406906e-08,2.23000129423846e-06,5.63818223945749e-07,6.5576311348608e-07,-1.87751012288746e-16,1.65763313392767e-06,6.93637583641384e-07,-4.66427148042523e-07,5.54982972886042e-05,5.15587496220539e-08,1.31264198049209e-08,1.11766958202049e-10,1.03218091725132e-08,6.07989967539404e-12,4.61060355112625e-08,-5.75568597861836e-06,-1.94585465624192e-05,7.64956035346634e-11,1.12693394124104e-09,7.10363393740457e-10,-1.3372044861213e-11,0.00404686992977358,0.510744296593241,1.90619717835007e-07,0.149884587216378,-0.00016307280237067,0.00120573820955326,-0.329630130216809
850,4.33597960833431e-08,-1.10035852333995e-06,-3.39560802071624e-06,2.72636261895047e-07,3.19750262022791e-08,5.31701846402146e-08,7.99798904936848e-10,2.62084835393591e-09,8.23492880861284e-06,5.79107080653918e-20,5.04511575109545e-06,7.65325667986545e-08,1.7161540848152e-06,1.3649975645976e-06,8.31330118974447e-09,2.35460737136422e-07,1.24453084975908e-06,3.91692835194688e-12,-7.89144565878891e-09,1.38971684191147e-06,0.000242500481482801,-8.03489814110046e-15,1.53170165645593e-05,1.03499650050029e-05,7.33510493567395e-08,-1.33899811607568e-07,5.70072081074707e-12,4.44253560661131e-18,1.91715207066794e-06,5.46332635825682e-06,5.42474758711303e-05,2.83625806913974e-08,-1.45253197853644e-08,1.87543140675369e-08,2.0962928163226e-07,8.359505365525e-08,-2.17086598096207e-07,2.25495050500517e-06,5.75839048953153e-06,0.0025895451728141,-1.39286733286903e-07,1.34705617115626e-05,5.87623063778224e-07,-5.60745845396613e-06,1.39302209961319e-06,9.0837228975049e-12,7.44172748288059e-06,4.85690729175045e-08,1.47652923580473e-05,-4.02039038325426e-07,-9.11264408058813e-06,-2.08115962794631e-07,3.7613841411142e-06,-6.25361497624801e-08,1.99246033719647e-06,5.81686651229076e-07,6.93586823752531e-07,-4.85993569498814e-15,1.30217812661153e-06,7.05800561857633e-07,-6.25196914485264e-07,5.38493995136818e-05,5.18067399181578e-08,1.45049430079299e-08,1.19180610464985e-10,1.14826219640509e-08,5.69088471840219e-12,4.87928490346852e-08,-4.9808871184054e-06,-1.94399830792322e-05,6.27171953951128e-11,1.21508438628295e-09,7.64620229995755e-10,-1.49661062733048e-11,0.00378282967295309,0.477412344720558,1.67280915910172e-07,0.140105285245867,0.000356323509176557,0.00098458752968051,-0.270223433597745
855,4.63823526165832e-08,-9.64063425939665e-07,-3.1119634543749e-06,2.66372805595759e-07,3.074200985524e-08,4.93834774780256e-08,8.63632010168276e-10,2.81294246695434e-09,8.39802906074315e-06,-1.15291932016843e-17,4.4572141698763e-06,7.53569097970773e-08,1.80305112380846e-06,1.43286218057756e-06,7.70773705457112e-09,2.44726615039898e-07,1.23473904655759e-06,-4.44503201553094e-11,-1.20490952342334e-08,9.7962416073397e-07,0.000223916538391646,-1.14928750887931e-14,1.36367437921296e-05,9.26699801079453e-06,6.63805949003044e-08,-1.50320136875274e-07,5.66166826395434e-12,-4.13668880720482e-19,1.80485171223518e-06,4.45886758344309e-06,5.02411983834156e-05,2.40868243565448e-08,-2.69472380678356e-08,1.20625888453238e-08,1.88001820062986e-07,8.42023361699257e-08,-2.05483086659335e-07,2.09852844432666e-06,5.35604742788623e-06,0.00234240602347664,-1.37412795801134e-07,1.21237854390418e-05,5.98899950007723e-07,-6.08333308983838e-06,1.30313110803802e-06,8.88013614010331e-12,6.93881671880908e-06,5.37699293963601e-08,1.35280773767199e-05,-3.74614771228935e-07,-9.26020468773007e-06,-2.22668429284805e-07,3.29719757794814e-06,-5.11187910771425e-08,1.77187150535074e-06,5.84392074387967e-07,7.21232241360773e-07,5.41636910318975e-12,9.51102646594368e-07,7.26752277267516e-07,-7.99575155055058e-07,5.2994436926351e-05,5.13966851873019e-08,1.58467742826352e-08,1.27116989755003e-10,1.26896605339094e-08,5.48661408645864e-12,5.11490675680155e-08,-4.24949846885668e-06,-1.94111346724885e-05,5.10995532094214e-11,1.31443227568885e-09,8.25035617039112e-10,-1.62277831196138e-11,0.00352212236377021,0.44450106159644,1.6493077619731e-07,0.130449422539834,0.000847541043812394,0.000865534538748612,-0.215441347242699
860,4.97436342770491e-08,-8.75893280595366e-07,-2.91994359792892e-06,2.6143425486246e-07,3.01634020461811e-08,4.68688286552383e-08,9.13631598733276e-10,2.96323914203067e-09,8.59331546525949e-06,8.19764918046798e-19,3.87992398250346e-06,7.37119229976359e-08,1.89249506020973e-06,1.50129333284321e-06,7.11874858601787e-09,2.5341923175805e-07,1.24590102967812e-06,-8.24124869828127e-11,-1.35670665368459e-08,5.78270393416233e-07,0.000205641478000748,-1.33974709614949e-14,1.19884545818006e-05,8.20766195406092e-06,5.86270903243508e-08,-1.66573391126601e-07,5.56453604544245e-12,-1.40653829420381e-17,1.72977209961787e-06,3.47248449800759e-06,4.63007641187342e-05,1.97172359658095e-08,-3.97967246463308e-08,5.4901380638921e-09,1.66074058735549e-07,8.41290514430775e-08,-1.91948322593783e-07,1.94433644864195e-06,4.9606692823923e-06,0.00209954511445523,-1.36618550465599e-07,1.0799883048989e-05,6.10372565863872e-07,-6.54611809671829e-06,1.21352296127342e-06,8.77397833192199e-12,6.43620560359524e-06,5.90649424659256e-08,1.23223476079082e-05,-3.50898242219067e-07,-9.38711562356217e-06,-2.3802448464112e-07,2.84743347485056e-06,-4.28397766952494e-08,1.56785879179902e-06,5.77611472544718e-07,7.40637480819734e-07,2.4503048089918e-13,6.10339707460363e-07,7.52992326221292e-07,-9.84734117556249e-07,5.26195842876975e-05,5.04548480094858e-08,1.71902674793039e-08,1.35545370368895e-10,1.39591716509381e-08,5.37945298572174e-12,5.32941397617503e-08,-3.62118313334947e-06,-1.93009749113412e-05,4.1555760116101e-11,1.42310316654485e-09,8.90856799883513e-10,-1.45064389654662e-11,0.00326559845355193,0.412117860200819,1.67485994469545e-07,0.120948499345073,0.00130852292317805,0.000803840026077597,-0.165098885492808
865,5.32494234829827e-08,-8.19253951062065e-07,-2.79031792312031e-06,2.57495558932393e-07,3.00263662240878e-08,4.52476351753885e-08,9.51643466731483e-10,3.07706225842411e-09,8.77733593847094e-06,9.23759410727444e-19,3.31587045296263e-06,7.16953717621577e-08,1.98140780215336e-06,1.56827403745528e-06,6.56421558885313e-09,2.61244824459777e-07,1.26944614811177e-06,-1.11286286782696e-10,-1.37846203412002e-08,1.87832296854044e-07,0.000187744471022895,-2.01793016206929e-14,1.03798336316183e-05,7.17680981875035e-06,5.03553607740548e-08,-1.82013733256348e-07,5.41046344504981e-12,-9.04520867913342e-17,1.67870202779513e-06,2.50984484798484e-06,4.24407690828213e-05,1.53554696259624e-08,-5.27618849069867e-08,-7.5349101222864e-10,1.44315378945761e-07,8.34716955213965e-08,-1.75282903346952e-07,1.79300437106138e-06,4.57350770827369e-06,0.00186205327843164,-1.36653513326023e-07,9.50493558279221e-06,6.16559235008244e-07,-6.99085265160801e-06,1.12463251629676e-06,8.70486958753564e-12,5.9369295771695e-06,6.45932175892275e-08,1.11496704621565e-05,-3.30179722354486e-07,-9.49070128742339e-06,-2.53711420112308e-07,2.41280669497397e-06,-3.706850483811e-08,1.37862560499211e-06,5.62792154516656e-07,7.52525546388715e-07,5.17870495926956e-13,2.83795874318539e-07,7.8124480231315e-07,-1.17670951719925e-06,5.25103974132412e-05,4.90048660034858e-08,1.85743357253629e-08,1.44396460324925e-10,1.53092151098739e-08,5.30066032879731e-12,5.53132059098827e-08,-3.10476147702962e-06,-1.90954079370102e-05,3.3840201756017e-11,1.53921794466539e-09,9.61279623961064e-10,-1.07967109077384e-11,0.00301415860129768,0.380376484889642,1.70479155338688e-07,0.111635874308077,0.00173733485517888,0.00077337561880206,-0.119033407494204
870,5.67199698966507e-08,-7.82616678728115e-07,-2.70140988317489e-06,2.54201389259082e-07,3.01704581879391e-08,4.42387969230762e-08,9.7924371884128e-10,3.15882231888336e-09,8.91095102538429e-06,-5.88225391987217e-17,2.76775682211287e-06,6.93740698916414e-08,2.06667349586965e-06,1.63172141805099e-06,6.04342017289792e-09,2.67922889566481e-07,1.29921991567857e-06,-1.33103168416779e-10,-1.34998140927053e-08,-1.89472985157041e-07,0.000170297673505724,1.76545044763557e-14,8.81886364870968e-06,6.17963086391016e-06,4.17557639855553e-08,-1.95980326224305e-07,5.19552205799755e-12,7.368549174811e-17,1.64180047450935e-06,1.57671936043658e-06,3.86766013104315e-05,1.10464564799923e-08,-6.55798669697395e-08,-6.58592970444533e-09,1.22887382268761e-07,8.22856894361608e-08,-1.54663721501679e-07,1.64514499053721e-06,4.1959862815328e-06,0.0016310523045939,-1.37392448111604e-07,8.24494369383732e-06,6.15435414344095e-07,-7.41265640074434e-06,1.03686128510785e-06,8.69718696059e-12,5.44470241183418e-06,7.04768018637596e-08,1.00131653374444e-05,-3.11946199168537e-07,-9.56845011900412e-06,-2.69422366477456e-07,1.99462227522717e-06,-3.34111253261638e-08,1.20182605830063e-06,5.39535150379483e-07,7.56992397066681e-07,-8.0913332787558e-11,-2.57214312621791e-08,8.08571326053984e-07,-1.37199499357017e-06,5.25126688973622e-05,4.70596143153032e-08,2.0033339656448e-08,1.53674670018322e-10,1.67569552460247e-08,5.2627569031869e-12,5.72874441290465e-08,-2.68417973550888e-06,-1.88045453687739e-05,2.75158810608495e-11,1.66188085700873e-09,1.03636599020322e-09,-2.06189098850998e-11,0.00276874246471442,0.349395598355641,1.72650561658861e-07,0.102546349893336,0.00213217159359967,0.000758717109914262,-0.0771004106340256
875,5.99868612408476e-08,-7.58115111965104e-07,-2.63735652999714e-06,2.51204628312073e-07,3.04754249372791e-08,4.3636172185184e-08,9.97557799008213e-10,3.21178029769651e-09,8.95887105756085e-06,5.53737590590057e-21,2.23832799247052e-06,6.67900992095217e-08,2.14519066090279e-06,1.68944909478672e-06,5.5519589778776e-09,2.73166574970474e-07,1.33080264660145e-06,-1.49941262563791e-10,-1.31707606884842e-08,-5.51420849773872e-07,0.000153374811599111,-1.55146082416504e-14,7.31355579883289e-06,5.22128925219971e-06,3.30052676150693e-08,-2.07811873382512e-07,4.93777935882577e-12,3.36378486595836e-19,1.61180561941093e-06,6.78860693646168e-07,3.50240050621904e-05,6.82302702334773e-09,-7.80061457525329e-08,-1.19465154205766e-08,1.01912143379092e-07,8.06053804386505e-08,-1.29578889938871e-07,1.50137441756001e-06,3.8295966640657e-06,0.00140768072122905,-1.3878370696195e-07,7.02594366958341e-06,6.05970484111798e-07,-7.80685004710677e-06,9.50554292731853e-07,8.62871556887079e-12,4.9633902509719e-06,7.6663503575718e-08,8.91653601242896e-06,-2.95758814831705e-07,-9.61820306541778e-06,-2.84876301954396e-07,1.59441757938046e-06,-3.15427763371138e-08,1.0352152408649e-06,5.07142187985586e-07,7.54002308342151e-07,5.36468902311448e-15,-3.15802309508742e-07,8.32484404472215e-07,-1.56722111215305e-06,5.25132772029557e-05,4.46691684309557e-08,2.15541720961494e-08,1.63050691441311e-10,1.82937736439631e-08,5.18743008466732e-12,5.92026639546372e-08,-2.33412536958668e-06,-1.84450798283178e-05,2.20086623201384e-11,1.78942516790505e-09,1.11361398008936e-09,-1.40496773159767e-11,0.00253031502831753,0.319297057337664,1.73666880667881e-07,0.0937156665201849,0.0024913736294879,0.000751003406491472,-0.0391706960302021
880,6.28884557326017e-08,-7.40302321064187e-07,-2.58641225768121e-06,2.48187818788078e-07,3.08492697613365e-08,4.32866574835416e-08,1.00727874111968e-09,3.23820151146699e-09,8.8889643269104e-06,-1.27900285439579e-19,1.73034154752709e-06,6.39760390219493e-08,2.2138297256898e-06,1.73914228065399e-06,5.09066554250046e-09,2.76673311356857e-07,1.36090682297452e-06,-1.63228062492039e-10,-1.30656652530964e-08,-8.95804094715184e-07,0.000137050106600839,-1.5588612322438e-14,5.87176724422685e-06,4.30669484045285e-06,2.4287257137881e-08,-2.16859319423471e-07,4.63182027279177e-12,-1.71972714565079e-17,1.58326727491141e-06,-1.78081044109411e-07,3.14987670817204e-05,2.73670219341753e-09,-8.9795709813621e-08,-1.67369917412362e-08,8.16368624373018e-08,7.84607833482378e-08,-9.97813181230875e-08,1.36232343469687e-06,3.4758233833099e-06,0.00119308221202456,-1.40778497949242e-07,5.85406804586903e-06,5.8736217100677e-07,-8.16903085972523e-06,8.66027402690629e-07,8.59433662659814e-12,4.49667156023673e-06,8.2960759032161e-08,7.86339691624162e-06,-2.81175642742766e-07,-9.63824784079103e-06,-2.9972744506138e-07,1.21371867919366e-06,-3.11083703942318e-08,8.77000202802139e-07,4.65349100970286e-07,7.43661609308572e-07,1.41116832691692e-14,-5.83995190164413e-07,8.50938739331243e-07,-1.75895169166572e-06,5.24212601582208e-05,4.18763520284029e-08,2.30893862921055e-08,1.72402329850922e-10,1.98823883496479e-08,5.17475137018714e-12,6.10077538415529e-08,-2.03404783931854e-06,-1.8026654236491e-05,1.71060446133134e-11,1.91946845349971e-09,1.19251709320702e-09,-1.2749960135625e-11,0.00229985540642022,0.290204500222314,1.7340120387772e-07,0.0851800881773375,0.00281342918119793,0.000744970814958766,-0.00512747579661882
885,6.52673931953733e-08,-7.25413953628447e-07,-2.53986881833064e-06,2.44862521158623e-07,3.12199819419717e-08,4.30757421823154e-08,1.00891083343725e-09,3.23973757002066e-09,8.67219973652782e-06,7.4206869231038e-17,1.2465380363355e-06,6.09690674918902e-08,2.26934964905558e-06,1.77839758609533e-06,4.6601678089154e-09,2.78136965072135e-07,1.38701634450763e-06,-1.73680223992193e-10,-1.33398705069354e-08,-1.2204537323804e-06,0.000121397549690983,-1.45158527019104e-14,4.50117841538993e-06,3.44056625909168e-06,1.57565453762495e-08,-2.22490312147982e-07,4.28440717833534e-12,2.63496098723671e-17,1.55207025927459e-06,-9.88593963858135e-07,2.81166132642599e-05,-1.15575718525386e-09,-1.00718148308258e-07,-2.08634830259042e-08,6.23278490959512e-08,7.58769953707962e-08,-6.5254635705265e-08,1.2286210957759e-06,3.13615003733919e-06,0.000988392963030565,-1.43301054154029e-07,4.73541336507198e-06,5.58922328116555e-07,-8.49508432734496e-06,7.83630713650643e-07,8.55987006581332e-12,4.04818707165734e-06,8.9159105859958e-08,6.8574740663356e-06,-2.67790485527201e-07,-9.62726476019579e-06,-3.13621858665139e-07,8.54098240067728e-07,-3.17788434481901e-08,7.25610623574645e-07,4.13862856851139e-07,7.26081070619948e-07,8.98440032922725e-12,-8.28034186117398e-07,8.62177317755741e-07,-1.94381605516969e-06,5.21546627826659e-05,3.87132364293046e-08,2.45861010584511e-08,1.81480470516741e-10,2.14784971529363e-08,5.20254990050664e-12,6.26244759805237e-08,-1.77308844626436e-06,-1.75491146139577e-05,1.25775757496717e-11,2.04942491890008e-09,1.27121227615804e-09,-1.13233693128897e-11,0.00207834483134882,0.262241829982668,1.71800567559923e-07,0.0769759573410328,0.00309698547049165,0.000737499728754401,0.0251368084230121
890,6.69699235587089e-08,-7.10855349941311e-07,-2.49126740850231e-06,2.40969691496685e-07,3.15299711915407e-08,4.29172255910461e-08,1.00287192647328e-09,3.21772619775686e-09,8.28283070221769e-06,1.92191116644596e-17,7.89613665487909e-07,5.78039861780316e-08,2.30846858043857e-06,1.80476719528217e-06,4.25896624426193e-09,2.7725647126367e-07,1.40715122251561e-06,-1.81714044407543e-10,-1.40818388536114e-08,-1.52325900346685e-06,0.000106490177964154,-1.05733773512195e-14,3.20924179891736e-06,2.62743441713249e-06,7.59709002491051e-09,-2.24093690369428e-07,3.8976545685047e-12,7.51144819289642e-17,1.51508820145731e-06,-1.74734710303566e-06,2.489307511204e-05,-4.80173152311354e-09,-1.10564234588321e-07,-2.42510557979324e-08,4.42278526921548e-08,7.28738951931923e-08,-2.61412680123234e-08,1.10088513498601e-06,2.81205251786647e-06,0.000794730487886134,-1.46279369914639e-07,3.67595579102584e-06,5.20048786237195e-07,-8.78120609741257e-06,7.03720331345831e-07,8.5146619406701e-12,3.62158229172352e-06,9.50293806196182e-08,5.90263968333313e-06,-2.55244936255058e-07,-9.58429734726533e-06,-3.26221748894311e-07,5.17175452597814e-07,-3.32686783568463e-08,5.79609871965952e-07,3.52264483538423e-07,7.01345019015327e-07,-8.26843409963401e-12,-1.04590879252714e-06,8.64651544315117e-07,-2.11856849468558e-06,5.1642227979324e-05,3.52320373130837e-08,2.59877397372016e-08,1.89961933515669e-10,2.30292181987952e-08,5.26974717138899e-12,6.39801220924889e-08,-1.54424994514359e-06,-1.70095576611353e-05,8.37578252933109e-12,2.1750809451446e-09,1.34732860061162e-09,-1.45550662125833e-11,0.0018667559625351,0.235531864283925,1.68831212410054e-07,0.0691392989326495,0.00334084855470604,0.000726731894176757,0.0517220671815148
895,6.78494640985384e-08,-6.94887729185572e-07,-2.43591212665899e-06,2.36281117639174e-07,3.17328871891232e-08,4.27468494188971e-08,9.89561701988704e-10,3.17339788215272e-09,7.69924479354908e-06,9.98490447342623e-19,3.62184835011681e-07,5.45120152178887e-08,2.32794819610491e-06,1.8158283935118e-06,3.88289215472784e-09,2.73745520767753e-07,1.41974955690365e-06,-1.87543861564776e-10,-1.5337399597832e-08,-1.80219420960883e-06,9.23991130413362e-05,-1.53274711030393e-14,2.00309671496527e-06,1.87161114185503e-06,-9.6543391601497e-12,-2.210864411009e-07,3.48566182699588e-12,1.20709087200676e-16,1.46998161952531e-06,-2.44925258535461e-06,2.18432948657176e-05,-8.15668309580542e-09,-1.1914956997266e-07,-2.68494168049777e-08,2.75358147833035e-08,6.94672317983453e-08,1.73328066784915e-08,9.79712656641701e-07,2.50498220497078e-06,0.000613179134949499,-1.49652113185623e-07,2.68146341959544e-06,4.70279571927329e-07,-9.02393796760197e-06,6.26650628242991e-07,8.43563178279487e-12,3.22050287329237e-06,1.00293202268035e-07,5.00287851617628e-06,-2.4323355130198e-07,-9.5087302067421e-06,-3.37218619744831e-07,2.04594956863261e-07,-3.53425682072947e-08,4.37670905197283e-07,2.80030602728656e-07,6.69520956384946e-07,-1.88747937714266e-14,-1.23590311640234e-06,8.56997254135498e-07,-2.28013431524364e-06,5.0823005647417e-05,3.15225280998568e-08,2.72247776008733e-08,1.97360317912717e-10,2.44700407444365e-08,5.34858260944463e-12,6.49749334850128e-08,-1.3427435984116e-06,-1.64044871490128e-05,4.40350736969194e-12,2.29104507012806e-09,1.41715745923822e-09,-1.14746540208548e-11,0.00166603951413258,0.210194647151817,1.64467380970129e-07,0.0617053250044143,0.0035439952818041,0.00071159480701711,0.0747220903152256
900,6.77656125013799e-08,-6.76293706334094e-07,-2.37027684909508e-06,2.3059877717904e-07,3.17895657270485e-08,4.25146541880289e-08,9.69414467998586e-10,3.10812712306567e-09,6.90410343908459e-06,-6.62423262832123e-17,-3.32318657330492e-08,5.11190894413977e-08,2.32462872870279e-06,1.80920771027159e-06,3.52561617468238e-09,2.67334825400461e-07,1.42350409904367e-06,-1.91314218090268e-10,-1.71292229621355e-08,-2.05533352017718e-06,7.91930080924905e-05,-2.27062022861679e-14,8.89519119006253e-07,1.17716823503958e-06,-6.85763553047121e-09,-2.12917072604161e-07,3.05961315134042e-12,1.70726287423481e-16,1.41493939973511e-06,-3.08949905348208e-06,1.89819079412453e-05,-1.11848289510977e-08,-1.26313791799021e-07,-2.86292024300181e-08,1.24079838305758e-08,6.56710291963845e-08,6.49412394050085e-08,8.65676894663543e-07,2.21635241828789e-06,0.000444782153450989,-1.53374072200378e-07,1.75745987428761e-06,4.09181690867502e-07,-9.22018148145564e-06,5.52759249722516e-07,8.32069715178693e-12,2.84857494931717e-06,1.04629760850877e-07,4.1621970984565e-06,-2.31495132983553e-07,-9.40025813397432e-06,-3.46333820678708e-07,-8.20153641443344e-08,-3.78055383057252e-08,2.98583312001837e-07,1.96627889382332e-07,6.30681693604999e-07,8.07909396719402e-12,-1.39654807154448e-06,8.37990174616376e-07,-2.42560984514568e-06,4.96448019833106e-05,2.76920710802047e-08,2.82181981201769e-08,2.03424404854976e-10,2.57232354545035e-08,5.45240349639777e-12,6.55064274012268e-08,-1.16394261801172e-06,-1.57317681871503e-05,6.39211130506803e-13,2.39344508970541e-09,1.47856508589662e-09,-1.27235965203763e-11,0.00147711671228825,0.186346496886589,1.58673842843708e-07,0.054708155379652,0.0037055639961845,0.00069139952773008,0.0942263363891255
905,6.71815121670565e-08,-6.59862921409193e-07,-2.3085408729539e-06,2.24326261921909e-07,3.19121258231441e-08,4.24645033640702e-08,9.42285318966831e-10,3.02144811273299e-09,6.08504954960271e-06,1.33874327666021e-19,-4.02224243597876e-07,4.74454221979984e-08,2.3072896725643e-06,1.79039605158396e-06,3.19536135077429e-09,2.5874778015895e-07,1.42923496863855e-06,-1.93861284101776e-10,-1.92670710164343e-08,-2.2874075528483e-06,6.67090935718048e-05,-1.13038466235704e-14,-1.50588245744987e-07,5.32677491313675e-07,-1.27509791078958e-08,-1.99304512555649e-07,2.64238037825179e-12,-1.64124275084779e-18,1.3551248151612e-06,-3.68179538553698e-06,1.62742459103711e-05,-1.39264352506833e-08,-1.32462783845058e-07,-2.98282699730511e-08,-1.22729458442919e-09,6.14994412152101e-08,1.10160240162631e-07,7.57418246512984e-07,1.94272675407582e-06,0.000287123739749937,-1.57642525191395e-07,8.91220754516881e-07,3.6338185278567e-07,-9.3806478059872e-06,4.81077291477519e-07,8.18776828290034e-12,2.49859845488621e-06,1.08213303756515e-07,3.37170811209925e-06,-2.20325600414771e-07,-9.26618724696278e-06,-3.5422421994291e-07,-3.45841042890555e-07,-4.12659618192221e-08,1.55974839243314e-07,9.80619817775422e-08,5.86935778063163e-07,1.79020184529359e-15,-1.54113213248507e-06,8.14843150077553e-07,-2.56202838320631e-06,4.82849104398443e-05,2.39599948902527e-08,2.90232675533291e-08,2.08332490465744e-10,2.68319043151387e-08,5.56112991419798e-12,6.57747096339639e-08,-1.0130053198752e-06,-1.50500937246139e-05,-2.55638077061385e-12,2.48572285245914e-09,1.53308531205097e-09,-8.77758434507212e-12,0.00129789610467978,0.1637232991928,1.55050340070668e-07,0.0480703288414111,0.00383783969095254,0.000673656847073319,0.11103841415171
910,6.65838077793012e-08,-6.48853936318587e-07,-2.26135251169378e-06,2.1791275023731e-07,3.22388865003749e-08,4.2725087249269e-08,9.08207384487667e-10,2.91345382782292e-09,5.41049517314908e-06,2.85157333198213e-18,-7.51514600038146e-07,4.33565154559898e-08,2.28640235590654e-06,1.76664670867824e-06,2.89945549993524e-09,2.49060716182323e-07,1.44398927278048e-06,-1.94850066120167e-10,-2.13788741547339e-08,-2.50403006539283e-06,5.4760285996264e-05,-9.45916455122418e-15,-1.1383245452059e-06,-7.52031455361774e-08,-1.78171414443768e-08,-1.80875314969432e-07,2.24763380881865e-12,-3.21515001499795e-17,1.29658512089901e-06,-4.24122496378162e-06,1.3680499228907e-05,-1.64478834631942e-08,-1.38067899464307e-07,-3.07239785707291e-08,-1.35973106328296e-08,5.69999481517887e-08,1.47605182183735e-07,6.53389662403404e-07,1.68018187598613e-06,0.000137359904875838,-1.62481273548763e-07,6.77272899340767e-08,3.36331640983007e-07,-9.51730003345726e-06,4.1064650093565e-07,8.058502391701e-12,2.16180786294714e-06,1.11601912428224e-07,2.62088383040559e-06,-2.10062636866559e-07,-9.1147000135669e-06,-3.61596761343818e-07,-5.91075919323528e-07,-4.60527694113443e-08,6.67578823560168e-09,-1.3920571327597e-08,5.40693310221693e-07,1.58751227011453e-14,-1.68202292701192e-06,7.94345699705445e-07,-2.69711860720424e-06,4.69452680110776e-05,2.0447020713276e-08,2.97891233394394e-08,2.12935998347336e-10,2.79129961259745e-08,5.67558027573913e-12,6.61035977700392e-08,-8.88092910179793e-07,-1.44139222185345e-05,-5.3947037063042e-12,2.5785431302569e-09,1.58679294470176e-09,-7.13323068193874e-12,0.00112595311338719,0.142018880446024,1.53744198109802e-07,0.041702045870775,0.00395318080721299,0.000662377739741203,0.125950399851795
915,6.58947563241361e-08,-6.40819071083127e-07,-2.22225098642536e-06,2.11272712984141e-07,3.26517908695389e-08,4.31234843556946e-08,8.67905354577188e-10,2.7864327339294e-09,4.8457921453858e-06,-2.43975054371793e-17,-1.08041225834874e-06,3.89480425711499e-08,2.26147709095188e-06,1.73825921417232e-06,2.63261790707526e-09,2.38520513122477e-07,1.46249080386196e-06,-1.94386030446006e-10,-2.32790619618002e-08,-2.70471728081923e-06,4.33754181806901e-05,-1.29785484392089e-14,-2.07042578751186e-06,-6.45563588549778e-07,-2.21139014362016e-08,-1.5847214189716e-07,1.87702676365629e-12,1.69240890927848e-16,1.23925976601221e-06,-4.76540012805459e-06,1.12068646575702e-05,-1.8748483827861e-08,-1.43082207543567e-07,-3.13377375536076e-08,-2.47553548066285e-08,5.22399163615038e-08,1.78498648571544e-07,5.53859223903809e-07,1.42932749659469e-06,-4.15956718677844e-06,-1.6759868994762e-07,-7.1118908648173e-07,3.14095441173098e-07,-9.6293115599811e-06,3.41822412366342e-07,7.95455639160146e-12,1.83932433626925e-06,1.14637270282447e-07,1.9110110622446e-06,-2.00529298591814e-07,-8.9470138278056e-06,-3.68245791768082e-07,-8.17700429274544e-07,-5.16064932416489e-08,-1.45717661334409e-07,-1.32359674589646e-07,4.92633896737966e-07,-1.06610575079987e-13,-1.81662462771688e-06,7.75048712962226e-07,-2.82913371716155e-06,4.56159009786295e-05,1.71467917212017e-08,3.04737639780168e-08,2.17215072598636e-10,2.8930486479802e-08,5.81362971018416e-12,6.64099879926827e-08,-7.8188101378873e-07,-1.38106842791298e-05,-7.91239577477581e-12,2.67116494248983e-09,1.63953511458128e-09,-1.2385747789841e-11,0.000961669683029848,0.121281468706555,1.52575253414922e-07,0.0356174524727042,0.00405102929268906,0.00065367472117533,0.139028832640123
920,6.50567499847347e-08,-6.34082797489744e-07,-2.1865131034165e-06,2.04344542321478e-07,3.30617077074427e-08,4.35305954271577e-08,8.22144347562515e-10,2.64278335167342e-09,4.36449267947101e-06,-1.75659844364895e-16,-1.38827402325727e-06,3.43166976655364e-08,2.2320734343556e-06,1.7054980107672e-06,2.3911349439731e-09,2.27342664415898e-07,1.48098949148777e-06,-1.92452070190916e-10,-2.48567516025066e-08,-2.88902665462194e-06,3.25818621746821e-05,-1.4185213443516e-14,-2.94386463592994e-06,-1.1775632886564e-06,-2.56740803487364e-08,-1.32943169130994e-07,1.51908523696934e-12,-1.05838309502343e-16,1.18316797847838e-06,-5.25209706238856e-06,8.85921907243756e-06,-2.08245521342632e-08,-1.47462981284149e-07,-3.16831960391409e-08,-3.47379840608273e-08,4.72879783563933e-08,2.0375325493709e-07,4.59084553761037e-07,1.19074045754118e-06,-0.000137104929890037,-1.72731344019544e-07,-1.44378912980894e-06,2.93468430111466e-07,-9.71599046800942e-06,2.7496340531869e-07,7.79620222879884e-12,1.53220096519622e-06,1.17201311227946e-07,1.24322861466578e-06,-1.91559503542978e-07,-8.76431311247072e-06,-3.73964342375468e-07,-1.02573260422943e-06,-5.74317741439685e-08,-2.97868123945413e-07,-2.51848711861608e-07,4.4339861698774e-07,-5.58216217765624e-12,-1.94255521015902e-06,7.55801386063913e-07,-2.95636393487654e-06,4.42883735269244e-05,1.40589299162035e-08,3.10454412041388e-08,2.20776849108124e-10,2.9852096059844e-08,5.92474752706449e-12,6.66196876323997e-08,-6.90680341734008e-07,-1.32275153542421e-05,-9.89886850981336e-12,2.75875756930697e-09,1.68805698320209e-09,-2.18650384631085e-12,0.000805410382950964,0.101557097390116,1.50980162375761e-07,0.0298300511543098,0.00413090829067126,0.000645308149194782,0.150335723913575
925,6.40268066586345e-08,-6.27494262492885e-07,-2.150675643972e-06,1.97084861665375e-07,3.34001532760621e-08,4.38488937571284e-08,7.71767098710357e-10,2.48501908557483e-09,3.94640065178847e-06,-8.69461120845939e-17,-1.67451077952813e-06,2.9558892221583e-08,2.19780146936956e-06,1.66861462622993e-06,2.17124549713909e-09,2.1571967175613e-07,1.49674917824651e-06,-1.89006816169451e-10,-2.60457178868267e-08,-3.05656097584527e-06,2.24053535274494e-05,-2.73975386289232e-14,-3.75585232490253e-06,-1.6704171546948e-06,-2.85553548459857e-08,-1.05139048583158e-07,1.18657630854875e-12,-1.34698133332071e-16,1.12838663786149e-06,-5.6992623616107e-06,6.64309492669769e-06,-2.26739857434149e-08,-1.51175108244547e-07,-3.17763488281484e-08,-4.35909071652464e-08,4.22123240215502e-08,2.24070449588209e-07,3.69308515862415e-07,9.64967054528919e-07,-0.000261169341563209,-1.77646084620322e-07,-2.1284583157208e-06,2.73641736867183e-07,-9.77677648513745e-06,2.1042775592304e-07,7.66111137573793e-12,1.2414628551152e-06,1.19306544515803e-07,6.18586543174562e-07,-1.83007041957758e-07,-8.5677382990303e-06,-3.78559117154546e-07,-1.21521258185203e-06,-6.31026860651469e-08,-4.46742804085377e-07,-3.68247786336889e-07,3.935281684363e-07,-1.41521969577281e-11,-2.05768646334087e-06,7.3567197549819e-07,-3.07717284417585e-06,4.29561484229843e-05,1.11725312932635e-08,3.1507988029987e-08,2.23794239327685e-10,3.06650461437816e-08,6.04417478653902e-12,6.67365736623837e-08,-6.12121888816882e-07,-1.26532289936157e-05,-1.15724693355169e-11,2.84201968486657e-09,1.73348117023587e-09,3.05792876978609e-13,0.000657519373383376,0.0828892221512834,1.48788734448028e-07,0.0243525885096818,0.00419241746725321,0.000635972511902742,0.159929121571228
930,6.2772635243536e-08,-6.20250852420327e-07,-2.11217026846017e-06,1.89464742264501e-07,3.36131095570784e-08,4.40031092757227e-08,7.17689719684504e-10,2.31583023136343e-09,3.57600752453583e-06,-9.3892966463805e-17,-1.93859300943085e-06,2.47678966207421e-08,2.15833702778951e-06,1.62786181794532e-06,1.9691314217805e-09,2.03826424595519e-07,1.50769127064625e-06,-1.84040828447055e-10,-2.6805984209059e-08,-3.20697211165029e-06,1.28698213640997e-05,-7.72973155609062e-15,-4.50384971027045e-06,-2.12340456177171e-06,-3.07984305460397e-08,-7.59106584134931e-08,8.86566988392469e-13,-2.15139504027071e-17,1.07503463793138e-06,-6.10502089200471e-06,4.56364517747511e-06,-2.42973537248559e-08,-1.54191398722008e-07,-3.16362897585832e-08,-5.13714759388909e-08,3.70801871850144e-08,2.40011855453083e-07,2.8475748312835e-07,7.52520016468958e-07,-0.000376071186339605,-1.82142537089725e-07,-2.76372096364848e-06,2.54415896139181e-07,-9.81124145927766e-06,1.48562501016869e-07,7.57012150681577e-12,9.68105488431761e-07,1.20942590570857e-07,3.80397152436683e-08,-1.74744032347079e-07,-8.35838533293117e-06,-3.81852266144596e-07,-1.38620912021444e-06,-6.82536940552569e-08,-5.89586476802677e-07,-4.78315833749761e-07,3.43505623687288e-07,-6.39835499850877e-12,-2.16012794836192e-06,7.13897580864025e-07,-3.19000472972196e-06,4.16151839393736e-05,8.48439246133133e-09,3.1858230679641e-08,2.26039060209739e-10,3.13547584301913e-08,6.18066219925183e-12,6.67409585301113e-08,-5.44028439754565e-07,-1.20789778102145e-05,-1.28858419138528e-11,2.91753355686677e-09,1.7738430316915e-09,-3.62452884820803e-12,0.000518317939567049,0.0653184096301858,1.45936224064095e-07,0.019196963885973,0.0042352285149648,0.000624881048983447,0.167863772802896
935,6.12712055695614e-08,-6.11803679016079e-07,-2.06912455274709e-06,1.81468115539169e-07,3.36586311805997e-08,4.39358758641205e-08,6.60863531611616e-10,2.13819855674539e-09,3.24150927108749e-06,-1.01249973224107e-17,-2.18006358237697e-06,2.00273272446744e-08,2.11344727499634e-06,1.58348599389146e-06,1.78251175752748e-09,1.91819361525362e-07,1.51223995360095e-06,-1.77633977128534e-10,-2.71162963297733e-08,-3.33997075252348e-06,3.99694864863552e-06,-5.56611242262418e-15,-5.18561800512527e-06,-2.5359212743951e-06,-3.23824622846176e-08,-4.61074230904045e-08,6.11580945012194e-13,-1.12236368096849e-16,1.02325738138044e-06,-6.467704243648e-06,2.62553559738503e-06,-2.56950174428689e-08,-1.56489333493404e-07,-3.12756830439891e-08,-5.81222846445509e-08,3.19589156576466e-08,2.52033066763284e-07,2.05640380459592e-07,5.53861625547651e-07,-0.000481559449732909,-1.86062828892395e-07,-3.34825120708716e-06,2.35857821966515e-07,-9.81910344996276e-06,8.9673850954055e-08,7.44030297481232e-12,7.13031518420588e-07,1.21938708663237e-07,-4.97664326036345e-07,-1.66648207982969e-07,-8.13731595224689e-06,-3.83666949529678e-07,-1.53885893701827e-06,-7.25600078835029e-08,-7.23859985049981e-07,-5.7940356193762e-07,2.93833608402796e-07,-6.38894471150245e-12,-2.24817158168704e-06,6.89877030383325e-07,-3.29336380974593e-06,4.02653318259481e-05,6.04318374630106e-09,3.20510132234235e-08,2.27311598107612e-10,3.18803921122778e-08,6.28619956986263e-12,6.65420564027937e-08,-4.83423066071873e-07,-1.14989010428877e-05,-1.37562296398793e-11,2.98266594843144e-09,1.80732555739153e-09,-3.61020886322005e-12,0.000388098998783755,0.0488816442145255,1.42409452229025e-07,0.01437402599354,0.00425909396721078,0.000611581068887949,0.174192504426972
940,5.95046224991457e-08,-6.01763073030109e-07,-2.02013438567046e-06,1.73083618008445e-07,3.35018685373395e-08,4.36010164620039e-08,6.02331379443003e-10,1.9552286451899e-09,2.93410504407864e-06,1.73651983550468e-18,-2.39851465055993e-06,1.54296558207896e-08,2.06287560638586e-06,1.53572485927032e-06,1.60958346001419e-09,1.7984070780953e-07,1.50909208873653e-06,-1.6956800466122e-10,-2.69616960532995e-08,-3.45530794146341e-06,-4.19314929033535e-06,-5.19849903412598e-15,-5.79913823357072e-06,-2.90742432516685e-06,-3.34012857446777e-08,-1.65770251998293e-08,3.53397606524143e-13,1.85455722292045e-18,9.73229165791221e-07,-6.78580175028489e-06,8.33096919915586e-07,-2.68643501843735e-08,-1.58051799460337e-07,-3.07062173380399e-08,-6.38841582613702e-08,2.69162974635118e-08,2.60457859229909e-07,1.32152576652709e-07,3.69419726384283e-07,-0.000577404479597057,-1.89235244674782e-07,-3.88083241284303e-06,2.180575019702e-07,-9.80019001884303e-06,3.41062134906438e-08,7.30545255729378e-12,4.77094332301122e-07,1.22359725225376e-07,-9.87899624359976e-07,-1.58608921350078e-07,-7.90553611548686e-06,-3.83833496671848e-07,-1.67333283474551e-06,-7.57369931075385e-08,-8.4723269520055e-07,-6.69358726656669e-07,2.44926481094163e-07,2.51260916875575e-13,-2.32026749238098e-06,6.63114631923373e-07,-3.38582884089036e-06,3.89038093108538e-05,3.77937676435494e-09,3.21034744019315e-08,2.27607797791715e-10,3.22290905900064e-08,6.34916523861492e-12,6.61523095472853e-08,-4.31240008590993e-07,-1.09047806375815e-05,-1.421132170002e-11,3.0344799342277e-09,1.8332580340096e-09,-3.08130081129251e-12,0.000267135881545059,0.0336134366561744,1.38185661442811e-07,0.00989389810926951,0.00426379729317884,0.000595778696615963,0.178962437830645
945,5.74614931291211e-08,-5.89865592685177e-07,-1.96418991650345e-06,1.64309752890617e-07,3.31126220677923e-08,4.29614310623552e-08,5.43255557687818e-10,1.77013493442572e-09,2.64705191053199e-06,-1.22466932800307e-16,-2.59362689828177e-06,1.10709384295398e-08,2.00643112237412e-06,1.48487462400841e-06,1.44544224511909e-09,1.6802854062901e-07,1.49717456136102e-06,-1.59904430224689e-10,-2.63390029429593e-08,-3.55280383339141e-06,-1.1683017324693e-05,-2.18101581091466e-15,-6.34268625066987e-06,-3.23743817510262e-06,-3.40359702223257e-08,1.18426029098288e-08,9.10497938504042e-14,-1.56210297384377e-17,9.25128424295104e-07,-7.05802262548794e-06,-8.09875637934737e-07,-2.78119862199546e-08,-1.58875968800244e-07,-2.99614913406294e-08,-6.87597357242342e-08,2.20153459051953e-08,2.65582805743665e-07,6.44604096797678e-08,1.99583459817719e-07,-0.000663414643944931,-1.91503448395255e-07,-4.36048864334406e-06,2.01093921848909e-07,-9.75446596750597e-06,-1.7778104060377e-08,7.14904337077918e-12,2.61180682232646e-07,1.22666166729685e-07,-1.43204194109972e-06,-1.5055115059007e-07,-7.66399113810321e-06,-3.82228671255946e-07,-1.78980804293291e-06,-7.7574189851109e-08,-9.57761696759009e-07,-7.46796911662205e-07,1.96966459963983e-07,-7.48604297249527e-11,-2.37520989490522e-06,6.33183385078523e-07,-3.46614373582884e-06,3.75286424186235e-05,1.57836457816658e-09,3.21336393062657e-08,2.26690253781499e-10,3.24677131310872e-08,6.35308846202776e-12,6.57455686206099e-08,-3.86986128392149e-07,-1.02913236545492e-05,-1.40905820144803e-11,3.06928953321112e-09,1.84979130929002e-09,-1.68438008903126e-12,0.00015566607950996,0.0195437718799246,1.33266091193688e-07,0.00576537601942027,0.00424921307223701,0.000577314332323609,0.182221250417284
950,5.51348069612433e-08,-5.75924317119229e-07,-1.90054462965223e-06,1.55151241584104e-07,3.24647467326953e-08,4.19864070752936e-08,4.84789263750063e-10,1.58626484908802e-09,2.37532938825072e-06,-7.05726668868948e-20,-2.76515436478364e-06,7.03336152287043e-09,1.94402770719738e-06,1.43123222272667e-06,1.28662545506528e-09,1.56508508472881e-07,1.47556552341191e-06,-1.48745192780149e-10,-2.52477650711885e-08,-3.63233681884737e-06,-1.84575312271102e-05,-4.45295404693139e-15,-6.81482397447447e-06,-3.52560495605824e-06,-3.42649092164997e-08,3.8330542200907e-08,-1.29349540320135e-13,-5.84523171543929e-17,8.79141279182406e-07,-7.28327646650807e-06,-2.30008932323331e-06,-2.85457975172051e-08,-1.58962940766482e-07,-2.90685099305537e-08,-7.28401427192338e-08,1.73169889520046e-08,2.67696303429746e-07,2.71128551292428e-09,4.46910224592205e-08,-0.000739429790011535,-1.92757580305951e-07,-4.78640262784425e-06,1.85058513932534e-07,-9.68202202331585e-06,-6.56747719374462e-08,6.95723651238972e-12,6.60856938125482e-08,1.22847857637017e-07,-1.82965601986361e-06,-1.42402630020238e-07,-7.41357981337453e-06,-3.78732600889033e-07,-1.88852489695963e-06,-7.78838900729685e-08,-1.05367466519522e-06,-8.10447033902886e-07,1.50226969930224e-07,1.89026584733755e-12,-2.41193040492241e-06,5.99749844648824e-07,-3.53312847074713e-06,3.61418952330453e-05,-5.11769375016744e-10,3.21381357473817e-08,2.24101914124106e-10,3.25908825962374e-08,6.28459396869092e-12,6.53069338137639e-08,-3.48227672638172e-07,-9.65653852651044e-06,-1.35589706215734e-11,3.08104157370526e-09,1.85248114231205e-09,-2.34826319949221e-12,5.38971272783486e-05,0.00669885213880053,1.27642531535768e-07,0.00199614601109252,0.0042152704708539,0.000556085055505532,0.18401444265365
955,5.25214589440456e-08,-5.59801675242192e-07,-1.82864998790484e-06,1.45614954602519e-07,3.15388292992575e-08,4.06524466974346e-08,4.28007336122304e-10,1.40710813538454e-09,2.11530013695149e-06,-3.24898576499427e-18,-2.91291827999745e-06,3.37973496919173e-09,1.87565960616318e-06,1.37504274707369e-06,1.13419159395144e-09,1.45386278659362e-07,1.44352152206683e-06,-1.36208572774703e-10,-2.36883167971319e-08,-3.69383923407494e-06,-2.45038248728828e-05,-3.45303422972436e-15,-7.21440804267087e-06,-3.77173446279376e-06,-3.39661140462344e-08,6.20835030566738e-08,-3.34482924886265e-13,-1.62563840501692e-18,8.35452966755858e-07,-7.4606683291779e-06,-3.63476805603714e-06,-2.90661770933897e-08,-1.58309422981477e-07,-2.80276948213524e-08,-7.61470334981566e-08,1.28832752276427e-08,2.6704610434587e-07,-5.29598278575883e-08,-9.49853459933815e-08,-0.000805318737962099,-1.9293242796186e-07,-5.15786395466859e-06,1.70038220499166e-07,-9.5830691963755e-06,-1.09365404071379e-07,6.76683105048374e-12,-1.07594054388729e-07,1.22400090817818e-07,-2.18066593791073e-06,-1.34069567764375e-07,-7.15516385127639e-06,-3.73194146831517e-07,-1.96983757405254e-06,-7.64662201087972e-08,-1.13321879073993e-06,-8.58869717045924e-07,1.05177835329757e-07,-2.90149508440168e-13,-2.42935849540293e-06,5.62592941798476e-07,-3.58561637280288e-06,3.4749512914665e-05,-2.35128528671208e-09,3.19859541680153e-08,2.20101312696035e-10,3.25014622948271e-08,6.17870317720032e-12,6.46102376969855e-08,-3.12520531312573e-07,-8.99933346809934e-06,-1.25927639656489e-11,3.07172414677459e-09,1.84335065918702e-09,-1.74286589752035e-12,-3.79913173781372e-05,-0.00489863987773985,1.21306986997732e-07,-0.00140713796374229,0.00416193732707933,0.000532020213303403,0.184384394663395
960,4.96224039832461e-08,-5.41397931125432e-07,-1.74812479193391e-06,1.3570888136756e-07,3.0320862961906e-08,3.89423288833491e-08,3.73985232006752e-10,1.23618715089312e-09,1.86430092305832e-06,9.37915255651562e-17,-3.03682105372675e-06,1.70294243571062e-10,1.80136324290063e-06,1.31655508652909e-06,9.90641652830592e-10,1.34756731472707e-07,1.40044761797984e-06,-1.22267912530675e-10,-2.16633833518584e-08,-3.73730707370215e-06,-2.98116588140913e-05,-3.79121027322511e-15,-7.54059719598124e-06,-3.97578289985176e-06,-3.31513927829168e-08,8.23151036745357e-08,-5.10568283603954e-13,3.27474694812898e-18,7.94238713014002e-07,-7.58951329591434e-06,-4.8117071926335e-06,-2.93694234826183e-08,-1.56913255161424e-07,-2.68318311195998e-08,-7.86780535132154e-08,8.7758570422735e-09,2.63810222983696e-07,-1.02438023547786e-07,-2.19235795783888e-07,-0.000860985625410835,-1.91966910737841e-07,-5.47433213706793e-06,1.56114509119163e-07,-9.45793837799863e-06,-1.48648719212382e-07,6.55464034648414e-12,-2.5938964463866e-07,1.21084123115445e-07,-2.48524905999303e-06,-1.25456785601791e-07,-6.88955586630979e-06,-3.65457357782702e-07,-2.03418133089901e-06,-7.31367165311272e-08,-1.19478407686869e-06,-8.90828516297776e-07,6.22385101640303e-08,7.39132907214294e-11,-2.42653846872228e-06,5.21563898422471e-07,-3.6225181050374e-06,3.33557044767007e-05,-3.9030170398443e-09,3.1614892323008e-08,2.14111155512323e-10,3.21375897470939e-08,6.01491184373362e-12,6.35357557923809e-08,-2.79239196160313e-07,-8.31730591601184e-06,-1.1162428347088e-11,3.03305304262653e-09,1.81700999591197e-09,-1.74574844468363e-12,-0.000119853559587629,-0.0152303096459083,1.14256846330179e-07,-0.00443907978902779,0.00408924014741342,0.000505080985638989,0.183372826178046
965,4.63434504497254e-08,-5.21970456671003e-07,-1.66136428522313e-06,1.25383602231737e-07,2.88687884883564e-08,3.69324337092958e-08,3.23532146137761e-10,1.0758490472389e-09,1.56851568085751e-06,-5.16427129496988e-19,-3.13710806468976e-06,-2.70535568419327e-09,1.720187866136e-06,1.25389428408807e-06,8.43152108500524e-10,1.2373519450568e-07,1.34995369645169e-06,-1.09950485873112e-10,-1.96840965103758e-08,-3.76317555337389e-06,-3.44070149550439e-05,-3.1588818068472e-15,-7.79657804384322e-06,-4.13839140035622e-06,-3.16897759321393e-08,9.96804126436048e-08,-6.30540407711995e-13,6.11566326146147e-18,7.49258922554824e-07,-7.67654405106148e-06,-5.83658382306775e-06,-2.9474241818324e-08,-1.54897496783098e-07,-2.55189873490749e-08,-8.04582284287343e-08,4.92475485279796e-09,2.59996111604933e-07,-1.45985924344779e-07,-3.28629493302998e-07,-0.000906739834840992,-1.9070043860789e-07,-5.73697469963791e-06,1.37088572714615e-07,-9.30792090586566e-06,-1.84344524915038e-07,6.32173884095358e-12,-3.91137822091877e-07,1.18502768639838e-07,-2.74538536298398e-06,-1.16519790393183e-07,-6.6214557287111e-06,-3.5553124566608e-07,-2.08195483769714e-06,-6.86600511333438e-08,-1.24861197958454e-06,-9.22633427829302e-07,1.81967600644974e-08,-3.43500135192431e-14,-2.40936830770788e-06,4.74793198379335e-07,-3.64670580557191e-06,3.18794886559421e-05,-4.9963643927902e-09,3.09262693755515e-08,2.0596258379506e-10,3.14626631171715e-08,5.8087744798703e-12,6.19921999175634e-08,-2.47116348294936e-07,-7.62172184625876e-06,-9.44079305242963e-12,2.96436501073258e-09,1.77379220825888e-09,-1.23215128368835e-12,-0.000192020333822223,-0.0243379212651254,1.07028565929572e-07,-0.00711192889539056,0.00399906141354962,0.000476404051153176,0.181121483733241
970,4.26953095061568e-08,-5.02949946413748e-07,-1.57278143723693e-06,1.14730004884959e-07,2.73071354934423e-08,3.4792729200032e-08,2.76749521977542e-10,9.26552116086531e-10,1.20097910381155e-06,-4.39854271720294e-18,-3.21546285778077e-06,-5.41387283924504e-09,1.6324082634072e-06,1.18600723041209e-06,6.84163485198746e-10,1.11717076598326e-07,1.29743038885014e-06,-9.79556337651449e-11,-1.80728814495514e-08,-3.77294671507723e-06,-3.83577611414407e-05,-2.33669733087788e-15,-7.99015847349367e-06,-4.26285914843223e-06,-2.96352747880331e-08,1.15477392729727e-07,-6.89994576974578e-13,-5.22619699879289e-18,6.97513555251714e-07,-7.72980046045386e-06,-6.72392438247445e-06,-2.94093745432708e-08,-1.52407740984098e-07,-2.41346422492265e-08,-8.15185775296993e-08,1.24431486013095e-09,2.57023474905948e-07,-1.84206773123679e-07,-4.24595144562608e-07,-0.000943470147223859,-1.89811807874009e-07,-5.9502198720652e-06,1.13949301424412e-07,-9.13627635645001e-06,-2.17422595643465e-07,6.06063174168381e-12,-5.05630022315875e-07,1.14003011222489e-07,-2.96509972823606e-06,-1.0734201588136e-07,-6.35571487212415e-06,-3.43702645077529e-07,-2.11420198901393e-06,-6.39005949589393e-08,-1.30400412801964e-06,-9.65736870228343e-07,-2.86258533079357e-08,-5.84853548314144e-14,-2.3847423418521e-06,4.22758851991462e-07,-3.66192669403746e-06,3.02794491247879e-05,-5.53793645932783e-09,2.97485812048451e-08,1.95435996873793e-10,3.03701083969327e-08,5.5658521399746e-12,5.96365414717078e-08,-2.15690454767569e-07,-6.93056471506842e-06,-7.68219771701627e-12,2.86806989409958e-09,1.71278234112956e-09,-7.04677753861253e-13,-0.000255375167563036,-0.0323330388748559,1.00177752096537e-07,-0.00945840852549851,0.00389528561284839,0.00044782108322624,0.177879440865192
975,3.88121207532231e-08,-4.84443284819298e-07,-1.48455333010129e-06,1.03950165278065e-07,2.57082434083782e-08,3.26254562936953e-08,2.33692808191653e-10,7.89073223261168e-10,7.9380245964804e-07,1.92555748563012e-17,-3.27396298781135e-06,-7.97986305510678e-09,1.53976962029668e-06,1.11427127358161e-06,5.21911784808494e-10,9.91592732851498e-08,1.24454310610482e-06,-8.61523025301128e-11,-1.66386401759241e-08,-3.76822242249289e-06,-4.17174084243299e-05,-2.00626616948896e-15,-8.12744951799796e-06,-4.35307813499527e-06,-2.71270896392492e-08,1.29892211770031e-07,-7.04199738568613e-13,3.41605687316753e-17,6.43027627255686e-07,-7.75070757290637e-06,-7.48499261767948e-06,-2.91888359980369e-08,-1.49479184113293e-07,-2.26886021430608e-08,-8.18822700351443e-08,-2.23123024016178e-09,2.54169000421238e-07,-2.17506560770278e-07,-5.08229468601428e-07,-0.000971960284096412,-1.89046358765948e-07,-6.11846770419368e-06,9.11033510536073e-08,-8.94621477568707e-06,-2.47926963194152e-07,5.78264702376115e-12,-6.0385812133184e-07,1.0743566655382e-07,-3.14775188153117e-06,-9.80198082930267e-08,-6.09324465641465e-06,-3.30241131298394e-07,-2.1323731301026e-06,-5.88514528590506e-08,-1.35831745346476e-06,-1.01345106126861e-06,-7.59123670874765e-08,1.23430707808956e-11,-2.35326331002552e-06,3.68349175778097e-07,-3.66848147786473e-06,2.86074722857866e-05,-5.57561379609562e-09,2.80386842711712e-08,1.82880281079084e-10,2.88131284286133e-08,5.2913358676638e-12,5.63211909951474e-08,-1.8510637919156e-07,-6.2506857730893e-06,-5.87356574369663e-12,2.74630033942546e-09,1.63542902215409e-09,-3.75636413176277e-13,-0.000310615972735001,-0.0393037875197097,9.37196112536077e-08,-0.0115043672891575,0.00378075684219267,0.000420025134560895,0.173833197903103
980,3.47994565442161e-08,-4.66496198382073e-07,-1.39826994365812e-06,9.32230480551692e-08,2.41268766515674e-08,3.05073407899389e-08,1.94477817270955e-10,6.63926586599953e-10,3.72199559841478e-07,-1.79091592293279e-19,-3.31463452521026e-06,-1.04071969782516e-08,1.44376891343035e-06,1.03995469883737e-06,3.61669996917344e-10,8.64579538300626e-08,1.19248873632318e-06,-7.44171472929156e-11,-1.5271134996523e-08,-3.75055353150079e-06,-4.45383143409156e-05,-1.3587109739832e-15,-8.21433026972334e-06,-4.41275902554593e-06,-2.43954840422864e-08,1.43113663117503e-07,-6.78113347603453e-13,-1.84795200812483e-17,5.88754983464923e-07,-7.74070410804908e-06,-8.13080093978959e-06,-2.88271811321654e-08,-1.46149480546861e-07,-2.1200479518833e-08,-8.16035976363631e-08,-5.47138377537193e-09,2.50849422405812e-07,-2.46285812125276e-07,-5.8059973839057e-07,-0.000992975703796038,-1.88153152441684e-07,-6.24602306422531e-06,6.96701934204631e-08,-8.74074858679381e-06,-2.75837366147387e-07,5.47962881281476e-12,-6.867566628664e-07,9.92887973760433e-08,-3.29663344605952e-06,-8.86474162157667e-08,-5.83484543812174e-06,-3.1542546788576e-07,-2.13790147660692e-06,-5.35256389269907e-08,-1.4092959126791e-06,-1.06102030781069e-06,-1.21882152262146e-07,2.75955248526458e-14,-2.31552576838822e-06,3.13859039944684e-07,-3.66669503314752e-06,2.68987373180646e-05,-5.32229031465243e-09,2.59222699918793e-08,1.68587431192857e-10,2.68695979938811e-08,4.96198200966711e-12,5.22384978901633e-08,-1.57559257710359e-07,-5.58483616907769e-06,-3.84980552535548e-12,2.59943184295923e-09,1.54321098311378e-09,5.15401441819801e-14,-0.00035842879863537,-0.0453367933496057,8.76619215690757e-08,-0.0132752145050656,0.00365804956607629,0.000393422269118501,0.169150550047723
985,3.07393373040692e-08,-4.49125547623739e-07,-1.31507975679245e-06,8.27083573711086e-08,2.25990978343606e-08,2.84923012557605e-08,1.59286016897297e-10,5.51444243825126e-10,-4.43586910525979e-08,1.8489423859739e-20,-3.33941880298881e-06,-1.26855598552237e-08,1.34570117930334e-06,9.64234063425853e-07,2.04245176201493e-10,7.39580022784918e-08,1.14207169240614e-06,-6.2778577933821e-11,-1.39089593854334e-08,-3.72141566798556e-06,-4.6870668532147e-05,-1.419590139744e-15,-8.25634359010497e-06,-4.44535083917237e-06,-2.16636587936229e-08,1.55334801550065e-07,-6.39914607951655e-13,-6.66668593171832e-18,5.36850781900591e-07,-7.7011811952044e-06,-8.67187696712104e-06,-2.83462129392024e-08,-1.4246209822833e-07,-1.97096398093738e-08,-8.07984655987212e-08,-8.45236147357937e-09,2.46656363257346e-07,-2.70935307707365e-07,-6.42712376299323e-07,-0.00100725007990213,-1.86906187967856e-07,-6.33704879025595e-06,4.99917809603649e-08,-8.52266376354743e-06,-3.01084966650477e-07,5.15865270752659e-12,-7.55111126386342e-07,9.05259452253409e-08,-3.41476207010236e-06,-7.9332151937806e-08,-5.58120776013319e-06,-2.99560632744454e-07,-2.13212586797809e-06,-4.79706360799273e-08,-1.45514131507622e-06,-1.10531741870426e-06,-1.65285693814505e-07,-1.77880882552833e-14,-2.27217902614037e-06,2.61074482448353e-07,-3.65694000070843e-06,2.51781258957496e-05,-4.9587902348949e-09,2.36479220085718e-08,1.53026798245768e-10,2.47202873321192e-08,4.57537066593219e-12,4.78033585091719e-08,-1.33460216596601e-07,-4.93616280470712e-06,-1.71351355386905e-12,2.43169290983634e-09,1.43856165767288e-09,3.98601715764539e-13,-0.000399474537649015,-0.0505155055493887,8.20183197256589e-08,-0.0147954278836485,0.00352946134686886,0.000368261315925084,0.163979944184955
990,2.66990072155329e-08,-4.3232594497434e-07,-1.23580256641102e-06,7.25458210267987e-08,2.11530620832172e-08,2.66211405948131e-08,1.28206455331901e-10,4.51903299641349e-10,-4.4064043828683e-07,1.67042604797355e-19,-3.35020830126958e-06,-1.48138558367638e-08,1.24676198527392e-06,8.88152118693553e-07,5.10915497952504e-11,6.19506524415771e-08,1.09390971082066e-06,-5.13177427546166e-11,-1.25159707108578e-08,-3.68223730954409e-06,-4.87636816070075e-05,-7.39437457060043e-16,-8.25885065801212e-06,-4.45419500743022e-06,-1.89419438869369e-08,1.66766395501627e-07,-5.90947930397045e-13,6.80186809588335e-18,4.88909605844785e-07,-7.633549321019e-06,-9.11855927881616e-06,-2.77669459355058e-08,-1.38456630368407e-07,-1.82454171577682e-08,-7.95661145278499e-08,-1.11547662981078e-08,2.41405027698375e-07,-2.91838315074362e-07,-6.95558314946715e-07,-0.00101549993228586,-1.85142465520523e-07,-6.39559665491789e-06,3.21779025687631e-08,-8.29457449882258e-06,-3.23654625073919e-07,4.82089837920215e-12,-8.09736693033703e-07,8.13427770313356e-08,-3.50516827727634e-06,-7.016146085312e-08,-5.33293310059311e-06,-2.82933782807859e-07,-2.11638065066114e-06,-4.22218400661537e-08,-1.49427943680422e-06,-1.14388095545692e-06,-2.04950604653175e-07,9.42765805335591e-15,-2.22380110155205e-06,2.11439004829943e-07,-3.63956543641056e-06,2.34673662137842e-05,-4.48271659902553e-09,2.12652818286839e-08,1.36502604880384e-10,2.24310152040579e-08,4.1428020742709e-12,4.31030968552189e-08,-1.12041770299506e-07,-4.3080312921039e-06,5.29005447708551e-13,2.24570980219486e-09,1.32317232130164e-09,6.91300994679085e-13,-0.000434403425445439,-0.0549220264529751,7.67891575723891e-08,-0.0160890904106943,0.00339707602017359,0.000344683284930472,0.158455596518404
995,2.27329364515166e-08,-4.16087222483141e-07,-1.1610397927879e-06,6.28534723269277e-08,1.98115719241271e-08,2.49257523460435e-08,1.01282821847334e-10,3.65417924395499e-10,-8.04921215131194e-07,-5.09981910795996e-18,-3.34881241582094e-06,-1.67892603178276e-08,1.14799239887042e-06,8.12620749556607e-07,-9.58676684910204e-11,5.06805753593348e-08,1.04850559100654e-06,-4.00520510476274e-11,-1.10718084188886e-08,-3.6343755786426e-06,-5.02645495806867e-05,-8.09806913208041e-16,-8.22694041557318e-06,-4.4424732938684e-06,-1.62667589377248e-08,1.77623695563313e-07,-5.2487774502203e-13,-1.9150634111069e-17,4.4611580720695e-07,-7.53916913921597e-06,-9.48077475266865e-06,-2.71070095431948e-08,-1.3416813964861e-07,-1.68288587306439e-08,-7.79896145838669e-08,-1.35618586881346e-08,2.34985786467985e-07,-3.09362286078237e-07,-7.40092230611587e-07,-0.00101841048123122,-1.82725854889212e-07,-6.42553299866173e-06,1.63021058764919e-08,-8.05890203206161e-06,-3.43536719460771e-07,4.47045866371982e-12,-8.51442785712194e-07,7.19095606148004e-08,-3.57081431638729e-06,-6.12062999368246e-08,-5.09054654826338e-06,-2.65812614473176e-07,-2.09196063811495e-06,-3.63038316407112e-08,-1.52533614363663e-06,-1.174849973371e-06,-2.39899969417461e-07,-9.66231423402753e-13,-2.17088697084655e-06,1.66118315508367e-07,-3.61489031574919e-06,2.17831260646736e-05,-3.92855351925966e-09,1.88181732515005e-08,1.19360859421119e-10,2.00479309990044e-08,3.67320148882845e-12,3.82170574945144e-08,-9.30845057620993e-08,-3.70235096336264e-06,2.86996769440407e-12,2.0447346124744e-09,1.19912746152087e-09,9.52145443892815e-13,-0.000463840666717979,-0.0586352969608434,7.19823608315055e-08,-0.0171793579681256,0.00326275598909363,0.000322782866459888,0.152696606113686
1000,1.88855253834736e-08,-4.00397475325785e-07,-1.09122156171824e-06,5.37301355119979e-08,1.85924475820618e-08,2.34304932895742e-08,7.85150382806219e-11,2.91955165705041e-10,-1.12831816883482e-06,2.04680112766653e-17,-3.3369628307265e-06,-1.86087132645328e-08,1.05030229987975e-06,7.38436788511491e-07,-2.34690118856545e-10,4.03517656605692e-08,1.00626303396044e-06,-2.89965621606645e-11,-9.56508234189776e-09,-3.57912069339606e-06,-5.14186137577399e-05,1.45167032511687e-15,-8.16544818177001e-06,-4.41321794804468e-06,-1.36712197533121e-08,1.88120263624407e-07,-4.87857931672482e-13,9.71406361222387e-17,4.09343534627793e-07,-7.41934980032811e-06,-9.76806941365264e-06,-2.63820243880362e-08,-1.29628008523296e-07,-1.54757924201248e-08,-7.61422565688296e-08,-1.56601288474018e-08,2.27320431259255e-07,-3.23860910835838e-07,-7.77233946250962e-07,-0.00101663803186317,-1.79547311776818e-07,-6.43055698144788e-06,2.40316579170358e-09,-7.81788620465486e-06,-3.60732285258868e-07,4.12255389808621e-12,-8.81024129446065e-07,6.24263707069191e-08,-3.61457441098016e-06,-5.25256492950553e-08,-4.85449808440758e-06,-2.48449630075821e-07,-2.06011373869325e-06,-3.02353086619796e-08,-1.54714207826252e-06,-1.19686769755998e-06,-2.69346120943773e-07,3.8062317926036e-12,-2.113878797717e-06,1.26045095624322e-07,-3.58321421765553e-06,2.01386826700687e-05,-3.33027158004183e-09,1.63581092374653e-08,1.02088537238378e-10,1.76194224326385e-08,3.1797289328236e-12,3.32405602094205e-08,-7.62306146955075e-08,-3.12045624083954e-06,5.21901295159497e-12,1.83361377210257e-09,1.06962251829225e-09,1.08371694203195e-12,-0.000488388658636591,-0.0617313773481067,6.76031918218199e-08,-0.0180885416968641,0.00312816631349066,0.000302619899401825,0.146808863756097
1005,1.51932573680013e-08,-3.85246594613846e-07,-1.02665453002053e-06,4.52586377572618e-08,1.75099781221501e-08,2.21543046400043e-08,5.98619779287848e-11,2.3137402944502e-10,-1.40419125930726e-06,-1.24535497358121e-16,-3.31631255561544e-06,-2.02695567175691e-08,9.54491507694033e-07,6.66296507272298e-07,-3.63345948076242e-10,3.11338702283578e-08,9.67518580040604e-07,-1.81632117918867e-11,-7.98927825920416e-09,-3.51769603877487e-06,-5.22693199881265e-05,-2.44830433353987e-16,-8.07895999423891e-06,-4.36931784159318e-06,-1.11731079696436e-08,1.98466789864474e-07,-4.17414469301373e-13,-1.84041153910144e-16,3.79243279299821e-07,-7.27533160398609e-06,-9.98959976864277e-06,-2.56055220147945e-08,-1.24863688003324e-07,-1.41970722078119e-08,-7.40864815688578e-08,-1.74389507866822e-08,2.18352966007642e-07,-3.35673609516537e-07,-8.07867813794734e-07,-0.00101080950759962,-1.75520950701801e-07,-6.41419846619758e-06,-9.49334281020574e-09,-7.57359453107986e-06,-3.75253307490705e-07,3.74479047735686e-12,-8.99258480434358e-07,5.30359600898658e-08,-3.63922711349002e-06,-4.41677768122706e-08,-4.62516956901853e-06,-2.31081766996721e-07,-2.02203718658213e-06,-2.40290297607376e-08,-1.55870347415715e-06,-1.20893440198658e-06,-2.92639503714827e-07,-6.31262203764379e-11,-2.05317027171335e-06,9.19686275768889e-08,-3.5448154862753e-06,1.8544845793141e-05,-2.70377918705467e-09,1.39217585936656e-08,8.44798212347719e-11,1.51835680689495e-08,2.65710698921904e-12,2.82445954021126e-08,-6.12611610437906e-08,-2.56305344785876e-06,7.7825549022444e-12,1.61014886339864e-09,9.32877413325612e-10,1.07484041151143e-12,-0.000508626227078566,-0.0642833509252081,6.36561822698329e-08,-0.0188380797065712,0.00299479442200252,0.000284234224145767,0.14088646771425
1010,1.16864793830849e-08,-3.70627520329114e-07,-9.67557502641142e-07,3.75074510197214e-08,1.6577280174583e-08,2.11130375959096e-08,4.52130514021644e-11,1.83537535363531e-10,-1.62766642161896e-06,-1.16972396467806e-18,-3.28843779085123e-06,-2.17785177552629e-08,8.61269249513797e-07,5.96779785562963e-07,-4.79268967836588e-10,2.31636699746342e-08,9.32578705514124e-07,-7.59816801617328e-12,-6.34037935710732e-09,-3.45126038411305e-06,-5.2858268327289e-05,4.19761868328674e-16,-7.9718286546805e-06,-4.31353662889961e-06,-8.70994817159758e-09,2.08872743188081e-07,-3.23194515537977e-13,-3.74574198360559e-18,3.56303879804628e-07,-7.10827183861745e-06,-1.01541475689358e-05,-2.47893875336159e-08,-1.19897460267504e-07,-1.29958673128837e-08,-7.18650366616867e-08,-1.88904972935118e-08,2.08059477270461e-07,-3.45124893370349e-07,-8.32845675621222e-07,-0.0010015229933527,-1.70600280826371e-07,-6.37981631529761e-06,-1.93698983198876e-08,-7.32793474593447e-06,-3.87156959407814e-07,3.40663975931863e-12,-9.06921849635912e-07,4.36102194025306e-08,-3.64747866397558e-06,-3.61677498495561e-08,-4.4028831924873e-06,-2.13925584273896e-07,-1.97888524199432e-06,-1.76870907784975e-08,-1.55915067545752e-06,-1.21023583887825e-06,-3.09180761496879e-07,-6.71529806095849e-13,-1.98909460282637e-06,6.4499895533092e-08,-3.49994092178059e-06,1.701191388451e-05,-1.99390846529313e-09,1.14750238814405e-08,6.78821829398868e-11,1.27341090860595e-08,2.15750604983443e-12,2.3177480631271e-08,-4.70496967079989e-08,-2.03146377614157e-06,1.010220600727e-11,1.39001260627219e-09,7.98811790478867e-10,1.41915434543271e-12,-0.000525108928220445,-0.0663613621390782,6.01455149180497e-08,-0.0194485482270644,0.0028639700248474,0.000267653616772283,0.135013147327325
1015,8.38909417520105e-09,-3.5653838430151e-07,-9.14084256946032e-07,3.05308842181903e-08,1.58037147005034e-08,2.03185360593999e-08,3.45061754416448e-11,1.47993265928511e-10,-1.79537766866058e-06,1.62525782567743e-18,-3.25482470518329e-06,-2.31212472020089e-08,7.711847585642e-07,5.30411632838222e-07,-5.80817835075217e-10,1.65562585548872e-08,9.01689682136647e-07,2.88088585943291e-12,-4.61570159610183e-09,-3.38089858025398e-06,-5.32247948083164e-05,1.98577038714882e-16,-7.84812814958327e-06,-4.24846796081297e-06,-6.46516296614819e-09,2.19534159285335e-07,-2.65627297871684e-13,-1.22479398853145e-17,3.40884966074357e-07,-6.91920722888737e-06,-1.02700168451337e-05,-2.39414735531084e-08,-1.14749530176507e-07,-1.18779019940461e-08,-6.9526250106308e-08,-2.00081894971396e-08,1.9634419283817e-07,-3.52523281442419e-07,-8.52973383412024e-07,-0.000989342845646559,-1.64701422838223e-07,-6.33058687570241e-06,-2.72138834419554e-08,-7.08264569637735e-06,-3.9642163381492e-07,3.05623268410454e-12,-9.04727133433273e-07,3.47421621233218e-08,-3.64186468041326e-06,-2.85597898599962e-08,-4.1879008389191e-06,-1.97190985190879e-07,-1.93173360945724e-06,-1.12168522570948e-08,-1.54780916501887e-06,-1.20038334653583e-06,-3.18668120360033e-07,5.58884834063435e-13,-1.92197055548655e-06,4.41093839811056e-08,-3.44883388623617e-06,1.55438969111799e-05,-1.43218614051218e-09,9.17338529893667e-09,5.17148478887674e-11,1.03643003656572e-08,1.63176204207057e-12,1.83236401019052e-08,-3.57428864922533e-08,-1.52316740336633e-06,1.26062406328103e-11,1.16456165954901e-09,6.62997941150277e-10,1.49428061899155e-12,-0.000538363756027912,-0.0680319486419406,5.70752744183723e-08,-0.0199394656416202,0.00273686321437238,0.000252899620119115,0.129262090871228
1020,5.320292056267e-09,-3.42981793801569e-07,-8.66320495077682e-07,2.43843822295821e-08,1.5187725714805e-08,1.97741666012622e-08,2.77527172911123e-11,1.2409318853499e-10,-1.90504316498067e-06,-6.78911432578776e-18,-3.21688523755925e-06,-2.42695494991375e-08,6.84687622187858e-07,4.67700172944341e-07,-6.7006295774679e-10,1.14143750527307e-08,8.74968965499945e-07,1.33403687836514e-11,-2.81309434229021e-09,-3.30763302754358e-06,-5.34063370299557e-05,3.64920816256115e-16,-7.71167538116347e-06,-4.17651614555415e-06,-4.6331969794076e-09,2.3062813652664e-07,-2.405706432388e-13,-6.65729249167121e-19,3.3326455791276e-07,-6.70904542595328e-06,-1.03450851130113e-05,-2.30758302019402e-08,-1.09444712886539e-07,-1.08683433025552e-08,-6.71732578762798e-08,-2.07905095589902e-08,1.83074419961512e-07,-3.58169036439908e-07,-8.69003305101774e-07,-0.000974805979105496,-1.57731997977656e-07,-6.26957260742438e-06,-3.30249013534976e-08,-6.83931448553591e-06,-4.02969525076843e-07,2.7050088360086e-12,-8.9323640156241e-07,2.76846926856124e-08,-3.62461368992455e-06,-2.13991366243831e-08,-3.98041805439333e-06,-1.8111319828872e-07,-1.88154106009734e-06,-4.65789563889369e-09,-1.52430047152287e-06,-1.17952143693478e-06,-3.21140143882332e-07,-3.89463074605356e-12,-1.85221566438229e-06,3.11386417481802e-08,-3.39178193163577e-06,1.41424965468781e-05,-1.24208587271455e-09,7.342556347804e-09,3.6545476806514e-11,8.29834747541675e-09,1.07921879909832e-12,1.42682137853611e-08,-2.79987373755908e-08,-1.0368990564739e-06,1.51962336658193e-11,9.40219199176577e-10,5.29741947578883e-10,1.47945357765045e-12,-0.000548895000788554,-0.0693587813605864,5.44481131214936e-08,-0.0203295095720623,0.00261451735977285,0.000239986187604156,0.123698340145131
1025,1.87681830164275e-09,-3.29140155453848e-07,-8.19098380663674e-07,1.87755426822827e-08,1.47031173640732e-08,1.9507901860967e-08,2.53942233584043e-11,1.13045816522557e-10,-2.01798744121879e-06,1.74200494524123e-18,-3.1723935141439e-06,-2.51915292296608e-08,5.94904453753773e-07,4.03763618464312e-07,-7.62643895528832e-10,6.83298239316275e-09,8.46105799464807e-07,2.56048280440255e-11,-5.05315904208151e-10,-3.22860848764817e-06,-5.33535758908231e-05,5.80401161189539e-16,-7.55422324057853e-06,-4.09277047643478e-06,-2.56215974665331e-09,2.43163454189503e-07,-1.93964915126437e-13,4.44151509528217e-18,3.31750802618648e-07,-6.48682358276399e-06,-1.03692506770741e-05,-2.21721944438881e-08,-1.04155503169734e-07,-9.92468326616880e-09,-6.47768436790586e-08,-2.12762667809458e-08,1.70231863108385e-07,-3.61781994581303e-07,-8.80115539724365e-07,-0.000956603944187252,-1.49856704258156e-07,-6.19074873224095e-06,-4.4947266033429e-08,-6.59306166678696e-06,-4.06935842411435e-07,2.36338752977022e-12,-8.66924819486337e-07,2.0312754589098e-08,-3.59378728662391e-06,-1.3820143910485e-08,-3.77684254258435e-06,-1.64404967949331e-07,-1.82649105998664e-06,2.8619560908355e-09,-1.49205026522271e-06,-1.15768358001076e-06,-3.18808350130867e-07,8.59231579716791e-13,-1.7779188855302e-06,2.23471719938185e-08,-3.32703976725741e-06,1.28046342780119e-05,-8.3390576608612e-10,5.42591759308843e-09,1.98530518833333e-11,6.19639701834346e-09,5.19083556677267e-13,1.02235623857744e-08,-1.52325000675165e-08,-5.01169666983567e-07,1.82676207064826e-11,6.89623273922015e-10,3.80954293576429e-10,1.59883587828118e-12,-0.000556183178967384,-0.0702762617639915,5.10701121359489e-08,-0.0205994398553137,0.00249387074711236,0.000226311650113702,0.118154324047075
1030,-2.20279153028805e-09,-3.14488046959434e-07,-7.68643478359071e-07,1.3321856328336e-08,1.42763287176334e-08,1.9422791073736e-08,2.87195691493293e-11,1.1894523755946e-10,-2.17503030616312e-06,3.61172184208209e-17,-3.1190742016545e-06,-2.58749592516221e-08,4.97654642157139e-07,3.35265233409851e-07,-8.61575681407931e-10,1.99447452161573e-09,8.11388316704603e-07,4.02440486920933e-11,2.29808517017036e-09,-3.14153270464573e-06,-5.3016074491181e-05,1.95318180089538e-15,-7.36858882966741e-06,-3.99268745220033e-06,2.1280712641793e-10,2.57508220290865e-07,-8.97231054288081e-14,1.35436955435339e-16,3.32454672803735e-07,-6.2618381506221e-06,-1.03321697888127e-05,-2.1190815909572e-08,-9.90273544641389e-08,-8.9624715939743e-09,-6.21588830897953e-08,-2.14690360888802e-08,1.59117874841071e-07,-3.63037271653582e-07,-8.85464831991551e-07,-0.000933652939382384,-1.41416758696316e-07,-6.08853930187024e-06,-6.17830888145696e-08,-6.33993704182687e-06,-4.08598742272527e-07,2.0232509956416e-12,-8.2279923347077e-07,1.04742735897849e-08,-3.54780737972974e-06,-5.21538744531108e-09,-3.57441202294281e-06,-1.4599164616499e-07,-1.76517486365998e-06,1.17996186152645e-08,-1.45513025098873e-06,-1.14129669607493e-06,-3.13991086210697e-07,1.79296222804778e-11,-1.69797979142597e-06,1.39740847778569e-08,-3.25381511983491e-06,1.15229749275008e-05,-1.37187629709004e-11,2.87156866922740e-09,5.359992305595e-13,3.58648990181875e-09,-1.07982024042212e-13,5.15086152915928e-09,-1.04028761734035e-09,1.24497181757281e-07,2.22051579055785e-11,3.99042593324914e-10,2.09404209820421e-10,1.7033621595447e-12,-0.000559633516032081,-0.0707092841121446,4.68882070864602e-08,-0.0207272274547978,0.00237181491943956,0.000210492968503019,0.112461463191382
1035,-6.50255819512341e-09,-2.99363905644615e-07,-7.1659082750629e-07,7.99637686958369e-09,1.38375018332667e-08,1.93636995624017e-08,3.85323091654497e-11,1.44068873791473e-10,-2.34975621339209e-06,-9.99254939225424e-19,-3.05815258223476e-06,-2.63358183873292e-08,3.96932250598455e-07,2.64759807957455e-07,-9.60246393131207e-10,-2.89078565551336e-09,7.73653377977487e-07,5.6136812108806e-11,5.15373428799881e-09,-3.04814398474757e-06,-5.24264358080881e-05,1.06754748140662e-15,-7.15967987131731e-06,-3.87885867666755e-06,3.05544897977348e-09,2.72874798644236e-07,-2.55692468118192e-14,-6.27638791674441e-18,3.32966761562959e-07,-6.03518528046684e-06,-1.02406204138675e-05,-2.01433668346028e-08,-9.40605668029715e-08,-7.99394087537447e-09,-5.93379402154227e-08,-2.13469091953249e-08,1.48739276064331e-07,-3.62159906148418e-07,-8.8564361649532e-07,-0.000906771654040818,-1.32628464775302e-07,-5.96650635630397e-06,-7.78996637597238e-08,-6.08262824912621e-06,-4.08134455171774e-07,1.64982568847168e-12,-7.6477232371344e-07,7.35931439019618e-10,-3.48869908420292e-06,3.95666747399331e-09,-3.37442814387761e-06,-1.2649337284699e-07,-1.698918796034e-06,2.14951208310206e-08,-1.41450929779622e-06,-1.12714049437581e-06,-3.07561008370065e-07,-4.58198473846315e-13,-1.61417481199906e-06,5.53268334841954e-09,-3.17384968181158e-06,1.02999684913408e-05,7.03816457908288e-10,3.49300350970447e-10,-1.96915101046211e-11,8.78818768453475e-10,-7.84512999113684e-13,1.47277481482941e-10,1.16973917597818e-08,7.9020986731012e-07,2.67776272534311e-11,9.0331901184485e-11,2.80598182508402e-11,1.96875350479987e-12,-0.000559603407504182,-0.0707029714717629,4.26210821671767e-08,-0.0207261092593994,0.00224916137637665,0.000193767605637736,0.106672436120123
1040,-1.07191343249748e-08,-2.84006827628186e-07,-6.64080567593207e-07,2.8217180974824e-09,1.33323852635835e-08,1.92138025912134e-08,5.5091110268601e-11,1.88917654296119e-10,-2.52202269396143e-06,-3.42117740797872e-19,-2.99080240382807e-06,-2.65878387959576e-08,2.96033044509634e-07,1.94405504702241e-07,-1.05665571349337e-09,-7.64746626517421e-09,7.3479215127639e-07,7.23975045607166e-11,7.79788440376251e-09,-2.95009528387507e-06,-5.16158844501769e-05,1.02946908195304e-15,-6.93212634230367e-06,-3.7537156825688e-06,5.66066592837907e-09,2.88525389370434e-07,1.93196759086306e-14,-1.46651338497437e-18,3.31529902375284e-07,-5.80787426569911e-06,-1.01010709241431e-05,-1.90499997324849e-08,-8.92618012375206e-08,-7.048372523127e-09,-5.63858553885068e-08,-2.0912861519429e-08,1.3854582202992e-07,-3.59372163469579e-07,-8.81186168812546e-07,-0.000876746222525482,-1.23679581632374e-07,-5.82810389514717e-06,-9.18585533134223e-08,-5.82362196379302e-06,-4.05702659461946e-07,1.28588215147112e-12,-6.96532111173195e-07,-7.4430057417456e-09,-3.41814195782776e-06,1.32636731249398e-08,-3.17809669434999e-06,-1.06548235745756e-07,-1.62894190770874e-06,3.13510284906932e-08,-1.37117676207615e-06,-1.11303690743826e-06,-3.00306099235157e-07,-2.00809095686508e-14,-1.52822749855535e-06,-3.39131642678786e-09,-3.08882062377515e-06,9.13746418762099e-06,1.12898709754451e-09,-1.7639792874794e-09,-3.93778244232462e-11,-1.60262547449966e-09,-1.47500426251477e-12,-4.11272820355905e-09,2.18106996153139e-08,1.45534701698006e-06,3.14623821704564e-11,-2.15057948240539e-10,-1.50284413387654e-10,2.07564798096737e-12,-0.000556438452244333,-0.0703009574402379,3.84701463235801e-08,-0.02060888535693,0.00212663525265303,0.00017686644664582,0.100834224312114
1045,-1.46385693973586e-08,-2.68579424973622e-07,-6.11882979095676e-07,-2.15957036765987e-09,1.2729081990381e-08,1.88927327049965e-08,7.80516893375137e-11,2.5279940871039e-10,-2.67696281767898e-06,-1.40021289816881e-19,-2.91812888715892e-06,-2.66735123917791e-08,1.97691677996292e-07,1.25916902978507e-07,-1.14874789230741e-09,-1.21424167430442e-08,6.96103235213873e-07,8.80319223069131e-11,1.00769303006423e-08,-2.84894183933503e-06,-5.06138348523557e-05,1.35010488763348e-15,-6.69028978553311e-06,-3.61958406587496e-06,8.1274227190823e-09,3.03796994023696e-07,6.55021456312078e-14,1.18663637251556e-18,3.26878956811029e-07,-5.58083716723703e-06,-9.91962729607391e-06,-1.79337728253954e-08,-8.46352324895397e-08,-6.14548604894791e-09,-5.33576402711974e-08,-2.0188993886338e-08,1.2840348945254e-07,-3.54883045051006e-07,-8.72580260604295e-07,-0.000844321173862773,-1.14796167969599e-07,-5.67658629719625e-06,-1.03336494306365e-07,-5.56521924735872e-06,-4.01570000450094e-07,9.38608003477579e-13,-6.21659560610329e-07,-1.44212050754677e-08,-3.33765930268184e-06,2.23292609377722e-08,-2.9865624696893e-06,-8.67673705960259e-08,-1.55641163452873e-06,4.08694331140633e-08,-1.32591983365679e-06,-1.09712629243342e-06,-2.92610063981939e-07,1.47812882263298e-14,-1.44165091854577e-06,-1.31102539975732e-08,-3.00026329466213e-06,8.04316096940321e-06,1.53364873410099e-09,-3.56602047996368e-09,-5.74489805428828e-11,-3.8225424446652e-09,-2.10347581777437e-12,-7.78335291634363e-09,3.16295070044222e-08,2.08449555108005e-06,3.58877172029793e-11,-4.99337406309806e-10,-3.16721118202234e-10,2.16194042429588e-12,-0.000550464690875414,-0.06954440593029,3.44861393686318e-08,-0.0203876314223166,0.00200487779836324,0.000160199155094284,0.0949880658675173
1050,-1.81089697615332e-08,-2.5319504188777e-07,-5.60555571257676e-07,-6.91477709383792e-09,1.20190009459642e-08,1.83507669281238e-08,1.06599253811975e-10,3.34025451731268e-10,-2.80358835559114e-06,1.25923349818421e-16,-2.84117866345679e-06,-2.66480462689898e-08,1.04135526933415e-07,6.0626326144858e-08,-1.23137159878095e-09,-1.62803702728552e-08,6.58615346871626e-07,1.0233112167264e-10,1.18963350098978e-08,-2.74615349189593e-06,-4.94482843468922e-05,1.77157760534927e-15,-6.43834220593769e-06,-3.47876241771765e-06,1.05562904894892e-08,3.18083465679172e-07,1.32291581196314e-13,-2.14680089012544e-17,3.18082076784393e-07,-5.35494414239231e-06,-9.70214559840998e-06,-1.68087637767164e-08,-8.01759379139953e-08,-5.27966938707526e-09,-5.02427997629762e-08,-1.92070445128425e-08,1.18295317441752e-07,-3.48886149132407e-07,-8.60295639775595e-07,-0.000810205417979099,-1.0619350656857e-07,-5.51499990419374e-06,-1.12254050840581e-07,-5.30956787545113e-06,-3.9605480221971e-07,6.25587012277837e-13,-5.43758272361181e-07,-2.12661293167195e-08,-3.24882969525729e-06,3.08447450429654e-08,-2.80093283282712e-06,-6.77059011338109e-08,-1.48250743906547e-06,4.96595778825742e-08,-1.27923519186969e-06,-1.07764310488615e-06,-2.84574059684093e-07,7.08426714058721e-11,-1.35567040085155e-06,-2.38332836980051e-08,-2.90955124927158e-06,7.02471309576607e-06,2.1078231224486e-09,-5.33645936593636e-09,-7.30518284313649e-11,-5.91663295932955e-09,-2.62019204211068e-12,-1.13374654042122e-08,4.19474234894538e-08,2.65032552145335e-06,3.97620505333959e-11,-7.4929886307302e-10,-4.63805531293318e-10,2.27071854557625e-12,-0.000541992372799162,-0.0684724863849921,3.06856242367788e-08,-0.0200738381343876,0.00188445765849389,0.000144006542488787,0.0891703755512249
1055,-2.10255620459039e-08,-2.37934947451444e-07,-5.10499005788235e-07,-1.1417912469986e-08,1.11973594263549e-08,1.75522380812813e-08,1.39750744660978e-10,4.29713132096442e-10,-2.89392776168403e-06,-3.24652383167784e-20,-2.7609394235782e-06,-2.6533325332771e-08,1.70755755077091e-08,-3.42278964187608e-10,-1.3014637611315e-09,-1.9981002874769e-08,6.23043188299699e-07,1.14953302548222e-10,1.31954478201439e-08,-2.64311552232646e-06,-4.81456862097193e-05,1.61586465061448e-15,-6.18023264949603e-06,-3.3334406508897e-06,1.26473098156997e-08,3.30787565708131e-07,1.76861072613782e-13,-7.08500067970979e-19,3.04453354117447e-07,-5.13099268726762e-06,-9.45416055550191e-06,-1.56850867752244e-08,-7.58812640594588e-08,-4.4529771935628e-09,-4.70501786568883e-08,-1.80063753656129e-08,1.07996615516064e-07,-3.41566837397386e-07,-8.44763502484795e-07,-0.00077507331788087,-9.79813415082875e-08,-5.34624036576391e-06,-1.18607872770739e-07,-5.05866490911771e-06,-3.89338996413238e-07,3.55353378484863e-13,-4.66293385036351e-07,-2.73378563991191e-08,-3.15304773314956e-06,3.85244061168523e-08,-2.62227006786334e-06,-4.99141155649565e-08,-1.40834128486733e-06,5.73733815530717e-08,-1.2316165680902e-06,-1.05363124941474e-06,-2.76667497771319e-07,-6.87876534231096e-15,-1.27141486965168e-06,-3.57395471446163e-08,-2.81799873264865e-06,6.08207828112077e-06,2.54251404539052e-09,-6.9078939358351e-09,-8.55354826109390e-11,-7.78194317487554e-09,-3.04063004597215e-12,-1.44610701900005e-08,4.98929245062703e-08,3.13468275591185e-06,4.31266844706681e-11,-9.58648171432448e-10,-5.85713215378971e-10,2.40263581953887e-12,-0.00053131565282446,-0.0671223361334155,2.70742877786551e-08,-0.0196784001168688,0.00176587840869925,0.000128429504818092,0.0834132541324396
1060,-2.33202382818275e-08,-2.22859587062725e-07,-4.61970489634905e-07,-1.56341741153401e-08,1.02528791217383e-08,1.64657283456783e-08,1.76374293383887e-10,5.36328692840309e-10,-2.94241474093117e-06,-1.31633587060663e-19,-2.67833865378057e-06,-2.63455446081053e-08,-6.21077880935308e-08,-5.6026850959345e-08,-1.36058933600009e-09,-2.3172769851756e-08,5.89778311497512e-07,1.25234812335373e-10,1.39339394089024e-08,-2.54112711400184e-06,-4.67308569542299e-05,1.79200061213274e-15,-5.91966391579747e-06,-3.18565160255371e-06,1.42313877171895e-08,3.41331040752484e-07,2.03600276926233e-13,-4.37906617642755e-18,2.85503643644992e-07,-4.90970160818733e-06,-9.18084144862594e-06,-1.45828021708214e-08,-7.1757066947566e-08,-3.69034069709721e-09,-4.38541508605118e-08,-1.66376273342807e-08,9.73149561590577e-08,-3.33106293705688e-07,-8.2636003998552e-07,-0.000739563595272541,-9.02524429534213e-08,-5.17308096888633e-06,-1.22421375810082e-07,-4.81435770159456e-06,-3.81569843648576e-07,1.19604871204339e-13,-3.92489752813526e-07,-3.16493045741154e-08,-3.05136697614999e-06,4.50837142733167e-08,-2.4515854070013e-06,-3.39646165489662e-08,-1.33490702938219e-06,6.36747794740667e-08,-1.18366741163666e-06,-1.0247980188036e-06,-2.69521415290229e-07,-1.29632562686907e-13,-1.19002196125055e-06,-4.90057212942307e-08,-2.72689631225222e-06,5.21564860411725e-06,2.7783653406104e-09,-8.02554719395976e-09,-9.4599336502781e-11,-9.21628303061185e-09,-3.34916800507091e-12,-1.67005915197345e-08,5.6132871669455e-08,3.5195301819581e-06,4.56220272788783e-11,-1.1197980529387e-09,-6.79685509024506e-10,2.4469075834341e-12,-0.000518712212108545,-0.0655290128993753,2.36545821333712e-08,-0.0192116019962713,0.00164958279460834,0.000113548913734517,0.077744791096291
1065,-2.49499875507888e-08,-2.08014184425799e-07,-4.1515510305873e-07,-1.95391820541167e-08,9.18484370696309e-09,1.50727500595018e-08,2.150550287744e-10,6.50015770135003e-10,-2.94523750097376e-06,-3.62477872478633e-18,-2.59424914315408e-06,-2.6120982006971e-08,-1.32278600400574e-07,-1.05713050999124e-07,-1.4078443342101e-09,-2.58081060784272e-08,5.59178815720465e-07,1.32571707936314e-10,1.40827203934941e-08,-2.44141003879104e-06,-4.52272811878668e-05,1.99638484794088e-15,-5.66017574667622e-06,-3.03739520690992e-06,1.54347806993623e-08,3.49197103332092e-07,2.332452488536e-13,-6.52778357849704e-18,2.60874028812026e-07,-4.69173604348311e-06,-8.88711548590853e-06,-1.3518126195567e-08,-6.78029803190958e-08,-2.99817793164751e-09,-4.06838556951254e-08,-1.51559897283085e-08,8.6324823362004e-08,-3.23672746853267e-07,-8.05444474750403e-07,-0.000704281772166307,-8.31274528878329e-08,-4.9981112734639e-06,-1.23723598762742e-07,-4.57837548791015e-06,-3.72971769742707e-07,-6.97436104547104e-14,-3.25552963211055e-07,-3.49199006582574e-08,-2.94486278595526e-06,5.02851675672557e-08,-2.28986736518797e-06,-2.03836292085993e-08,-1.26318999819447e-06,6.82979395694333e-08,-1.13578296037335e-06,-9.90540548864892e-07,-2.63304228123496e-07,-2.18780001163743e-12,-1.11242166236971e-06,-6.37436304514835e-08,-2.63740484636579e-06,4.42975509058448e-06,3.0025609488277e-09,-8.87798737709005e-09,-1.0007494056164e-10,-1.03009903925428e-08,-3.52411657224506e-12,-1.83847801899588e-08,6.13763029251233e-08,3.78906504628084e-06,4.7103792171022e-11,-1.22968417617909e-09,-7.4385906589674e-10,2.46041536965125e-12,-0.000504444632035396,-0.0637256674905511,2.04281379160462e-08,-0.0186831690543728,0.00153596114321406,9.94134594591608e-05,0.072189661403305
1070,-2.58907712735226e-08,-1.93433637930698e-07,-3.70198414686383e-07,-2.31246808426449e-08,7.99620822745658e-09,1.33620567330478e-08,2.54247436077707e-10,7.66437694555683e-10,-2.89991418054129e-06,-4.83085408891769e-19,-2.50949046211192e-06,-2.58900761374323e-08,-1.92551499323052e-07,-1.48835729835184e-07,-1.44187942997668e-09,-2.78510849357019e-08,5.31542924918796e-07,1.364465581957e-10,1.36199676575889e-08,-2.3451104123954e-06,-4.3657099504304e-05,2.09131575843848e-15,-5.4051298425666e-06,-2.89060436010894e-06,1.62268951501923e-08,3.5389448539607e-07,2.59965317145939e-13,1.90317797252467e-19,2.30302320211618e-07,-4.47770581004112e-06,-8.57764675239415e-06,-1.25035084450126e-08,-6.40166832608559e-08,-2.377709950692e-09,-3.75549388168502e-08,-1.3618951247194e-08,7.50213644229211e-08,-3.13424292604116e-07,-7.82353641954614e-07,-0.00066980103830198,-7.6696374486227e-08,-4.82376166230658e-06,-1.22548462236545e-07,-4.35233257153314e-06,-3.63742985600996e-07,-2.09440002446224e-13,-2.68593733741687e-07,-3.74044464580957e-08,-2.83455551197386e-06,5.39203035735527e-08,-2.13807435165722e-06,-9.66781959843814e-09,-1.19413556984809e-06,7.10199211526645e-08,-1.0882761883092e-06,-9.50431962716246e-07,-2.5822377371703e-07,-2.45195693934947e-13,-1.03941350215842e-06,-8.00339388647196e-08,-2.55060438051963e-06,3.72680533589591e-06,3.22078266340664e-09,-9.5313217006564e-09,-1.01992976757175e-10,-1.10793623388646e-08,-3.56821255706144e-12,-1.96260088591325e-08,6.53260128243262e-08,3.93094267304731e-06,4.74679065440823e-11,-1.28860404849331e-09,-7.78207806959932e-10,2.47946963881551e-12,-0.000488760753293433,-0.061743589390964,1.73961025688998e-08,-0.0181022805935217,0.00142535685380848,8.60523907245938e-05,0.0667694974111574
1075,-2.61322273230334e-08,-1.79147321152178e-07,-3.27207689397542e-07,-2.63881496487183e-08,6.68374754383171e-09,1.13221763431739e-08,2.92450587736954e-10,8.80659563844987e-10,-2.80491634838139e-06,5.16386849802031e-20,-2.4248288878773e-06,-2.56526191501381e-08,-2.42305857729148e-07,-1.84888014851608e-07,-1.46464760231703e-09,-2.9265425212962e-08,5.07032917852799e-07,1.36599333089295e-10,1.25286037054969e-08,-2.25329796991147e-06,-4.20410013493579e-05,1.92960290345682e-15,-5.1576672270155e-06,-2.74707222238505e-06,1.62923988531744e-08,3.54943234138321e-07,2.52652347751229e-13,-2.19334637814245e-19,1.93601846974228e-07,-4.26815786216701e-06,-8.25677729332557e-06,-1.15533696182259e-08,-6.04023576035125e-08,-1.84808549281804e-09,-3.45322973121406e-08,-1.20862419850718e-08,6.32857771522412e-08,-3.02514203683951e-07,-7.57385323340188e-07,-0.000636662048978034,-7.09719514529727e-08,-4.65234547324276e-06,-1.1892398392551e-07,-4.13772322260943e-06,-3.53952123834019e-07,-3.07993121512817e-13,-2.24478447905659e-07,-3.80647805435049e-08,-2.72122591293294e-06,5.57798092334955e-08,-1.99711745111934e-06,-2.31954709256189e-09,-1.12858166861586e-06,7.16188183155728e-08,-1.04156515190108e-06,-9.04616779675761e-07,-2.54822906790934e-07,2.13846472133574e-13,-9.71801451953352e-07,-9.79705350108984e-08,-2.4675629067175e-06,3.10304684872305e-06,3.12475297951734e-09,-9.71371325687036e-09,-1.00340167221546e-10,-1.13893078339253e-08,-3.51975402041003e-12,-1.99483175418666e-08,6.5223826452132e-08,3.93759287170354e-06,4.67478012787019e-11,-1.29811929754264e-09,-7.82574030383659e-10,2.39992052438335e-12,-0.000471893527364464,-0.0596121885005098,1.45598740423224e-08,-0.0174775645679041,0.00131807105243794,7.34841577035338e-05,0.061503189391878
1080,-2.56743187945653e-08,-1.65181291260666e-07,-2.86247037326948e-07,-2.93239664172084e-08,5.2377998138582e-09,8.94046679856191e-09,3.28170269514302e-10,9.87501549487998e-10,-2.65942211798053e-06,-1.0547334536116e-16,-2.34098052891316e-06,-2.54008421794847e-08,-2.81069806049688e-07,-2.13422418390539e-07,-1.4818621506238e-09,-3.00152359996547e-08,4.85682536790734e-07,1.32608587369314e-10,1.07970383192674e-08,-2.16696793452931e-06,-4.03982899470452e-05,1.85888785321156e-15,-4.92069758829442e-06,-2.60843332281686e-06,1.54397513487447e-08,3.51895747626009e-07,2.00272758713568e-13,2.49196083016836e-19,1.50655659859606e-07,-4.0635771400023e-06,-7.92853103245049e-06,-1.06912472214281e-08,-5.69724890123215e-08,-1.44907194682512e-09,-3.17434792979978e-08,-1.06222198301738e-08,5.11111302621791e-08,-2.91092957819548e-07,-7.30794236950747e-07,-0.00060537342262791,-6.59562037562992e-08,-4.48607564573833e-06,-1.128917381992e-07,-3.93592193152833e-06,-3.43626671015671e-07,-3.73223939187926e-13,-1.95776338132856e-07,-3.5965509423838e-08,-2.60536950634003e-06,5.56486412730812e-08,-1.86784896699715e-06,1.14777593577793e-09,-1.06723779616957e-06,6.98670279736969e-08,-9.96184808935309e-07,-8.53550195526116e-07,-2.53709735720717e-07,-6.02987967324624e-11,-9.10426244783755e-07,-1.17662012886955e-07,-2.38934482496776e-06,2.55494291377783e-06,2.58398218871712e-09,-9.18175503059333e-09,-9.53249258364533e-11,-1.10527867867686e-08,-3.40266001652181e-12,-1.89377312264537e-08,5.9954730789756e-08,3.80137594911847e-06,4.49052950022088e-11,-1.26116101218977e-09,-7.58593014851084e-10,2.12662333897854e-12,-0.000454062276702047,-0.0573591543327273,1.19197950540148e-08,-0.0168171442854127,0.0012143661905865,6.17191428935768e-05,0.0564071642932713
1085,-2.48661977572759e-08,-1.52548137767514e-07,-2.48917555444421e-07,-3.19578308882501e-08,3.9006740708656e-09,6.71270576512128e-09,3.597247401421e-10,1.08187493855077e-09,-2.47933460690215e-06,-5.11099869987756e-23,-2.25945800244832e-06,-2.50948569092443e-08,-3.14028652969261e-07,-2.37530218291916e-07,-1.50609707285472e-09,-2.99538835636693e-08,4.69923547280109e-07,1.22924259540896e-10,8.68649023934705e-09,-2.08713090634834e-06,-3.87623679008075e-05,1.64277784718598e-15,-4.69698098669261e-06,-2.47676121632039e-06,1.41499317441916e-08,3.44968587087421e-07,1.56254039309825e-13,-8.40153020207261e-19,1.0308826829499e-07,-3.87261116048883e-06,-7.59994224408841e-06,-9.92096862617145e-09,-5.37131301985652e-08,-1.16775480118045e-09,-2.92444078336312e-08,-9.2972008877752e-09,3.88823345815467e-08,-2.7945824381387e-07,-7.03204392698421e-07,-0.0005765089538966,-6.09247024912632e-08,-4.32963093404087e-06,-1.05075538003264e-07,-3.74672799555305e-06,-3.32591055350191e-07,-3.93836090190383e-13,-1.78141838240938e-07,-3.30463559273896e-08,-2.48872765568314e-06,5.4201987582402e-08,-1.75047684406506e-06,2.41498462998284e-09,-1.0093488056737e-06,6.67526753495769e-08,-9.51541000392124e-07,-7.96296775822083e-07,-2.53775318596131e-07,2.66466473193934e-14,-8.53557020418008e-07,-1.39419389777557e-07,-2.31409029087575e-06,2.09530748019943e-06,2.12143077614209e-09,-8.44712516061130e-09,-8.78560735675449e-11,-1.03973692063e-08,-3.16784777063556e-12,-1.76521571535659e-08,5.70571737266756e-08,3.54320869303448e-06,4.1778387824998e-11,-1.19063669312084e-09,-7.15517504754162e-10,1.95390345414053e-12,-0.000435729874460148,-0.0550429278887604,9.79176976294086e-09,-0.0161381633257685,0.00111550101639639,5.14525964619844e-05,0.0515540491153822
1090,-2.40941867872728e-08,-1.41834491761277e-07,-2.16151288985549e-07,-3.4274794791021e-08,2.8686549973839e-09,5.03006256887555e-09,3.86073411502687e-10,1.16066886058792e-09,-2.28881986327617e-06,-6.32783958850156e-20,-2.18096494516914e-06,-2.46868495140983e-08,-3.46524401513801e-07,-2.60630773001824e-07,-1.53880668743293e-09,-2.9204950309917e-08,4.59101158354219e-07,1.11986943398593e-10,6.63232082658104e-09,-2.01334481422752e-06,-3.71547908433325e-05,1.43541853468487e-15,-4.48613037096747e-06,-2.35246371913207e-06,1.28714113841309e-08,3.35110392628858e-07,1.33229961572765e-13,7.90551279033002e-20,5.46665672072821e-08,-3.70112228954672e-06,-7.27585494927579e-06,-9.20937251355121e-09,-5.05886684356173e-08,-9.34894955854273e-10,-2.69287806047832e-08,-8.14316185885056e-09,2.70526821743885e-08,-2.67836783056017e-07,-6.75218530708985e-07,-0.000550002064591256,-5.5335569917524e-08,-4.18442762104957e-06,-9.78014782041544e-08,-3.56807942361217e-06,-3.20748512676262e-07,-3.76886809741273e-13,-1.64901476076474e-07,-3.13519879624907e-08,-2.3732111561734e-06,5.23464733977411e-08,-1.643606543144e-06,3.53511760948111e-09,-9.53742759708815e-07,6.34887089826922e-08,-9.0680324728272e-07,-7.34692330333566e-07,-2.53565258761605e-07,1.1790810872995e-13,-7.98883027985027e-07,-1.6245214237223e-07,-2.23933860726694e-06,1.70235107065893e-06,1.8562191840862e-09,-8.03597113450371e-09,-7.9438474047707e-11,-9.88273894557679e-09,-2.89049915714106e-12,-1.69688644438976e-08,5.46157298942882e-08,3.23056499244652e-06,3.82872033199846e-11,-1.11207189675461e-09,-6.66584926721379e-10,1.82861060813755e-12,-0.000417296271164222,-0.0527140041126243,8.1178032054363e-09,-0.015455434471237,0.00102244056775716,4.28916966364293e-05,0.046998943994553
1095,-2.34049186599452e-08,-1.32588171444652e-07,-1.87189551245373e-07,-3.62394468928628e-08,2.06456166218196e-09,3.74969633608599e-09,4.07142701865196e-10,1.22310109700381e-09,-2.09744789960941e-06,-2.78069956826683e-19,-2.10498851028635e-06,-2.41727924213693e-08,-3.78286472564571e-07,-2.82699072412514e-07,-1.57763265135535e-09,-2.80729584939135e-08,4.49594440953454e-07,1.01254631376717e-10,4.80738957664957e-09,-1.94442259915015e-06,-3.55759241856057e-05,1.26278435819783e-15,-4.28618272467725e-06,-2.23448537018052e-06,1.13635550545038e-08,3.22947791556987e-07,9.11451857508495e-14,-1.95950734304782e-18,7.8545046165238e-09,-3.54548743692515e-06,-6.95667510869927e-06,-8.55016043290269e-09,-4.75965262820865e-08,-7.52935670072526e-10,-2.48107256192413e-08,-7.16255231063266e-09,1.57648045523779e-08,-2.56277249364585e-07,-6.47005678005909e-07,-0.000525394611732298,-4.94789943733175e-08,-4.04788849874864e-06,-9.20843551013032e-08,-3.39852198113018e-06,-3.08270558431951e-07,-3.5545515579162e-13,-1.54776754813299e-07,-2.92341548294115e-08,-2.25906855354777e-06,5.01575761290668e-08,-1.54566481995801e-06,4.49618844306902e-09,-9.00292580820666e-07,6.01162555397319e-08,-8.62458978806122e-07,-6.73124072175137e-07,-2.53542483970082e-07,-1.29737853697481e-13,-7.46571017657081e-07,-1.85540477551757e-07,-2.16535140236442e-06,1.33744091249873e-06,1.41670601833977e-09,-7.51314084767838e-09,-7.10125224638269e-11,-9.29840466688032e-09,-2.640446022519e-12,-1.60655738570748e-08,5.04526502158342e-08,2.9057311867445e-06,3.47808726695412e-11,-1.03560468152115e-09,-6.18025578579881e-10,1.6417765002625e-12,-0.000398871510762064,-0.0503862738443428,6.6663780376503e-09,-0.0147730334574618,0.000934995986716176,3.55512067123313e-05,0.0427313176091151
1100,-2.2830555594765e-08,-1.24510494712589e-07,-1.61478149706953e-07,-3.78433357413702e-08,1.42555682965522e-09,2.76302034500078e-09,4.23227200442726e-10,1.26976475348849e-09,-1.91234993658786e-06,1.95925303620507e-18,-2.03104008409573e-06,-2.35644156690395e-08,-4.09034963824095e-07,-3.03704962188774e-07,-1.62219229212542e-09,-2.68057165466527e-08,4.38891656529977e-07,9.15320242122272e-11,3.31460547597904e-09,-1.87924021197689e-06,-3.40260128982569e-05,8.58338620513196e-16,-4.0952502738545e-06,-2.12176995821397e-06,9.76560156699588e-09,3.090871859279e-07,3.63723153515258e-14,1.35819066729278e-18,-3.55674751656143e-08,-3.40225459471729e-06,-6.64274625491987e-06,-7.94456789209836e-09,-4.47374742243773e-08,-6.32891107281966e-10,-2.29288185428287e-08,-6.34722962330607e-09,5.32535884727059e-09,-2.44828859149788e-07,-6.18727819574783e-07,-0.000502249380146867,-4.36349052719387e-08,-3.91759632824045e-06,-8.81603726395024e-08,-3.23667077428705e-06,-2.95366778041795e-07,-3.44779885622254e-13,-1.46492001613181e-07,-2.6479969753813e-08,-2.14643135466505e-06,4.76881128418566e-08,-1.45513058739568e-06,5.27433571727892e-09,-8.48813011552186e-07,5.66549286418297e-08,-8.19009532715026e-07,-6.14781170296536e-07,-2.53870113320298e-07,1.10023697240637e-12,-6.96813124698273e-07,-2.07750108105082e-07,-2.09241224880515e-06,9.76411574124562e-07,8.63986067046229e-10,-6.82266730379765e-09,-6.33169189497758e-11,-8.60451207468839e-09,-2.43262452942339e-12,-1.4859656569437e-08,4.56523097349085e-08,2.59873255891858e-06,3.14287775729756e-11,-9.67783399213349e-10,-5.74669787815457e-10,1.4398680623101e-12,-0.000380558689166752,-0.0480727509357366,5.37471496007732e-09,-0.0140947787377657,0.000852993214747421,2.91510863367132e-05,0.0387415965517451
1105,-2.23922406979256e-08,-1.1740846407359e-07,-1.38641956619339e-07,-3.91039684808531e-08,9.11236863964869e-10,1.99524214684537e-09,4.34775607360308e-10,1.30237351441338e-09,-1.73877558989125e-06,3.59983458138742e-19,-1.95865719496303e-06,-2.28975726022468e-08,-4.3848860581408e-07,-3.23687035226347e-07,-1.66848088471695e-09,-2.56140201733186e-08,4.25385413560312e-07,8.3400750691723e-11,2.21484565147849e-09,-1.81674102276818e-06,-3.25053567338681e-05,7.1070672707423e-16,-3.91158558853658e-06,-2.0133663458041e-06,8.43322814485468e-09,2.94115030197644e-07,-6.42095285652508e-16,2.98115244003725e-18,-7.43325469902195e-08,-3.26817872765978e-06,-6.33443628289934e-06,-7.3877323075584e-09,-4.20037203981605e-08,-5.61805645750393e-10,-2.12568887823711e-08,-5.67741370087795e-09,-3.94519130746675e-09,-2.33533274112295e-07,-5.90564893942792e-07,-0.000480151661727319,-3.80836338811253e-08,-3.79123596175729e-06,-8.60744589479043e-08,-3.08122627159401e-06,-2.82329899146502e-07,-3.41162280291843e-13,-1.38960380230473e-07,-2.42293596789137e-08,-2.0356044983417e-06,4.50106655849237e-08,-1.37056415463013e-06,5.8891169107898e-09,-7.99161139127692e-07,5.31581375595597e-08,-7.76730414963087e-07,-5.61494989949056e-07,-2.54264424157536e-07,-1.45992519933903e-13,-6.49646504053773e-07,-2.28324714416432e-07,-2.02073112462272e-06,6.07195922664348e-07,4.68619856348763e-10,-6.26130435524862e-09,-5.67937652017753e-11,-7.99820519198274e-09,-2.24912153924097e-12,-1.38784060244474e-08,4.24819930734215e-08,2.33124739802594e-06,2.83627723850732e-11,-9.12153716241152e-10,-5.39151367761916e-10,1.27096618169616e-12,-0.00036245419437603,-0.0457856019628308,4.22746930212207e-09,-0.0134242401886281,0.000776276022797461,2.35357828041191e-05,0.0350213106475107
1110,-2.21033381442059e-08,-1.11151189549597e-07,-1.18423211247721e-07,-4.00562359116446e-08,4.94851521346523e-10,1.39334716266657e-09,4.42433214671257e-10,1.32329267076648e-09,-1.58060416575856e-06,8.415048438413e-17,-1.88740041522602e-06,-2.2206548319237e-08,-4.6642947099792e-07,-3.42702807478748e-07,-1.71068173156634e-09,-2.46746690913151e-08,4.08034830739132e-07,7.74788940608446e-11,1.54365203607737e-09,-1.7559290619363e-06,-3.1014268546912e-05,-3.88756830382598e-16,-3.73356081373815e-06,-1.90840275003727e-06,7.51101219945697e-09,2.78572067905224e-07,-2.23700735278435e-14,-1.57523631019205e-17,-1.07541292304887e-07,-3.14020635048798e-06,-6.03211867007063e-06,-6.86768632653761e-09,-3.9382090723774e-08,-5.13925936823273e-10,-1.9728392832935e-08,-5.12303771566457e-09,-1.19422251524344e-08,-2.22426351497176e-07,-5.62707868601637e-07,-0.000458707581300166,-3.30532682322821e-08,-3.66659488620628e-06,-8.58131336080235e-08,-2.93096022920626e-06,-2.69437671517615e-07,-3.47554726352037e-13,-1.31233415624063e-07,-2.30978085963223e-08,-1.9270107097038e-06,4.22069791706824e-08,-1.29059748082554e-06,6.38820559017003e-09,-7.51224022916064e-07,4.96955356596021e-08,-7.35766850865112e-07,-5.14464660817095e-07,-2.54449989196815e-07,5.17211804780289e-11,-6.05006606151433e-07,-2.4665767993389e-07,-1.95047271344876e-06,2.20679705036868e-07,2.91547431676176e-10,-5.98814809224901e-09,-5.17184790908532e-11,-7.61864964330424e-09,-2.09043554970047e-12,-1.34016680122809e-08,4.15767331119709e-08,2.12172865143413e-06,2.57143381379624e-11,-8.7104604570545e-10,-5.13031740788711e-10,1.27733839055627e-12,-0.000344648217725338,-0.0435362108993654,3.21926845288826e-09,-0.0127647580958216,0.000704697491284393,1.86123234502812e-05,0.0315625908215955
1115,-2.19723721312805e-08,-1.05654287629241e-07,-1.00645345293036e-07,-4.07359943942412e-08,1.54016650615705e-10,9.17113418487724e-10,4.47117724066974e-10,1.3352509000898e-09,-1.44070964339453e-06,6.62392932641792e-20,-1.81685283262566e-06,-2.15055559205362e-08,-4.92729500669467e-07,-3.60767916396242e-07,-1.74500148570835e-09,-2.41282264346101e-08,3.86099289484874e-07,7.45386488596943e-11,1.32270805674578e-09,-1.69586669299117e-06,-2.95530032772617e-05,3.46178073192023e-16,-3.55963524111724e-06,-1.80602726196822e-06,6.87277339591335e-09,2.62948568235149e-07,-3.07626381818266e-14,5.98269121602792e-19,-1.34545494743693e-07,-3.01546732911783e-06,-5.73612592464785e-06,-6.37218624986289e-09,-3.68622744616338e-08,-4.73641206020884e-10,-1.82974166412275e-08,-4.64758050148333e-09,-1.87327353519812e-08,-2.11543391491812e-07,-5.35339609774025e-07,-0.00043754423190121,-2.86921654532743e-08,-3.54159871960089e-06,-8.73636067377307e-08,-2.78470682248691e-06,-2.56876665561453e-07,-3.70473210205842e-13,-1.22377910770002e-07,-2.26241276855137e-08,-1.82100900044647e-06,3.93405332748965e-08,-1.213925652329e-06,6.80870897805921e-09,-7.04867419228324e-07,4.63156564666298e-08,-6.96306576598642e-07,-4.74812215481754e-07,-2.5440870736535e-07,-1.7474665218952e-15,-5.62859396284404e-07,-2.62291982769073e-07,-1.88181887074664e-06,-1.94019456234772e-07,1.27468471123671e-10,-5.88114757510333e-09,-4.85420849996184e-11,-7.42340700257667e-09,-1.99782822865359e-12,-1.32219924846776e-08,4.08089739818517e-08,1.98777839455254e-06,2.38402671201834e-11,-8.50925799663762e-10,-4.99317248936235e-10,1.10995139158212e-12,-0.000327225278805788,-0.0413352458730796,2.34919660202651e-09,-0.0121194627240879,0.000638125178474374,1.43285717091129e-05,0.028358439627942
1120,-2.20041490168946e-08,-1.00865287242599e-07,-8.51746947633674e-08,-4.11695248182484e-08,-1.32454745165602e-10,5.34236656084598e-10,4.49907110711072e-10,1.34150374389712e-09,-1.3211655120102e-06,3.29411990586185e-19,-1.74661986606751e-06,-2.08153985155823e-08,-5.17248984197837e-07,-3.77873128123711e-07,-1.77056125910973e-09,-2.40844137021382e-08,3.59022828103859e-07,7.48281283380086e-11,1.56442929234193e-09,-1.6356735819816e-06,-2.81217243896387e-05,3.94740697187282e-16,-3.38834301039941e-06,-1.70538950015646e-06,6.56949976853617e-09,2.47702923403184e-07,-3.89140712965808e-14,3.1174625461046e-19,-1.548905236173e-07,-2.89127101384668e-06,-5.44673326047405e-06,-5.89736955443261e-09,-3.44392274120852e-08,-4.40291970926177e-10,-1.69565093562567e-08,-4.21398487709421e-09,-2.43446961710745e-08,-2.00920698842226e-07,-5.08624261776116e-07,-0.000416309441515042,-2.5147940170483e-08,-3.41432222438758e-06,-9.07097271505452e-08,-2.64135757881055e-06,-2.44845195857597e-07,-4.17818036541118e-13,-1.11440559714462e-07,-2.2543481101089e-08,-1.71782040469725e-06,3.64505659205462e-08,-1.13930339311626e-06,7.16464274310401e-09,-6.59919952053219e-07,4.30386031133327e-08,-6.58604452984512e-07,-4.4348634878601e-07,-2.54147865639455e-07,8.86146452609046e-16,-5.23241175584097e-07,-2.74902526130897e-07,-1.81497671504531e-06,-6.42373165757362e-07,2.41842516219653e-11,-5.87248019220719e-09,-4.72374849081657e-11,-7.35859878705476e-09,-1.95472469665073e-12,-1.32331298140708e-08,4.179664159266e-08,1.93963167200793e-06,2.26287954902039e-11,-8.48905646515295e-10,-4.97341093900756e-10,1.05970009838346e-12,-0.000310264270734136,-0.0391926650056431,1.61698552116672e-09,-0.0114912760315766,0.000576438640517139,1.06554716158965e-05,0.0254025767882751
1125,-2.22002380455628e-08,-9.67488175350627e-08,-7.19197926268889e-08,-4.1383178450897e-08,-3.75002676550233e-10,2.24284986949891e-10,4.5184899012562e-10,1.34564831160853e-09,-1.22348553038917e-06,7.07407630295935e-17,-1.67632743916658e-06,-2.01714078187155e-08,-5.3984973833422e-07,-3.94066621230511e-07,-1.78314924356565e-09,-2.46408935642476e-08,3.26494375806876e-07,7.86518825459382e-11,2.27695139469929e-09,-1.57452186058921e-06,-2.67206552068184e-05,8.01587242711331e-16,-3.21833406523987e-06,-1.60573425665397e-06,6.81553198568334e-09,2.33279430186089e-07,-2.18131632077507e-14,5.35691517033547e-19,-1.68257251392787e-07,-2.765099818755e-06,-5.16424480051468e-06,-5.43246688599946e-09,-3.21000812257095e-08,-3.921551391849e-10,-1.56393213080493e-08,-3.78146742932263e-09,-2.87327364555501e-08,-1.9058727628122e-07,-4.82737206821661e-07,-0.000394669265534875,-2.25728708528543e-08,-3.2829098122285e-06,-9.58310569782621e-08,-2.499864408651e-06,-2.33595725040081e-07,-4.84198694972199e-13,-9.76380862899207e-08,-2.36486205851438e-08,-1.61783315187878e-06,3.35982830838551e-08,-1.0655524695469e-06,7.50802649980794e-09,-6.16269094477662e-07,3.99170754699492e-08,-6.22727336291821e-07,-4.20766591192297e-07,-2.53344178373167e-07,4.1725907248227e-11,-4.86060387012306e-07,-2.84205071014213e-07,-1.75007472133843e-06,-1.12522791171269e-06,1.44322458543479e-10,-6.16865091200126e-09,-4.80163681232893e-11,-7.55608511043242e-09,-1.94996925361061e-12,-1.37909043046848e-08,4.56578927478963e-08,1.98549863486952e-06,2.21496196014247e-11,-8.66611803840449e-10,-5.08311426368484e-10,1.06471309729769e-12,-0.00029383907404151,-0.0371177932100756,1.02257157623839e-09,-0.0108829342012113,0.000519527277499314,7.57575725603577e-06,0.0226893035895573
1130,-2.25601604220147e-08,-9.32821774751755e-08,-6.082018038233e-08,-4.14020410164271e-08,-5.81399680498396e-10,-2.75977353418585e-11,4.54129637967702e-10,1.35138131356674e-09,-1.14875718534502e-06,-9.56411702391902e-19,-1.60562019438115e-06,-1.95924494156342e-08,-5.6047158040598e-07,-4.09377102762708e-07,-1.77930649680363e-09,-2.5875332767282e-08,2.88308941195383e-07,8.65520840817434e-11,3.46636664352187e-09,-1.51163068129749e-06,-2.53499704100141e-05,6.86579491331059e-16,-3.04832591374583e-06,-1.50632875005764e-06,7.52741704677359e-09,2.20083851706921e-07,-2.26284397574532e-16,1.65473914066196e-18,-1.74424303793996e-07,-2.63458085134871e-06,-4.88893724829027e-06,-4.96425762086093e-09,-2.98325452458808e-08,-3.10925446001566e-10,-1.42831489762609e-08,-3.30607790045659e-09,-3.19851008858675e-08,-1.80570104481474e-07,-4.57848539083437e-07,-0.000372306757810436,-2.10582151101487e-08,-3.14560756888674e-06,-1.02705180131466e-07,-2.35922443208068e-06,-2.23308486467321e-07,-5.70544036829124e-13,-8.02265749985509e-08,-2.57441870198843e-08,-1.52142397459639e-06,3.0837396008875e-08,-9.91541469932941e-07,7.88987306957164e-09,-5.73804628049883e-07,3.69955863689052e-08,-5.88745434996453e-07,-4.0698255634669e-07,-2.51898341866559e-07,-5.1983537367299e-13,-4.51226715588947e-07,-2.89985890652003e-07,-1.6872373257208e-06,-1.64662841597221e-06,3.50304375604454e-10,-6.71736519388588e-09,-5.08716509848786e-11,-8.00635622478482e-09,-2.00119424109998e-12,-1.48025486375612e-08,5.08978995177249e-08,2.13498574133963e-06,2.26600946531519e-11,-9.05069491846709e-10,-5.31797072874005e-10,1.17380277187857e-12,-0.00027801889948129,-0.0351193659251254,5.6593437512985e-10,-0.0102970004688724,0.000467290041316574,5.07944621879267e-06,0.0202134755646508
1135,-2.30823338534053e-08,-9.04534154267043e-08,-5.1825060954487e-08,-4.12402340980349e-08,-7.62861663092602e-10,-2.35695164235667e-10,4.58101419377174e-10,1.36254903338883e-09,-1.09774731560065e-06,-1.23381309552768e-18,-1.5341607229029e-06,-1.90845812793079e-08,-5.79088033928643e-07,-4.23779435895856e-07,-1.75950611124832e-09,-2.78421670771917e-08,2.44257109467291e-07,9.88816406227555e-11,5.13877178412304e-09,-1.44626267075288e-06,-2.40096989762339e-05,9.03295726127487e-16,-2.87706110568816e-06,-1.40639844028878e-06,8.55932767959643e-09,2.08490492500268e-07,1.5029102211124e-14,-8.33476266100464e-18,-1.73232687964459e-07,-2.49746139552052e-06,-4.62100948820276e-06,-4.48723911871167e-09,-2.76322296204505e-08,-2.00462102293043e-10,-1.28831293654178e-08,-2.74529395990458e-09,-3.41986301388224e-08,-1.70898873688332e-07,-4.34104375098784e-07,-0.000348921004109488,-2.06589793127541e-08,-3.00079456870791e-06,-1.1131425768935e-07,-2.21846868246178e-06,-2.14099638658151e-07,-6.89224498020625e-13,-5.83877946797592e-08,-2.80553247180908e-08,-1.42878056549299e-06,2.81904654341453e-08,-9.16168741341916e-07,8.32527754034546e-09,-5.32366648064526e-07,3.42795339528739e-08,-5.56862734497425e-07,-4.02708841284847e-07,-2.49949052965469e-07,-6.70759891455472e-14,-4.18763658143042e-07,-2.92117146615468e-07,-1.62663824042546e-06,-2.21154008608301e-06,4.96371398269358e-10,-7.31684159661496e-09,-5.59712519917679e-11,-8.57827319892429e-09,-2.12686413711202e-12,-1.59266331211436e-08,5.68609753089209e-08,2.39576779800959e-06,2.41581532813461e-11,-9.6526918486316e-10,-5.68914642289961e-10,1.26049587284698e-12,-0.000262868476229073,-0.0332055532852649,2.47267766045066e-10,-0.00973587220819025,0.000419636809078545,3.16161365187043e-06,0.0179705682871641
1140,-2.37636371764291e-08,-8.82551046097818e-08,-4.4888423682335e-08,-4.09054235848198e-08,-9.28101780016051e-10,-4.11219944516886e-10,4.65130602645229e-10,1.38316375222439e-09,-1.07097098718092e-06,-7.01286546441406e-17,-1.46162717464419e-06,-1.86594881067804e-08,-5.95675979651108e-07,-4.37266624428561e-07,-1.72434901270803e-09,-3.05853453034919e-08,1.94202743140784e-07,1.15986744335374e-10,7.30128491366998e-09,-1.37771738902269e-06,-2.26997808707197e-05,1.17344076272192e-15,-2.70331478905775e-06,-1.30516913071615e-06,9.95152594803204e-09,1.98864075527172e-07,2.779449704994e-14,2.01456068058171e-17,-1.64574116639867e-07,-2.35158382115143e-06,-4.36062500709064e-06,-3.99767815930375e-09,-2.54950764375604e-08,-6.45668142760468e-11,-1.14362529766464e-08,-2.05759266465914e-09,-3.5357058460259e-08,-1.61601275725293e-07,-4.11642651610975e-07,-0.000324223885239137,-2.14332564674723e-08,-2.84693095211367e-06,-1.21633738835291e-07,-2.07665695295785e-06,-2.06099252133029e-07,-8.25874200023188e-13,-3.13347090263118e-08,-3.05362567763038e-08,-1.34006454817533e-06,2.56768997667945e-08,-8.38354836819801e-07,8.82832060638386e-09,-4.9179666964072e-07,3.17731831191063e-08,-5.27255506691214e-07,-4.08269910059635e-07,-2.47488567502738e-07,-3.58900688858748e-11,-3.88691110386605e-07,-2.90503205476711e-07,-1.56843659255974e-06,-2.82177624694098e-06,6.00189767448869e-10,-7.95566119002751e-09,-6.28524152943986e-11,-9.24800032584585e-09,-2.30834610412114e-12,-1.71467696230498e-08,6.37846487855652e-08,2.77371396507027e-06,2.66698923324005e-11,-1.04157956489343e-09,-6.15682013508637e-10,1.32318211225528e-12,-0.000248448377017471,-0.0313840007383865,6.67815582205089e-11,-0.00920179285470157,0.000376483641179285,1.81882107388141e-06,0.0159564065201452
1145,-2.44611969801517e-08,-8.66039582299046e-08,-3.91943492224753e-08,-4.04710486677206e-08,-1.08902684654514e-09,-1.7594798860115e-10,4.76423355912857e-10,1.41683243513436e-09,-1.04454097881307e-06,-9.61045987631927e-19,-1.38901911261045e-06,-1.8344452030306e-08,-6.11736943393811e-07,-4.50566267506576e-07,-1.68367358833818e-09,-3.40081016411428e-08,1.40423726010798e-07,1.36345566131196e-10,9.40104099536304e-09,-1.3083202517914e-06,-2.14266680001912e-05,9.49767992751955e-16,-2.53056205256953e-06,-1.20392571111904e-06,1.12523453399732e-08,1.91132741573445e-07,2.08678208220331e-16,1.61950247810161e-18,-1.54226229247142e-07,-2.20305204389688e-06,-4.10835602652187e-06,-3.51092187213736e-09,-2.34795352239141e-08,5.83118741375129e-11,-9.99684230435014e-09,-1.22845432865578e-09,-3.63323567975201e-08,-1.52667435509901e-07,-3.90374829816619e-07,-0.000299008544653121,-2.3764246461494e-08,-2.69190342537561e-06,-1.32192952121349e-07,-1.93529871220987e-06,-1.99538307047925e-07,-1.01342708553612e-12,6.27588349599347e-09,-3.18974325389732e-08,-1.25498600602303e-06,2.32227894281536e-08,-7.5992852639602e-07,9.37894610476144e-09,-4.50732378475549e-07,2.91810116107986e-08,-5.00445410713437e-07,-4.22139751323734e-07,-2.46481256658946e-07,-4.48596274306654e-13,-3.60208746566705e-07,-2.91471749607068e-07,-1.51316921108678e-06,-3.4613840928497e-06,3.72738613296846e-10,-8.30044457609567e-09,-7.08825694493192e-11,-9.80505543235457e-09,-2.5829079024747e-12,-1.79292088247217e-08,6.58765994619669e-08,3.21098690586877e-06,2.9792695728529e-11,-1.12751418160904e-09,-6.68715157148025e-10,1.29122571901246e-12,-0.000234680139527536,-0.0296447991459302,-1.48497138520157e-10,-0.00869185650729409,0.000337206740457666,6.7668222733519e-07,0.0141361640183187
1150,-2.50639945771139e-08,-8.51916273863506e-08,-3.36940352444304e-08,-4.00410552098056e-08,-1.26342913297274e-09,6.06382342197783e-10,4.92107853670907e-10,1.46392366021189e-09,-1.00191553019375e-06,-6.16796763745159e-19,-1.31732754063245e-06,-1.81434812175019e-08,-6.28307881388574e-07,-4.6409598005448e-07,-1.65049981353872e-09,-3.78055768809907e-08,8.62522511867998e-08,1.55992463958164e-10,1.10915169994509e-08,-1.24037472036408e-06,-2.01916159668997e-05,7.75021546701703e-16,-2.36216045686271e-06,-1.10412412534714e-06,1.22245539608208e-08,1.84716505163382e-07,-5.26181512699208e-14,-6.6149423813159e-18,-1.46926081838432e-07,-2.05823398830212e-06,-3.86367919885561e-06,-3.0571067469369e-09,-2.16298987936447e-08,1.16605012053524e-10,-8.69242552704136e-09,-2.80640487044897e-10,-3.77353027597479e-08,-1.44042541685021e-07,-3.70006247185194e-07,-0.000274121227729548,-2.75028511844669e-08,-2.5442279784258e-06,-1.41438510098006e-07,-1.79625522165193e-06,-1.94318698757551e-07,-1.20338960326236e-12,5.76475770199508e-08,-3.1643267747377e-08,-1.17264291626102e-06,2.07904976033524e-08,-6.8313913917597e-07,9.90451258752328e-09,-4.0801811554001e-07,2.63622332580617e-08,-4.7630968677572e-07,-4.40081168356481e-07,-2.4796336316811e-07,1.04045096292501e-13,-3.32638329434896e-07,-2.9852896510778e-07,-1.46091328765962e-06,-4.10149399340172e-06,-9.61128268459183e-11,-8.22649225094598e-09,-7.82895428899816e-11,-1.00641452506123e-08,-2.85437813403437e-12,-1.80209336002052e-08,6.67104864897524e-08,3.64023278073224e-06,3.27862712578853e-11,-1.20441312486788e-09,-7.15901996366967e-10,1.17781297123861e-12,-0.000221399542061709,-0.0279672117667603,-4.91017625836351e-10,-0.00819998114490819,0.000300894716923753,-6.59631726402168e-07,0.0124590711424767
1155,-2.56050083566103e-08,-8.37564421213932e-08,-2.81004208852007e-08,-3.96652330859642e-08,-1.45396509060446e-09,1.64872138606683e-09,5.11909381066396e-10,1.52352787666957e-09,-9.52369834891941e-07,-1.32608656930646e-16,-1.24624113723512e-06,-1.8023010663528e-08,-6.44861038087414e-07,-4.77528035891764e-07,-1.62243741771512e-09,-4.17529154008212e-08,3.29575824338465e-08,1.74885134017518e-10,1.25905157297784e-08,-1.1731998276786e-06,-1.89871944870604e-05,1.05769874238803e-15,-2.19682878074771e-06,-1.00537117005213e-06,1.32466882358542e-08,1.79232675670892e-07,-8.94964424651861e-14,-2.52561750594178e-18,-1.41387686032007e-07,-1.91549337898616e-06,-3.62524677846161e-06,-2.63177387145977e-09,-1.99062940827843e-08,1.3052191972874e-10,-7.51054258675609e-09,7.81689376299927e-10,-3.92779127336297e-08,-1.35677029834365e-07,-3.50408812971843e-07,-0.000249367994269686,-3.19457917459665e-08,-2.40329810638797e-06,-1.49304403153015e-07,-1.65915135291759e-06,-1.90055984976727e-07,-1.38076133522864e-12,1.20223106097236e-07,-3.1507356036822e-08,-1.09268197118839e-06,1.84959519701546e-08,-6.07571424092059e-07,1.04159147291649e-08,-3.63905686110291e-07,2.35918960223571e-08,-4.5383408439318e-07,-4.58391399880961e-07,-2.50326352938355e-07,-9.1262073225369e-11,-3.0591856907197e-07,-3.08030038897232e-07,-1.41103255322835e-06,-4.73282530369645e-06,-4.79615595321326e-10,-8.18473006134559e-09,-8.5174197906151e-11,-1.02841493630914e-08,-3.09284456346891e-12,-1.81591091250661e-08,6.86924403395537e-08,4.06414208085563e-06,3.57060776328312e-11,-1.2742448016356e-09,-7.5860244490948e-10,9.80852378732321e-13,-0.000208538858535635,-0.0263426849155855,-9.11024146858664e-10,-0.00772365837347311,0.000267075743073618,-2.2122702369033e-06,0.0108996112278707
1160,-2.61067272011719e-08,-8.2118522762785e-08,-2.22222591228554e-08,-3.93876011015054e-08,-1.65765430242222e-09,2.74702425724584e-09,5.35539527558821e-10,1.59498032025334e-09,-9.02883654424704e-07,-1.22680358458534e-17,-1.17546636176854e-06,-1.79584076872356e-08,-6.60952100011589e-07,-4.90631782809028e-07,-1.59376426077596e-09,-4.56724799783466e-08,-1.85174957900902e-08,1.92941570346279e-10,1.40258949386625e-08,-1.10615330406979e-06,-1.78064680000765e-05,9.26285648660028e-16,-2.03337805094946e-06,-9.07351909815949e-07,1.45127616342496e-08,1.74299328250448e-07,-1.07641646461527e-13,6.09978403238323e-18,-1.36697794347654e-07,-1.7732838571823e-06,-3.3918345959622e-06,-2.22152806047165e-09,-1.82625187677503e-08,1.39261061032637e-10,-6.37785085652341e-09,1.95959931445056e-09,-4.09280662052294e-08,-1.27518595486155e-07,-3.31483040285702e-07,-0.000224564597432534,-3.65139437246972e-08,-2.26849994516493e-06,-1.55778212832041e-07,-1.5236328288788e-06,-1.86424272766281e-07,-1.54289087811441e-12,1.91466507732522e-07,-3.24100859557563e-08,-1.01498132734525e-06,1.6466602428953e-08,-5.32833139163141e-07,1.09616140422529e-08,-3.18687932518716e-07,2.11363394015233e-08,-4.31996771004188e-07,-4.74163636028723e-07,-2.52207628769085e-07,-8.16287824689768e-12,-2.79864408983089e-07,-3.17120712809155e-07,-1.36286380338378e-06,-5.34742173493182e-06,-6.09781115682041e-10,-8.41482528481502e-09,-9.15326552865528e-11,-1.06442384506941e-08,-3.27540618769505e-12,-1.87446302378576e-08,7.41098525614155e-08,4.48476028891895e-06,3.8335263488064e-11,-1.33579057646188e-09,-7.97119454988513e-10,1.05572327109421e-12,-0.00019603414531336,-0.0247631421824739,-1.39542383198815e-09,-0.0072605197606896,0.000235326354479167,-3.99416470275036e-06,0.00943511673020744
1165,-2.65843834784448e-08,-8.01560878629319e-08,-1.59303085795127e-08,-3.92427758050609e-08,-1.87228444870049e-09,3.75518908873815e-09,5.62859208350747e-10,1.67763269795146e-09,-8.58670395401595e-07,-6.40684318569169e-18,-1.10472631582143e-06,-1.79062628418854e-08,-6.76292240007498e-07,-5.03208427379003e-07,-1.55923622167812e-09,-4.94191461048541e-08,-6.7521892588902e-08,2.10612685657163e-10,1.54722475110917e-08,-1.03862834814301e-06,-1.66428899650451e-05,1.13848696986878e-15,-1.87067479662467e-06,-8.09770465997263e-07,1.58702270229315e-08,1.69533770611135e-07,-1.14875033856335e-13,-2.03441271815894e-18,-1.32211419718813e-07,-1.63013306690872e-06,-3.16229017189249e-06,-1.80797594256629e-09,-1.66535537929346e-08,1.7886237380005e-10,-5.2162107707224e-09,3.25922237896157e-09,-4.28225718109461e-08,-1.19516887769402e-07,-3.13142886412881e-07,-0.000199536209309338,-4.0674433332241e-08,-2.13924863680034e-06,-1.60861297708246e-07,-1.38935808068993e-06,-1.83041578143283e-07,-1.69123004363154e-12,2.68955627424509e-07,-3.40728437037703e-08,-9.3948388863625e-07,1.48154103184422e-08,-4.58543463475596e-07,1.15926285768484e-08,-2.72648816686475e-07,1.92213852745072e-08,-4.09913747386781e-07,-4.85451549194067e-07,-2.52676207057525e-07,3.25612235210583e-12,-2.54285425491802e-07,-3.23607469446155e-07,-1.31577759005487e-06,-5.94501430475287e-06,-6.83726768981683e-10,-8.84228635917035e-09,-9.73671626446396e-11,-1.11341447206686e-08,-3.43334426305465e-12,-1.96450154950958e-08,8.01829915440795e-08,4.90878338505969e-06,4.10631972499812e-11,-1.39230665742275e-09,-8.31910175574196e-10,1.07589608541314e-12,-0.000183825179491247,-0.0232209770459754,-1.94092845863151e-09,-0.00680833466851026,0.000205268387392739,-6.01294608881375e-06,0.00804555576673263
1170,-2.70488906742424e-08,-7.77884215521451e-08,-9.12034287346973e-09,-3.92492453924483e-08,-2.10328296528911e-09,4.56204655722305e-09,5.93953419802093e-10,1.77104227090233e-09,-8.23657598044394e-07,-5.5207707424636e-18,-1.03375829535038e-06,-1.78114727573307e-08,-6.90671187941909e-07,-5.15028649815781e-07,-1.51972840470495e-09,-5.28640327342951e-08,-1.1371148010397e-07,2.2807504112886e-10,1.69748339956875e-08,-9.70047725569649e-07,-1.5490096288206e-05,1.10615432622608e-15,-1.70757703630443e-06,-7.1224849705628e-07,1.70888815247286e-08,1.64567906063275e-07,-1.39362717179048e-13,6.34229736930044e-19,-1.27458874498718e-07,-1.48461504611012e-06,-2.93543888891322e-06,-1.38568168350047e-09,-1.5048143427057e-08,2.49433044382056e-10,-4.03774083325273e-09,4.68464525087128e-09,-4.50713931736063e-08,-1.11631494924249e-07,-2.952824450996e-07,-0.000174116292052618,-4.39626611499276e-08,-2.01504579593886e-06,-1.64573194996803e-07,-1.25598310356605e-06,-1.79486496650934e-07,-1.83298035817569e-12,3.50546189832489e-07,-3.54454563589837e-08,-8.65881557024551e-07,1.36002167058458e-08,-3.8431295365984e-07,1.23013936147265e-08,-2.25974439854127e-07,1.79835676805377e-08,-3.87038582939698e-07,-4.91358403993726e-07,-2.51289453315054e-07,-3.28236360170175e-12,-2.29178784740775e-07,-3.25846062380474e-07,-1.26927394990764e-06,-6.52861141602281e-06,-9.03420584777136e-10,-9.19386758825697e-09,-1.02581005059383e-10,-1.15753993339878e-08,-3.58809452439968e-12,-2.04059214171444e-08,8.54457138676488e-08,5.34083378250664e-06,4.38922334936934e-11,-1.44322526039593e-09,-8.62630476390114e-10,1.09117369952443e-12,-0.00017185493928743,-0.0217089879187178,-2.54630004132918e-09,-0.00636499120929921,0.00017656092249555,-8.27248624188197e-06,0.00671305610010955
1175,-2.75073345292751e-08,-7.49630893858915e-08,-1.71171170387057e-09,-3.9415988826315e-08,-2.35463033690843e-09,5.08738359523428e-09,6.28856656836467e-10,1.87507124716104e-09,-8.00754418420233e-07,-1.11440233458121e-17,-9.62314086994277e-07,-1.76411902391495e-08,-7.03857803250868e-07,-5.25922398576476e-07,-1.47586700862845e-09,-5.59054204548649e-08,-1.56864463611936e-07,2.45068514069694e-10,1.85611239933439e-08,-8.99864013827495e-07,-1.43420388127493e-05,9.96143551196857e-16,-1.54298261076226e-06,-6.14421928158936e-07,1.83165022940787e-08,1.59072046085274e-07,-1.64063621464232e-13,-1.98087636289045e-17,-1.22104896358738e-07,-1.33535958036194e-06,-2.71016338257488e-06,-9.53019956681798e-10,-1.34161154978334e-08,3.5222710718035e-10,-2.85135114005053e-09,6.23789915704382e-09,-4.76105519084332e-08,-1.03824027224969e-07,-2.77800519964842e-07,-0.000148145928766644,-4.60445510621857e-08,-1.89541784166164e-06,-1.66942897310888e-07,-1.12317287038057e-06,-1.75440558374344e-07,-1.97397294256926e-12,4.34168257358132e-07,-3.67768341351569e-08,-7.93881870061377e-07,1.28706057418688e-08,-3.09758677859623e-07,1.3080499621572e-08,-1.78842082656706e-07,1.75369726359974e-08,-3.62889525548317e-07,-4.91082849864294e-07,-2.47450174419961e-07,-4.66477560747005e-12,-2.04539272029695e-07,-3.22579763201952e-07,-1.22287344647147e-06,-7.09526552405492e-06,-1.10345182610366e-09,-9.5361673517151e-09,-1.07271358394612e-10,-1.19815033750291e-08,-3.71760327101684e-12,-2.11473605485665e-08,9.23119952005348e-08,5.78044000167547e-06,4.66642807657102e-11,-1.48811471737093e-09,-8.90092541948165e-10,1.20874439023239e-12,-0.000160069518760442,-0.0202203667032516,-3.21076507091483e-09,-0.00592849289009893,0.000148897576901085,-1.07741273077376e-05,0.00542172951151096
1180,-2.79634435756615e-08,-7.16394524902727e-08,6.34940233997755e-09,-3.97555344934558e-08,-2.62330824115477e-09,5.27461530186437e-09,6.67441911202671e-10,1.98966678761055e-09,-7.92202067118447e-07,2.42338875286669e-17,-8.90158861047589e-07,-1.73815724505425e-08,-7.15628110066444e-07,-5.35815715228287e-07,-1.42273573687763e-09,-5.84707054533935e-08,-1.96706207006439e-07,2.61388032934094e-10,2.02500918849104e-08,-8.27555552519979e-07,-1.319310702293e-05,1.82162810231792e-15,-1.37586875672343e-06,-5.16030012135292e-07,1.98114327654983e-08,1.52736786762045e-07,-1.52080501210645e-13,2.56932320904801e-18,-1.15910073618642e-07,-1.18105020733156e-06,-2.48547855621498e-06,-4.96452469519742e-10,-1.17163924459617e-08,5.20521057227105e-10,-1.57559953228832e-09,7.92406744430954e-09,-5.03945227704735e-08,-9.60505539160818e-08,-2.60629024274568e-07,-0.000121472193165957,-4.66698864293027e-08,-1.77986549051269e-06,-1.67948984093448e-07,-9.90612338050812e-07,-1.70683700884736e-07,-2.08762689413979e-12,5.1763808015921e-07,-3.90932805887373e-08,-7.23485311487185e-07,1.27107410258628e-08,-2.34516759921923e-07,1.39790248956638e-08,-1.31506100021914e-07,1.80336357910839e-08,-3.36833971742597e-07,-4.83501701115645e-07,-2.40321610516418e-07,5.68839095708345e-12,-1.8018790196467e-07,-3.12756040059089e-07,-1.17602403034543e-06,-7.63916591721154e-06,-1.07938511895171e-09,-1.01368156947094e-08,-1.11198865078771e-10,-1.2525743114509e-08,-3.78693110207136e-12,-2.23138555367978e-08,1.02699988495019e-07,6.22720269888752e-06,4.930158125191e-11,-1.52437535238582e-09,-9.12623375141788e-10,1.22253359994815e-12,-0.00014841830761397,-0.0187487209217976,-3.93573384326759e-09,-0.00549696508783075,0.000122006782122361,-1.35218552820091e-05,0.00415761558881511
1185,-2.84191352401731e-08,-6.77941907634178e-08,1.50912006812043e-08,-4.02782365971502e-08,-2.90633735150068e-09,5.08512762980661e-09,7.09631611094843e-10,2.1147763519169e-09,-7.99571726150022e-07,5.09095818868608e-17,-8.1707091473957e-07,-1.70116890812786e-08,-7.25828655240213e-07,-5.44650195641269e-07,-1.35511302758345e-09,-6.05039077147069e-08,-2.33063913382148e-07,2.77152094367394e-10,2.20536855022734e-08,-7.52626451448621e-07,-1.20379593053481e-05,2.49420072339821e-15,-1.2052450911366e-06,-4.16835557573174e-07,2.15538729492741e-08,1.45253625205459e-07,-1.26848278728375e-13,-7.0532475967429e-18,-1.08710247476961e-07,-1.02041155782997e-06,-2.26045420973662e-06,1.69040996055307e-12,-9.90707492591938e-09,7.89152243743251e-10,-1.14836085430391e-10,9.75063843977093e-09,-5.35187036157971e-08,-8.82675167688844e-08,-2.43710810030596e-07,-9.39492375818693e-05,-4.56160934434506e-08,-1.66789740828479e-06,-1.676419582395e-07,-8.57993467089599e-07,-1.64983181907071e-07,-2.1896795662126e-12,5.98795327872935e-07,-4.24407939674435e-08,-6.54759826791034e-07,1.31996550261526e-08,-1.58227645882388e-07,1.50546300389858e-08,-8.4232815183888e-08,1.96080303381869e-08,-3.08300332507462e-07,-4.6790801597111e-07,-2.29358088239049e-07,3.01000051252876e-11,-1.55924633358738e-07,-2.95590350977904e-07,-1.12818623263635e-06,-8.15863357648798e-06,-8.77966159812286e-10,-1.10074324500452e-08,-1.14611877577063e-10,-1.32376735591286e-08,-3.81196265878152e-12,-2.3918905449289e-08,1.16528258426468e-07,6.68278325543523e-06,5.18747038153754e-11,-1.55524556190161e-09,-9.32190803583394e-10,1.43792040912945e-12,-0.000136853207131477,-0.0172879751614839,-4.71973954742976e-09,-0.00506862617061875,9.56418682209002e-05,-1.65146114947806e-05,0.00290818585243907
1190,-2.88751148845911e-08,-6.34120050616892e-08,2.45366437093517e-08,-4.09905097081077e-08,-3.20354301912467e-09,4.48913680937343e-09,7.55426690702252e-10,2.25041775365238e-09,-8.24009151271082e-07,1.95361327413899e-18,-7.42839759399132e-07,-1.65049675057014e-08,-7.34358215203039e-07,-5.52365835037067e-07,-1.26943756469969e-09,-6.19585592225702e-08,-2.65843021902309e-07,2.92410509493423e-10,2.39811266144834e-08,-6.74600401001657e-07,-1.08714514902326e-05,2.39709121989691e-15,-1.030125387358e-06,-3.16590342313939e-07,2.34523345507419e-08,1.36324021101345e-07,-1.05087324747521e-13,5.35226542336026e-18,-1.00387078145419e-07,-8.52187202295348e-07,-2.03418488649027e-06,5.57436312298879e-10,-7.94939426806719e-09,1.18356036227327e-09,1.60926564846656e-09,1.17254241527921e-08,-5.70940413796039e-08,-8.04345152415265e-08,-2.26989214720391e-07,-6.54366647974343e-05,-4.26829344652565e-08,-1.55905737535442e-06,-1.66035991613799e-07,-7.2501084519371e-07,-1.58093519309689e-07,-2.28561414933246e-12,6.75565254707922e-07,-4.64699396788814e-08,-5.87737330101836e-07,1.43998027413095e-08,-8.05277839929254e-08,1.6353325725184e-08,-3.72695385233112e-08,2.23655847830707e-08,-2.7683437438921e-07,-4.43927293828527e-07,-2.14213156948603e-07,1.65422827960593e-12,-1.31596362221714e-07,-2.70482983871802e-07,-1.078863456292e-06,-8.65431101486446e-06,-6.02740147599143e-10,-1.20570305451431e-08,-1.17526889690567e-10,-1.4064397392879e-08,-3.80862469546715e-12,-2.5807912229511e-08,1.33023462646731e-07,7.14944689957981e-06,5.44772153387878e-11,-1.58148450980815e-09,-9.48925525409068e-10,1.9884518094456e-12,-0.0001253287468217,-0.0158323860753448,-5.56290223046912e-09,-0.00464179188463996,6.95815081142395e-05,-1.97523344647437e-05,0.0016623127200098
1195,-2.93311776135436e-08,-5.84831347285344e-08,3.47081531085569e-08,-4.18947952777698e-08,-3.51663096968809e-09,3.46349114220095e-09,8.04850349689998e-10,2.39668748622508e-09,-8.66328281007501e-07,7.80302517790851e-19,-6.67265644378321e-07,-1.58396413993262e-08,-7.4112092321928e-07,-5.58907731331661e-07,-1.16352429764058e-09,-6.27967601293984e-08,-2.95003374577281e-07,3.07037693833718e-10,2.60401297003288e-08,-5.93018427867972e-07,-9.68862520004194e-06,3.18657615216814e-15,-8.49522442092468e-07,-2.1503587166003e-07,2.55080693450846e-08,1.25670589276946e-07,-6.21041980065953e-14,-8.00503059874473e-18,-9.08547043924063e-08,-6.75130817190848e-07,-1.80578896323367e-06,1.18315102591153e-09,-5.80734335477337e-09,1.72148829329048e-09,3.65885524656787e-09,1.38547709884503e-08,-6.11666268011885e-08,-7.25142586223791e-08,-2.10406439447409e-07,-3.57989029952738e-05,-3.771273487811e-08,-1.45292491953746e-06,-1.63145126611945e-07,-5.91361664636543e-07,-1.49796088969633e-07,-2.3649719431872e-12,7.45959721480472e-07,-5.10393247670677e-08,-5.22406548894963e-07,1.63596094334552e-08,-1.04853953647004e-09,1.79097913489219e-08,9.15506477365037e-09,2.63883077955944e-08,-2.42078691251462e-07,-4.11329182717675e-07,-1.94595090051249e-07,-1.07203312852871e-13,-1.0709519510637e-07,-2.36972742208547e-07,-1.0275975575458e-06,-9.1256188948682e-06,-2.32163453619672e-10,-1.32498571124318e-08,-1.19794901452927e-10,-1.49700821651262e-08,-3.75595274136574e-12,-2.7922579384852e-08,1.53223957330285e-07,7.6273919281737e-06,5.69742517298023e-11,-1.6006656286146e-09,-9.61781920937358e-10,2.4267655651101e-12,-0.000113802081722365,-0.0143765420421088,-6.46541739194048e-09,-0.00421487525196304,4.36285208821026e-05,-2.32356308323719e-05,0.000410182325996239
1200,-2.97861668258e-08,-5.30025162611517e-08,4.56204377423807e-08,-4.29925623445394e-08,-3.84576436193897e-09,1.99292214426558e-09,8.57869563916751e-10,2.55366776869825e-09,-9.27041998564235e-07,4.17140171715068e-18,-5.90159236105121e-07,-1.50002845322842e-08,-7.4602782556737e-07,-5.64252985367315e-07,-1.03335917478674e-09,-6.29928942985874e-08,-3.20508702974583e-07,3.20946344486441e-10,2.82375407560509e-08,-5.07437587416489e-07,-8.48474825347101e-06,3.97720996034931e-15,-6.62467682969717e-07,-1.11953266898443e-07,2.77922326299728e-08,1.13034903382106e-07,-5.31046684566081e-15,3.85535289607312e-18,-8.00544883640979e-08,-4.88004279243733e-07,-1.57444460137831e-06,1.89568325610624e-09,-3.44073319026524e-09,2.43122797036485e-09,6.1290021831518e-09,1.61458630037222e-08,-6.5759842511223e-08,-6.44680683510348e-08,-1.93918148073644e-07,-4.90479302866478e-06,-3.05785789517254e-08,-1.34907740838293e-06,-1.58991176954753e-07,-4.56749990843084e-07,-1.39908331232072e-07,-2.42955161552862e-12,8.07971892138604e-07,-5.63303746569953e-08,-4.58862801834144e-07,1.91367691462726e-08,8.05776368198274e-08,1.97791607764634e-08,5.47820672035052e-08,3.17666445241158e-08,-2.03650738742361e-07,-3.6978392302372e-07,-1.70145686388165e-07,2.35417030755121e-12,-8.22566887546464e-08,-1.94687829878363e-07,-9.73912089391142e-07,-9.57105390012742e-06,2.6398552301099e-10,-1.46335624163857e-08,-1.21472826537256e-10,-1.5981007538064e-08,-3.65483644231955e-12,-3.03368033887508e-08,1.78103851919807e-07,8.11682952176497e-06,5.9342709425077e-11,-1.61350151744312e-09,-9.71103491870185e-10,3.04602620745973e-12,-0.000102232625825144,-0.0129153164951087,-7.42707331767139e-09,-0.00378637289011143,1.76052668101516e-05,-2.69641506991177e-05,-0.000856950747691737
1205,-3.03233148069818e-08,-5.026263609674e-08,5.06148833807794e-08,-4.42206225783463e-08,-4.21338696226942e-09,2.4691966149156e-10,9.14411294129135e-10,2.72112951905426e-09,-9.99589956339993e-07,2.68841358682467e-19,-5.13999903087776e-07,-1.39836747571278e-08,-7.4899839891452e-07,-5.68612189704286e-07,-8.70751516371225e-10,-6.26415564614534e-08,-3.46717580506294e-07,3.4106182967241e-10,3.06772858069714e-08,-4.19397433872605e-07,-7.33496338979215e-06,5.33314054269327e-15,-4.74698797443538e-07,-1.05774529005585e-08,3.04692112275722e-08,9.79955057997186e-08,6.27467290085949e-14,-1.99593129888993e-18,-6.54657589489016e-08,-2.93294309442618e-07,-1.35631953471881e-06,2.71696661577546e-09,-8.08279516071013e-10,3.35204299482539e-09,9.118494371559e-09,1.85956304183372e-08,-7.08463672248339e-08,-5.69357773674446e-08,-1.79256166090352e-07,2.68357010061183e-05,-2.16053798134416e-08,-1.23852765665337e-06,-1.54137326963312e-07,-3.21473970324206e-07,-1.28912555192077e-07,-2.46068641044447e-12,8.66524017364087e-07,-6.26678404632157e-08,-4.01936487026561e-07,2.49046404882825e-08,1.64370556139367e-07,2.56704164790849e-08,9.88096073055546e-08,4.06629155811621e-08,-1.62907204035189e-07,-3.2454111272799e-07,-1.42378606241007e-07,-7.78958606985072e-16,-5.86674106970437e-08,-1.52664881392473e-07,-9.18285851086631e-07,-9.96135761396158e-06,8.715116560959e-10,-1.62938586306741e-08,-1.23268074989803e-10,-1.71753686765995e-08,-3.51067315650607e-12,-3.32224361095664e-08,2.10600086396727e-07,8.67236161207553e-06,6.23264548272003e-11,-1.62820648784824e-09,-9.81743820295171e-10,3.88161626786272e-12,-9.17243173027911e-05,-0.0115880941818978,-7.01463343855371e-09,-0.00339717119696599,-3.99933332094005e-06,-2.78004353863794e-05,-0.00188290140568662
1210,-3.09444430400904e-08,-5.11993486915418e-08,4.7622117055275e-08,-4.54511857097835e-08,-4.62569399287983e-09,-1.53228830691599e-09,9.75519523694436e-10,2.90215158031294e-09,-1.0745527538661e-06,2.40811279982344e-18,-4.40482184639434e-07,-1.28075642822152e-08,-7.50576996352118e-07,-5.72407683688847e-07,-6.73288107365426e-10,-6.19806432640225e-08,-3.76190437256946e-07,3.66100300345171e-10,3.33112478875931e-08,-3.30459901308689e-07,-6.2874514047163e-06,6.6003838183695e-15,-2.90523158963478e-07,8.70696719612691e-08,3.33307321247195e-08,8.06998590264958e-08,1.12317277453795e-13,-1.55327324766907e-17,-4.70384513044881e-08,-9.39568302316665e-08,-1.16151303057282e-06,3.66254354518413e-09,2.08203294023185e-09,4.49199416003512e-09,1.26997104852036e-08,2.12262477103607e-08,-7.65450447674475e-08,-5.03080534199422e-08,-1.67515041079318e-07,5.90011849601231e-05,-1.15085927971208e-08,-1.11302519281612e-06,-1.49876396203763e-07,-1.85833581846069e-07,-1.17384366782436e-07,-2.49841181016701e-12,9.26882292652095e-07,-6.88798093632249e-08,-3.54757634419172e-07,3.49462961855387e-08,2.50090553047181e-07,3.84073768903043e-08,1.41024121193163e-07,5.40424665486866e-08,-1.21273227804726e-07,-2.80567272039889e-07,-1.1366302102957e-07,-3.69700717182551e-14,-3.68883994505586e-08,-1.18905817860206e-07,-8.61468833820123e-07,-1.03049997277797e-05,1.31015281689953e-09,-1.79220256172607e-08,-1.25327752990596e-10,-1.8389886906944e-08,-3.38849510801738e-12,-3.60541098849066e-08,2.44914308458417e-07,9.32137375540724e-06,6.61255821104785e-11,-1.64616741062397e-09,-9.94489482062986e-10,4.77229904181091e-12,-8.29438566394847e-05,-0.0104790529600037,-5.75777281085830e-09,-0.00307196263371616,-1.875648303876e-05,-2.54161691700706e-05,-0.00253176109094033
1215,-3.15552178930753e-08,-5.31447793714618e-08,4.2100941842108e-08,-4.66129003270571e-08,-5.06564189213894e-09,-3.26946356153721e-09,1.04234913819872e-09,3.10030251362741e-09,-1.14871737049419e-06,7.23055804096693e-17,-3.68309223379345e-07,-1.14984692393127e-08,-7.51463025271311e-07,-5.75860698530207e-07,-4.51675117335683e-10,-6.11701917252277e-08,-4.06962647999069e-07,3.94265621291234e-10,3.59868782412908e-08,-2.40245097962454e-07,-5.29894686629055e-06,7.53706254719239e-15,-1.06914054241396e-07,1.83018310676965e-07,3.59571386197025e-08,6.17665804559937e-08,1.23327831394409e-13,9.28199152234717e-17,-2.76347716933972e-08,1.10523183585028e-07,-9.80463433382353e-07,4.71952046568951e-09,5.18363904837083e-09,5.79694255536794e-09,1.6823199961102e-08,2.40543754067371e-08,-8.27345587886926e-08,-4.42014529845691e-08,-1.57686005515579e-07,9.16933527238781e-05,-7.36050599509216e-10,-9.73298074047757e-07,-1.46652476944453e-07,-4.95535363220509e-08,-1.05313210480418e-07,-2.5361820780651e-12,9.87828416389228e-07,-7.34739027195865e-08,-3.14516191255473e-07,4.8061080466377e-08,3.37728609039433e-07,5.67196754222067e-08,1.82144232631627e-07,7.03410071433003e-08,-7.87659942762017e-08,-2.37735137120001e-07,-8.50515524140223e-08,-5.36720841357717e-13,-1.56552297531295e-08,-9.19182569537971e-08,-8.03536488247413e-07,-1.06409852882303e-05,1.39201348373854e-09,-1.91301127844704e-08,-1.26558585666672e-10,-1.93159629002894e-08,-3.28590300152392e-12,-3.81724132221885e-08,2.78037950582727e-07,1.00221264333783e-05,7.01897920758199e-11,-1.65516678136828e-09,-1.00095462408989e-09,6.37156643190934e-12,-7.52260169142343e-05,-0.00950419823840316,-4.87537297355165e-09,-0.00278610926831466,-2.96689809923699e-05,-2.26416418301493e-05,-0.00297610125713124
1220,-3.20915446104796e-08,-5.43046723343322e-08,3.79783449451935e-08,-4.76635374917382e-08,-5.51931248283606e-09,-4.90932037141021e-09,1.11547237026177e-09,3.31736999985515e-09,-1.21966022985386e-06,2.75214305617448e-18,-2.96267202684168e-07,-1.00875569790225e-08,-7.5220246615597e-07,-5.7913786370866e-07,-2.17890037255092e-10,-6.03385528710274e-08,-4.37738943613856e-07,4.24201685350681e-10,3.86127497688996e-08,-1.48406387619629e-07,-4.32868503238025e-06,8.80299740074972e-15,7.89690232669669e-08,2.79193824537773e-07,3.81838315086271e-08,4.18225095146802e-08,1.03990671542617e-13,-1.94061461891323e-18,-9.28864645649334e-09,3.20589783509723e-07,-8.04135966450125e-07,5.8657931556293e-09,8.44449780023185e-09,7.20265551437361e-09,2.13907911842476e-08,2.70719479850344e-08,-8.90636177934968e-08,-3.82609748939159e-08,-1.48781056855879e-07,0.00012499856124191,1.03175767968112e-08,-8.20071881427204e-07,-1.44566336289504e-07,8.76043410426256e-08,-9.27016780994842e-08,-2.61216402583893e-12,1.04826769807532e-06,-7.62197495449018e-08,-2.78259835227463e-07,6.31800943366233e-08,4.27264454952284e-07,7.93829511067036e-08,2.22917056085859e-07,8.82156368678911e-08,-3.55075387615487e-08,-1.95996501704014e-07,-5.73708421154406e-08,-3.07236864552523e-14,5.96802531412204e-09,-7.05829873611151e-08,-7.44639526984211e-07,-1.09951120867647e-05,1.15052315530182e-09,-1.98595403132884e-08,-1.28050765218397e-10,-1.98647655874122e-08,-3.22335575636536e-12,-3.94804498108854e-08,3.08847587152082e-07,1.07394105353206e-05,7.44059639714958e-11,-1.66601689920899e-09,-1.00961747209597e-09,6.19174867608217e-12,-6.7943857105147e-05,-0.00858437001860082,-4.68100559774263e-09,-0.00251639126770253,-3.94253309365087e-05,-2.10793860188512e-05,-0.00336882990528739
1225,-3.25102241010357e-08,-5.34538317437558e-08,3.81027782538569e-08,-4.85825901509288e-08,-5.97424746786588e-09,-6.4100363675582e-09,1.19501031192303e-09,3.55369236565152e-09,-1.28554082450774e-06,-6.10239103268208e-20,-2.23219251496265e-07,-8.60599897085782e-09,-7.53267244029862e-07,-5.82393295950771e-07,1.6274815971714e-11,-5.95934193342722e-08,-4.67626601088567e-07,4.54803152614198e-10,4.11305300024972e-08,-5.46309357469249e-08,-3.33825220967357e-06,9.47105545588566e-15,2.69771004264262e-07,3.77396251904054e-07,3.99035767783398e-08,2.14794258876039e-08,4.77954328427693e-14,1.46978698671382e-17,6.53355827098363e-09,5.36600523839711e-07,-6.24002687650199e-07,7.07508671007726e-09,1.18098048948835e-08,8.64338260163189e-09,2.62795892671813e-08,3.02539690197135e-08,-9.51836047189042e-08,-3.21556290603426e-08,-1.39842622345152e-07,0.000158986760288405,2.1310981458659e-08,-6.54070709095278e-07,-1.43640342766252e-07,2.25837104954636e-07,-7.95526100259431e-08,-2.6948725397428e-12,1.10716609701588e-06,-7.71154573292616e-08,-2.430113502237e-07,7.93486195924027e-08,5.18659166956546e-07,1.05213708724638e-07,2.64081981109039e-07,1.06509525655571e-07,8.33785229785542e-09,-1.55374251027854e-07,-3.13689823430419e-08,4.38237988639148e-15,2.86953706335706e-08,-5.40497851699734e-08,-6.84975862906004e-07,-1.13856229025741e-05,5.85712668446648e-10,-2.01104690377786e-08,-1.28456507834411e-10,-2.00198635922574e-08,-3.18098521108722e-12,-3.99831971001996e-08,3.36163250847259e-07,1.14443370301684e-05,7.82568698679171e-11,-1.66450157256456e-09,-1.01008107872264e-09,6.71576007891849e-12,-6.05055284126459e-05,-0.00764483945918257,-5.27416278488048e-09,-0.0022408885627489,-5.04395461346872e-05,-2.16617048838215e-05,-0.00384585772294554
1230,-3.27834524597589e-08,-4.97636721437066e-08,4.45222829406092e-08,-4.93638219657895e-08,-6.41947409261789e-09,-7.74011665445172e-09,1.2807059759107e-09,3.80845761364025e-09,-1.34497408192697e-06,9.47699468311828e-19,-1.48102064479581e-07,-7.08593275182386e-09,-7.55047614209655e-07,-5.85763466326374e-07,2.39414897183583e-10,-5.90243982555408e-08,-4.96007422051567e-07,4.84976059761743e-10,4.35012952972675e-08,4.13597850488939e-08,-2.29149797370015e-06,1.09310041842206e-14,4.67938102846644e-07,4.7929689841769e-07,4.10557678678099e-08,1.3252496589851e-09,-3.67697073817998e-14,-2.14105983705525e-16,1.87797816512707e-08,7.5881619044704e-07,-4.32025937632881e-07,8.31754900369252e-09,1.5222326360466e-08,1.00533190964314e-08,3.13468883823757e-08,3.35623316778163e-08,-1.00790003419037e-07,-2.55767643220595e-08,-1.2994619686202e-07,0.000193710909890575,3.19437882200468e-08,-4.76026094833047e-07,-1.4386832062773e-07,3.65299174831061e-07,-6.58752460441117e-08,-2.74640808063544e-12,1.16353642589158e-06,-7.63652963377516e-08,-2.05808352859493e-07,9.57092630511491e-08,6.1185187282744e-07,1.33058005990256e-07,3.06357741879125e-07,1.24221885394562e-07,5.25810884071475e-08,-1.15930295728567e-07,-7.695297640055e-09,-6.11606079934412e-13,5.3062318365774e-08,-4.16783812750463e-08,-6.24781584928455e-07,-1.18244388924601e-05,-2.41208787267314e-10,-1.99363423254728e-08,-1.25338854329073e-10,-1.9813173399197e-08,-3.08085342696397e-12,-3.97763278980502e-08,3.59121321616228e-07,1.21123404429105e-05,8.15481189643493e-11,-1.62752163123809e-09,-9.82893216595027e-10,7.23665001862097e-12,-5.23525732444804e-05,-0.00661509405011355,-6.67672285653999e-09,-0.00193891783719929,-6.48761339465875e-05,-2.49188964090616e-05,-0.00452779397088057
1235,-3.28947664767117e-08,-4.26802429765291e-08,5.86925977930974e-08,-5.00095361884629e-08,-6.84494157425901e-09,-8.87579017600662e-09,1.3719633639223e-09,4.07987104667262e-09,-1.39693595259219e-06,-1.0948248621279e-18,-6.99231793397258e-08,-5.56105675949202e-09,-7.57762689359413e-07,-5.89290244311702e-07,4.41578343850452e-10,-5.86963590141157e-08,-5.22440255359201e-07,5.13593115997157e-10,4.56971125936909e-08,1.39809145723849e-07,-1.1544743257498e-06,1.02618748117268e-14,6.7570968818144e-07,5.86426531507718e-07,4.16317428478465e-08,-1.80825199138506e-08,-1.40743058457827e-13,-2.31043927406726e-17,2.66999991060654e-08,9.87390380494751e-07,-2.20651926517006e-07,9.56189767841306e-09,1.86239721697213e-08,1.13710206723205e-08,3.6443555404847e-08,3.69496343923199e-08,-1.05652013859345e-07,-1.82358667875209e-08,-1.18205422656112e-07,0.000229206804799118,4.19487266725503e-08,-2.86680404467265e-07,-1.45230757314011e-07,5.06100030676905e-07,-5.16901883682396e-08,-2.89843879801e-12,1.21641280507471e-06,-7.42866860307823e-08,-1.63763672997119e-07,1.11491637258981e-07,7.06755015334629e-07,1.61788881743554e-07,3.50423824206305e-07,1.40488317359113e-07,9.70419847372034e-08,-7.77104234560692e-08,1.31080243731829e-08,1.47807318997863e-14,7.9479278765971e-08,-3.29782927203296e-08,-5.64312571992256e-07,-1.23182292642407e-05,-1.25503342909877e-09,-1.94194900611006e-08,-1.26142601783719e-10,-1.93042521665929e-08,-3.13968861889958e-12,-3.89966474644074e-08,3.77284713031335e-07,1.27217137334225e-05,8.41364551583628e-11,-1.62532865026888e-09,-9.87344331683585e-10,7.30756110953634e-12,-4.29584538808917e-05,-0.00542865172193086,-8.89022250047467e-09,-0.00159097800541885,-8.46721079319026e-05,-3.11446023655289e-05,-0.00552142917408252
1240,-3.28349491832372e-08,-3.1813380216435e-08,8.16821032890455e-08,-5.05259976343484e-08,-7.24199975987011e-09,-9.79861398912333e-09,1.46790997259852e-09,4.36537952493981e-09,-1.44064860808341e-06,2.60730554576727e-18,1.2245267287136e-08,-4.06502233860282e-09,-7.61705255103261e-07,-5.93114891892874e-07,6.14128802874666e-10,-5.86771515775886e-08,-5.46584984945423e-07,5.39673486662394e-10,4.76943446493877e-08,2.40927833323745e-07,1.04730811968236e-07,1.05745687560584e-14,8.95123001690397e-07,7.00170674049548e-07,4.16309727815927e-08,-3.62219843181418e-08,-2.56334225322429e-13,6.47419010557641e-17,2.97354120861367e-08,1.22236952864011e-06,1.72182686053e-08,1.07781111579486e-08,2.19575209085602e-08,1.2543253547002e-08,4.14278982848181e-08,4.03627617843897e-08,-1.09624526604361e-07,-9.8614565472365e-09,-1.037754851698e-07,0.000265494393789368,5.10888458577699e-08,-8.67728277908366e-08,-1.47723176085236e-07,6.48304020573852e-07,-3.70256551373731e-08,-3.00405941839228e-12,1.26482420082196e-06,-7.1195831183892e-08,-1.14121349040992e-07,1.26003471844318e-07,8.03252085797952e-07,1.90309236019056e-07,3.96904682002207e-07,1.54560609885631e-07,1.4156961586685e-07,-4.07218951182835e-08,3.05947699320259e-08,-4.72348009907901e-14,1.082870023323e-07,-2.75789127158098e-08,-5.0382530115178e-07,-1.28703597905049e-05,-2.38202855434437e-09,-1.86415380691672e-08,-1.23590780330339e-10,-1.85615894573074e-08,-3.13739305039591e-12,-3.77804838891802e-08,3.90029575197699e-07,1.32535601716813e-05,8.56924120460201e-11,-1.58934097467041e-09,-9.65533784121969e-10,6.94222855634275e-12,-3.18256866474931e-05,-0.00402269889898385,-1.19245155212935e-08,-0.0011786440412624,-0.00011156946037375,-4.05234458127979e-05,-0.00692186417143525
1245,-3.26004343372615e-08,-1.68911777338883e-08,1.14271788273859e-07,-5.09203345244954e-08,-7.60343037188031e-09,-1.04945498080782e-08,1.56744486792251e-09,4.6617457201043e-09,-1.47553253802186e-06,3.52995840867017e-19,9.92710332730758e-08,-2.6304358757103e-09,-7.67026206155902e-07,-5.97283984447436e-07,7.49505029616126e-10,-5.90144847814859e-08,-5.68184244371753e-07,5.62029197469217e-10,4.94717706585818e-08,3.44895191232086e-07,1.5161491564974e-06,1.00736625205762e-14,1.12802660475798e-06,8.2178825125265e-07,4.10599548728854e-08,-5.26060551388164e-08,-3.80319336055991e-13,8.24661021453147e-18,2.74699022237327e-08,1.4636939683878e-06,2.88268771493702e-07,1.19357551071447e-08,2.51650834505784e-08,1.35199177102417e-08,4.61548845754116e-08,4.37446064076369e-08,-1.1262646025493e-07,-1.98666888101496e-10,-8.58481653976732e-08,0.000302578972092816,5.91522008002264e-08,1.22950877780629e-07,-1.51325876639188e-07,7.91932564794689e-07,-2.19126795517389e-08,-3.13817463125603e-12,1.30782660799825e-06,-6.73118582297428e-08,-5.42255779671023e-08,1.38613158091639e-07,9.0119852241277e-07,2.17539926609164e-07,4.46380221177418e-07,1.65779547807633e-07,1.86019028930895e-07,-5.00244509660248e-09,4.43619956436173e-08,3.98880141130562e-12,1.39748174328972e-07,-2.52054060073293e-08,-4.43586834426421e-07,-1.3482081410832e-05,-3.57633407096692e-09,-1.76584799960526e-08,-1.20402632253794e-10,-1.76363905994083e-08,-3.15150289758313e-12,-3.62177647453569e-08,3.96593466451397e-07,1.36906839527018e-05,8.62917036808088e-11,-1.5457053620871e-09,-9.3894441812301e-10,7.13596377501894e-12,-1.84836636735473e-05,-0.00233781553280621,-1.57785848283909e-08,-0.000684486325007003,-0.000147137635501647,-5.31645961635908e-05,-0.00881394872523089
1250,-3.21933645221628e-08,2.2385301087002e-09,1.56953188301858e-07,-5.12007172249039e-08,-7.92398643725894e-09,-1.09552939310477e-08,1.66922765258795e-09,4.96501022869293e-09,-1.50123249253525e-06,-2.93004729060689e-18,1.91956345419651e-07,-1.28840195888821e-09,-7.73853489292357e-07,-6.01846809595595e-07,8.40905968331576e-10,-5.97478448178816e-08,-5.87066303552002e-07,5.79701705114557e-10,5.10115430739566e-08,4.51855110444745e-07,3.10776498827834e-06,9.40356986846836e-15,1.37606280301941e-06,9.52405263288449e-07,3.9917573962961e-08,-6.67840559744748e-08,-5.06045499168904e-13,-4.02000466360302e-17,1.96360063554234e-08,1.71118767370405e-06,5.98733366257786e-07,1.30040760115771e-08,2.81882942475625e-08,1.42543214395131e-08,5.04760457409382e-08,4.70343467146032e-08,-1.14624717682475e-07,1.09893604223028e-08,-6.36560740670166e-08,0.000340451362177047,6.59540515258235e-08,3.41719358970619e-07,-1.56003933337013e-07,9.36962858819035e-07,-6.38405790352707e-09,-3.26719176189632e-12,1.34453077563843e-06,-6.2819627923071e-08,1.84658164480772e-08,1.48749029152758e-07,1.00041858266494e-06,2.42420345422911e-07,4.99383106725603e-07,1.73575121133686e-07,2.30244702165743e-07,2.93992147889549e-08,5.40715765776123e-08,2.70959575407319e-11,1.7404556562787e-07,-2.56336732100784e-08,-3.83873774788576e-07,-1.41527830799329e-05,-4.7790664371607e-09,-1.6517079677405e-08,-1.16582834021534e-10,-1.65741215479958e-08,-3.17430868475877e-12,-3.43807055150269e-08,3.9594187941371e-07,1.40182916193138e-05,8.56530185662604e-11,-1.49465723474287e-09,-9.07693402939088e-10,6.24191864162706e-12,-2.49099438903043e-06,-0.000318270706511722,-2.04399307353226e-08,-9.21573655276925e-05,-0.00019276245925681,-6.90955465228681e-05,-0.011271646152423
1255,-3.16179990766606e-08,2.56956658484003e-08,2.10110671469762e-07,-5.13730335942726e-08,-8.19985927692924e-09,-1.11746528134152e-08,1.77172823269199e-09,5.27055941152647e-09,-1.51748737410436e-06,-1.24674624634232e-18,2.91051865354374e-07,-7.09767220867137e-11,-7.82270649871605e-07,-6.06839713941385e-07,8.82376587540034e-10,-6.09099452692255e-08,-6.03090498662974e-07,5.91456295002675e-10,5.22939626317474e-08,5.61924388063765e-07,4.90594291768691e-06,8.54886738559917e-15,1.64070344049656e-06,1.09303473944595e-06,3.8242758522684e-08,-7.83388222846964e-08,-6.28213682786413e-13,-6.72249930057597e-17,6.01574287180835e-09,1.96457783681608e-06,9.54485913700758e-07,1.3952393411393e-08,3.0969051366777e-08,1.47037850898527e-08,5.42451865647737e-08,5.0170004214711e-08,-1.15617760165119e-07,2.3925868933704e-08,-3.64668003849131e-08,0.000379092168248005,7.13209644347194e-08,5.68770484992905e-07,-1.61742441528625e-07,1.08333239782326e-06,9.51776520733665e-09,-3.41080198634173e-12,1.37409487118326e-06,-5.78663036920952e-08,1.06377147665853e-07,1.55888416845645e-07,1.10070820328654e-06,2.63914243474037e-07,5.56399730353343e-07,1.77441898987295e-07,2.74110873771317e-07,6.24311065727327e-08,5.94293393792862e-08,-4.47307450191785e-13,2.11321016546594e-07,-2.87049150631239e-08,-3.24962633981231e-07,-1.48802216699816e-05,-5.95646347341241e-09,-1.52545242010138e-08,-1.12066868835816e-10,-1.54106641592276e-08,-3.20877269913132e-12,-3.23244928573608e-08,3.87549557854681e-07,1.42219319465245e-05,8.37963946193574e-11,-1.43580031510876e-09,-8.71250104180214e-10,6.15600024262273e-12,1.65707996281783e-05,0.00208877348520619,-2.59116289595323e-08,0.000613841736059367,-0.000249698795566449,-8.83487656693958e-05,-0.0143613424177887
1260,-3.08809474216894e-08,5.35519493384342e-08,2.73997747220299e-07,-5.14415048972123e-08,-8.42862565891776e-09,-1.11494360126826e-08,1.87319497732286e-09,5.57307666668683e-09,-1.52415656155779e-06,6.09125185761596e-18,3.97253359731335e-07,9.90285240274664e-10,-7.92322457058199e-07,-6.12288967575234e-07,8.69550737573785e-10,-6.25269823631807e-08,-6.16157933083613e-07,5.96266902684447e-10,5.33001233567312e-08,6.75191401791066e-07,6.93530671984948e-06,7.75205569992978e-15,1.92323674398485e-06,1.24456422408941e-06,3.60669729629533e-08,-8.68890725793873e-08,-7.39871300121964e-13,3.51965074611178e-17,-1.35423785375402e-08,2.22349456057621e-06,1.36100805443496e-06,1.47525917910678e-08,3.34516299547264e-08,1.48342396923072e-08,5.73310669819168e-08,5.30894157621224e-08,-1.15632666710863e-07,3.88206846693672e-08,-3.58970473375482e-09,0.000418467906713458,7.50990358328454e-08,8.03358334765052e-07,-1.68515424019612e-07,1.23093861528761e-06,2.57441741883964e-08,-3.54292902057291e-12,1.39573013292381e-06,-5.26047225151127e-08,2.11768210719185e-07,1.59567284506863e-07,1.20183249446305e-06,2.8102689451827e-07,6.17858715570787e-07,1.76951473948202e-07,3.17513214815142e-07,9.40930663940994e-08,6.02163723102634e-08,3.0515570713768e-12,2.5169710264058e-07,-3.42913708530757e-08,-2.67113891111945e-07,-1.56610738575688e-05,-7.05404161326787e-09,-1.39093511149194e-08,-1.06912521432562e-10,-1.4181154320845e-08,-3.24399514083648e-12,-3.01035809505374e-08,3.70935297494516e-07,1.42886205953342e-05,8.04599681720241e-11,-1.36966171837401e-09,-8.30066526726683e-10,4.86979646870117e-12,3.90956785857451e-05,0.0049330592634372,-3.21892678470083e-08,0.00144810182922246,-0.000319063034822887,-0.000110932430613746,-0.0181414125957451
1265,-3.00313384769409e-08,8.45035226403735e-08,3.45825910353087e-07,-5.15480927645608e-08,-8.7192658694233e-09,-1.11097119326387e-08,1.97658505276127e-09,5.88133750683115e-09,-1.52596548291196e-06,1.92384473439558e-18,5.10203386338606e-07,1.94603324599728e-09,-8.03105834899483e-07,-6.18013970967783e-07,8.10614729205331e-10,-6.43190119773032e-08,-6.27120142689162e-07,6.58894380272083e-10,5.31019109808112e-08,7.925815130596e-07,9.19516616423868e-06,5.64962857335262e-15,2.22480313203547e-06,1.40720743974079e-06,3.72004343176533e-08,-9.38929264957855e-08,-9.95879406675138e-13,1.8597635998954e-17,-3.55924921657004e-08,2.49107465516975e-06,1.81787232563344e-06,1.53736640696801e-08,3.57394996627015e-08,1.46896480414623e-08,5.96206944243621e-08,5.59104545431425e-08,-1.15722746038046e-07,5.56279173234254e-08,3.47923363152803e-08,0.00120652899214416,7.80325728682857e-08,1.04891502474751e-06,-1.71190000659135e-07,1.3798042087681e-06,4.26681124900762e-08,-4.0133237257962e-12,1.4151402240686e-06,-4.83852047020223e-08,3.33937395302848e-07,1.6111395063189e-07,1.30362847020852e-06,2.9530502224105e-07,6.83618046536197e-07,1.73718590279941e-07,3.62803435781531e-07,1.2746018230506e-07,5.89088064579102e-08,-6.12802003410385e-13,2.9413970557098e-07,-3.17289442298575e-08,-2.10335525893736e-07,-1.64029224365564e-05,-9.48170291569389e-09,-1.28517846410974e-08,-1.13471449340589e-10,-1.33063980986557e-08,-3.90725465427028e-12,-2.89122383116622e-08,3.67297153342389e-07,1.63490426393203e-05,9.19091913209723e-11,-1.43370864968135e-09,-8.67460396728676e-10,3.55293375554269e-12,6.49756059388439e-05,0.00820094542457758,-3.86412806603937e-08,0.00240662134707207,-0.000399890614265104,-0.000135499509000528,-0.0225519600469767
1270,-2.91588005208995e-08,1.16104761841552e-07,4.19666285775488e-07,-5.20733736416844e-08,-9.4432990847506e-09,-1.14463323679149e-08,2.21003538751454e-09,6.57984078654353e-09,-1.52779615232553e-06,-6.4847317244562e-17,6.28373368163297e-07,2.76610993216333e-09,-8.09110454160385e-07,-6.20264737621598e-07,6.83488683696115e-10,-6.54841631471525e-08,-6.40294731947342e-07,1.72419234114277e-09,5.17786735575365e-08,9.1428513231912e-07,1.16432592134363e-05,-4.50749849834202e-16,2.54406073327219e-06,1.58037681446839e-06,8.23773051104721e-08,-1.01579642028836e-07,-2.96839654838144e-12,1.60244498503572e-15,-5.66526841240472e-08,2.76933049561858e-06,2.31612799286699e-06,1.56242921614859e-08,3.78228655867586e-08,1.39366277794947e-08,6.0138970512554e-08,6.24410259507957e-08,-1.25204958386045e-07,7.38684690013494e-08,7.4018533832642e-08,0.00339100899121295,8.04759523379121e-08,1.30680132859047e-06,-1.66822796879285e-07,1.53012740665537e-06,6.01896381649188e-08,-7.58543955724877e-12,1.43825042572781e-06,-4.66730334306894e-08,4.54487439861079e-07,1.61687727928411e-07,1.4064869998225e-06,3.09117071799139e-07,7.52967381355013e-07,1.69135992747386e-07,4.07487662784251e-07,1.61006976815719e-07,6.79513420589612e-08,1.94047193876535e-11,3.43467590888847e-07,-1.54381877514135e-08,-1.55676938723595e-07,-1.69961795725179e-05,-2.81736438914586e-08,-1.24465593759936e-08,-2.38317058735614e-10,-1.61971464352773e-08,-1.12150734415188e-11,-3.52540613763365e-08,4.62848396963664e-07,4.24531907503763e-05,2.91815444376599e-10,-2.80490447034993e-09,-1.68864476432964e-09,9.0713425052968e-13,9.34673668195733e-05,0.0117985850777605,-4.4555057021778e-08,0.0034618717745099,-0.000488736550000608,-0.000159767422338,-0.0273937507894835
1275,-2.83204492108087e-08,1.47108146096257e-07,4.91255740092092e-07,-5.37928854130735e-08,-1.13672831625974e-08,-1.26672667821523e-08,3.11227779214829e-09,9.28498564193481e-09,-1.52977318120474e-06,9.13531074727946e-18,7.50732082933084e-07,3.20810868256121e-09,-7.99124109476205e-07,-6.09834498027214e-07,4.1773816035017e-10,-6.46274766745194e-08,-6.64197381476922e-07,6.26012545998203e-09,5.03807115627658e-08,1.03934171739311e-06,1.42442367407554e-05,-8.6694834687775e-15,2.87919278873971e-06,1.76484197009128e-06,2.42302476578275e-07,-1.1243632355412e-07,-8.24289781684043e-12,2.7309713139675e-15,-7.68109805193263e-08,3.05641433456364e-06,2.84950535634366e-06,1.50433261675985e-08,3.93429712566036e-08,1.15216107526395e-08,5.64645309651728e-08,8.81574076756863e-08,-1.70412188378308e-07,9.30534194284602e-08,9.82791376017117e-08,0.00692944292082138,8.13760352836505e-08,1.5728587361765e-06,-1.47187467255279e-07,1.68219853436251e-06,7.72931643681053e-08,-1.5693924612861e-11,1.46420611145144e-06,-5.44587823386097e-08,5.05109307612348e-07,1.60184057423743e-07,1.51117451166466e-06,3.24513677684687e-07,8.24381330854597e-07,1.62004667945445e-07,4.39913915080212e-07,1.83853076714539e-07,1.2933203126985e-07,1.65291358859201e-11,4.28025505168948e-07,7.66870486969586e-09,-1.06285719612816e-07,-1.73019110505079e-05,-7.7750510820691e-08,-1.43683572507093e-08,-5.50088558441145e-10,-2.92945390661679e-08,-2.86829031640832e-11,-6.16610528745108e-08,8.78279215329636e-07,0.000133439043797383,9.89413776221877e-10,-6.20124374420253e-09,-3.73016031897516e-09,-6.36287141806054e-12,0.000124023001468904,0.0156567744141874,-4.98811692847687e-08,0.00459355321262813,-0.0005831277732167,-0.000182799866121402,-0.0325248469060682
1280,-2.75466540155497e-08,1.76678833571104e-07,5.58675280981603e-07,-5.64404094925725e-08,-1.42121903156819e-08,-1.45604582636744e-08,5.72138157869903e-09,1.71110660869602e-08,-1.53201040615586e-06,-3.20244775834288e-20,8.76310335525673e-07,3.65921824166036e-09,-7.77797572692522e-07,-5.87452707911812e-07,-2.40517072836274e-11,-6.18400319775097e-08,-7.01517660315416e-07,2.0098353827383e-08,4.95694362394048e-08,1.1668310553276e-06,1.69628960686273e-05,-1.74405088322914e-14,3.2277861906164e-06,1.96001167308812e-06,5.05361686823306e-07,-1.2848238905064e-07,-1.48028619898107e-11,-1.68496854707032e-15,-9.61528265859372e-08,3.35037850270832e-06,3.41099596913452e-06,1.35807578422728e-08,4.01355738237312e-08,6.82816396675119e-09,4.76102990480851e-08,1.61069187813913e-07,-2.70128115829578e-07,1.12875088934476e-07,7.88796089777833e-08,0.0118118639385091,8.18919417176675e-08,1.84425094504784e-06,-9.90249597178364e-08,1.83616105994172e-06,9.58215984769331e-08,-2.18637029925186e-11,1.485892979264e-06,-8.31422925093094e-08,3.55411267690749e-07,1.56269335573945e-07,1.61819984000225e-06,3.47563237337016e-07,8.92527366374079e-07,1.52269712658217e-07,4.58371479347679e-07,1.90892405387921e-07,3.12995847543605e-07,-1.33701972816629e-13,6.03826992492804e-07,3.31014145152732e-08,-6.34241740593782e-08,-1.71471730093971e-05,-1.39343200332464e-07,-2.14965652746518e-08,-7.53936652624967e-10,-4.99027684006749e-08,-3.97468993357558e-11,-1.10597179060394e-07,1.85327265194225e-06,0.000325391730333235,2.40575643443942e-09,-8.37069471559822e-09,-5.03071719441033e-09,-1.7154593132979e-11,0.000156128087388472,0.0197105544270651,-5.46061349287125e-08,0.00578261089989007,-0.000680854316714861,-0.000204060459056731,-0.0378196828866392
1285,-2.68354690725666e-08,2.04247226183782e-07,6.23275115801922e-07,-5.79296201453391e-08,-1.6040399591072e-08,-1.5765362799824e-08,1.14848475361905e-08,3.44004256795589e-08,-1.5346215161782e-06,1.52039301210475e-22,1.00417681024738e-06,3.83226128292119e-09,-7.64146811583443e-07,-5.70644183757827e-07,-5.54535656438369e-10,-5.98396172859848e-08,-7.38481177190508e-07,5.81645115724214e-08,4.97776853792221e-08,1.29581820005584e-06,1.97599803675766e-05,-1.89570811051515e-14,3.58536097129602e-06,2.16124025230189e-06,7.40828522378801e-07,-1.4620369538094e-07,-1.77226567811462e-11,-6.01687304313983e-16,-1.14667495697295e-07,3.64873149954416e-06,3.99059228814586e-06,1.16841349987407e-08,4.05740130894525e-08,6.69745059701516e-10,3.65754416241128e-08,3.13066567946691e-07,-3.9231263027723e-07,1.33399903495194e-07,-1.77841038727696e-08,0.0179520739046383,8.14675363166452e-08,2.1209066296365e-06,-1.44904657391093e-08,1.9916769912456e-06,1.13672025489223e-07,-2.13998564206686e-11,1.48674883301944e-06,-1.32384932676526e-07,-1.53379136549398e-07,1.51503894122292e-07,1.72732641622577e-06,3.87975249889592e-07,9.47635712649283e-07,1.42407067978239e-07,4.83100632769593e-07,1.95001475060347e-07,6.82185443561565e-07,2.55482932869126e-13,9.38557966992132e-07,5.98892174184032e-08,-2.3143765747302e-08,-1.63919850814297e-05,-1.6693376342935e-07,-3.41948187359191e-08,-6.34493904464968e-10,-6.33357902663136e-08,-3.29542795518779e-11,-1.60177149048828e-07,3.60067953607652e-06,0.000633893455121807,4.52629627678797e-09,-6.95640547893192e-09,-4.19763023360455e-09,-1.26234781408598e-11,0.000189299658269465,0.0238989663469428,-5.87274371540245e-08,0.00701116347475344,-0.000779942210682603,-0.00022324404739112,-0.0431672316387334
1290,-2.61735147521774e-08,2.29398403851152e-07,6.85363495048275e-07,-5.72825810928471e-08,-1.60868270412186e-08,-1.57318326676057e-08,2.22522886643716e-08,6.67017367625225e-08,-1.53770581527646e-06,-6.49894480361267e-23,1.13344943706364e-06,2.7028080729985e-09,-7.61365604388607e-07,-5.68888343778667e-07,-9.24697959057864e-10,-6.01888751646997e-08,-7.60237656766256e-07,1.48395069681333e-07,5.13030895576702e-08,1.42538938012313e-06,2.25952551930241e-05,-1.35245271356859e-14,3.94650019321113e-06,2.36192854704613e-06,8.4433920425252e-07,-1.59314346006176e-07,-1.60544212100746e-11,-2.8165735630978e-17,-1.32266132547366e-07,3.94876467943795e-06,4.57702944318512e-06,9.93471624301305e-09,4.12960326103572e-08,-5.37383440589447e-09,2.83215999531153e-08,5.65499114892605e-07,-4.75305315646279e-07,1.54856501371776e-07,-2.15623136696956e-07,0.0251153455975825,7.7710551223597e-08,2.40394621531948e-06,1.03521043050986e-07,2.1481788069376e-06,1.24907608521787e-07,-1.92624089311319e-11,1.44866760581127e-06,-1.75912321240218e-07,-1.13646974307067e-06,1.48229888287414e-07,1.83794256318643e-06,4.54402146263012e-07,9.80022463807324e-07,1.35730674077881e-07,5.3250478812651e-07,2.11229244028813e-07,1.25603971066617e-06,-3.31439586396545e-11,1.47645366822826e-06,8.85996365129066e-08,2.05485306183776e-08,-1.50188845147492e-05,-1.51190111015383e-07,-4.65925928459395e-08,-4.04633744319841e-10,-6.09787099845693e-08,-2.05811955038088e-11,-1.80096379252117e-07,6.32225717267406e-06,0.00104635517624533,7.00735418056091e-09,-4.39208265903438e-09,-2.66183774617803e-09,-7.95552465064583e-12,0.000223084280613659,0.0281647942697767,-6.22459625423312e-08,0.00826242748130262,-0.000878628378439705,-0.000240178729256648,-0.0484693313219405
1295,-2.55669422967124e-08,2.51789946276915e-07,7.43113604569759e-07,-5.53395963538863e-08,-1.51193648031377e-08,-1.49815611029531e-08,4.0116329028831e-08,1.20292402166948e-07,-1.54132103047534e-06,-2.99965157516613e-22,1.26333247286292e-06,1.06780242689475e-09,-7.68291037023219e-07,-5.7809217670371e-07,-1.04265630947273e-09,-6.22586419704331e-08,-7.67427156993178e-07,3.20952594813379e-07,5.43503105463916e-08,1.55475419865651e-06,2.54358325333978e-05,-1.20318029678521e-14,4.30787238889948e-06,2.55910828731998e-06,8.15211367377989e-07,-1.65199733339783e-07,-1.25717714180423e-11,-1.01505173865816e-15,-1.48883432441501e-07,4.24844607511574e-06,5.16241082787563e-06,8.82586679865551e-09,4.24866146421181e-08,-1.06562884023895e-08,2.44436671006945e-08,9.09232848057638e-07,-4.91945490799991e-07,1.77121150690132e-07,-5.07789395798426e-07,0.0328803581909098,7.37206836618934e-08,2.69189792048831e-06,2.37205057657288e-07,2.30555731295056e-06,1.32939071483996e-07,-1.8215629133929e-11,1.36825218235725e-06,-1.79979550792377e-07,-2.55878142395062e-06,1.47009258690328e-07,1.95010373617555e-06,5.46173808733286e-07,9.88689746011719e-07,1.32800722444673e-07,6.04500242847564e-07,2.39582521758685e-07,1.97649864521219e-06,7.84168686927907e-13,2.18791502862795e-06,1.17738921729912e-07,6.96378133147147e-08,-1.34603164560869e-05,-1.18370754725178e-07,-4.94273011318344e-08,-2.348829402419e-10,-4.6633284797523e-08,-1.18544941014184e-11,-1.60898261583174e-07,9.87370268186436e-06,0.0015213162577808,9.26691801964639e-09,-2.54606101396048e-09,-1.53871206760703e-09,-6.32396780961783e-12,0.000257056268281439,0.032454301679066,-6.51639267654596e-08,0.00952064008360312,-0.000975337676297028,-0.000254769674887282,-0.0536391769624568
1300,-2.50507736744331e-08,2.70913863839963e-07,7.94629759721042e-07,-5.3580904232898e-08,-1.38785539159904e-08,-1.40269073406458e-08,6.8460133495606e-08,2.05322354065005e-07,-1.54547575511377e-06,3.8723073686387e-21,1.39313790845017e-06,1.55693260298196e-09,-7.94073816378925e-07,-5.93038002814982e-07,-1.24164566393206e-09,-6.52405420754704e-08,-7.68281228534837e-07,5.9076293124499e-07,5.89559346197981e-08,1.68330829675357e-06,2.82612740302009e-05,-1.59193295896076e-14,4.67012008168301e-06,2.7569293663689e-06,7.29380441665389e-07,-1.64690538744665e-07,-9.02099771505799e-12,6.52669679909255e-15,-1.64471501628481e-07,4.54698419080675e-06,5.74506168631978e-06,8.25051527572957e-09,4.34335508864673e-08,-1.68088222438045e-08,1.98582564591667e-08,1.32617682384823e-06,-4.54369249846344e-07,1.99450026571993e-07,-8.77476112985678e-07,0.0406335311686874,7.68341215851002e-08,2.97882487101735e-06,3.65916150286473e-07,2.46462932726721e-06,1.5208543750644e-07,-1.69095819401626e-11,1.25932731400151e-06,-1.48730003417481e-07,-4.32354732155894e-06,1.45180693779044e-07,2.06526783470713e-06,6.56389690918063e-07,9.81460574185215e-07,1.29891969490887e-07,6.82859006569304e-07,2.64166471308985e-07,2.77863185252149e-06,1.49994510144337e-11,3.01358569289229e-06,1.41942851606635e-07,1.16074859615791e-07,-1.25181459409011e-05,-8.50514370952367e-08,-4.21684521142381e-08,-1.34039334330581e-10,-3.06638136023691e-08,-6.79042422141248e-12,-1.21657407510103e-07,1.35518278297041e-05,0.00199253279804438,1.08967735068275e-08,-1.45218907160646e-09,-8.75147648091978e-10,-3.08180398304813e-12,0.000290815773703319,0.0367169669237864,-6.748413933498e-08,0.0107709814736028,-0.00106866193726322,-0.000266966594493633,-0.0585999618398483
1305,-2.46251753792855e-08,2.86441561191153e-07,8.38755591938961e-07,-5.29276861765661e-08,-1.26816058901863e-08,-1.30882282263801e-08,1.0990916870677e-07,3.29667774841268e-07,-1.55019729335714e-06,1.39368886521866e-19,1.52219505235876e-06,1.71200206168018e-09,-8.21201415235616e-07,-6.10162427233112e-07,-1.54142355747208e-09,-6.85381756047302e-08,-7.69102144640095e-07,9.2457608280926e-07,6.51296968498973e-08,1.81040816524502e-06,3.1045841180352e-05,-1.8980505734282e-14,5.03153446649004e-06,2.95502288382369e-06,6.50297605111185e-07,-1.59639658486285e-07,-6.17519562269016e-12,1.96662611924544e-16,-1.79096842938416e-07,4.84293960678715e-06,6.31982508397678e-06,7.45655114949148e-09,4.40177303936934e-08,-2.32286566329974e-08,1.3882724657824e-08,1.76316307201229e-06,-3.90815682406805e-07,2.21385757387634e-07,-1.27410825703684e-06,0.0475940478982358,7.89698835291435e-08,3.26116059967465e-06,4.60061022509605e-07,2.62567073355924e-06,1.70451324891886e-07,-1.66019026089924e-11,1.13505395194111e-06,-1.17135587457178e-07,-6.18424532694221e-06,1.42343118712951e-07,2.18411899502219e-06,7.72533152774678e-07,9.68936987288408e-07,1.26174601808166e-07,7.5710856544966e-07,2.84645519689762e-07,3.5425744522328e-06,1.84879769474554e-11,3.83271736802103e-06,1.59774540190241e-07,1.58722175498203e-07,-1.23093224623673e-05,-5.81386577854076e-08,-3.41248870766467e-08,-8.03904440211443e-11,-1.94298057771957e-08,-4.08536682052805e-12,-8.76839742407492e-08,1.70328125977895e-05,0.00237641383599881,1.15103476621715e-08,-8.65221816859489e-10,-5.23946273769776e-10,-9.7411599012702e-12,0.000323986081262408,0.0409052204281724,-6.92099553440792e-08,0.0119994977868327,-0.00115734103275791,-0.000276745410554792,-0.0632836661233305
1310,-2.42793649636696e-08,2.98208287125567e-07,8.74905285184645e-07,-5.37674154591119e-08,-1.16087370023252e-08,-1.22187680982573e-08,1.65637851478597e-07,4.96851853238633e-07,-1.55551234040562e-06,1.62082631104492e-20,1.64986672063977e-06,9.46480679637409e-10,-8.44439104617177e-07,-6.27469389125284e-07,-1.85578322757429e-09,-7.1919878111306e-08,-7.73105119025965e-07,1.23831189017933e-06,7.28770461443812e-08,1.93541871105799e-06,3.37624835289045e-05,-2.00924576577778e-14,5.38951783530691e-06,3.15121408525585e-06,5.64779099708986e-07,-1.51266655321547e-07,-4.18517939261615e-12,-3.00874029875487e-14,-1.92802819544362e-07,5.13465277837551e-06,6.88030368130055e-06,6.4914608908771e-09,4.43627698373621e-08,-2.87285560936991e-08,7.63416510239903e-09,2.16518951805686e-06,-3.2166713073634e-07,2.42624196948717e-07,-1.64501572093396e-06,0.0528677358507866,7.87054503533244e-08,3.53669791471957e-06,5.0064445998879e-07,2.78875660796943e-06,1.84955321860164e-07,-1.74597392701151e-11,1.0060888378163e-06,-9.12873493732493e-08,-7.88997295084142e-06,1.3895125782833e-07,2.30703523363103e-06,8.82448455876856e-07,9.61035597340357e-07,1.21985185337312e-07,8.21106892167443e-07,3.0056417937765e-07,4.15193021688962e-06,2.37563684528201e-12,4.53211055498605e-06,1.71139032723055e-07,1.98306699088853e-07,-1.31504197986167e-05,-3.94679811106152e-08,-2.71741492593572e-08,-4.7773908037935e-11,-1.23266849086211e-08,-2.48611461050141e-12,-6.29439136258754e-08,1.96698537395743e-05,0.00258388980467997,1.10238984209932e-08,-5.32608928948205e-10,-3.11067186321924e-10,-7.32543949958928e-12,0.000356211730310888,0.0449741891181851,-7.03449793014064e-08,0.0131930261349063,-0.00124024569392232,-0.000284097188158327,-0.0676299701729807
1315,-2.40069155390012e-08,3.06069011252843e-07,9.02743901853118e-07,-5.63661492049233e-08,-1.06454211453094e-08,-1.14058954624335e-08,2.33760232308354e-07,7.01216820949185e-07,-1.56143405232259e-06,-2.26440830434804e-20,1.77556542334016e-06,-1.83757737205908e-10,-8.66215468466685e-07,-6.44080499587188e-07,-2.16615440649548e-09,-7.53262289316068e-08,-7.81238112297241e-07,1.41808523800692e-06,8.21626872207948e-08,2.05776094300855e-06,3.63867924750875e-05,-1.91899036264424e-14,5.74204393155538e-06,3.34422633893621e-06,4.54730455718567e-07,-1.40059680991564e-07,-2.82848452013189e-12,2.95011769885988e-15,-2.05578475797102e-07,5.42067548035196e-06,7.42107996028093e-06,5.58023888745169e-09,4.44881462728512e-08,-3.26491355293938e-08,1.44911231481785e-09,2.48425497310717e-06,-2.56642671451633e-07,2.62797432136282e-07,-1.94262518407172e-06,0.0555286427616169,7.80213700156922e-08,3.802968984532e-06,4.74617754342295e-07,2.95409911287455e-06,1.98310112405925e-07,-1.25631561079275e-11,8.83971462287127e-07,-6.98873661109951e-08,-9.21798241183578e-06,1.3502441086878e-07,2.43459222555447e-06,9.74408272948195e-07,9.68172164892974e-07,1.17150814398453e-07,8.69043064552314e-07,3.08801710506145e-07,4.51385293426124e-06,6.69140713162097e-13,5.018867791771e-06,1.75530485129926e-07,2.34768158884333e-07,-1.54178501848341e-05,-2.6649304757695e-08,-2.11391113262551e-08,-3.06577395729144e-11,-7.85491356277863e-09,-1.56450831366698e-12,-4.49872184310811e-08,2.0624080673741e-05,0.00253369272779033,9.52769381290667e-09,-3.29387418319155e-10,-1.99961258088034e-10,-9.43609762753076e-12,0.000387156696427027,0.0488814484190358,-7.08930731053503e-08,0.0143391218586899,-0.00131636210231819,-0.000289022020575956,-0.0715852917184055
1320,-2.37977098945566e-08,3.0998069994783e-07,9.22082748141753e-07,-6.07851168687869e-08,-9.75002356232617e-09,-1.06184658304658e-08,3.08612733863835e-07,9.25771903422162e-07,-1.56797235366444e-06,3.90136999194311e-18,1.89873915811768e-06,-1.60677408864506e-09,-8.86083497278867e-07,-6.59443731019324e-07,-2.41800031052382e-09,-7.87733432563449e-08,-7.93342689830202e-07,1.3558442805974e-06,9.29916488999632e-08,2.17688087739049e-06,3.88947035639414e-05,-1.60925939536948e-14,6.08686734847724e-06,3.53224043689951e-06,3.22518319960769e-07,-1.26165271919962e-07,-1.85205731254198e-12,4.04165587481987e-15,-2.17404158130146e-07,5.69952966096863e-06,7.9364992823492e-06,4.90716147201976e-09,4.44925688918108e-08,-3.44188208321158e-08,-3.75183514800784e-09,2.68647564529544e-06,-1.99083365780844e-07,2.81622584020633e-07,-2.13144397427896e-06,0.054726952173787,7.72260884771806e-08,4.0582695763089e-06,3.78698006623733e-07,3.12186161878628e-06,2.10600150799826e-07,-1.02277830341376e-11,7.7646505586091e-07,-5.26173530174591e-08,-1.00101312422591e-05,1.30854931253609e-07,2.56726623042852e-06,1.03954889942378e-06,9.98426479927812e-07,1.11973590723683e-07,8.97724208359465e-07,3.09651748763364e-07,4.57637440235345e-06,-5.30833276090337e-11,5.23606107899617e-06,1.72970504460804e-07,2.68945956117631e-07,-1.90850691272316e-05,-1.74716093859532e-08,-1.6103559104705e-08,-1.91506102589445e-11,-4.98146251357512e-09,-9.75917570174888e-13,-3.17816667715725e-08,1.93648420085248e-05,0.0021672442521848,7.24144094889068e-09,-2.06212501391733e-10,-1.25727801640302e-10,-7.34819267153363e-12,0.000416502442065177,0.0525867858110831,-7.08582009629194e-08,0.0154259891718377,-0.00138477805603654,-0.000291525223256705,-0.0751019302151963
1325,-2.35725585585001e-08,3.12728168467508e-07,9.35337722939178e-07,-6.62310100554959e-08,-8.73870486159104e-09,-9.55738724597973e-09,3.81596288375405e-07,1.14471993149682e-06,-1.56766438879667e-06,-6.1246652732834e-18,2.01973156398276e-06,-3.248105497898e-09,-9.04377605194133e-07,-6.73272489333975e-07,-2.61367216301529e-09,-8.25236919995182e-08,-7.97983959321894e-07,1.09731211157641e-06,1.01245462074937e-07,2.29176830075089e-06,4.12887063955717e-05,-1.7788658361697e-14,6.42371359578338e-06,3.71340813719751e-06,1.83056977798304e-07,-1.08372140177541e-07,-1.27044660648883e-12,-2.19569206021088e-14,-2.271571538978e-07,5.97021152952944e-06,8.42696715229266e-06,4.46513813254774e-09,4.44953249713184e-08,-3.40249161713451e-08,-7.84523761931723e-09,2.75692977516474e-06,-1.50058047817309e-07,2.99037917384809e-07,-2.19226780154528e-06,0.0520391117832573,7.67148218746221e-08,4.30335727142144e-06,2.29190576771888e-07,3.28886846736796e-06,2.22192310200707e-07,-1.05934035502438e-11,6.900243043352e-07,-3.93783395030017e-08,-1.01910770977105e-05,1.2647606089148e-07,2.70192390863614e-06,1.07179568626495e-06,1.05677489812469e-06,1.0664169879841e-07,9.09344490711545e-07,3.05560081103114e-07,4.33491174896246e-06,6.70305676088843e-11,5.17047983683884e-06,1.70166556179209e-07,3.03150229757117e-07,-2.3142750105543e-05,-1.20976034825314e-08,-1.21759954704718e-08,-1.28479044442667e-11,-3.20015129069706e-09,-6.81583725489885e-13,-2.2766160123943e-08,1.63462595379019e-05,0.00169528020714308,4.77026690616665e-09,-1.38359418831815e-10,-8.5225018248347e-11,-5.65105360850304e-12,0.000444349150401466,0.0561028521977342,-7.07605560476769e-08,0.0164573388788913,-0.00144631607012989,-0.00029272859030293,-0.0782307460732871
1330,-2.32851757971712e-08,3.17011089994132e-07,9.46684231556499e-07,-7.13086298852548e-08,-7.59422814113122e-09,-8.17836945458701e-09,4.47365326691461e-07,1.3420242130878e-06,-1.55796511191495e-06,-1.6897247650618e-17,2.13959244824399e-06,-5.11825198458222e-09,-9.213656164669e-07,-6.85502878167648e-07,-2.8806311838787e-09,-8.66106359572588e-08,-7.9190381196194e-07,8.49884846819397e-07,1.05529904708761e-07,2.40279087523675e-06,4.36078024449744e-05,-2.05935921683534e-14,6.75642166606761e-06,3.89020987474683e-06,7.26459934111011e-08,-8.6366939595685e-08,-9.60977171393281e-13,6.88986980941505e-15,-2.34953490542661e-07,6.23466845747507e-06,8.90180921290184e-06,3.84412466574696e-09,4.4331474630986e-08,-3.27749864763939e-08,-1.28150385798847e-08,2.72574838390663e-06,-1.09699100909178e-07,3.15291070651335e-07,-2.15070998936289e-06,0.0495123474864929,7.59926676425092e-08,4.54101998100806e-06,8.03993289373279e-08,3.45339894696798e-06,2.33049104975889e-07,-7.42316927722848e-12,6.24750002412181e-07,-3.00079281030122e-08,-9.89412414097749e-06,1.21187571936733e-07,2.83651485635602e-06,1.07563160201888e-06,1.13936610377796e-06,1.00333083580114e-07,9.08610055831279e-07,2.96534195272384e-07,3.89221967309026e-06,1.82507811262075e-10,4.90442309683676e-06,1.71016772326728e-07,3.37860169144276e-07,-2.60565003166756e-05,-9.09705408444271e-09,-9.34855141401482e-09,-7.84748786678895e-12,-2.19189759187117e-09,-4.05625758823783e-13,-1.69998850718809e-08,1.33611649747677e-05,0.00132907958517614,3.0271983208923e-09,-8.69639177277503e-11,-5.29645915925677e-11,-1.38089301927185e-11,0.000471229451591372,0.0594968854953042,-7.10719569451406e-08,0.0174528939658681,-0.00150346419831654,-0.000294260679713151,-0.081115862312529
1335,-2.29546711682071e-08,3.227453559496e-07,9.58136832108271e-07,-7.5277437698506e-08,-6.47515409320827e-09,-6.75381880023696e-09,5.04134794986041e-07,1.51232952600345e-06,-1.54482655903154e-06,1.06951608157007e-17,2.25881349123836e-06,-7.05051228456003e-09,-9.36223340617114e-07,-6.95569082185346e-07,-3.18518838869954e-09,-9.07313567450544e-08,-7.83696310948002e-07,6.40326751557957e-07,1.08823519116534e-07,2.51138035456618e-06,4.58785851744325e-05,-1.66360524610704e-14,7.08748635055014e-06,4.06470773958821e-06,-7.38326579235291e-10,-6.14963887889876e-08,-7.65351488636384e-13,-5.40712559447837e-15,-2.42258230578598e-07,6.49538935416416e-06,9.3665731116761e-06,3.09891579525836e-09,4.40048528954696e-08,-3.12107909656645e-08,-1.84409021705983e-08,2.63228093006078e-06,-7.68163133666626e-08,3.30794023173721e-07,-2.04418026478162e-06,0.0471381064378062,7.50587644649721e-08,4.77421515745281e-06,-4.06408389225767e-08,3.61743745802182e-06,2.4331234035654e-07,-6.02655752986555e-12,5.72423411206507e-07,-2.35172204802964e-08,-9.30522403175658e-06,1.15358597963521e-07,2.97261589820909e-06,1.06071433261071e-06,1.23775479963294e-06,9.34640170229453e-08,9.00312972460154e-07,2.8677750569851e-07,3.36252476836837e-06,-9.99397349662287e-11,4.53580925826245e-06,1.73527858711039e-07,3.73833251223644e-07,-2.79203639716586e-05,-7.22125782759424e-09,-7.36637851412592e-09,-5.71785533247939e-12,-1.58398902559218e-09,-3.19869060141078e-13,-1.31519896650188e-08,1.08062124301167e-05,0.0010445017954748,1.80489602104099e-09,-6.4234871186858e-11,-3.92460630762864e-11,-1.12325091962103e-11,0.000497471513887808,0.0628103229985513,-7.17624216115645e-08,0.018424809255463,-0.00155774823775833,-0.000296634343134106,-0.0838452434754081
1340,-2.25920823581522e-08,3.29708513198983e-07,9.71101663603242e-07,-7.79483220557709e-08,-5.49340387428464e-09,-5.47813494840432e-09,5.51191098578194e-07,1.65349512327063e-06,-1.53265474604594e-06,2.84669157863799e-19,2.37785260495784e-06,-8.90028499572943e-09,-9.48473972583745e-07,-7.03225045185794e-07,-3.47732620455216e-09,-9.46578342522214e-08,-7.7893291554623e-07,4.69341838115946e-07,1.12962586369522e-07,2.61888930430827e-06,4.81256753480016e-05,-1.66134332922817e-14,7.41905481611874e-06,4.23846643450313e-06,-4.63414172861233e-08,-3.50170459522614e-08,-6.2272441294028e-13,-3.10831297374677e-14,-2.50122918964283e-07,6.75469109408882e-06,9.82618766533947e-06,2.35768588631678e-09,4.35721008348425e-08,-2.94890544611945e-08,-2.41148224220732e-08,2.50241798375883e-06,-5.00981159137048e-08,3.4592690802379e-07,-1.8974894489698e-06,0.0449086016579636,7.40573835203567e-08,5.00558043312745e-06,-1.3302326364151e-07,3.78286227756778e-06,2.53206635341954e-07,-5.45172716067507e-12,5.27184184303069e-07,-1.89083727348064e-08,-8.54742028376027e-06,1.09450089765309e-07,3.11173870942181e-06,1.03395922373933e-06,1.34596209264372e-06,8.65126579042305e-08,8.8805569185305e-07,2.79747074513558e-07,2.81458378990074e-06,3.90723597838718e-12,4.12648447407621e-06,1.76381677769095e-07,4.11684628393709e-07,-2.90771447534845e-05,-5.89323623992929e-09,-5.94660821453897e-09,-4.49339698962329e-12,-1.19318928413195e-09,-2.59152354888403e-13,-1.04688464855682e-08,8.69307134457206e-06,0.000823227967107684,9.56599770201997e-10,-5.08891407204117e-11,-3.12787863684607e-11,-1.0136275061866e-11,0.000523386184100791,0.0660824176466394,-7.28217999499227e-08,0.0193845988354238,-0.00161053729814123,-0.000300140426524069,-0.0864969889226347
1345,-2.22052839486782e-08,3.37596237837054e-07,9.86539853921502e-07,-7.95029085408426e-08,-4.72837616891546e-09,-4.49039510059422e-09,5.88521257618463e-07,1.76548209601444e-06,-1.52468395124418e-06,1.14132542274014e-19,2.49714082524825e-06,-1.05849754836089e-08,-9.58008886716525e-07,-7.08549107552267e-07,-3.72950920929864e-09,-9.82279868771957e-08,-7.81195626720795e-07,3.32772683055401e-07,1.19085391914375e-07,2.72660868557982e-06,5.03727801811208e-05,-1.58217882996413e-14,7.75327960651494e-06,4.41319055263249e-06,-7.36144979759985e-08,-8.09299054558153e-09,-5.15410785198006e-13,-2.92390220297733e-13,-2.59295714300999e-07,7.01483033996533e-06,1.02855054186036e-05,1.70764214446532e-09,4.30625441888576e-08,-2.76986269325507e-08,-2.94387091268548e-08,2.35291632610515e-06,-2.83731941899861e-08,3.60997259884402e-07,-1.72676121920738e-06,0.0428167302496934,7.30418766942347e-08,5.23718546437588e-06,-2.02426033238135e-07,3.95153272850833e-06,2.62896991925589e-07,-3.45856820629354e-12,4.85781934336294e-07,-1.545629311315e-08,-7.69960660124187e-06,1.03735740884542e-07,3.25545805666296e-06,1.0000975764355e-06,1.46029241350517e-06,7.96840313375528e-08,8.73896896385745e-07,2.76872212641545e-07,2.28723330380272e-06,1.76500064212181e-12,3.71343041464902e-06,1.78433265850072e-07,4.51345767734658e-07,-2.98704094854151e-05,-4.93999983494688e-09,-4.87570312280017e-09,-4.23552480292265e-12,-9.26241672440634e-10,-2.39700509866442e-13,-8.49549948223799e-09,6.92395589284551e-06,0.000651176250849438,3.67082191445627e-10,-4.71048732330061e-11,-2.9532892050155e-11,-6.0442920339372e-12,0.000549268489616877,0.0693504234526613,-7.4245220322008e-08,0.0203431904503226,-0.00166306149399985,-0.000304942351298651,-0.0891405243335509
1350,-2.1800138357458e-08,3.46072118768871e-07,1.00508886135621e-06,-8.03427706486438e-08,-4.23613293465265e-09,-3.88962910548887e-09,6.16604428266729e-07,1.84972785620005e-06,-1.52324944580021e-06,-6.34837009097207e-20,2.61708310752927e-06,-1.20768129342851e-08,-9.65022929867347e-07,-7.11864943803574e-07,-3.93664418450551e-09,-1.01334984557314e-07,-7.92720270078783e-07,2.25590478851851e-07,1.27911936986828e-07,2.83577191812885e-06,5.26428479067866e-05,-1.51294841271898e-14,8.09235740215302e-06,4.59079255110341e-06,-8.88550608628707e-08,1.81960618242509e-08,-4.34649080855418e-13,7.59193377037027e-16,-2.7030304311214e-07,7.27801736192071e-06,1.07493669903923e-05,1.18412175443497e-09,4.24702284261621e-08,-2.5936456230307e-08,-3.4284709181064e-08,2.19484446591116e-06,-1.06609205750216e-08,3.76246011344862e-07,-1.54270637208742e-06,0.0408560309889737,7.19666298817768e-08,5.47060281339064e-06,-2.54873551456513e-07,4.12530028257995e-06,2.72484398300388e-07,-4.0758634718684e-12,4.46855918745566e-07,-1.27110498485205e-08,-6.81274654199148e-06,9.82977127012002e-08,3.4054249135803e-06,9.62416870051477e-07,1.57872685685074e-06,7.2938375925489e-08,8.58698069782412e-07,2.77999262517216e-07,1.80127834276083e-06,6.1076949621397e-13,3.31810950186674e-06,1.78633056681203e-07,4.92119064712124e-07,-3.05639434662856e-05,-4.10642298692832e-09,-4.01922292979745e-09,-2.71458161785482e-12,-7.33859343558359e-10,-1.68393303984414e-13,-6.96103912647564e-09,5.38750664722216e-06,0.000517473021126547,-1.10601879170763e-10,-3.20809410312053e-11,-1.95946708052672e-11,-1.14120837846004e-11,0.000575398466757329,0.0726496996795583,-7.60284058215522e-08,0.0213109560593007,-0.00171642468951739,-0.000311128283710009,-0.0918374751158336
1355,-2.11366131152552e-08,3.51121659256705e-07,1.02520920422566e-06,-8.89909450279999e-08,-4.03922361970935e-09,-3.73437431261551e-09,5.47105657490758e-07,1.64122758869258e-06,-1.53026412373653e-06,-3.45535306279531e-24,2.73762290044429e-06,-8.80812734726452e-09,-9.62548390891944e-07,-7.05812760625545e-07,-4.89427186720687e-10,-1.04271803489151e-07,-8.13919138571176e-07,-3.06836615518304e-06,1.40664292640877e-07,2.94639621994856e-06,5.4867833931904e-05,5.41863736075437e-14,8.40536169755316e-06,4.71263370104975e-06,-5.51062799425495e-07,4.08457480097518e-08,2.39483389608159e-12,-1.87011325537383e-15,-2.84320357887878e-07,7.53630793610513e-06,1.11730084825874e-05,1.18628023615843e-08,4.94474065223103e-08,2.37512942695347e-10,1.86945362701696e-08,1.67643201295995e-06,8.00439290680223e-09,3.94958450050819e-07,-9.66877188653738e-07,-0.0283983270537263,9.33082448124106e-08,5.73214801084564e-06,-8.4274619396008e-07,4.29834418376803e-06,2.97314009891836e-07,6.06373489265504e-12,4.10652190994022e-07,-2.43698274110644e-09,-4.26525634065913e-06,1.1778247004161e-07,3.55172875988964e-06,8.52970698630577e-07,1.75128580804599e-06,9.65053485868241e-08,8.74671832491147e-07,4.13377923984266e-07,4.77337346337247e-07,-2.26250960663209e-12,2.2076040984382e-06,2.1078548696559e-07,5.82336880018844e-07,-5.00210347461349e-05,2.24311254249977e-08,-1.01856307537462e-09,2.13872289612293e-11,2.67242486958084e-09,1.3385674260194e-12,8.36402938236182e-09,-2.42341508680336e-05,-0.00411979417270361,-1.5733992787952e-08,2.06078782126025e-10,1.23613245888666e-10,3.03725913458874e-11,0.000602040633984668,0.0760140472909023,-7.81700735379643e-08,0.0222978105266597,-0.00177162479010568,-0.000318748505173283,-0.0946429516069056
1360,-2.06756808656313e-08,3.56892092472772e-07,1.04909136313389e-06,-9.65481830835137e-08,-4.18172664302813e-09,-4.08593659829879e-09,4.10106277360863e-07,1.23022532852614e-06,-1.5463968841915e-06,-4.39030170011085e-20,2.85983572709646e-06,-8.5733764127673e-09,-9.68075563844057e-07,-7.08173219804387e-07,1.76113538739057e-10,-1.07362906768768e-07,-8.46536919093982e-07,-1.99384320012371e-06,1.54185222270628e-07,3.0614937643684e-06,5.72150706562321e-05,2.09580407267906e-14,8.74793015061958e-06,4.8787672505387e-06,-6.81469691104117e-07,6.22915217577182e-08,2.30899903970345e-12,9.44140739494535e-14,-3.00116982374992e-07,7.80808812704043e-06,1.16412092694329e-05,1.58074264042102e-08,5.15356435533979e-08,1.26979829970013e-08,3.6587459214357e-08,1.01301023048061e-06,2.35737651097025e-08,4.10414540662674e-07,-2.04052876561588e-07,-0.0267419268849247,9.79126481095056e-08,5.9718767416526e-06,-1.14641825214353e-06,4.48508247851424e-06,3.12676565962019e-07,6.89268763387578e-12,5.04738514562722e-07,1.13531329544961e-08,-8.96203585110612e-07,1.18920518334933e-07,3.71623901411528e-06,6.72939934095977e-07,2.00341320137507e-06,9.28009460078803e-08,8.17169446423842e-07,4.23820153855478e-07,-1.10202987533402e-06,-1.61124389053873e-12,7.89895235250309e-07,2.11286434016387e-07,6.35939912825776e-07,-4.6727287009733e-05,2.16087207937815e-08,3.19227522729875e-09,2.60585068777419e-11,3.63359402811328e-09,1.48896692596361e-12,1.464284663602e-08,-2.60589934340429e-05,-0.00320152135971489,-1.28721379450085e-08,2.49594493630298e-10,1.49653267029746e-10,7.45563245113547e-12,0.000629454539964684,0.0794755860566107,-8.06651338814432e-08,0.023313175573576,-0.00182955648756523,-0.00032782341879852,-0.0976058108258396
1365,-2.02637612323887e-08,3.66126169852518e-07,1.07858106968786e-06,-9.72383559251888e-08,-4.67985475739872e-09,-4.9767447399567e-09,2.88864861120715e-07,8.66496752582366e-07,-1.57251885394962e-06,-3.09813740601461e-18,2.9838900787876e-06,-8.77168878126554e-09,-9.71115412605302e-07,-7.08852297470378e-07,-3.10352779174331e-11,-1.09506682480533e-07,-8.90745145866687e-07,-1.28443120875109e-06,1.72332637303953e-07,3.1816967582917e-06,5.96700351129265e-05,-3.11592353213486e-13,9.10937506285822e-06,5.06777183495269e-06,-6.0475615135506e-07,8.08249870859772e-08,2.57154111083362e-12,2.0563499406088e-14,-3.18361074218239e-07,8.09151296484068e-06,1.21392270822866e-05,1.73021358063792e-08,5.16743681481351e-08,1.7593069490166e-08,4.1478385457471e-08,5.08345055461418e-07,3.73312162946828e-08,4.26300824441743e-07,3.98748431935315e-07,-0.025174074747623,9.64430454955826e-08,6.21455383234411e-06,-1.10315430167322e-06,4.68401150841294e-06,3.24538474333348e-07,6.28484710013378e-12,5.82613264790478e-07,1.82531474585626e-08,1.72547195654591e-06,1.14671318024462e-07,3.89447081400134e-06,5.27923268606248e-07,2.22765472365826e-06,8.22686289447769e-08,7.63631252892344e-07,4.14724103581702e-07,-2.132764594425e-06,-4.11346268291841e-11,-1.94471907434038e-07,1.99113621651137e-07,6.81454758541289e-07,-4.10564368048211e-05,2.42441550374325e-08,5.25824545589161e-09,3.14848055242657e-11,4.50387027178352e-09,1.63545798360396e-12,1.89873762453737e-08,-2.27886832840864e-05,-0.00249134225431787,-1.05225069288994e-08,2.99992586662053e-10,1.7981013043905e-10,3.09705614636374e-11,0.000657882370725216,0.0830650503786189,-8.35102126795079e-08,0.0243660665522142,-0.00189102774970845,-0.00033836082233398,-0.100769682930399
1370,-1.98485776645758e-08,3.77266845167824e-07,1.11334691524095e-06,-9.39762646585206e-08,-5.5422407697957e-09,-6.42696538229211e-09,1.84397878092058e-07,5.53091333200021e-07,-1.60908698742156e-06,-8.1751897366084e-20,3.11003883878815e-06,-8.76763374401022e-09,-9.70440910748385e-07,-7.06801204798176e-07,-4.52698789606991e-10,-1.10616631637763e-07,-9.4636127749208e-07,-8.36298559339246e-07,1.95776871875938e-07,3.30786257224229e-06,6.22385417073587e-05,-6.4308619850313e-16,9.48663863162823e-06,5.27233072637208e-06,-5.17417772403371e-07,9.53212371452372e-08,2.95377391412746e-12,-8.36426918596107e-18,-3.39341364044989e-07,8.38700560685567e-06,1.26637683679919e-05,1.80293919696265e-08,5.10044947913164e-08,1.93376016788543e-08,4.20248581795756e-08,1.18230376459924e-07,4.99175928208365e-08,4.43368506376919e-07,8.82902692334628e-07,-0.0236886362885484,9.28527854948751e-08,6.46501776842179e-06,-9.83379752687585e-07,4.89569127772869e-06,3.35231410761281e-07,5.65563843471279e-12,6.39141605047386e-07,2.23983180873048e-08,3.79151507350568e-06,1.09305159805658e-07,4.08629910291496e-06,4.13352929737491e-07,2.42578544463642e-06,7.03119784783773e-08,7.20553651735884e-07,4.10297758533065e-07,-2.78206288841408e-06,-6.48469359891058e-14,-8.63941826064537e-07,1.80626133942384e-07,7.25186321473435e-07,-3.69300505731221e-05,2.76175552642923e-08,6.44620771037748e-09,3.78361719724167e-11,5.38791891385446e-09,2.07455385479611e-12,2.24841408918197e-08,-1.88702368018843e-05,-0.00193907837635223,-8.71798157637887e-09,3.58465855022838e-10,2.15481842757832e-10,-3.91861966479047e-12,0.000687556771827578,0.0868118755708666,-8.67014719380313e-08,0.0254651177541803,-0.00195676799881522,-0.00035035966762605,-0.104173508107456
1375,-1.9417506994876e-08,3.88835613710014e-07,1.15289836193775e-06,-8.97396582865087e-08,-6.77267009127831e-09,-8.44799024427788e-09,9.67662913837692e-08,2.90191989198705e-07,-1.65626294624253e-06,-6.03984717927141e-21,3.23856696220011e-06,-8.57753147823108e-09,-9.67249333337287e-07,-7.03236617948497e-07,-9.3012262704253e-10,-1.1081992691906e-07,-1.01303260653355e-06,-5.45694658659383e-07,2.24606827866837e-07,3.44093651832284e-06,6.49358125868932e-05,-1.97488968810649e-15,9.88030848547424e-06,5.49190177449995e-06,-4.48088873946844e-07,1.04955323377779e-07,3.30261921372966e-12,-1.12408225593559e-14,-3.63173382989334e-07,8.69605778938905e-06,1.32169629465085e-05,1.84230012766363e-08,4.98033355396331e-08,1.93054199815723e-08,4.04241984006418e-08,-1.84017080912013e-07,6.17618800682755e-08,4.61758708657149e-07,1.27463257563175e-06,-0.0222798624262695,8.81175718607688e-08,6.72407628147528e-06,-8.64728733786115e-07,5.12158372218177e-06,3.45370388559523e-07,4.64231294977411e-12,6.78639732954409e-07,2.55495779941087e-08,5.42966685944267e-06,1.03627377857962e-07,4.29316541456216e-06,3.24554870497062e-07,2.60437563977887e-06,5.78623878555038e-08,6.85829157195251e-07,4.1150204712024e-07,-3.15984393914735e-06,7.19520280034206e-13,-1.30086627844907e-06,1.57072184625115e-07,7.66116029810403e-07,-3.47462695926982e-05,3.08755537401426e-08,7.31288455848845e-09,4.47094776489838e-11,6.28620701471379e-09,2.42301277161114e-12,2.55810803531299e-08,-1.53193353747475e-05,-0.00150872650184271,-7.21861156254292e-09,4.20977511503224e-10,2.53423823866014e-10,-5.07987166518817e-12,0.000718701355971523,0.0907443111109151,-9.02346932239937e-08,0.0266186156305512,-0.00202743648991956,-0.000363813295250343,-0.107852072233298
1380,-1.89671951318554e-08,3.99897867638974e-07,1.19687861763101e-06,-8.65602787956707e-08,-8.3708068810555e-09,-1.10440006108526e-08,2.55175229673845e-08,7.64409145410028e-08,-1.7139883809e-06,3.23352938296952e-18,3.36975609304848e-06,-8.333591361432e-09,-9.62778452954313e-07,-6.99364589435868e-07,-1.43076814660123e-09,-1.10235994830823e-07,-1.09024249606882e-06,-3.55834153715029e-07,2.5897921357279e-07,3.58185763325762e-06,6.77790184557043e-05,-6.31501557601197e-15,1.0291871584533e-05,5.72767919995338e-06,-3.93676763170759e-07,1.09024238710613e-07,3.60026903170817e-12,-4.97064223350675e-15,-3.89908113321324e-07,9.02039678207855e-06,1.38022489320091e-05,1.85936421856448e-08,4.81247902266218e-08,1.79960186629026e-08,3.71925258007399e-08,-4.15144473101845e-07,7.31824908887371e-08,4.81495270276409e-07,1.59101395010402e-06,-0.020942384429733,8.24662641725764e-08,6.99176417172927e-06,-7.63405535789376e-07,5.36336414798038e-06,3.55155165010171e-07,3.72463538308111e-12,7.06324497702503e-07,2.8534885642929e-08,6.72420009984202e-06,9.76373411881264e-08,4.51691044687855e-06,2.58042192836907e-07,2.76948990249659e-06,4.48306379014352e-08,6.56161543123024e-07,4.15160963917357e-07,-3.33926008065719e-06,-9.25225928062461e-11,-1.56165100562972e-06,1.28490093565354e-07,8.01879114271887e-07,-3.42119844967439e-05,3.36453356987697e-08,8.12460021325422e-09,5.18235570994167e-11,7.18828366002915e-09,2.7592822484927e-12,2.85065008511298e-08,-1.23685064100831e-05,-0.00117296541651459,-5.92097578803016e-09,4.84840289141548e-10,2.92031118961657e-10,-7.45299741296522e-12,0.000751531282779283,0.0948895273881542,-9.41041320240323e-08,0.0278345301042617,-0.00210362962210971,-0.000378710330626532,-0.111836468930706
1385,-1.86450260212141e-08,4.17648295062146e-07,1.2590559793093e-06,-8.53794770910868e-08,-1.02931348032405e-08,-1.41506920470655e-08,-3.0441839498141e-08,-9.1442037606247e-08,-1.78100954262056e-06,1.36130270144903e-20,3.51409690215555e-06,-8.03379247922964e-09,-9.59657602339426e-07,-6.97363466149665e-07,-1.95638201778362e-09,-1.09279357442748e-07,-1.18674169583021e-06,-2.31217097360809e-07,3.01548852811581e-07,3.74206044547643e-06,7.10100182008371e-05,-1.10321519805792e-14,1.07569174781651e-05,6.00007834307909e-06,-3.48973848115603e-07,1.08545473797446e-07,3.81549060397685e-12,3.8199457349907e-15,-4.17466237217122e-07,9.39025272238025e-06,1.44696296106226e-05,1.86568577672156e-08,4.60880003001263e-08,1.5433831669654e-08,3.2528775120554e-08,-5.86951307224249e-07,8.35303686745597e-08,5.04281730213552e-07,1.84853656520898e-06,-0.0196625416848727,7.66045611241989e-08,7.28858539234855e-06,-6.89279845584089e-07,5.63695209818987e-06,3.66175021407028e-07,2.79516684700279e-12,7.29402886634211e-07,3.17497676769688e-08,7.74983429309838e-06,9.14011345857519e-08,4.77128283931612e-06,2.10469716888504e-07,2.94015681385762e-06,3.11106709200265e-08,6.34847018715936e-07,4.34360876908038e-07,-3.37551504900038e-06,6.71898605008903e-13,-1.67715046747334e-06,9.69072762299304e-08,8.32916654109269e-07,-3.51117051678845e-05,3.56287254692912e-08,9.01909390119848e-09,5.88393790750881e-11,8.0520039900721e-09,3.05313626572004e-12,3.13376282616962e-08,-9.99261920195515e-06,-0.000910557654081398,-4.78797646814005e-09,5.45229900205848e-10,3.29170226969619e-10,-1.08712609210381e-11,0.000788838183638924,0.0996000044383239,-1.01400046467576e-07,0.0292162552089601,-0.00219632626822009,-0.000401879735098636,-0.116746239274611
1390,-1.8451507858956e-08,4.43557101723412e-07,1.34093373618054e-06,-8.64188315196189e-08,-1.23603039712283e-08,-1.74934169474174e-08,-7.27836202396613e-08,-2.18472200560255e-07,-1.85192818217862e-06,-3.75786172838305e-21,3.67708439029684e-06,-7.77432696908262e-09,-9.5891033495665e-07,-6.9808333600916e-07,-2.51521115066998e-09,-1.08320301730734e-07,-1.29662265361962e-06,-1.49839381760389e-07,3.50627124118566e-07,3.92671550601671e-06,7.47433608794084e-05,-1.53318469497583e-14,1.12941280332404e-05,6.31892018256556e-06,-3.1039597441795e-07,1.05324916535893e-07,3.914327922044e-12,-5.38068723471074e-15,-4.44125440220777e-07,9.82098967932259e-06,1.52426895892714e-05,1.86294673932789e-08,4.37806501744035e-08,1.1640626881024e-08,2.64239867134085e-08,-7.09294191843898e-07,9.26965542022905e-08,5.3084980625677e-07,2.05973643985316e-06,-0.0184333311095697,7.07813018470073e-08,7.62449865497315e-06,-6.34956079633111e-07,5.94970622934403e-06,3.79010288158156e-07,1.89658539224422e-12,7.52145741645216e-07,3.53117178764315e-08,8.56518537294086e-06,8.48174835291701e-08,5.06289639727097e-06,1.7831559399443e-07,3.12854638872418e-06,1.6761480080176e-08,6.22913635232961e-07,4.70621467344061e-07,-3.31092990567533e-06,-1.98217642215724e-12,-1.67515523796118e-06,6.46840928752817e-08,8.60090918226168e-07,-3.70103048700422e-05,3.65099124775564e-08,1.00327117135487e-08,6.48052249714637e-11,8.84781555936056e-09,3.23759063738335e-12,3.39576164830338e-08,-8.10839057362581e-06,-0.000705190823066071,-3.81915311203985e-09,5.94523169556385e-10,3.59153716202507e-10,-1.28990501593603e-11,0.00083192168914522,0.105039837024952,-1.10383874268618e-07,0.0308119253445908,-0.00230975585446955,-0.000432674266858731,-0.122810704347827
1395,-1.82265735485014e-08,4.70860034020022e-07,1.42787350449512e-06,-8.95556710244727e-08,-1.44114769758621e-08,-2.08240269415612e-08,-1.03583275825334e-07,-3.10875928993347e-07,-1.92162109962991e-06,-3.03849059159751e-18,3.85181259193402e-06,-7.79138093724318e-09,-9.59080663263491e-07,-7.00390083682473e-07,-3.11220556005579e-09,-1.07349633002862e-07,-1.40332241947458e-06,-9.67075214284586e-08,4.0180772625491e-07,4.1276595386804e-06,7.88117740923337e-05,-1.95634213996129e-14,1.18804437921265e-05,6.67032897438155e-06,-2.7578791556042e-07,9.98705677681435e-08,3.86934250212717e-12,-1.36924965799135e-14,-4.70280461743258e-07,1.02926241512383e-05,1.60867987616717e-05,1.83982784641718e-08,4.11568235013299e-08,6.84760879113691e-09,1.86735245821205e-08,-7.91387531748881e-07,1.01435057412668e-07,5.59834846287363e-07,2.23177685473128e-06,-0.0172588550132443,6.44489468687427e-08,7.98448830413737e-06,-5.89694563604695e-07,6.29074378206728e-06,3.92310202340701e-07,1.21383823233326e-12,7.74945568659831e-07,3.9382746081219e-08,9.20835696970896e-06,7.75924015099797e-08,5.38301244809928e-06,1.58514699557696e-07,3.32910362835115e-06,1.79473092753016e-09,6.14723150957774e-07,5.08232295561442e-07,-3.17726322027409e-06,-8.62381626246316e-11,-1.59088430632526e-06,3.21222588261413e-08,8.82090857190552e-07,-3.93256250225044e-05,3.60498356281754e-08,1.12150306961e-08,6.91670071567866e-11,9.55765349924266e-09,3.27226281172852e-12,3.63263766892081e-08,-6.62741751561873e-06,-0.0005444115198798,-3.00786701813943e-09,6.2671449576423e-10,3.78822892226274e-10,-1.54958799964934e-11,0.000878832101575666,0.11096285014079,-1.1804661073772e-07,0.0325493291823419,-0.00243507615354494,-0.000463551746660601,-0.129519468187879
1400,-1.7874392421815e-08,4.95138549564616e-07,1.50939926467271e-06,-9.43492728348295e-08,-1.6334491655621e-08,-2.39656928113234e-08,-1.24923916280732e-07,-3.74902652111636e-07,-1.98636645473023e-06,-7.09090119160061e-19,4.03179101654901e-06,-8.25798053455014e-09,-9.58844209889688e-07,-7.03148558721246e-07,-3.73687063332094e-09,-1.06334622028633e-07,-1.49636527563293e-06,-6.198434708839e-08,4.52237727506918e-07,4.33713809954535e-06,8.30558602228199e-05,-2.49695401714151e-14,1.24934745749444e-05,7.04070593800831e-06,-2.4400603009941e-07,9.26344302578694e-08,3.66522136093343e-12,-2.94012101763384e-14,-4.96138473484497e-07,1.07858507806699e-05,1.69688131795821e-05,1.79037140962614e-08,3.82025455896592e-08,1.32991518499703e-09,9.30291723522297e-09,-8.41130315720689e-07,1.10128579626562e-07,5.89989285564257e-07,2.37061857181333e-06,-0.0161422895342892,5.73207162393427e-08,8.3547590105916e-06,-5.49397808103474e-07,6.64945486600737e-06,4.05041555964861e-07,6.26910487195554e-13,7.97314736977763e-07,4.35345154074521e-08,9.71000960512433e-06,6.96425882835269e-08,5.72283811973536e-06,1.48481540281962e-07,3.53531475543073e-06,-1.35954615006127e-08,6.0612710167153e-07,5.37275043545034e-07,-2.99861549590296e-06,-2.5375862713212e-11,-1.45261657816644e-06,-3.40580013414946e-10,8.98329436298342e-07,-4.16056806074642e-05,3.40580765012521e-08,1.24451893090064e-08,7.07848848314786e-11,1.01101635428634e-08,3.09981618199542e-12,3.81734679106626e-08,-5.42082988193238e-06,-0.000418553290910778,-2.33217811234584e-09,6.32668945713642e-10,3.81830189685385e-10,-1.57074501681134e-11,0.000927721841058168,0.117135764086841,-1.23589599921252e-07,0.0343600380083176,-0.00256435059537158,-0.000490207800298698,-0.13641927322774
1405,-1.73462421970983e-08,5.13524183609256e-07,1.578028302256e-06,-1.0023861934912e-07,-1.80541684892436e-08,-2.67946933652837e-08,-1.38749247291803e-07,-4.16383375291322e-07,-2.04352527442712e-06,-5.72212796965954e-20,4.21092808127101e-06,-8.94480672100592e-09,-9.58754023372148e-07,-7.05368398090919e-07,-4.37086845907362e-09,-1.05243440487364e-07,-1.56951389849497e-06,-3.91929533007491e-08,4.99910140034633e-07,4.54778812947399e-06,8.7323639773147e-05,-2.70904740769122e-14,1.31114732530661e-05,7.4167459148387e-06,-2.16808036676358e-07,8.40043397999394e-08,3.25534706689638e-12,-1.49260035673948e-15,-5.21758605927291e-07,1.1282005474719e-05,1.78570090674958e-05,1.72127237088305e-08,3.4927424825011e-08,-4.62205772648729e-09,-1.49500840415477e-09,-8.65320907380454e-07,1.18756106028444e-07,6.20162221002768e-07,2.48115927344506e-06,-0.0150860319909212,5.02294496238752e-08,8.72259628888559e-06,-5.12170553634879e-07,7.01548424247222e-06,4.17749583002014e-07,8.95443899575272e-13,8.18085244113509e-07,4.80844868495377e-08,1.00947334166946e-05,6.1022348100913e-08,6.07351592782098e-06,1.46054602427913e-07,3.73995749370687e-06,-2.91107688440526e-08,5.94150983175851e-07,5.51550556630221e-07,-2.79342125586132e-06,-2.92260026489951e-12,-1.28302081492759e-06,-3.22132607175545e-08,9.08733362825654e-07,-4.363886524673e-05,3.02314801471115e-08,1.38134193868542e-08,6.97010153532233e-11,1.0508912180254e-08,2.7407871124661e-12,3.95220402457228e-08,-4.47775029887664e-06,-0.000319987266771529,-1.78362860564324e-09,6.08878955551648e-10,3.68872568602024e-10,-1.9559178118524e-11,0.00097683825891003,0.123337286614191,-1.26816124945998e-07,0.036179139420095,-0.00269045488304409,-0.000510205784827911,-0.143107632079947
1410,-1.66289334328365e-08,5.24142477564009e-07,1.62841246642355e-06,-1.06698579133145e-07,-1.9522553776114e-08,-2.92262831496911e-08,-1.46777657187496e-07,-4.40472971764774e-07,-2.09129060687558e-06,-1.42587694648908e-20,4.38350883158551e-06,-9.50239475967972e-09,-9.59923270310809e-07,-7.06261760519922e-07,-5.02407020961586e-09,-1.04041272502588e-07,-1.61945051539158e-06,-2.4169758527327e-08,5.43267640460377e-07,4.75262434805092e-06,9.14707790975417e-05,-3.11269476662503e-14,1.37136135790074e-05,7.78600634029934e-06,-1.94777103922151e-07,7.43336301598395e-08,2.6458963737681e-12,1.52359633898426e-17,-5.47080332144269e-07,1.17631235167323e-05,1.87214346819971e-05,1.63452920584379e-08,3.1287303720698e-08,-1.09057433037481e-08,-1.39389058688106e-08,-8.6982294618769e-07,1.27147939748386e-07,6.49230889044213e-07,2.56747914795804e-06,-0.0140918255123427,4.40769211133096e-08,9.0758686192042e-06,-4.77057549922285e-07,7.37879510584171e-06,4.31322895501584e-07,9.74434581473996e-13,8.36627131638049e-07,5.40567278534925e-08,1.03835021372205e-05,5.16356558704694e-08,6.42627750224632e-06,1.49135319327079e-07,3.93589120883119e-06,-4.47073374451392e-08,5.75809597131669e-07,5.45702707172512e-07,-2.57631152656723e-06,1.03004177091116e-10,-1.10118479680123e-06,-6.33141344868347e-08,9.12986493833859e-07,-4.52883898386391e-05,2.45209452251862e-08,1.56033970645109e-08,6.5183553132216e-11,1.08863226599498e-08,2.1344924209816e-12,4.0829551685937e-08,-3.77593047866119e-06,-0.000242791405794774,-1.34144803771342e-09,5.4917711001257e-10,3.3619665831406e-10,-2.19956488468476e-11,0.00102451479678221,0.129356992654711,-1.27696006284439e-07,0.0379449087158128,-0.00280698441232175,-0.000522184916290323,-0.149226668516641
1415,-1.57326179884408e-08,5.25789427904962e-07,1.65675254988011e-06,-1.13248313622201e-07,-2.07102631163895e-08,-3.12036217011548e-08,-1.50133562675609e-07,-4.50545290384073e-07,-2.12850016954132e-06,2.0404507243439e-21,4.54416084404691e-06,-9.83825260428202e-09,-9.62437552184388e-07,-7.05216692880319e-07,-5.71005798996232e-09,-1.02716828376627e-07,-1.64482631487452e-06,-1.44144746086045e-08,5.81014228716988e-07,4.94500489399038e-06,9.53594072242375e-05,-3.38794703995783e-14,1.42797547196457e-05,8.13653201580551e-06,-1.74835655326668e-07,6.39407312964947e-08,1.93148616682501e-12,-7.29822679145644e-16,-5.71962347363309e-07,1.22118433932611e-05,1.95334953114524e-05,1.52830343530194e-08,2.72265605393458e-08,-1.74918857757272e-08,-2.83415993060437e-08,-8.57968548542418e-07,1.35309917468411e-07,6.76126767552391e-07,2.63099035720748e-06,-0.0131608798066751,3.92887723410048e-08,9.4031878513658e-06,-4.42656016957126e-07,7.72960500265269e-06,4.46892557530082e-07,9.58611781943171e-13,8.51807211555905e-07,6.12783605839612e-08,1.05851302112917e-05,4.13895485282707e-08,6.7723638476049e-06,1.56328396725383e-07,4.11545752288e-06,-6.03523626570603e-08,5.48771447646448e-07,5.16263955834954e-07,-2.35390812211736e-06,-1.07505864152974e-12,-9.18902727979718e-07,-9.35280243194493e-08,9.10615962020017e-07,-4.63626974877953e-05,1.7837854571099e-08,1.77521931198079e-08,5.76575843611672e-11,1.1311085977123e-08,1.39631831702704e-12,4.2278249978371e-08,-3.18443431651389e-06,-0.000182491836378594,-1.00335482253104e-09,4.69669999074272e-10,2.87040735975007e-10,-2.32511421906721e-11,0.00106916179635191,0.134994166126538,-1.26245046100278e-07,0.0395984691583907,-0.00290817109926117,-0.000525407372099509,-0.154457671292057
1420,-1.46723324853433e-08,5.17804949501781e-07,1.6604003462667e-06,-1.19277980436223e-07,-2.1587871713582e-08,-3.26830304039288e-08,-1.5089351451582e-07,-4.52829471300464e-07,-2.15450056069702e-06,-6.25707699359636e-20,4.68779343324055e-06,-1.17962732138272e-08,-9.54258902822551e-07,-7.01404958794086e-07,-6.24655434026876e-09,-1.01214074761956e-07,-1.6450165938776e-06,-8.07988965491112e-09,6.12034602632478e-07,5.11853278768449e-06,9.88523818702963e-05,-2.99784976511176e-14,1.47884847064034e-05,8.45336211397388e-06,-1.47396320313846e-07,5.30091481847257e-08,1.35460756964391e-12,2.64011177483435e-15,-5.96259669067835e-07,1.26107706006175e-05,2.02630543747376e-05,1.38619551685219e-08,2.31110599922954e-08,-2.31819580899261e-08,-4.18696684105433e-08,-8.38072414950362e-07,1.43001537654315e-07,7.00109065690002e-07,2.67784203554192e-06,-0.0122939421152907,2.98561384735161e-08,9.69581636463779e-06,-4.09558284410064e-07,8.05785593997731e-06,4.52726203064224e-07,8.58645548394262e-13,8.5739274411278e-07,6.45525316089245e-08,1.07246903388999e-05,3.16176272696111e-08,7.10205099061251e-06,1.66740078890108e-07,4.26880545111774e-06,-7.42234549847387e-08,5.15664660391536e-07,4.71441912069117e-07,-2.1396326104151e-06,4.83963429162594e-11,-7.52074235934615e-07,-1.20705659902662e-07,9.05563094885924e-07,-4.67203799444485e-05,1.24735174716474e-08,1.88166994850565e-08,4.81321440976935e-11,1.11954938919899e-08,7.47903345119692e-13,4.23332636333126e-08,-2.61082856338962e-06,-0.000135563720285486,-7.50103101521677e-10,3.75128357937471e-10,2.28110994890369e-10,-2.35616443274742e-11,0.00110925694508184,0.140056615775553,-1.22491150241189e-07,0.0410834446233325,-0.00298880556049531,-0.00051949181246697,-0.158516065977626
1425,-1.34868338023769e-08,4.99659092355905e-07,1.637434352556e-06,-1.24512787714102e-07,-2.21433391789796e-08,-3.36375495305355e-08,-1.49578948106727e-07,-4.48890157759497e-07,-2.16900538462551e-06,-1.17438389617462e-20,4.80960481206186e-06,-1.38615195994452e-08,-9.44520907119248e-07,-6.94603572112418e-07,-6.69664596461032e-09,-9.95435545763024e-08,-1.62062895521308e-06,-4.06137288089225e-09,6.3527626451316e-07,5.26715628808863e-06,0.000101822880043342,-3.44838010185153e-14,1.52209965057911e-05,8.72562152473688e-06,-1.3115670031071e-07,4.1827114278928e-08,6.24488050809463e-13,-6.84287448133914e-18,-6.1974632958211e-07,1.29436616252171e-05,2.08839653648044e-05,1.23856774215575e-08,1.88344831045896e-08,-2.82561603588026e-08,-5.52302617088626e-08,-8.11604067481154e-07,1.50750300571154e-07,7.20164499289502e-07,2.70757557257248e-06,-0.0114914718533711,2.09827562613981e-08,9.9433549505957e-06,-3.76431420890256e-07,8.3542345084207e-06,4.56419921774338e-07,4.41227355074454e-13,8.52547087631402e-07,7.47153622007635e-08,1.08029471968411e-05,2.19622615445106e-08,7.4066314956745e-06,1.79355821864007e-07,4.38843231792322e-06,-8.67459541686086e-08,4.73991792597597e-07,4.04691161894762e-07,-1.9369975471313e-06,9.68287005082449e-11,-6.06479414612083e-07,-1.45394825698783e-07,8.97077786347955e-07,-4.6684358633181e-05,5.65772538310777e-09,2.18282390146288e-08,3.70884842141624e-11,1.18380888757418e-08,-8.58303632235854e-14,4.52053678441501e-08,-2.34458026746849e-06,-9.89380523942568e-05,-5.56004061320975e-10,2.58661989876e-10,1.61783747049155e-10,-2.3303417723471e-11,0.0011433350841525,0.144359342382031,-1.16464384953324e-07,0.0423455686471017,-0.00304416097541738,-0.000504259548076364,-0.161146601279088
1430,-1.22204066504218e-08,4.70971606243863e-07,1.5864940354453e-06,-1.28795483421287e-07,-2.23702738319569e-08,-3.40512368648247e-08,-1.46846671989087e-07,-4.40698167023846e-07,-2.17202175080163e-06,8.74657594444506e-22,4.90502213141534e-06,-1.57575702029627e-08,-9.35426039580667e-07,-6.84750022495101e-07,-7.18715848662805e-09,-9.76816752253693e-08,-1.57293497377342e-06,-1.66568127072794e-09,6.49790735444611e-07,5.38508424858195e-06,0.000104150046489711,-3.83872956189471e-14,1.55596797265393e-05,8.94400423477312e-06,-1.25242527533064e-07,3.07828293368448e-08,-2.07149558027216e-13,5.44423535265179e-17,-6.4218974991433e-07,1.31949648022994e-05,2.13719268589562e-05,1.0591310171619e-08,1.41313027457873e-08,-3.33687080690061e-08,-7.03250024531e-08,-7.81134807135698e-07,1.59979593827668e-07,7.35192149501502e-07,2.72123624123765e-06,-0.0107536504963333,1.32157925253828e-08,1.01350191389506e-05,-3.43244371679647e-07,8.609800554468e-06,4.59388073032246e-07,1.13708903359118e-13,8.38993144096876e-07,9.81433334666664e-08,1.08293285645959e-05,1.15987656891628e-08,7.67780209880946e-06,1.9222585331063e-07,4.46860201047551e-06,-9.8962342572047e-08,4.19445907121934e-07,3.08234738025455e-07,-1.75259989177427e-06,8.9279125150519e-12,-4.91996924104045e-07,-1.68700999907161e-07,8.83252957273074e-07,-4.62052939134254e-05,-2.06730503794059e-09,2.85864441696861e-08,2.61954316609716e-11,1.41817741941399e-08,-9.58013310556324e-13,5.41571422310857e-08,-2.27592903784471e-06,-7.05896474462168e-05,-4.05106704863988e-10,1.4885892333678e-10,9.78467216693984e-11,-2.51618089940868e-11,0.00116997912888878,0.147723408589003,-1.08192707844799e-07,0.0433323529107658,-0.00306993004745785,-0.000479643804234603,-0.162119371952543
1435,-1.09066975461458e-08,4.31583126267998e-07,1.5066602335444e-06,-1.3182254477271e-07,-2.22577238515324e-08,-3.39105651398074e-08,-1.43345213169484e-07,-4.30198379210268e-07,-2.16379348999882e-06,6.19405348261718e-20,4.96962482734678e-06,-1.80108753698293e-08,-9.23345699333857e-07,-6.71679140785135e-07,-7.66003014406344e-09,-9.56406155487949e-08,-1.50308392132147e-06,-7.74019787046967e-10,6.54742636114789e-07,5.46666163228113e-06,0.000105712221836508,-4.11821376464783e-14,1.57857689470907e-05,9.09658346342684e-06,-1.21335665455712e-07,2.01808648629979e-08,-9.32339604358179e-13,2.19615995618508e-16,-6.63432812131773e-07,1.33490489862795e-05,2.17010370163202e-05,8.41104167847947e-09,9.0968720259966e-09,-3.81481347726381e-08,-8.63582712169644e-08,-7.49377625479181e-07,1.72228699168291e-07,7.44372860793822e-07,2.71941954551883e-06,-0.0100804717075175,4.78137415514017e-09,1.02621905368459e-05,-3.09575864920519e-07,8.81534049760146e-06,4.58240584766934e-07,-8.75160891497686e-13,8.13084259172796e-07,1.25776750983625e-07,1.0807080432263e-05,9.79347095545662e-10,7.90645119160092e-06,2.04956176469585e-07,4.50109041942324e-06,-1.10209450897961e-07,3.52732095395264e-07,1.86654861028387e-07,-1.58589578199035e-06,-3.12444837451514e-11,-4.13097995413046e-07,-1.89804380357638e-07,8.65427063155293e-07,-4.49767284960275e-05,-8.7959403087769e-09,3.65035782605492e-08,1.63295588362514e-11,1.73549776142555e-08,-1.541176247384e-12,6.55996328660344e-08,-2.08284109328005e-06,-4.91647960972864e-05,-3.25690708898683e-10,5.50184619601132e-11,4.17127244097586e-11,-2.46501879589052e-11,0.00118781051822314,0.14997475956689,-9.76999007307506e-08,0.0439927413022947,-0.00306216408230047,-0.000445634844664258,-0.161226032516786
1440,-9.57186470977339e-09,3.8146529060395e-07,1.39728941905601e-06,-1.33213891676877e-07,-2.17943395909213e-08,-3.32045153030973e-08,-1.39673691664235e-07,-4.19187124424771e-07,-2.14474157415676e-06,-8.31003745966569e-20,4.99910325077415e-06,-2.06636207341753e-08,-9.06670921795966e-07,-6.55288395812272e-07,-7.94581708520708e-09,-9.3486937345775e-08,-1.412091033097e-06,-1.04957461360775e-09,6.49385139640082e-07,5.50634077842809e-06,0.000106387455142564,-3.26230216267268e-14,1.58797317805885e-05,9.16958192242989e-06,-1.1623347971633e-07,1.01114971878334e-08,-1.45414092088358e-12,-3.72766267441774e-19,-6.83405760581736e-07,1.33902907954987e-05,2.18443186336398e-05,6.23842974613903e-09,4.08676793604334e-09,-4.15858864747561e-08,-1.00591882512793e-07,-7.19047365843621e-07,1.86649395855755e-07,7.47100095202867e-07,2.70228131949526e-06,-0.00947181893399539,-4.19719875916973e-09,1.03178419366493e-05,-2.74992472746938e-07,8.96143762828451e-06,4.51655430324087e-07,-2.37805707409685e-12,7.67399031218567e-07,1.44236685902959e-07,1.07343345786429e-05,-8.64170773847113e-09,8.08281419192368e-06,2.18270542229902e-07,4.47595867903143e-06,-1.18817879759917e-07,2.77988973333336e-07,5.04783576989093e-08,-1.43240005054696e-06,-2.23590297218386e-11,-3.70207073798559e-07,-2.06864204847698e-07,8.4730958211973e-07,-4.2934947788704e-05,-1.35960831086397e-08,4.17211000141641e-08,8.07732130362912e-12,1.96795356724982e-08,-1.72798424736129e-12,7.30383608738449e-08,-1.699909470684e-06,-3.33984623121021e-05,-3.00989365390675e-10,-1.76732728475612e-11,-3.23289777472112e-12,-2.12914865819633e-11,0.00119548091443081,0.150943169662482,-8.50037567572854e-08,0.0442768009341254,-0.00301722038261657,-0.000402246255109052,-0.158276545589159
1445,-8.2863439779159e-09,3.16820363211357e-07,1.25195466578236e-06,-1.33080639899933e-07,-2.11106407631816e-08,-3.2115149059393e-08,-1.36152382377194e-07,-4.08623892169016e-07,-2.1213862838089e-06,-3.33039039478958e-20,4.99216555878879e-06,-2.37919254852953e-08,-8.84775160525545e-07,-6.3604133171608e-07,-7.91586443856392e-09,-9.08967306200282e-08,-1.31440163127635e-06,-1.2387126324972e-09,6.49152589098501e-07,5.50702454989821e-06,0.000106037892515568,-2.37406009891035e-14,1.58426488257097e-05,9.15663221051397e-06,-1.025913052303e-07,-7.86881974592737e-10,-1.60808158226779e-12,3.66385444114208e-17,-6.99555263956164e-07,1.33211773557628e-05,2.17720711186268e-05,4.52009468431857e-09,-7.58323139552122e-10,-4.30900712364212e-08,-1.10514950609809e-07,-6.91402749406787e-07,2.01752471197201e-07,7.42359184924712e-07,2.66699518924176e-06,-0.00892673711619134,-1.37940143349683e-08,1.02989919679402e-05,-2.44045870132922e-07,9.05706820031875e-06,4.37799675228291e-07,-3.41479807723843e-12,6.87322815736391e-07,1.35471829865106e-07,1.05984529833399e-05,-1.55523813099679e-08,8.21595746067278e-06,2.35661724558918e-07,4.40810075939291e-06,-1.23125392044448e-07,1.97110234746034e-07,-9.47317962721346e-08,-1.28119623408315e-06,-3.20047098694424e-12,-3.49441668061025e-07,-2.17857423236877e-07,8.3268226931822e-07,-4.05013699632745e-05,-1.49727694362078e-08,3.91367126619316e-08,1.51313917554419e-12,1.86426872139365e-08,-1.58395183036373e-12,6.77379225783928e-08,-1.18505437821028e-06,-2.18358872387902e-05,-2.81964109645389e-10,-7.03891879715367e-11,-3.72632614865215e-11,-1.62371057245407e-11,0.00119070243998837,0.150339782116182,-6.90824445598117e-08,0.0440998004718305,-0.00292790718703744,-0.000347116756480299,-0.152881046900264
1450,-7.12131771167848e-09,2.42192031555311e-07,1.08163009506625e-06,-1.32145403003877e-07,-2.03914854085749e-08,-3.09296103431428e-08,-1.32732699470652e-07,-3.98364530769504e-07,-2.09977080572459e-06,-4.34828015589733e-20,4.95480927723262e-06,-2.70716933298581e-08,-8.61106172223736e-07,-6.15245304234396e-07,-7.65579705881783e-09,-8.77486071355855e-08,-1.22446136851329e-06,-1.44915623882783e-09,6.62392648614851e-07,5.47869436043068e-06,0.000104758889766545,-1.84494014214497e-14,1.57017091719751e-05,9.07148595845327e-06,-9.27294471157884e-08,-1.36060129877916e-08,-1.74606606099051e-12,8.74828020274347e-17,-7.11579015495603e-07,1.3165125235133e-05,2.15047261301918e-05,3.33160729719794e-09,-5.5916333621181e-09,-4.32318135572822e-08,-1.16701305788435e-07,-6.65796691797766e-07,2.15550971838736e-07,7.30658325210011e-07,2.61411199950199e-06,-0.00843770641351083,-2.30984648013069e-08,1.02165055028107e-05,-2.19183458053222e-07,9.12019862240035e-06,4.18425501900316e-07,-4.18060175485813e-12,5.72427206942098e-07,1.2429674659289e-07,1.04013345958284e-05,-1.98130372338678e-08,8.32318506737238e-06,2.58545590019058e-07,4.32268180590368e-06,-1.23946986238509e-07,1.10492662469873e-07,-2.47448237608793e-07,-1.13633687964746e-06,-4.20200448772217e-12,-3.3665111005146e-07,-2.24191435867325e-07,8.21301831441102e-07,-3.8444582356423e-05,-1.62074457543499e-08,3.58507435746199e-08,-3.61373825159348e-12,1.69283974174388e-08,-1.52808007863794e-12,6.12791096874285e-08,-9.04055873698707e-07,-1.29342133193094e-05,-2.63352593164539e-10,-1.13517194219348e-10,-6.33905282051022e-11,-1.32539411839963e-11,0.00117412842841756,0.14824708408187,-5.3059943331571e-08,0.0434859360945193,-0.00279906963598205,-0.000286304451083711,-0.145333278901292
1455,-6.09013469274328e-09,1.67027605083372e-07,9.0655647932165e-07,-1.30867980076434e-07,-1.96961471566553e-08,-2.9769148966604e-08,-1.294029379695e-07,-3.88374753780144e-07,-2.07968240913204e-06,-2.48522179706234e-21,4.89347456612858e-06,-3.0421454660274e-08,-8.37528980714867e-07,-5.93934876461297e-07,-7.32296769574017e-09,-8.43527583980998e-08,-1.1429700232497e-06,-1.72167128599472e-09,6.81090580355571e-07,5.42629438194219e-06,0.000102772860521328,-1.81250021819087e-14,1.54762499414933e-05,8.93039029675476e-06,-9.03396173894692e-08,-2.77691978485643e-08,-1.96375112609283e-12,1.1800467155434e-18,-7.22158120087371e-07,1.29376794136982e-05,2.10894618560252e-05,2.35006429916409e-09,-1.05239095143814e-08,-4.2806885378159e-08,-1.21173806874597e-07,-6.42136785638446e-07,2.28267458325421e-07,7.13616932119113e-07,2.54877471280038e-06,-0.00799555026151167,-3.20967470968065e-08,1.00836250362197e-05,-1.98946774878479e-07,9.15476246191994e-06,3.9530695876497e-07,-4.80674261766654e-12,4.36315419195207e-07,1.2650644509087e-07,1.01630431041223e-05,-2.285318545694e-08,8.40698765426189e-06,2.84500504290361e-07,4.22566235678099e-06,-1.23328392666116e-07,1.92868593245083e-08,-4.0300726203035e-07,-1.00619626184059e-06,-3.51719115412177e-13,-3.32289702521801e-07,-2.28945403852228e-07,8.10789685405857e-07,-3.67041852133618e-05,-1.81917149328773e-08,3.63471417711663e-08,-7.43255823433933e-12,1.68654163703551e-08,-1.54339823992589e-12,6.1285580140342e-08,-7.87393323344436e-07,-6.15501380910795e-06,-2.49484150695499e-10,-1.46235964191376e-10,-8.24605524518276e-11,-1.18464306073342e-11,0.00114874309298119,0.145041856505831,-3.95109471840004e-08,0.0425457301408924,-0.0026442758916659,-0.000228296653287988,-0.136413658234015
1460,-5.19243033434508e-09,9.78257964835294e-08,7.41478520529186e-07,-1.2950073766065e-07,-1.9067648202821e-08,-2.87222170707221e-08,-1.26150556215993e-07,-3.78617061194325e-07,-2.06085942120431e-06,-2.84765331372363e-21,4.81431888112214e-06,-3.38052794345421e-08,-8.14888971013772e-07,-5.72904721180398e-07,-6.99588494936417e-09,-8.09780412228492e-08,-1.07016117413955e-06,-2.01673290437674e-09,7.00117479978426e-07,5.35452792795734e-06,0.000100292548955975,-1.70397632912047e-14,1.51843851905883e-05,8.74809675411585e-06,-9.37479445759227e-08,-4.26720448168444e-08,-2.23095961053863e-12,2.19271355734993e-16,-7.33245620708455e-07,1.26536987111022e-05,2.05709576953059e-05,1.39460320454406e-09,-1.55500881437203e-08,-4.22070983194285e-08,-1.25018255070833e-07,-6.20284674400876e-07,2.40982484047989e-07,6.92876515028105e-07,2.47567027836321e-06,-0.0075920894026924,-4.08166687709089e-08,9.9136164603006e-06,-1.82450147135338e-07,9.16432177560152e-06,3.69789168556254e-07,-5.30311373999391e-12,2.90070952890602e-07,1.4456134629532e-07,9.9003489093813e-06,-2.5555022651141e-08,8.46943997888231e-06,3.11695079258329e-07,4.12193465756686e-06,-1.22503254806872e-07,-7.40326380270092e-08,-5.53903892015941e-07,-8.93795394254777e-07,9.11178581115775e-14,-3.35006669322423e-07,-2.34002891273922e-07,7.9987586746098e-07,-3.51584836380967e-05,-2.06434659651002e-08,4.13535929817623e-08,-1.01297225001935e-11,1.89341302391335e-08,-1.55696691698800e-12,6.91871729447298e-08,-7.34519373265841e-07,-1.12589627368196e-06,-2.40514926469678e-10,-1.68317405882705e-10,-9.5384454905182e-11,-1.10912802298138e-11,0.00111741902746076,0.141086793350403,-2.9120568614755e-08,0.0413855727782168,-0.00247585505400477,-0.000177973375108103,-0.126823561204448
1465,-4.41931693050674e-09,3.90911366489382e-08,5.97140959889639e-07,-1.28123708815679e-07,-1.85338082754167e-08,-2.78501926253421e-08,-1.22963748950121e-07,-3.69055702741265e-07,-2.04297543991436e-06,-3.62230263192931e-20,4.72327026056178e-06,-3.71782292170551e-08,-7.93331074834215e-07,-5.5274401083136e-07,-6.67711307925721e-09,-7.78668377067694e-08,-1.00580386717066e-06,-2.29901660030953e-09,7.16020123745033e-07,5.26791457000911e-06,9.75221729131727e-05,-1.71599206534535e-14,1.48430980671257e-05,8.53782897875495e-06,-9.7761466472761e-08,-5.78039778949314e-08,-2.43865469925137e-12,2.42240066746332e-15,-7.46232551646832e-07,1.23274769193984e-05,1.99915673069674e-05,4.59787951299405e-10,-2.05322990826215e-08,-4.14202812374679e-08,-1.28262499255774e-07,-6.00048545629135e-07,2.53692059184521e-07,6.70126253253554e-07,2.39901877177113e-06,-0.00721999853431843,-4.91554516041467e-08,9.71997548183001e-06,-1.68999565153453e-07,9.15211103226542e-06,3.42986866476039e-07,-5.633635641333e-12,1.42125510744131e-07,1.68701159612634e-07,9.62631943832832e-06,-2.82555477554522e-08,8.5121761779197e-06,3.38918656671758e-07,4.01513109301271e-06,-1.21938532019458e-07,-1.65461923047491e-07,-6.89861135008225e-07,-7.96777028742154e-07,3.39120821059909e-12,-3.41432543321595e-07,-2.40211941519579e-07,7.88559814101167e-07,-3.36921664919868e-05,-2.25772502144835e-08,4.80931521481238e-08,-1.18984602095355e-11,2.19378845970006e-08,-1.51662476487806e-12,8.03618762214105e-08,-6.7715196739799e-07,2.45380410382146e-06,-2.34939772252941e-10,-1.81489484024203e-10,-1.03066199172976e-10,-9.6080963542009e-12,0.00108293266951065,0.136732454772653,-2.20606215443729e-08,0.0401082949333191,-0.0023050434440262,-0.000138132670045802,-0.117195095403106
1470,-3.75903940842326e-09,-6.05737031469749e-09,4.81379886594052e-07,-1.26748358394063e-07,-1.81124656576923e-08,-2.71949089683421e-08,-1.1982001203911e-07,-3.59623033887735e-07,-2.02563578173715e-06,4.59569177431084e-19,4.62607443411328e-06,-4.04390937309822e-08,-7.73036064504424e-07,-5.3387045035874e-07,-6.35389844612643e-09,-7.52187173166215e-08,-9.49450494057455e-07,-2.53564217135827e-09,7.26309381980234e-07,5.17085406764365e-06,9.46596178669221e-05,-1.52559481776018e-14,1.44688580096683e-05,8.3122289191904e-06,-1.01035567263965e-07,-7.27493142592209e-08,-2.58184133092447e-12,-3.99187407166953e-16,-7.62061594625338e-07,1.19730048652858e-05,1.939219964024e-05,-4.03530597803157e-10,-2.53086586599454e-08,-4.0360152968604e-08,-1.30691286783276e-07,-5.81160339002125e-07,2.65280880777573e-07,6.47030963347932e-07,2.32275813984217e-06,-0.00687268409485298,-5.6835854921966e-08,9.51595710520934e-06,-1.58141726326918e-07,9.12123118225563e-06,3.1618694996297e-07,-5.86546030715987e-12,-1.22655038662779e-10,1.94845354820652e-07,9.35243906189018e-06,-3.11482708645694e-08,8.53670795309241e-06,3.65113641555845e-07,3.90851242886848e-06,-1.21893253349947e-07,-2.51007929378654e-07,-8.02895973840527e-07,-7.1358595185577e-07,3.12771127904792e-11,-3.47823115304488e-07,-2.48083807730042e-07,7.77137383159706e-07,-3.22656208889939e-05,-2.38548759012995e-08,5.54049800027291e-08,-1.29632434955935e-11,2.52489495306129e-08,-1.43772255121018e-12,9.28379042516564e-08,-6.08159836499422e-07,4.86748289478507e-06,-2.30564165937788e-10,-1.8806202303248e-10,-1.06950149735071e-10,-9.02902905241809e-12,0.00104797512483597,0.132318628293216,-1.83652084810903e-08,0.0388135675675514,-0.00214210747554223,-0.00011037660134856,-0.108099375148275
1475,-3.19957612962275e-09,-3.54443563721804e-08,3.99946198776133e-07,-1.25359431356632e-07,-1.78151995252087e-08,-2.67845446986517e-08,-1.16689690963617e-07,-3.50230094023596e-07,-2.00838901608757e-06,1.40973120971028e-21,4.52831918298185e-06,-4.34745538507069e-08,-7.54187494095928e-07,-5.16580907889466e-07,-6.01838845425457e-09,-7.31920380061323e-08,-9.00613108054847e-07,-2.70018553421431e-09,7.29054971999562e-07,5.06765966420865e-06,9.1897296734445e-05,-1.26601052527195e-14,1.40778740540411e-05,8.08370911510239e-06,-1.03012889674148e-07,-8.71351198036424e-08,-2.64340542598888e-12,1.40238992483782e-17,-7.81320933847082e-07,1.16040768934525e-05,1.88126559368769e-05,-1.14896452547792e-09,-2.97332902554561e-08,-3.89760546832573e-08,-1.32144323797273e-07,-5.63309696296035e-07,2.74345615553107e-07,6.25203686810642e-07,2.25065820316545e-06,-0.00654419671297789,-6.35748546581706e-08,9.31441021080605e-06,-1.49594920370753e-07,9.0747402341008e-06,2.90715014124762e-07,-5.90772191444691e-12,-1.29716350319953e-07,2.20780968832256e-07,9.08962823892067e-06,-3.44220686888375e-08,8.54456414664393e-06,3.89199032306137e-07,3.8053205199078e-06,-1.22607905901719e-07,-3.27182863607978e-07,-8.87326669246969e-07,-6.43064305912246e-07,2.16360314605152e-14,-3.50739561490911e-07,-2.58025628421917e-07,7.6584964958911e-07,-3.08608050043246e-05,-2.44757823947657e-08,6.26606559457169e-08,-1.34651850800433e-11,2.85014773683262e-08,-1.32867178106312e-12,1.05493910712602e-07,-5.332100682514e-07,6.34382710863317e-06,-2.25895131995369e-10,-1.89607987271195e-10,-1.07583603688299e-10,-8.06128781965476e-12,0.00101515651907849,0.128174876276011,-1.80527588871419e-08,0.0375980622699135,-0.00199643272574218,-9.56466645292637e-05,-0.100052735768622
1480,-2.72917955346021e-09,-4.75831985386904e-08,3.57007544133189e-07,-1.2393025367242e-07,-1.76487640823393e-08,-2.66367160459201e-08,-1.13541026036849e-07,-3.4078148127501e-07,-1.99074399458867e-06,-3.47241744888515e-20,4.43545206277902e-06,-4.61885311386955e-08,-7.36854809847573e-07,-5.01077391098802e-07,-5.66911097016251e-09,-7.19091125072702e-08,-8.58784142907737e-07,-2.78207448511665e-09,7.22689600727522e-07,4.96258207601497e-06,8.94224446848232e-05,-1.0979167000923e-14,1.36861878794148e-05,7.86451524696345e-06,-1.02662541323077e-07,-1.00604207488042e-07,-2.62281067976804e-12,-4.11019657182095e-16,-8.04320145031544e-07,1.1234334099166e-05,1.82917181953968e-05,-1.74877324709086e-09,-3.36815842114243e-08,-3.72604668361933e-08,-1.32553543882485e-07,-5.46172026794369e-07,2.79586684037276e-07,6.06202577687999e-07,2.18636480255306e-06,-0.00622914420485407,-6.91737029063519e-08,9.12778038821537e-06,-1.43141072123851e-07,9.01570071995452e-06,2.67808980732141e-07,-5.83405795251986e-12,-2.40061715596075e-07,2.43732277789608e-07,8.84852437545004e-06,-3.82761526395443e-08,8.53734239674526e-06,4.10049855823418e-07,3.70883794769342e-06,-1.24324688684827e-07,-3.91017884601971e-07,-9.3908323830116e-07,-5.83972952483352e-07,-1.01098988353906e-12,-3.47166504654442e-07,-2.7037276628295e-07,7.5483637150764e-07,-2.94555400875007e-05,-2.42999802120889e-08,6.90718456593038e-08,-1.35783042903035e-11,3.13058347364746e-08,-1.20352197489904e-12,1.16907921949624e-07,-4.50146463364997e-07,7.05246538976986e-06,-2.20294893893888e-10,-1.87194631087792e-10,-1.06051373644807e-10,-7.01524663523238e-12,0.00098700824624408,0.124620819580426,-2.11082296040323e-08,0.0365555344607237,-0.00187659356359897,-9.44567798131352e-05,-0.0935215711756671
1485,-2.33683121425272e-09,-4.14430099946615e-08,3.55598759404104e-07,-1.22422564562596e-07,-1.76157866087985e-08,-2.67610627063945e-08,-1.10344434295014e-07,-3.31188262077925e-07,-1.97219361705424e-06,-1.5721229665255e-20,4.35278469908485e-06,-4.85019087266782e-08,-7.20977184991799e-07,-4.8748476373453e-07,-5.30539878649693e-09,-7.14639042822801e-08,-8.23440116245562e-07,-2.7730399925948e-09,7.0588028721401e-07,4.85981445072689e-06,8.74169405491369e-05,-8.33071791110218e-15,1.33096520492571e-05,7.66663584888364e-06,-9.77744883130162e-08,-1.12806101011833e-07,-2.4731749823771e-12,-7.8333198686359e-16,-8.3117432565042e-07,1.08772364806963e-05,1.78670843970443e-05,-2.18147965125427e-09,-3.70400411599055e-08,-3.52155690477622e-08,-1.31865473662519e-07,-5.29428714465729e-07,2.79872660714044e-07,5.91538104361346e-07,2.13340339938896e-06,-0.00592263442802972,-7.34997821955174e-08,8.96817161682766e-06,-1.38607687255135e-07,8.94718434268085e-06,2.48593682705587e-07,-5.64663673724325e-12,-3.25068754455279e-07,2.56420484707369e-07,8.63936398843912e-06,-4.28855095513612e-08,8.51669440568297e-06,4.26547222581821e-07,3.62229523364898e-06,-1.27244804489829e-07,-4.39864199041187e-07,-9.54631499427575e-07,-5.33950844005321e-07,7.22420913564951e-13,-3.34367103321649e-07,-2.85362364733523e-07,7.44222872236636e-07,-2.80273162792429e-05,-2.29403873054793e-08,7.2568393494741e-08,-1.34079005392576e-11,3.27691190515601e-08,-1.06881083196908e-12,1.23402778878059e-07,-3.5968404628663e-07,7.1242992343101e-06,-2.1307069625806e-10,-1.81890614600255e-10,-1.02896518295428e-10,-6.05315870990308e-12,0.000965982191279246,0.121966039926193,-2.75245952271943e-08,0.0357767947512885,-0.00179041534677966,-0.000107096957535472,-0.0889267857309678
1490,-2.01260423849503e-09,-1.63358055635883e-08,3.97878466953309e-07,-1.20802254780274e-07,-1.77164077423675e-08,-2.71618386531914e-08,-1.07072547286778e-07,-3.21368420826754e-07,-1.95224195814381e-06,9.18583417485428e-21,4.2854890793605e-06,-5.03309308182467e-08,-7.06531301422375e-07,-4.75859319938719e-07,-4.93135094863818e-09,-7.19220745197595e-08,-7.94090544951017e-07,-2.66802926820226e-09,6.77497223466759e-07,4.76349107001202e-06,8.60570673122867e-05,-7.75221398409116e-15,1.29639690401191e-05,7.50184451557113e-06,-8.81217652893993e-08,-1.23390489847838e-07,-2.20560138397886e-12,9.9401520375194e-17,-8.6186916896087e-07,1.0546032328026e-05,1.75753696131866e-05,-2.43577768263686e-09,-3.97153988653275e-08,-3.28734901654621e-08,-1.30106528768761e-07,-5.12769616529636e-07,2.74325828957495e-07,5.82663425207728e-07,2.09519282240439e-06,-0.00562022670156534,-7.64186545586539e-08,8.84728868103508e-06,-1.3586183635741e-07,8.87229363944895e-06,2.34204146853875e-07,-5.32442842876546e-12,-3.79031888448781e-07,2.53392441087028e-07,8.47217800024628e-06,-4.8429721834993e-08,8.48436046690418e-06,4.37563922180611e-07,3.54894260466997e-06,-1.31568520009637e-07,-4.71500842299081e-07,-9.31773061408326e-07,-4.91465582271484e-07,7.14825527538014e-13,-3.10009835191446e-07,-3.03199147576186e-07,7.34026375620671e-07,-2.65740184825744e-05,-2.04687459953977e-08,7.16167295715329e-08,-1.30197078303418e-11,3.22295365930164e-08,-9.36079780452117e-13,1.22225235193866e-07,-2.73841951226189e-07,6.67346635241123e-06,-2.03727291466815e-10,-1.74522577345531e-10,-9.84447599269138e-11,-5.019326393839e-12,0.000954446585429147,0.12050955615235,-3.72876375944698e-08,0.0353495553125431,-0.00174500921091054,-0.000133708333940887,-0.0866464684473978
1495,-1.74759167827019e-09,2.81775122439362e-08,4.85359186857103e-07,-1.19043821824792e-07,-1.79500605943941e-08,-2.7840597826984e-08,-1.0370168105713e-07,-3.11250954730626e-07,-1.93042915928903e-06,-3.33448707417524e-20,4.23859483713915e-06,-5.16013748043877e-08,-6.93470608875098e-07,-4.66212152955729e-07,-4.55392942658897e-09,-7.33264798082159e-08,-7.70320281864066e-07,-2.46726298175734e-09,6.36594264785014e-07,4.67768131770259e-06,8.55132739804409e-05,-6.58930150436975e-15,1.26646808057983e-05,7.38165404452449e-06,-7.36976617050538e-08,-1.32000261443183e-07,-1.82542833940715e-12,-2.85337272239339e-16,-8.96315278202216e-07,1.0253703753829e-05,1.74520678039303e-05,-2.51096281323889e-09,-4.16321673999353e-08,-3.02833294557455e-08,-1.27363884500697e-07,-4.95901634083309e-07,2.62493957894859e-07,5.80974009831979e-07,2.07504985642869e-06,-0.00531788752933075,-7.78302330896479e-08,8.77644111122195e-06,-1.34788053233512e-07,8.79416125199712e-06,2.25725228787105e-07,-4.92450382996007e-12,-3.96652314289623e-07,2.29821661642104e-07,8.35681120584296e-06,-5.50847510719616e-08,8.44216268470221e-06,4.4199851011964e-07,3.49204110653943e-06,-1.37484635872377e-07,-4.84067895684496e-07,-8.69187384641662e-07,-4.55413942967655e-07,-2.90048206830561e-12,-2.7212648464974e-07,-3.24050309649936e-07,7.24177198107178e-07,-2.50830023131504e-05,-1.69127400357069e-08,6.48704476521553e-08,-1.25133614780415e-11,2.91821458389026e-08,-8.08778262363971e-13,1.109281452496e-07,-1.88713451460101e-07,5.77734219029575e-06,-1.92042769678511e-10,-1.65854277116643e-10,-9.32819587612603e-11,-4.13363074598229e-12,0.000954684272161355,0.12053960540288,-5.03755538801888e-08,0.0353583656889126,-0.00174682413656493,-0.000174338101615273,-0.0870195455760019
1500,-1.53362668443546e-09,9.23316838086069e-08,6.19011678375945e-07,-1.1712392919023e-07,-1.83152203017795e-08,-2.87969548778696e-08,-1.00213435585431e-07,-3.00780653846712e-07,-1.90635948584867e-06,1.36710537044668e-20,4.21697685887287e-06,-5.22505138672213e-08,-6.81671549309055e-07,-4.5851569992384e-07,-4.17663563413136e-09,-7.57021069121014e-08,-7.5173513507139e-07,-2.17242331324141e-09,5.82441758907645e-07,4.60637212491227e-06,8.59495475966731e-05,-5.13686514550018e-15,1.24270832198199e-05,7.31716394485247e-06,-5.36696035049283e-08,-1.3827401976346e-07,-1.31165456213766e-12,-4.34405419035758e-18,-9.34403861014965e-07,1.00128659795654e-05,1.75313962659175e-05,-2.40204160477895e-09,-4.27195016931326e-08,-2.74723624394199e-08,-1.23687385906688e-07,-4.78554781937953e-07,2.44282822180114e-07,5.87814362502455e-07,2.0761676311598e-06,-0.00501195688222084,-7.76657855473229e-08,8.76658850233294e-06,-1.35269096988948e-07,8.71592378722507e-06,2.24149889521892e-07,-4.42960250551086e-12,-3.73205134642876e-07,1.77304409138494e-07,8.30265737661764e-06,-6.29819609740741e-08,8.39195281264023e-06,4.38857304273574e-07,3.45473334055009e-06,-1.45119752785348e-07,-4.75874294307973e-07,-7.65610089877159e-07,-4.23852931535373e-07,-9.68133350802186e-15,-2.18903968054634e-07,-3.48006130012178e-07,7.14631568705456e-07,-2.354442064988e-05,-1.21548780222924e-08,4.99684635556896e-08,-1.1918346452847e-11,2.27769085726814e-08,-6.85174419095155e-13,8.52997239725546e-08,-1.04416183953945e-07,4.50105977542982e-06,-1.78015557264394e-10,-1.56069393824289e-10,-8.75062069035484e-11,-3.37186777623644e-12,0.000968887763688334,0.122333019603369,-6.67517828087149e-08,0.0358844298976017,-0.00180166900580356,-0.000228947925805401,-0.0903475183091421
1505,-1.3406898208852e-09,1.71660058258557e-07,7.9464734188457e-07,-1.15543602445484e-07,-1.89057385577805e-08,-3.0208232907423e-08,-9.66309110750815e-08,-2.62127804207546e-07,-1.88853941313986e-06,-8.4344611249365e-16,4.22159710482458e-06,-5.20898038857098e-08,-6.7160819982111e-07,-4.5201484604001e-07,-3.77595330765352e-09,-7.90961619925063e-08,-7.34205149599233e-07,-2.38659583472392e-09,5.20077657239167e-07,4.54823679258967e-06,8.74302695704916e-05,-3.72804326696799e-16,1.22747215717794e-05,7.30865067283863e-06,-2.7683795807418e-10,-1.43124085662419e-07,1.84655646332506e-13,2.99259373268085e-19,-9.84418170693248e-07,9.81591869853964e-06,1.7839041105172e-05,-2.0174068465231e-09,-4.30940452197833e-08,-2.44767995020208e-08,-1.18776353656954e-07,-4.60873567657348e-07,2.22108128752783e-07,5.99918100431862e-07,2.1003834615337e-06,-0.00470140540055543,-7.61770617859502e-08,8.82221268043291e-06,-1.31348976182379e-07,8.63169103692436e-06,2.30702424100177e-07,-4.16384094023691e-12,-3.10583803514612e-07,2.90255629942312e-08,8.31220103115785e-06,-7.31773760328673e-08,8.32555882598556e-06,4.27596978887038e-07,3.43486012066696e-06,-1.5576265122416e-07,-4.48029110399445e-07,-6.28874876223665e-07,-3.76563957229154e-07,-7.44035513076449e-13,-1.48321246515779e-07,-3.77601116679717e-07,7.04784918015297e-07,-2.15805518880438e-05,1.86190689110814e-09,7.70462061997523e-09,-1.1204819533525e-11,6.17990982333234e-09,-3.60921335596715e-13,1.21241415705238e-08,3.16655830817385e-07,2.3993773235828e-06,-1.78762822843062e-10,-1.44024434770739e-10,-8.01910637314784e-11,-6.09998388362259e-13,0.000998340227362154,0.126051816951236,-8.53788023916078e-08,0.0369752732704827,-0.00191156899438976,-0.000295366443974765,-0.0967174816426458
1510,-1.15310042293585e-09,2.55779724761206e-07,9.91099407438043e-07,-1.14495956938026e-07,-1.96643384115044e-08,-3.19787785256836e-08,-9.30903132033116e-08,-2.80868793700875e-07,-1.87974606102486e-06,-5.0543615370969e-17,4.24675649426677e-06,-5.18786401082412e-08,-6.60044895082646e-07,-4.45615912940658e-07,-3.36826417197942e-09,-8.31466733219758e-08,-7.13726164774775e-07,-2.66352930386918e-09,4.62724593244837e-07,4.49796914432688e-06,8.97686120237393e-05,-4.76389800992671e-15,1.22094738724259e-05,7.34247082153517e-06,-1.12023517197672e-08,-1.4743769296016e-07,-4.38136129468593e-13,-2.65562567870944e-22,-1.04672102288454e-06,9.64379431615467e-06,1.83459894291905e-05,-1.62016388336621e-09,-4.27482296464182e-08,-2.15298498057565e-08,-1.12852481118082e-07,-4.44004287923352e-07,1.9505026018706e-07,6.2796355647144e-07,2.14507196694808e-06,-0.00439050909833031,-7.64852966794479e-08,8.93147599371671e-06,-1.2460347379045e-07,8.53512558428579e-06,2.40189096604161e-07,-4.48878016019655e-12,-2.17542540064315e-07,-9.55027943113056e-08,8.37751729217084e-06,-8.59163880681111e-08,8.23684373292255e-06,4.09111997176866e-07,3.42663400162822e-06,-1.69604252152949e-07,-4.09703237437092e-07,-4.88002137885003e-07,-3.50195602155116e-07,-4.63303406652928e-12,-6.36954046077696e-08,-4.12483827177226e-07,6.93832950576003e-07,-2.07539271118384e-05,-4.01691834908641e-09,-2.78031293687022e-08,-1.03143781240582e-11,-9.35769968123871e-09,-5.54896238970955e-13,-5.11482273315884e-08,-1.6475117785326e-07,8.41178332722155e-07,-1.91118813107992e-10,-1.23913791993001e-10,-7.38881759122799e-11,-3.12593948087904e-12,0.00104069940092687,0.131400255876882,-1.02672301268152e-07,0.0385441449643238,-0.0020646119320806,-0.000364251662277252,-0.105433166467658
1515,-9.58992017727103e-10,3.38828702093426e-07,1.18892616654916e-06,-1.12136928408385e-07,-2.036984647033e-08,-3.37537581987015e-08,-8.96480553596303e-08,-2.00388651845539e-07,-1.87298747535853e-06,9.16409582977183e-14,4.28726916961817e-06,-5.03797647337524e-08,-6.44893516164782e-07,-4.38271668775265e-07,-2.27449086837488e-09,-8.77187924494327e-08,-6.87414802306636e-07,-2.74313161894651e-09,4.00905564543182e-07,4.45328453065063e-06,9.2735801791522e-05,6.39989753471481e-15,1.22071969951695e-05,7.39623201919817e-06,2.25658289933901e-07,-1.51938311586515e-07,4.53468983710667e-12,-2.38803998723e-19,-1.11232631057567e-06,9.48928963426816e-06,1.89952916809302e-05,9.25995980668933e-10,-4.07168478752337e-08,-1.47230294741116e-08,-9.5081234927477e-08,-4.27366000557527e-07,1.5077841507916e-07,6.48844465404198e-07,2.20213337063488e-06,-0.00408344251270991,-7.2821595558771e-08,9.08845902803371e-06,-1.1533578905845e-07,8.4264144301658e-06,2.54928181774489e-07,-3.5775620249293e-12,-1.21130673482121e-07,-9.86235546563787e-07,8.448529947615e-06,-9.53719072747357e-08,8.12535882688304e-06,3.90876186176849e-07,3.41280265473937e-06,-1.79002133940798e-07,-3.39489146833035e-07,-2.37641324068346e-07,-1.07091238219122e-07,1.13229756355091e-10,5.22125016834415e-08,-4.43612436455018e-07,6.95470649195904e-07,-1.76819394088614e-05,4.26832347560551e-08,-2.81239387376991e-07,-8.95286271309584e-12,-1.19445017228045e-07,2.00246224407973e-13,-4.90176118933742e-07,4.57296595412758e-07,-2.36507900201206e-06,-1.75212988565483e-10,-1.1319479279748e-10,-6.14579097982812e-11,3.36476806852187e-12,0.00109275575604326,0.137973163755425,-1.17029435148057e-07,0.0404721943613842,-0.00224636835865013,-0.000428305577004021,-0.11566628142827
1520,-7.99781764290867e-10,4.14218408359327e-07,1.37427237073294e-06,-1.1103451798686e-07,-2.11217642296067e-08,-3.5475771256614e-08,-8.62112783960462e-08,-1.9263374429449e-07,-1.86329024024534e-06,-2.79454480286249e-22,4.33835169017941e-06,-4.8821954087775e-08,-6.3409062749114e-07,-4.31303599108709e-07,-1.71094427379975e-09,-9.19551186084775e-08,-6.66848194265016e-07,-2.91515185951446e-09,3.4491579494062e-07,4.41255386097001e-06,9.61564409894415e-05,8.2538155724208e-15,1.22618863958738e-05,7.47951383010319e-06,2.74099052422966e-08,-1.60171667511001e-07,6.55076720092502e-13,-2.18805440598832e-21,-1.17213722172573e-06,9.35090170180141e-06,1.97561658459371e-05,2.34800264773576e-09,-3.91167260758853e-08,-1.08912937151285e-08,-8.38791763412725e-08,-4.11345903985682e-07,5.55311878881222e-08,6.83333464686993e-07,2.27161104859304e-06,-0.00378387820280677,-7.06383187890868e-08,9.26724218586884e-06,-1.10590724109037e-07,8.31120580169036e-06,2.74209409292934e-07,-3.57086846200679e-12,5.19177911325278e-09,-5.59577874769357e-07,8.57168496345652e-06,-1.08457795531125e-07,8.00387597926001e-06,3.65292112118299e-07,3.41542994367932e-06,-1.92870464986212e-07,-2.82907263390397e-07,-1.61971370023501e-07,-2.26418238485439e-07,-2.7158604694036e-15,1.55384658860542e-07,-4.77707240061986e-07,6.88258801866443e-07,-1.69794870781465e-05,6.20001804655959e-09,-1.59580998362011e-07,-8.74662924630095e-12,-8.09821358490277e-08,3.80985962780391e-13,-2.77836609466037e-07,9.75499990507357e-07,-4.79117211736708e-06,-1.82573318583293e-10,-1.05468685032252e-10,-5.72331086245542e-11,4.36264055606707e-12,0.00115144615137998,0.145383659323761,-1.28033848081394e-07,0.0426459363052932,-0.00244382670746869,-0.000483349202881676,-0.126677929569304
1525,-6.60583190678564e-10,4.79448775839913e-07,1.53737212285197e-06,-1.09646922269627e-07,-2.17542394801816e-08,-3.69252079094596e-08,-8.28935808587574e-08,-1.85053273818275e-07,-1.84732172452189e-06,-3.02456546899349e-22,4.39520628738717e-06,-4.7115226070717e-08,-6.24204375819885e-07,-4.25305858618583e-07,-1.19833970436023e-09,-9.60372449503122e-08,-6.48159245590143e-07,-2.96532995524658e-09,2.90978027518958e-07,4.37360792097597e-06,9.98260280401903e-05,9.14057009300432e-15,1.23528496732958e-05,7.5751111108064e-06,-1.34754597483265e-08,-1.66711756237937e-07,-1.74699634923848e-13,-1.91146667272891e-18,-1.22162270897046e-06,9.2221436707622e-06,2.05790845177249e-05,3.78864691669222e-09,-3.73033747165744e-08,-7.34258636480038e-09,-7.25024138097084e-08,-3.96310513353387e-07,-3.89394046511077e-09,7.20004327687346e-07,2.34779943050979e-06,-0.00349506890080013,-6.8254593382219e-08,9.46007385220574e-06,-1.07033947351046e-07,8.19017509371887e-06,2.95395729839519e-07,-3.43167433088436e-12,1.42689064614613e-07,-3.63776762498775e-07,8.71622194370905e-06,-1.21167650142444e-07,7.87352308786276e-06,3.37375666390043e-07,3.4234596081685e-06,-2.05891039763178e-07,-2.26119665602207e-07,-7.69392383681705e-08,-2.83767996720001e-07,-2.77978895380425e-15,2.5539991152599e-07,-5.08001150221653e-07,6.81585757274531e-07,-1.62214141739157e-05,-1.61798765923262e-09,-1.03986014348617e-07,-8.28511722398856e-12,-5.66176935481105e-08,4.79984092636055e-13,-1.83659058631379e-07,1.11709222987329e-06,-6.9221333347792e-06,-1.81834315254201e-10,-9.71959041503647e-11,-5.22271074453689e-11,4.74415902500345e-12,0.00121384914949171,0.153262918396634,-1.3560302868271e-07,0.0449571823784131,-0.00264527610631358,-0.0005270269289637,-0.137810250213229
1530,-5.41778594107938e-10,5.3247044038151e-07,1.67075146771486e-06,-1.07783623322865e-07,-2.21810786238501e-08,-3.79704661895e-08,-7.96960220084345e-08,-1.77659939024219e-07,-1.8229337719471e-06,3.08913251724523e-21,4.4532442799972e-06,-4.53407450554416e-08,-6.14334158502439e-07,-4.19532797819685e-07,-7.48753409243063e-10,-9.96200601599637e-08,-6.29705380816061e-07,-2.94342292304229e-09,2.39804869692823e-07,4.33442226360951e-06,0.000103559305915382,9.54983740429023e-15,1.24642207941471e-05,7.67386066128393e-06,-2.8683411704851e-08,-1.70781068525489e-07,-4.60259697906125e-13,-3.60687666020343e-18,-1.25808789661876e-06,9.09783663370272e-06,2.14223476337242e-05,5.18095128019976e-09,-3.53982501130773e-08,-4.15786738887502e-09,-6.13428702523612e-08,-3.82139471500242e-07,-3.47833329174139e-08,7.57192719362531e-07,2.42637307899478e-06,-0.00321989385927041,-6.56130428973433e-08,9.65494776316315e-06,-1.04845018015236e-07,8.06511482934496e-06,3.17352508306155e-07,-3.24102691784223e-12,2.85715912653157e-07,-2.45384532512252e-07,8.87000596350434e-06,-1.32768373218196e-07,7.73831293388434e-06,3.08495828062733e-07,3.4341184627389e-06,-2.17174844686053e-07,-1.72451905283118e-07,1.55613827730839e-09,-3.23959913530451e-07,2.88459894040614e-13,3.48917895332653e-07,-5.33484366112283e-07,6.75177709048042e-07,-1.53924387983648e-05,-4.32388195116132e-09,-7.02866423069608e-08,-7.80781461327914e-12,-3.80113549439964e-08,5.6631495072649e-13,-1.25891910802626e-07,1.21082671705332e-06,-8.89408906019953e-06,-1.77992524811901e-10,-8.93135415948622e-11,-4.74056807949615e-11,5.02602776394021e-12,0.00127717952904808,0.161259268988893,-1.39752435951804e-07,0.0473027754716395,-0.00284018225696293,-0.00055805102962493,-0.148477947866028
1535,-4.42426059567445e-10,5.71888182638901e-07,1.76916533683144e-06,-1.0527474524008e-07,-2.23591513134339e-08,-3.85332148925181e-08,-7.6626146474696e-08,-1.70488679875829e-07,-1.78887455037142e-06,-9.69283130632562e-20,4.50800888623624e-06,-4.35462449868993e-08,-6.04059338641109e-07,-4.13654750396409e-07,-3.55447868517753e-10,-1.02498635951416e-07,-6.11275186539747e-07,-2.85986254469978e-09,1.92010775250865e-07,4.29294058872644e-06,0.00010717822674873,9.47149209603626e-15,1.25804382897032e-05,7.76655097819036e-06,-3.39532124924995e-08,-1.72573781675606e-07,-5.37075844328028e-13,-1.83266714157012e-17,-1.27967881625319e-06,8.972623216696e-06,2.22457806929031e-05,6.51824433585017e-09,-3.34736697263338e-08,-1.30340341263383e-09,-5.04733343772032e-08,-3.68768886753979e-07,-4.77726463502226e-08,7.93335175795842e-07,2.50318069150982e-06,-0.00296091541492607,-6.25652838283147e-08,9.84048844957734e-06,-1.03993693306018e-07,7.93751408759241e-06,3.39081524651992e-07,-3.01320013738195e-12,4.28455673467532e-07,-1.73317822349583e-07,9.02092980954471e-06,-1.42537188520552e-07,7.60183152802272e-06,2.80016220176027e-07,3.44437052801557e-06,-2.25869704466793e-07,-1.24098396732527e-07,7.06069050914229e-08,-3.52867111014703e-07,-4.44488856314445e-12,4.33450594167184e-07,-5.53096876494401e-07,6.69335082211153e-07,-1.45153743390211e-05,-5.06304090205946e-09,-4.97037632631978e-08,-7.34094673145959e-12,-2.59353911559083e-08,6.47495873726465e-13,-8.99819728059013e-08,1.28274985970441e-06,-1.0661096393324e-05,-1.71784032800421e-10,-8.20216391987406e-11,-4.29190861433088e-11,5.56417325580333e-12,0.00133877678148153,0.169036787786995,-1.40528355869519e-07,0.0495841780832664,-0.00301906167937347,-0.000575759190600328,-0.158159979471007
1540,-3.6128070420707e-10,5.96757864606076e-07,1.82895120259859e-06,-1.02001699961264e-07,-2.22637011905476e-08,-3.85638242038026e-08,-7.36909333789083e-08,-1.6357508809538e-07,-1.74454728012815e-06,-2.57595573270064e-20,4.55515312469882e-06,-4.17751329672905e-08,-5.93130203488373e-07,-4.07468906755488e-07,-1.21146308216075e-11,-1.04528691718069e-07,-5.92948474749396e-07,-2.72249655758234e-09,1.48116347464464e-07,4.24706713617777e-06,0.000110511466920791,8.34455366637501e-15,1.26863841206247e-05,7.84419228075639e-06,-3.56440168868156e-08,-1.72398607304499e-07,-5.44178868436702e-13,-6.30408465805619e-18,-1.28520760456335e-06,8.84100146546043e-06,2.30107860965517e-05,7.79716155419662e-09,-3.1593292636296e-08,1.2549010169721e-09,-3.99446232443194e-08,-3.56147311510012e-07,-5.00930465142037e-08,8.26932118097833e-07,2.57424666748825e-06,-0.00272043155415272,-5.89953518456205e-08,1.00056926938665e-05,-1.04420431907497e-07,7.80860372805543e-06,3.59636235950308e-07,-2.75870118629171e-12,5.65400636586069e-07,-1.27456104156089e-07,9.15741075030541e-06,-1.4986897799863e-07,7.46736463949837e-06,2.53158367582862e-07,3.45120064479705e-06,-2.31295842196511e-07,-8.29675922080562e-08,1.25908629837431e-07,-3.7360040817001e-07,-1.12781483281325e-12,5.06798753886336e-07,-5.66024055264286e-07,6.64415125059465e-07,-1.3610539979309e-05,-5.14446600684907e-09,-3.65732660641058e-08,-6.89840780604866e-12,-1.85074274013506e-08,7.19935922797869e-13,-6.67726063551168e-08,1.33683008726386e-06,-1.21778632111595e-05,-1.63626179438192e-10,-7.54366781328699e-11,-3.88792260164881e-11,5.28662592848667e-12,0.00139609118335542,0.176273539658487,-1.37986990999735e-07,0.0517069559089442,-0.00317335797159151,-0.000579853357736365,-0.166391575545812
1545,-2.97123404712182e-10,6.06451532205368e-07,1.8475813281661e-06,-9.78836061555261e-08,-2.18807429193507e-08,-3.80313091583785e-08,-7.08960052664224e-08,-1.56952671573155e-07,-1.68982018387271e-06,1.14406337773731e-19,4.59041471119881e-06,-4.00743397480819e-08,-5.8140730469648e-07,-4.00851767189439e-07,2.82596994366452e-10,-1.05608306324179e-07,-5.74867896098442e-07,-2.53802599422722e-09,1.08551121720589e-07,4.1946555639673e-06,0.000113393500594475,1.67971498053969e-14,1.27673756943532e-05,7.89804824321159e-06,-3.61725182103991e-08,-1.70447099130324e-07,-5.34742733436002e-13,3.67838221813603e-17,-1.27398322979488e-06,8.69731968712642e-06,2.36801849608886e-05,9.0021554987293e-09,-2.98234498677265e-08,3.52390437546067e-09,-2.98657487275564e-08,-3.44233377617228e-07,-4.58210079626303e-08,8.5653134687528e-07,2.6357630577872e-06,-0.00250052613630639,-5.48447876844788e-08,1.01398102430455e-05,-1.06071355896143e-07,7.67937276317469e-06,3.78092159047623e-07,-2.48012786045901e-12,6.91450529675115e-07,-9.62417021230587e-08,9.26850141692485e-06,-1.54286696789739e-07,7.33794551873388e-06,2.2897425670944e-07,3.45167181294361e-06,-2.32952484667871e-07,-5.08769094655848e-08,1.63848147058118e-07,-3.8761762819234e-07,4.99662354457153e-12,5.66864829780638e-07,-5.71723391107398e-07,6.60696781073038e-07,-1.26912418670239e-05,-5.06213110106521e-09,-2.76261552424881e-08,-6.4812684604696e-12,-1.37308017118697e-08,7.80125877682556e-13,-5.0853775423951e-08,1.36682460788787e-06,-1.34088483040467e-05,-1.53788010144245e-10,-6.96501734344501e-11,-3.53353233443219e-11,3.56611012684844e-12,0.001446667988585,0.182659581194884,-1.32186165284673e-07,0.0535801922147037,-0.00329532276176733,-0.000570243594261504,-0.17275671556775
1550,-2.48850843296554e-10,6.00563358891962e-07,1.82332865572943e-06,-9.28659719384061e-08,-2.12026500714584e-08,-3.69167802415487e-08,-6.82453887629576e-08,-1.50651862581938e-07,-1.62487649975184e-06,-4.218805190006e-22,4.60959012437308e-06,-3.84949635598168e-08,-5.6881404001132e-07,-3.93719359801696e-07,5.25291127127483e-10,-1.05663949107346e-07,-5.57152860281603e-07,-2.31220132083226e-09,7.36551142839823e-08,4.13349774919814e-06,0.000115663509148729,9.95101658481883e-15,1.28091060253229e-05,7.9195931970711e-06,-3.60543037686896e-08,-1.66797228284296e-07,-5.18731184437385e-13,-3.28848457370826e-19,-1.24567573765238e-06,8.53576181264437e-06,2.42179851435776e-05,1.01031916155384e-08,-2.82354786884482e-08,5.48187177711664e-09,-2.04167813069878e-08,-3.32992586880998e-07,-3.70241640980872e-08,8.80717452266473e-07,2.68406317246424e-06,-0.00230311577346076,-5.01050944143679e-08,1.02322652903149e-05,-1.08898340317556e-07,7.55058200357622e-06,3.93539328937115e-07,-2.19512272657074e-12,8.01889971315392e-07,-7.36599340781519e-08,9.34381526521026e-06,-1.55423103108254e-07,7.21638536712946e-06,2.08359762821775e-07,3.44291660909265e-06,-2.30487800801515e-07,-2.96128395054239e-08,1.82052192942924e-07,-3.95429048139622e-07,-1.20290712176583e-14,6.11613454499107e-07,-5.6988523684892e-07,6.58351039440124e-07,-1.17640543321028e-05,-4.91831232559969e-09,-2.11513154173663e-08,-6.08869519282268e-12,-1.04187220182527e-08,8.10170169093906e-13,-3.92906706792006e-08,1.36154234562581e-06,-1.43304374995821e-05,-1.42483314475687e-10,-6.47373084140287e-11,-3.23420756887756e-11,4.96235261729881e-12,0.00148813053353305,0.187894827431549,-1.23180443971326e-07,0.0551158620751851,-0.00337790310819682,-0.000546952626727759,-0.176881127117034
1555,-2.15465681144312e-10,5.78842231479893e-07,1.75501715155521e-06,-8.69107149284842e-08,-2.02255865320809e-08,-3.52090901697272e-08,-6.5741579244222e-08,-1.44699986050682e-07,-1.5500956702454e-06,6.70972368531084e-20,4.60850898253983e-06,-3.70905588258496e-08,-5.55305270695838e-07,-3.86003193521778e-07,7.09725764815737e-10,-1.04641067054896e-07,-5.39888929644302e-07,-2.04983173777765e-09,4.36803169007322e-08,4.06131347627874e-06,0.000117164224093121,-5.91943670465536e-14,1.27975584502702e-05,7.90043676756116e-06,-3.52617517084175e-08,-1.61457693600677e-07,-4.96440573792577e-13,-3.26749377039286e-17,-1.20020302845435e-06,8.35033084545008e-06,2.45891159823197e-05,1.10591138212953e-08,-2.69040410856836e-08,7.08770364297272e-09,-1.18315618937291e-08,-3.22394528683012e-07,-2.46438254542904e-08,8.98103824936582e-07,2.71558791428954e-06,-0.00212999288745679,-4.47997727469301e-08,1.02725960899846e-05,-1.12857814220684e-07,7.42278056202584e-06,4.05080517691464e-07,-1.90721206729639e-12,8.92313845111836e-07,-5.65202964070237e-08,9.37337653541348e-06,-1.52991318647935e-07,7.10530043704618e-06,1.92088348120448e-07,3.42210336588968e-06,-2.23656184945061e-07,-2.09277507992672e-08,1.78956140720971e-07,-3.97163266344705e-07,2.89060550718703e-12,6.39091085532801e-07,-5.60371791214783e-07,6.57461306009528e-07,-1.08302481514922e-05,-4.68826975194919e-09,-1.62363077966522e-08,-5.70567750918801e-12,-7.97049426447335e-09,8.01800095791602e-13,-3.04658512320055e-08,1.30904394381271e-06,-1.49305700427015e-05,-1.29867335450592e-10,-6.0634483788992e-11,-2.98670303889731e-11,5.23005352396206e-12,0.00151816289772578,0.191686862655067,-1.11017158102117e-07,0.0562281902108107,-0.00341463624838287,-0.000510055219220345,-0.178425829958732
1560,-1.96044128180269e-10,5.41141163954619e-07,1.64183095614551e-06,-7.99881124795221e-08,-1.89479105754594e-08,-3.29017868332661e-08,-6.33857201500384e-08,-1.39121622899119e-07,-1.46595869521045e-06,5.58348104038517e-20,4.58300959430678e-06,-3.59155476901886e-08,-5.40854330891886e-07,-3.77642240109887e-07,8.28403558849495e-10,-1.0249829297896e-07,-5.2314602528405e-07,-1.7535602770884e-09,1.87936403300298e-08,3.97574174154878e-06,0.000117740779383637,-4.88926001216982e-14,1.27189171242901e-05,7.83224913645753e-06,-3.37023737473897e-08,-1.54394535671623e-07,-4.61029580426681e-13,-3.08615917329397e-17,-1.13763785769327e-06,8.13483637345139e-06,2.47591615850274e-05,1.18211584435686e-08,-2.59053851500095e-08,8.2894250078078e-09,-4.37965678567064e-09,-3.12411223470679e-07,-9.01191774361788e-09,9.07324682916643e-07,2.72685336509393e-06,-0.00198286472205323,-3.8967617271936e-08,1.02503950375313e-05,-1.17914419488449e-07,7.29632979139268e-06,4.11829467912076e-07,-1.59725933663575e-12,9.58553019078996e-07,-4.29978000501762e-08,9.34747923541838e-06,-1.46756514380674e-07,7.00714773430846e-06,1.80849499283704e-07,3.38640785689938e-06,-2.12279183224799e-07,-2.65278208233132e-08,1.53405668411475e-07,-3.92834187087358e-07,2.40450279422621e-12,6.47439473110478e-07,-5.43161407266695e-07,6.58051341395588e-07,-9.8876076915985e-06,-4.3608136037184e-09,-1.23575841119616e-08,-5.30763061382706e-12,-6.07079466230748e-09,7.69986932528785e-13,-2.34377644024304e-08,1.19862903833737e-06,-1.52063477076979e-05,-1.15898981589925e-10,-5.72568430638177e-11,-2.78083240348979e-11,5.27018411753814e-12,0.0015344926147352,0.193748757549154,-9.5730203190003e-08,0.056833010684204,-0.00339955186856353,-0.000459635652489557,-0.177081206830598
1565,-1.79913189279504e-10,4.94454299696413e-07,1.50374742855538e-06,-7.25450090427596e-08,-1.74597280206501e-08,-3.02060030680539e-08,-6.11566517238939e-08,-1.33864817662823e-07,-1.37601027368227e-06,-1.66305449748499e-22,4.53658865424635e-06,-3.49212321742227e-08,-5.26605577358106e-07,-3.69397092800825e-07,8.83826879833111e-10,-9.97895172776567e-08,-5.06548763998296e-07,-1.55350268588915e-09,-5.93679518915079e-09,3.87813254507313e-06,0.000117518438287905,7.42679000309432e-15,1.25690389508912e-05,7.72133859396576e-06,-3.11909254602895e-08,-1.45117262081099e-07,-4.03471515028518e-13,-6.81422468848343e-18,-1.06276918266236e-06,7.89131683964e-06,2.474922484236e-05,1.2385613300257e-08,-2.51738211284751e-08,9.08690467539377e-09,1.87309921042497e-09,-3.02970182547266e-07,8.11608510996494e-09,9.09457409883374e-07,2.72060843192295e-06,-0.00185883425383546,-3.28437492114003e-08,1.01745376634238e-05,-1.24195209800284e-07,7.17169380076113e-06,4.14588252939039e-07,-1.33570605423001e-12,1.00449215017769e-06,-3.30246697143985e-08,9.27362634328199e-06,-1.38232391960461e-07,6.92375667803131e-06,1.72691890490793e-07,3.33801634496185e-06,-1.98191144942019e-07,-4.38185550846619e-08,1.17036002614064e-07,-3.84626012906769e-07,-2.55838058107906e-15,6.4133201484005e-07,-5.2121797856805e-07,6.59373590927011e-07,-8.8791356094101e-06,-3.81602919058356e-09,-9.49495384451185e-09,-4.8731677856896e-12,-4.66439381576097e-09,7.52650034689012e-13,-1.81411638723412e-08,1.08744405304478e-06,-1.53766907166134e-05,-1.04593568259217e-10,-5.40169344061064e-11,-2.57892671883543e-11,3.38344994824117e-12,0.00153896386858906,0.194313363247612,-8.16580508861618e-08,0.056998626474352,-0.00334253742082346,-0.000405259298279894,-0.173431203335738
1570,-1.59179119443113e-10,4.47593985600166e-07,1.36521528150391e-06,-6.51024107472392e-08,-1.59191188585391e-08,-2.74424902131208e-08,-5.90278907449312e-08,-1.28851968952934e-07,-1.2858590492147e-06,-1.45455796844388e-22,4.47671523129644e-06,-3.39861431148391e-08,-5.13280765188325e-07,-3.6173542987307e-07,9.06657521111488e-10,-9.70759747932651e-08,-4.89962350897936e-07,-1.38440636475498e-09,-3.37599640803931e-08,3.77209562911764e-06,0.000116779408628978,8.85801430939142e-15,1.23592442365065e-05,7.58219384538886e-06,-2.8207454606968e-08,-1.33577963285895e-07,-3.32209633803565e-13,1.54627979138284e-17,-9.84620188202557e-07,7.62802359771158e-06,2.46164156501941e-05,1.2833878258041e-08,-2.45530064719326e-08,9.64453966830745e-09,7.35887964329711e-09,-2.93974966823985e-07,2.45305512775483e-08,9.07013620284056e-07,2.70309397206199e-06,-0.0017522506420994,-2.66099100266375e-08,1.00642322503049e-05,-1.29990814619349e-07,7.04803010328488e-06,4.15033176279847e-07,-1.09058311813593e-12,1.03767393344472e-06,-2.64124727825647e-08,9.16820741001184e-06,-1.29023744721226e-07,6.85234494521746e-06,1.65375464361754e-07,3.28125832725247e-06,-1.83397949523202e-07,-6.72539322225225e-08,8.28773611198283e-08,-3.7483302383745e-07,-2.442924263016e-15,6.28570564246883e-07,-4.98225930326486e-07,6.6105541613192e-07,-7.80945295394014e-06,-3.14100391716681e-09,-7.59020690629119e-09,-4.4085455852838e-12,-3.72951620487618e-09,7.54508966157638e-13,-1.44911094291784e-08,1.01220113457699e-06,-1.56191220016585e-05,-9.4355973326873e-11,-5.05304679699429e-11,-2.35990994296251e-11,3.18649220153239e-12,0.00153576229238843,0.193909171701392,-7.08204925033584e-08,0.0568800618606322,-0.00326136961540977,-0.000356364043221148,-0.168492045976063
1575,-1.36536950642859e-10,4.02541281102602e-07,1.23103870394504e-06,-5.77738409694642e-08,-1.44053457271409e-08,-2.47366986219725e-08,-5.69895572161021e-08,-1.24059740309154e-07,-1.19831424510521e-06,-1.27324170875419e-22,4.40515062256817e-06,-3.30797499664104e-08,-5.00367230111412e-07,-3.54263109271036e-07,9.15609492957332e-10,-9.43353488557568e-08,-4.73715839641646e-07,-1.23401794787254e-09,-6.29037139226673e-08,3.65860228250674e-06,0.000115603394464454,1.22067193529664e-14,1.20988194293189e-05,7.41888531769252e-06,-2.53417823470282e-08,-1.20334412733729e-07,-2.6122769949955e-13,8.80527006889053e-17,-9.08215619634829e-07,7.34796368414656e-06,2.43802025292407e-05,1.32024372697804e-08,-2.40110938968296e-08,1.00665258670151e-08,1.2332368130151e-08,-2.85346192262813e-07,3.97624477788515e-08,9.00743189561787e-07,2.67607414960611e-06,-0.00166078654074939,-2.0302738181403e-08,9.92431064285124e-06,-1.3427564325736e-07,6.92376775285203e-06,4.13535073029004e-07,-8.5133165871392e-13,1.05984774689748e-06,-2.155203549968e-08,9.03542338137202e-06,-1.19141630446138e-07,6.78865073827833e-06,1.59028296303028e-07,3.21683315933391e-06,-1.68089709951799e-07,-9.47021316224343e-08,5.11307264128437e-08,-3.63886311720133e-07,-2.33132914358228e-15,6.11418478551812e-07,-4.75217174802344e-07,6.63368315541345e-07,-6.74010855238219e-06,-2.47077488236096e-09,-6.18672120347569e-09,-3.91608106147824e-12,-3.04419810589548e-09,7.690017634475e-13,-1.1729370590462e-08,9.48387422935409e-07,-1.58961201182962e-05,-8.49775358549354e-11,-4.68797351286954e-11,-2.12765145099014e-11,2.79075554736286e-12,0.00152611169641724,0.192690706180657,-6.17767058814855e-08,0.0565226436560776,-0.0031617973575,-0.000312856035760436,-0.162593845399446
1580,-1.13971753587209e-10,3.60631798139921e-07,1.10469828906416e-06,-5.06838306267462e-08,-1.29747174292977e-08,-2.21780392329449e-08,-5.50328306720301e-08,-1.19466456772663e-07,-1.11534331327771e-06,-1.08276226973255e-22,4.32362339957404e-06,-3.21909230796438e-08,-4.87486871718158e-07,-3.46685668583563e-07,9.17633800565735e-10,-9.15469514110163e-08,-4.58019744350147e-07,-1.10083048599891e-09,-9.23456704886117e-08,3.53863488013556e-06,0.00011406764501863,1.13633290040345e-14,1.17967832650529e-05,7.23554590201966e-06,-2.26871754898803e-08,-1.05895073056004e-07,-1.93114516053313e-13,8.62172871917642e-17,-8.37073919454117e-07,7.05416931323096e-06,2.40594420637347e-05,1.34984325370023e-08,-2.35373101811345e-08,1.0391761878984e-08,1.68901041885264e-08,-2.77024617283132e-07,5.35763709911121e-08,8.91350258807624e-07,2.64130092050122e-06,-0.00158228022375174,-1.40061663077926e-08,9.75935592921526e-06,-1.36880643144275e-07,6.79749871810513e-06,4.10415044376162e-07,-6.22416700856688e-13,1.07297081802853e-06,-1.76587985743249e-08,8.87994819395886e-06,-1.08656869272088e-07,6.72870897630081e-06,1.53705773662096e-07,3.14570941978097e-06,-1.52498043160974e-07,-1.24588483955658e-07,2.15516076643144e-08,-3.52225892074228e-07,-2.22534942272574e-15,5.91500386941851e-07,-4.53064734516929e-07,6.66357529306794e-07,-5.70827863994064e-06,-1.82329236626855e-09,-5.06141287819566e-09,-3.39847475167575e-12,-2.49417006638719e-09,7.85263522401153e-13,-9.46897882368746e-09,8.82138625604294e-07,-1.61877515263471e-05,-7.64752784972491e-11,-4.31050114385466e-11,-1.88537870525204e-11,1.92919548373654e-12,0.00151119051001421,0.190806758997991,-5.41156709716749e-08,0.0559700175943287,-0.00304904812228183,-0.000274659147426301,-0.156033548768391
1585,-9.29069581700432e-11,3.22769256107563e-07,9.88723003486968e-07,-4.39494178991363e-08,-1.16671412677973e-08,-1.98301908799894e-08,-5.31499520265824e-08,-1.15052261793621e-07,-1.03829749735847e-06,-9.67321503616213e-23,4.23383644067289e-06,-3.13188414710108e-08,-4.74356559079487e-07,-3.38779435952774e-07,9.14134543344611e-10,-8.86922127150498e-08,-4.42997115170031e-07,-9.83679094777697e-10,-1.2149342780556e-07,3.413189681863e-06,0.000112247269699949,1.91138058406285e-14,1.14619029571328e-05,7.03630992702154e-06,-2.02123670942601e-08,-9.07337743680652e-08,-1.2578859207695e-13,1.75904628642864e-16,-7.7365193902787e-07,6.74969511934594e-06,2.36724298014723e-05,1.3714479256156e-08,-2.31314400353958e-08,1.06275181733058e-08,2.10483653044817e-08,-2.68965516688998e-07,6.58536809998448e-08,8.79506369416369e-07,2.60050032898078e-06,-0.00151471318432535,-7.81813584412579e-09,9.57378599877909e-06,-1.37844339516238e-07,6.66794736945335e-06,4.05966224386293e-07,-4.07699349192329e-13,1.07907852367171e-06,-1.43619282452775e-08,8.70666966248712e-06,-9.76636665001365e-08,6.66877495988488e-06,1.49428947896808e-07,3.06900697160366e-06,-1.36854551680146e-07,-1.55680745821158e-07,-6.23000629563024e-09,-3.40272771863207e-07,-2.12860355489911e-15,5.70052398561514e-07,-4.32478040250795e-07,6.69950248374625e-07,-4.73637568510055e-06,-1.19628447549779e-09,-4.10821102910403e-09,-2.85079852953541e-12,-2.02590401674303e-09,8.03185622549581e-13,-7.51859210530307e-09,8.05317977958401e-07,-1.64836112819385e-05,-6.8777468956722e-11,-3.91814005733046e-11,-1.6306088723074e-11,1.86819618867301e-12,0.00149213860974799,0.188401254159988,-4.77147751863129e-08,0.0552644013739201,-0.00292789215227364,-0.000241710523357627,-0.149079197714797
1590,-7.43494126030817e-11,2.8956343403222e-07,8.84947411729364e-07,-3.76725925043176e-08,-1.05107136212682e-08,-1.77382730963787e-08,-5.13340952122719e-08,-1.10798859313909e-07,-9.68073513146366e-07,1.27383532683083e-15,4.1374723396321e-06,-3.04685725622776e-08,-4.60764214388452e-07,-3.30374316489146e-07,9.03834591305782e-10,-8.57548799251727e-08,-4.28709319791103e-07,-8.81543918385558e-10,-1.50002276490247e-07,3.28327945748434e-06,0.00011021550004734,6.60724180029454e-15,1.11027191174267e-05,6.8252913691896e-06,-1.78991551847615e-08,-7.52988134059348e-08,-6.15941945160093e-14,5.00374559811434e-21,-7.19647839107719e-07,6.43761944188393e-06,2.32369547511433e-05,1.38354486672988e-08,-2.27990060508955e-08,1.07649363676911e-08,2.47789217424007e-08,-2.61134705013966e-07,7.65328169301767e-08,8.65857815773082e-07,2.55536769007234e-06,-0.0014561921732193,-1.83717600505071e-09,9.37190030193603e-06,-1.37248594836434e-07,6.53395356548264e-06,4.00464005409727e-07,-2.28709158458375e-13,1.08022632774681e-06,-1.14626032158048e-08,8.52056368483329e-06,-8.62633404431667e-08,6.60528187119222e-06,1.46201762502401e-07,2.98793663669411e-06,-1.21375041331646e-07,-1.86976062626267e-07,-3.25900016098158e-08,-3.28427418608587e-07,2.69869830285176e-12,5.48051616044553e-07,-4.14019410924641e-07,6.74007580134121e-07,-3.83769551169893e-06,-5.69512822355351e-10,-3.2701407796597e-09,-2.28139324482296e-12,-1.61062491607098e-09,8.02949204871188e-13,-5.77479274112547e-09,7.13208903357832e-07,-1.67786478865972e-05,-6.19670253190206e-11,-3.51749034067656e-11,-1.37119267114096e-11,2.6533005930666e-12,0.00147006229310777,0.185613875591894,-4.25309442717714e-08,0.0544467689373536,-0.00280269189471514,-0.000213957592651626,-0.141973225545035
1595,-7.21888171001192e-11,2.6047410567872e-07,7.9427157903846e-07,-3.38096965446558e-08,-9.53376693041864e-09,-1.5940310951694e-08,-4.95354594805135e-08,-1.83690367575821e-07,-9.05224711344109e-07,-7.26884831301908e-47,4.03629788896606e-06,-3.03929873120384e-08,-4.51738272852771e-07,-3.21509780222809e-07,9.95138171222086e-11,-8.22139820273986e-08,-4.15588548898297e-07,-7.52671533836398e-10,-1.74203150890744e-07,3.15023355314503e-06,0.00010806450329462,-1.01511044375547e-14,1.07358782591005e-05,6.62138672012179e-06,-2.34856461206089e-08,-5.94765565641648e-08,-2.16630987547707e-13,-2.23924966765059e-19,-6.76086639117753e-07,6.1237302954878e-06,2.27815749576423e-05,1.14924685820573e-08,-2.42514964983942e-08,5.95552096636785e-09,1.43349952936122e-08,-2.54018110059972e-07,8.69035007463051e-08,8.60568612188908e-07,2.51132732941043e-06,-0.00140493046867262,7.04573846860356e-10,9.14830708261673e-06,-1.37422821605678e-07,6.39727950283077e-06,3.95963286069932e-07,-5.26963490391866e-13,1.10143313165046e-06,1.316374616787e-08,8.37144144928553e-06,-7.98539831665603e-08,6.54214277645743e-06,1.37522968246246e-07,2.92133941308727e-06,-1.13006049772699e-07,-2.4610924145341e-07,-1.02958815303219e-07,-3.40789781087686e-07,-2.06690752033707e-39,4.95754657784983e-07,-4.06220093225252e-07,6.60024293304958e-07,-4.55985280053011e-06,-2.01388691912453e-09,3.6186581427289e-09,-1.37458624327918e-12,1.87410655691813e-09,-3.03216819475159e-13,6.04598061525363e-09,-9.83114854469472e-07,-1.57771587177508e-05,-5.18645113379568e-11,-3.7297382698507e-11,-1.35497504048001e-11,-6.06300745181832e-12,0.00144603873365036,0.182580540727721,-3.85473734092698e-08,0.0535569893907377,-0.00267744476496369,-0.00019136020022002,-0.134935329355406
1600,-6.35791918581046e-11,2.37422482007071e-07,7.18403537101096e-07,-2.9279781504698e-08,-8.73168879283188e-09,-1.44457846309367e-08,-4.78291054153365e-08,-1.77138857961724e-07,-8.50097973479197e-07,2.9905480233571e-45,3.93181864025395e-06,-3.04091282129267e-08,-4.35997747852705e-07,-3.11437170269008e-07,-2.34017893145478e-10,-7.87753243210923e-08,-4.02715347884256e-07,-7.0241857416471e-10,-2.0238251999105e-07,3.01466180079954e-06,0.000105833785501861,-3.30931691494646e-15,1.03572048234655e-05,6.40667062841614e-06,-1.18432444419073e-08,-4.44435994541594e-08,1.00235856615475e-13,3.97770169357798e-19,-6.43979403267695e-07,5.80717155841711e-06,2.23065435732846e-05,1.00023000842204e-08,-2.50658117812109e-08,3.79718947682741e-09,9.97188055409973e-09,-2.47062150243709e-07,9.58901131654227e-08,8.44034995363256e-07,2.4646548149599e-06,-0.00135923727678479,3.42260937471557e-09,8.92125191317685e-06,-1.33508715954725e-07,6.2528082281328e-06,3.87048954841157e-07,-1.62930897855946e-13,1.1105120882907e-06,6.62928859970943e-09,8.19903739257806e-06,-7.02521943632061e-08,6.46530956612262e-06,1.3300912045918e-07,2.84460399281606e-06,-1.01129562992703e-07,-2.87192046617198e-07,-1.41111168290714e-07,-3.35632976805459e-07,-1.74399064183797e-42,4.59932220937085e-07,-3.96170166550382e-07,6.54937026680716e-07,-3.09230619776399e-06,9.72786372954144e-10,1.86030482551796e-09,-5.99578027499896e-13,1.02557038591015e-09,1.227762628633e-13,4.13950236709299e-09,-4.47778890946159e-07,-1.68763090042423e-05,-4.85590934626862e-11,-2.93150632673545e-11,-8.55871724219909e-12,-2.303069275173e-12,0.00142111652446122,0.179433779419795,-3.57523497711301e-08,0.0526339381504709,-0.00255581945386688,-0.000173881973736775,-0.12816489403678
1605,-5.47484383586725e-11,2.20255283863488e-07,6.57899562160587e-07,-2.47232071503284e-08,-8.12170682736523e-09,-1.32756542962402e-08,-4.61800012700046e-08,-1.7082412828937e-07,-8.02835954630777e-07,3.21429054414658e-45,3.82570115288251e-06,-3.00720148073611e-08,-4.19423823623268e-07,-3.00624919381202e-07,-3.36780704683998e-10,-7.54120951663854e-08,-3.90472467254794e-07,-6.53230761704877e-10,-2.28880658908518e-07,2.87770220434852e-06,0.000103596434159226,-3.28034982764502e-16,9.9764538091076e-06,6.18832853777471e-06,-8.25747037902005e-09,-3.05260809864754e-08,2.12812145800509e-13,9.12151868138618e-19,-6.23771107384797e-07,5.49167496728192e-06,2.18307739237102e-05,9.06424527609441e-09,-2.54782465837033e-08,2.95426865127921e-09,8.68981212316566e-09,-2.40042103383832e-07,1.02341967959425e-07,8.27946244329072e-07,2.4174313317874e-06,-0.001317533275149,7.41076436563259e-09,8.69301459108443e-06,-1.28028801725077e-07,6.10027500170028e-06,3.78848608104795e-07,7.36663765426711e-14,1.1144235889783e-06,3.29077424463892e-09,8.01595699873733e-06,-5.89205808282024e-08,6.37314273730085e-06,1.31314489593924e-07,2.76248130416285e-06,-8.78311618599419e-08,-3.18008730939886e-07,-1.63518265981731e-07,-3.26644249414056e-07,-1.70754281064572e-42,4.35450725446506e-07,-3.86546043102557e-07,6.54734106261335e-07,-2.03515334479736e-06,2.03631963420078e-09,9.46691738000161e-10,1.05995840507548e-13,5.72566320007214e-10,3.25304221150874e-13,2.947715857198e-09,-2.07438057660479e-07,-1.75794237254441e-05,-4.50192484802628e-11,-2.29777828475852e-11,-4.57714187676397e-12,-7.34313360384548e-13,0.00139632045368237,0.176302964684164,-3.41385142139398e-08,0.0517155646284583,-0.00244118601418478,-0.000161493935911111,-0.12184303406808
1610,-4.88580218569146e-11,2.08868293683266e-07,6.13170944977959e-07,-2.06015820326516e-08,-7.71229360896043e-09,-1.24424142111791e-08,-4.45811149815661e-08,-1.64718918520357e-07,-7.63455009921477e-07,-3.27474449020404e-44,3.71959665220503e-06,-2.95870187779001e-08,-4.02107961041758e-07,-2.89094483916689e-07,-3.47534769651112e-10,-7.20351801225754e-08,-3.78951954910545e-07,-6.1043163499329e-10,-2.53884525292602e-07,2.74049132436506e-06,0.000101422539293894,-9.8647293746019e-16,9.60253130875022e-06,5.97229248884673e-06,-6.99647568364113e-09,-1.80483009455955e-08,2.65369211419609e-13,4.83229237174434e-18,-6.15724597774817e-07,5.18077480272295e-06,2.13718777122935e-05,8.31289513423909e-09,-2.57445717626753e-08,2.63526832060840e-09,8.61534243593492e-09,-2.33060331659105e-07,1.06486254852867e-07,8.12685597851374e-07,2.37176698825091e-06,-0.00127829820812913,1.16934469976765e-08,8.46635314071039e-06,-1.21537202990935e-07,5.93929713672347e-06,3.71123943166494e-07,2.3660478520315e-13,1.11815014097205e-06,2.41682258011395e-09,7.83319028189276e-06,-4.67699891719854e-08,6.26360458679003e-06,1.31556483806623e-07,2.67864603123614e-06,-7.43731741806867e-08,-3.42158652424646e-07,-1.79688451658559e-07,-3.16981347857715e-07,-1.76723634051287e-42,4.17780421080348e-07,-3.79109811432175e-07,6.56811052737466e-07,-1.25083898147786e-06,2.52928501895801e-09,7.09657558375397e-10,8.12610137091952e-13,4.62318804841547e-10,4.14138655689111e-13,2.73465171729262e-09,-1.38056632183594e-07,-1.80688091035175e-05,-4.16994572060932e-11,-1.73075044292957e-11,-9.61117893861378e-13,-1.18040237062214e-13,0.00137265151192062,0.173314472101504,-3.36996444205026e-08,0.0508389389896248,-0.00233664157777538,-0.000154171203555466,-0.116134334949299
1615,-4.72698084233943e-11,2.03234346377244e-07,5.84535195359897e-07,-1.71557491009995e-08,-7.5076696509929e-09,-1.19533656059905e-08,-4.30274163559735e-08,-1.58802714507394e-07,-7.31877559366787e-07,-2.35553562362839e-43,3.61514462980028e-06,-2.90633649284643e-08,-3.84038139060679e-07,-2.76803918698225e-07,-3.33847482379962e-10,-6.85871954723275e-08,-3.68121512411854e-07,-5.76326146494486e-10,-2.77481709243222e-07,2.60416979876505e-06,9.93795660312529e-05,5.10268271095735e-16,9.24362747136057e-06,5.76347571801671e-06,-6.28377564406551e-09,-7.34367943983224e-09,3.02967932502905e-13,9.81435270280735e-18,-6.19962821334957e-07,4.87784840669174e-06,2.09463508832434e-05,7.55797183592134e-09,-2.59962385400477e-08,2.44561578534829e-09,8.7857476654604e-09,-2.26164795069379e-07,1.08613396565003e-07,7.98720504230848e-07,2.32946407169514e-06,-0.00124008731429073,1.57654020656283e-08,8.24463540528128e-06,-1.1407853087561e-07,5.76941908592675e-06,3.63876819240973e-07,3.49983899245656e-13,1.12508534338612e-06,3.21853159886752e-09,7.65861866645318e-06,-3.42843464059335e-08,6.13435983989316e-06,1.3329703790305e-07,2.59564387920072e-06,-6.14178079903312e-08,-3.61238102185323e-07,-1.93872838535901e-07,-3.08176092725412e-07,-2.05365934044666e-42,4.04850983337241e-07,-3.74718849362501e-07,6.59756830456759e-07,-6.62253020159544e-07,2.88540227453964e-09,9.38957940897126e-10,1.55190060051267e-12,5.92854765150198e-10,4.35901064197772e-13,3.31021507631019e-09,-1.73486798961319e-07,-1.84408358169944e-05,-3.87878627237511e-11,-1.18448346987644e-11,2.58200032710655e-12,-2.82130139017072e-13,0.00135108757149739,0.170591764185077,-3.44299707431127e-08,0.0500402768997683,-0.00224503227769636,-0.000151891358044739,-0.111188345038065
1620,-5.05300452636117e-11,2.0336048393793e-07,5.72235932895213e-07,-1.45070687356287e-08,-7.5098031419478e-09,-1.18127615335605e-08,-4.15150497167411e-08,-1.53059186044025e-07,-7.0795542354216e-07,-1.90781784715822e-38,3.51397876890249e-06,-2.85654945053214e-08,-3.65185125503669e-07,-2.63712330647789e-07,-3.30706018950623e-10,-6.5033049710368e-08,-3.57918407830265e-07,-5.5396542011593e-10,-2.99695387592559e-07,2.4698942029668e-06,9.75331423134233e-05,3.20277515595889e-14,8.9075186726845e-06,5.56631377029995e-06,-5.66120531630245e-09,1.25445690510678e-09,3.33052172239231e-13,-2.86574320063114e-17,-6.36494340860474e-07,4.5862118887596e-06,2.05699877568384e-05,6.68881068267053e-09,-2.63083466168824e-08,2.17339249789121e-09,8.64971733106256e-09,-2.19380885206222e-07,1.08933505481133e-07,7.86550789487681e-07,2.29216903729601e-06,-0.00120152492419708,1.93402426680684e-08,8.03149776536379e-06,-1.05637501129869e-07,5.590222571523e-06,3.5721590322408e-07,4.36502757609036e-13,1.137877196368e-06,5.16156324880146e-09,7.49864019993685e-06,-2.17483024293031e-08,5.98305542168312e-06,1.36297367257315e-07,2.51549027744305e-06,-4.9345865590001e-08,-3.75900234894847e-07,-2.07919843719514e-07,-3.01062278980244e-07,-1.90801317085184e-38,3.95710677277736e-07,-3.73797207711702e-07,6.62713482181743e-07,-2.25800289852443e-07,3.23152707664615e-09,1.48682638722312e-09,2.34551023974835e-12,8.91657548912974e-10,4.22216866425479e-13,4.46342393323353e-09,-2.75242625612777e-07,-1.87481799997009e-05,-3.66901962566222e-11,-6.28551428729609e-12,6.25544368605103e-12,-1.742012935415e-12,0.00133258382760313,0.168255442837556,-3.63310215679854e-08,0.0493549549128281,-0.00216897365584086,-0.000154639009863721,-0.107140958472035
